{"type":"FeatureCollection","features":[{"type":"Feature","properties":{"id":"adelaide","name":"Adelaide","level":2,"centroid":[138.6006,-34.9205],"bbox":[138.5767,-34.9424,138.6245,-34.8986]},"geometry":{"type":"Polygon","coordinates":[[[138.58793,-34.89918],[138.58215,-34.90423],[138.57725,-34.90852],[138.57694,-34.90859],[138.57668,-34.90864],[138.57673,-34.90868],[138.57684,-34.90881],[138.57695,-34.90899],[138.57706,-34.90936],[138.5787,-34.91927],[138.57884,-34.91995],[138.57943,-34.92347],[138.58007,-34.92347],[138.58004,-34.92373],[138.58004,-34.92416],[138.58007,-34.92446],[138.58081,-34.92894],[138.58094,-34.93008],[138.58123,-34.93195],[138.58229,-34.93868],[138.58289,-34.94237],[138.58304,-34.94221],[138.58534,-34.94211],[138.58906,-34.94192],[138.59027,-34.94184],[138.59973,-34.94136],[138.60217,-34.94121],[138.61373,-34.94063],[138.61568,-34.94056],[138.61703,-34.94047],[138.61878,-34.94041],[138.62072,-34.94031],[138.62388,-34.94018],[138.62452,-34.94023],[138.62448,-34.94009],[138.62362,-34.92896],[138.62357,-34.92826],[138.62357,-34.92789],[138.623,-34.92777],[138.61961,-34.92535],[138.61914,-34.92504],[138.6189,-34.92484],[138.61573,-34.92258],[138.61533,-34.92077],[138.6151,-34.91958],[138.61458,-34.91736],[138.613,-34.91018],[138.61268,-34.90881],[138.61279,-34.90788],[138.61283,-34.9075],[138.61283,-34.90698],[138.61281,-34.90592],[138.6128,-34.90575],[138.61278,-34.90561],[138.61272,-34.90544],[138.61263,-34.90527],[138.61235,-34.9049],[138.61182,-34.90424],[138.61127,-34.90364],[138.61078,-34.90299],[138.61057,-34.90274],[138.61028,-34.90245],[138.60994,-34.90216],[138.6018,-34.89983],[138.59794,-34.89867],[138.59734,-34.8986],[138.58793,-34.89918]]]}},{"type":"Feature","properties":{"id":"adelaide-hills","name":"Adelaide Hills","level":2,"centroid":[138.8546,-34.9003],"bbox":[138.6652,-35.1201,139.044,-34.6805]},"geometry":{"type":"Polygon","coordinates":[[[138.7802,-34.76701],[138.76961,-34.7809],[138.75377,-34.78422],[138.76176,-34.79423],[138.75086,-34.80697],[138.75611,-34.82106],[138.74495,-34.84956],[138.75627,-34.86657],[138.7227,-34.85919],[138.7198,-34.87396],[138.70698,-34.88186],[138.70791,-34.89406],[138.68416,-34.90042],[138.68508,-34.9129],[138.701,-34.92824],[138.67176,-34.9421],[138.68595,-34.97462],[138.66518,-34.98165],[138.67376,-34.98526],[138.68139,-35.00744],[138.67164,-35.02599],[138.68249,-35.02751],[138.68523,-35.04201],[138.68584,-35.12013],[138.7164,-35.11459],[138.71902,-35.07945],[138.72687,-35.08276],[138.73747,-35.07907],[138.73739,-35.06864],[138.75996,-35.06704],[138.75562,-35.05426],[138.78878,-35.02473],[138.79475,-35.0072],[138.80885,-35.00318],[138.82519,-35.02153],[138.83938,-35.01577],[138.85024,-35.03164],[138.89635,-35.00371],[138.89863,-34.99419],[138.95217,-34.97994],[138.98077,-34.88296],[138.97517,-34.87756],[138.98943,-34.87899],[139.00948,-34.86467],[139.0019,-34.83237],[139.04397,-34.8159],[139.00246,-34.80036],[139.0049,-34.79417],[138.98808,-34.78137],[138.98989,-34.76983],[138.95302,-34.77568],[138.94857,-34.76539],[138.92413,-34.7585],[138.92925,-34.75269],[138.91891,-34.74555],[138.92686,-34.74375],[138.92671,-34.7349],[138.91747,-34.73469],[138.91052,-34.70884],[138.88505,-34.69986],[138.86175,-34.70397],[138.84802,-34.68047],[138.83357,-34.71611],[138.81199,-34.73847],[138.81445,-34.7749],[138.7802,-34.76701]]]}},{"type":"Feature","properties":{"id":"adelaide-plains","name":"Adelaide Plains","level":2,"centroid":[138.4278,-34.5103],"bbox":[138.2252,-34.6762,138.6304,-34.3444]},"geometry":{"type":"Polygon","coordinates":[[[138.23086,-34.34438],[138.22523,-34.36589],[138.2402,-34.38573],[138.24699,-34.40088],[138.2596,-34.43981],[138.26012,-34.46152],[138.26547,-34.47653],[138.29203,-34.49316],[138.30922,-34.50904],[138.32971,-34.5181],[138.34127,-34.53326],[138.34439,-34.5312],[138.34191,-34.53454],[138.35045,-34.5527],[138.34952,-34.55752],[138.36214,-34.57046],[138.36432,-34.57814],[138.38998,-34.59095],[138.39395,-34.5969],[138.40844,-34.60025],[138.41423,-34.61149],[138.41179,-34.61323],[138.417,-34.61437],[138.41294,-34.6153],[138.41588,-34.61996],[138.41325,-34.62084],[138.42647,-34.62162],[138.44579,-34.65338],[138.43625,-34.65387],[138.42984,-34.66424],[138.43479,-34.67268],[138.43983,-34.66948],[138.452,-34.6762],[138.46444,-34.67334],[138.47393,-34.66382],[138.4887,-34.65845],[138.49195,-34.64744],[138.50341,-34.64649],[138.52049,-34.63696],[138.52947,-34.64141],[138.53797,-34.63531],[138.54057,-34.63988],[138.5494,-34.63535],[138.55941,-34.63923],[138.56926,-34.63506],[138.59085,-34.63884],[138.60002,-34.63252],[138.61756,-34.63374],[138.6256,-34.62563],[138.63019,-34.62874],[138.62979,-34.47481],[138.56775,-34.44901],[138.56979,-34.44177],[138.56656,-34.43937],[138.57139,-34.43269],[138.56621,-34.42294],[138.56174,-34.42408],[138.56635,-34.41805],[138.55997,-34.41497],[138.56643,-34.40894],[138.57282,-34.40864],[138.57384,-34.39749],[138.58805,-34.40227],[138.60107,-34.39022],[138.61291,-34.38889],[138.62184,-34.39369],[138.63045,-34.38904],[138.61162,-34.34486],[138.23086,-34.34438]]]}},{"type":"Feature","properties":{"id":"albany","name":"Albany","level":2,"centroid":[118.1231,-34.7097],"bbox":[117.3332,-35.1345,118.913,-34.2849]},"geometry":{"type":"MultiPolygon","coordinates":[[[[118.46241,-34.9328],[118.48648,-34.92124],[118.4415,-34.90407],[118.46241,-34.9328]]],[[[117.48816,-34.83058],[117.4663,-35.02028],[117.39571,-34.99813],[117.33323,-35.02409],[117.48527,-35.08896],[117.54864,-35.08252],[117.61125,-35.13332],[117.63971,-35.13447],[117.64461,-35.06211],[117.68561,-35.04333],[117.95027,-35.12797],[118.01267,-35.09316],[117.9436,-35.09165],[117.92036,-35.04086],[117.91051,-35.08435],[117.84826,-35.04556],[117.91955,-35.03577],[117.94894,-34.94364],[117.98147,-34.94001],[117.96189,-35.01312],[118.03481,-35.02041],[118.10877,-34.98589],[118.19466,-35.02311],[118.21071,-34.97883],[118.17257,-34.96773],[118.17533,-34.94008],[118.33405,-34.89142],[118.40344,-34.91669],[118.42776,-34.89873],[118.39709,-34.87663],[118.40044,-34.82384],[118.44251,-34.75869],[118.7224,-34.65688],[118.78172,-34.60899],[118.73935,-34.57806],[118.76013,-34.54115],[118.91305,-34.4883],[118.72986,-34.40786],[118.67903,-34.33654],[118.58013,-34.35499],[118.55627,-34.32475],[118.41174,-34.28493],[118.38343,-34.30496],[118.39985,-34.34438],[118.37415,-34.38279],[118.41005,-34.40827],[118.3535,-34.43402],[118.32144,-34.53067],[118.20869,-34.54753],[118.20877,-34.66378],[118.0311,-34.64588],[117.96266,-34.69468],[117.96623,-34.76225],[117.93463,-34.74649],[117.90898,-34.8181],[117.85507,-34.81825],[117.86991,-34.85121],[117.48816,-34.83058]]]]}},{"type":"Feature","properties":{"id":"albury","name":"Albury","level":2,"centroid":[146.9579,-36.0149],"bbox":[146.8167,-36.116,147.0992,-35.9139]},"geometry":{"type":"Polygon","coordinates":[[[146.81767,-36.06739],[146.81666,-36.07456],[146.82555,-36.07083],[146.82443,-36.08851],[146.83671,-36.08206],[146.85716,-36.08491],[146.85871,-36.07437],[146.87296,-36.07367],[146.88056,-36.08751],[146.90692,-36.08493],[146.90335,-36.09798],[146.91241,-36.10462],[146.90777,-36.11127],[146.92406,-36.1083],[146.92681,-36.09717],[146.94371,-36.11598],[146.9525,-36.11078],[146.9485,-36.10304],[146.95866,-36.09188],[146.9563,-36.07818],[146.97259,-36.0821],[146.9813,-36.09486],[147.00687,-36.08358],[147.0064,-36.0891],[147.01632,-36.08978],[147.01348,-36.10471],[147.02278,-36.09988],[147.03415,-36.11523],[147.04235,-36.10429],[147.05309,-36.10768],[147.05015,-36.09817],[147.06303,-36.08248],[147.06182,-36.06614],[147.09041,-36.04921],[147.09523,-36.05284],[147.09159,-36.04385],[147.09921,-36.04257],[147.08896,-36.03423],[147.0801,-36.00013],[147.05703,-35.98422],[147.05867,-35.96628],[147.04394,-35.95003],[147.04804,-35.94516],[147.03732,-35.94546],[147.02388,-35.92508],[147.00222,-35.92813],[147.00039,-35.91991],[146.96876,-35.91388],[146.9624,-35.9406],[146.94547,-35.93833],[146.93493,-35.9475],[146.93424,-35.96419],[146.94283,-35.96517],[146.95201,-35.98898],[146.92862,-35.99146],[146.91413,-36.0066],[146.89645,-36.00225],[146.84895,-36.02411],[146.83475,-36.01562],[146.81767,-36.06739]]]}},{"type":"Feature","properties":{"id":"alexandrina","name":"Alexandrina","level":2,"centroid":[138.837,-35.3377],"bbox":[138.5158,-35.5624,139.1583,-35.1129]},"geometry":{"type":"Polygon","coordinates":[[[138.69629,-35.21055],[138.65292,-35.2048],[138.64145,-35.21071],[138.62667,-35.24529],[138.58222,-35.29109],[138.54736,-35.31421],[138.51634,-35.32269],[138.52154,-35.32913],[138.51576,-35.33718],[138.52509,-35.34122],[138.52533,-35.35525],[138.53735,-35.35521],[138.54086,-35.36168],[138.58185,-35.35321],[138.59067,-35.36957],[138.58231,-35.37746],[138.58424,-35.38964],[138.5999,-35.39482],[138.6112,-35.38952],[138.62977,-35.39784],[138.63394,-35.43282],[138.65401,-35.48333],[138.65263,-35.53839],[138.68444,-35.53809],[138.6952,-35.52904],[138.69414,-35.52179],[138.71822,-35.51379],[138.786,-35.52662],[138.8781,-35.55885],[138.8994,-35.55487],[138.93154,-35.56243],[138.96302,-35.54536],[138.96596,-35.52879],[138.98103,-35.51825],[139.03347,-35.51326],[139.04674,-35.50094],[139.14472,-35.47169],[139.15832,-35.25347],[139.08608,-35.21662],[139.06644,-35.21485],[139.06669,-35.16592],[139.03635,-35.14033],[139.00584,-35.13322],[139.00311,-35.12658],[138.98105,-35.12765],[138.98063,-35.11989],[138.95549,-35.11288],[138.92995,-35.1469],[138.91752,-35.13745],[138.89206,-35.14555],[138.89491,-35.15661],[138.88742,-35.15966],[138.87735,-35.18376],[138.85827,-35.18454],[138.85667,-35.1964],[138.8331,-35.19236],[138.82872,-35.20558],[138.80583,-35.19826],[138.79479,-35.2144],[138.78298,-35.21376],[138.78498,-35.22853],[138.77451,-35.2433],[138.74031,-35.23825],[138.69629,-35.21055]]]}},{"type":"Feature","properties":{"id":"alice-springs","name":"Alice Springs","level":2,"centroid":[133.8332,-23.731],"bbox":[133.726,-23.8315,133.9405,-23.6305]},"geometry":{"type":"Polygon","coordinates":[[[133.81154,-23.69564],[133.81155,-23.69604],[133.81171,-23.70937],[133.81172,-23.72456],[133.7819,-23.72457],[133.75244,-23.73675],[133.74411,-23.74015],[133.74348,-23.74042],[133.72599,-23.74754],[133.72598,-23.77609],[133.74124,-23.77377],[133.74139,-23.78711],[133.75722,-23.78293],[133.75722,-23.80654],[133.75631,-23.8134],[133.78707,-23.8134],[133.8452,-23.81343],[133.8455,-23.81345],[133.8473,-23.812],[133.86864,-23.79341],[133.8709,-23.79247],[133.87192,-23.79202],[133.87197,-23.79225],[133.87805,-23.81342],[133.88328,-23.83152],[133.88728,-23.83149],[133.94043,-23.83148],[133.94044,-23.78099],[133.93579,-23.78099],[133.9207,-23.78101],[133.92067,-23.76669],[133.92017,-23.76417],[133.92162,-23.76178],[133.92162,-23.75568],[133.94043,-23.75569],[133.94043,-23.74216],[133.94046,-23.73787],[133.94047,-23.73414],[133.94043,-23.72387],[133.94042,-23.66481],[133.91952,-23.66479],[133.91951,-23.63049],[133.88358,-23.6305],[133.87489,-23.63051],[133.86809,-23.63051],[133.86731,-23.6305],[133.86608,-23.6305],[133.86549,-23.6305],[133.8108,-23.63049],[133.81094,-23.64257],[133.8111,-23.66001],[133.8112,-23.66481],[133.81145,-23.68954],[133.81153,-23.69452],[133.81154,-23.69528],[133.81154,-23.69564]]]}},{"type":"Feature","properties":{"id":"alpine","name":"Alpine","level":2,"centroid":[146.9794,-36.8341],"bbox":[146.5665,-37.2755,147.3923,-36.3927]},"geometry":{"type":"Polygon","coordinates":[[[146.72579,-36.45921],[146.71254,-36.48131],[146.64343,-36.49957],[146.63434,-36.52252],[146.66158,-36.52374],[146.67051,-36.56897],[146.622,-36.63131],[146.63087,-36.68276],[146.56647,-36.74111],[146.64257,-36.8128],[146.62572,-36.85656],[146.64391,-36.86976],[146.6436,-36.93515],[146.67233,-36.98276],[146.67398,-37.11327],[146.65153,-37.12003],[146.71757,-37.15876],[146.76345,-37.14601],[146.82633,-37.20375],[147.33699,-37.27553],[147.38452,-37.2039],[147.33149,-37.15302],[147.3164,-37.11385],[147.35922,-37.11433],[147.38052,-37.0987],[147.39226,-37.04556],[147.38746,-37.03014],[147.34999,-37.0364],[147.2633,-37.00669],[147.28926,-36.90515],[147.34171,-36.86181],[147.33329,-36.82993],[147.28294,-36.82695],[147.29346,-36.81103],[147.26795,-36.77975],[147.29025,-36.76573],[147.29046,-36.73777],[147.31237,-36.73168],[147.31477,-36.70249],[147.29051,-36.682],[147.21572,-36.67099],[147.17328,-36.63876],[147.17027,-36.5829],[147.12594,-36.55138],[147.10689,-36.4877],[147.12562,-36.46767],[147.12081,-36.42498],[147.04616,-36.42733],[147.04572,-36.39485],[147.01757,-36.39268],[146.93477,-36.4083],[146.88148,-36.4543],[146.85265,-36.44258],[146.72579,-36.45921]],[[147.28867,-36.87446],[147.24497,-36.88338],[147.23503,-36.86946],[147.25838,-36.83641],[147.28867,-36.87446]],[[147.06354,-36.99664],[147.0971,-37.00206],[147.15009,-36.95805],[147.16709,-36.99086],[147.19146,-36.98789],[147.19806,-37.02165],[147.15091,-37.01156],[147.13819,-36.98461],[147.07358,-37.01735],[147.06354,-36.99664]]]}},{"type":"Feature","properties":{"id":"anangu-pitjantjatjara-yunkunytjatjara","name":"Anangu Pitjantjatjara Yunkunytjatjara","level":2,"centroid":[131.3734,-27.0593],"bbox":[129.0018,-28.12,133.7449,-25.9986]},"geometry":{"type":"MultiPolygon","coordinates":[[[[133.49262,-27.14339],[133.49261,-27.13804],[133.64285,-27.13762],[133.63863,-27.12009],[133.63542,-27.06776],[133.64119,-27.04739],[133.67449,-27.02488],[133.74495,-26.71818],[133.58896,-26.71825],[133.50131,-26.71676],[133.4367,-26.71815],[133.36763,-26.71671],[133.3642,-26.72597],[133.36484,-26.72617],[133.36453,-26.72703],[133.36388,-26.72683],[133.33391,-26.80786],[133.34335,-26.84232],[133.34219,-26.84175],[133.34237,-26.84239],[133.34356,-26.84308],[133.34423,-26.84555],[133.35324,-26.8616],[133.35879,-26.87625],[133.36826,-26.91087],[133.37098,-26.96954],[133.38104,-26.96916],[133.38125,-26.97367],[133.37319,-26.97397],[133.37131,-26.97682],[133.37219,-26.9958],[133.37323,-26.99816],[133.44376,-27.07175],[133.49262,-27.14339]]],[[[129.00185,-25.9986],[129.00188,-28.1159],[131.00108,-28.11683],[132.00215,-28.12001],[132.99386,-28.11736],[133.35854,-28.11503],[133.35989,-27.8421],[133.67531,-27.84165],[133.67578,-27.56039],[133.44562,-27.56086],[133.44653,-27.27357],[133.49286,-27.27376],[133.49263,-27.14686],[133.44212,-27.07282],[133.37148,-26.9991],[133.3702,-26.99618],[133.36626,-26.91112],[133.35686,-26.87676],[133.35138,-26.86229],[133.34233,-26.84618],[133.34111,-26.84172],[133.34228,-26.84235],[133.34092,-26.84102],[133.33189,-26.80804],[133.36551,-26.71671],[133.0995,-26.71736],[133.04715,-26.63132],[133.056,-26.53687],[133.05435,-26.48144],[133.08932,-26.35879],[133.1002,-26.35032],[133.10877,-26.35167],[133.11185,-25.99857],[129.00185,-25.9986]]]]}},{"type":"Feature","properties":{"id":"ararat","name":"Ararat","level":2,"centroid":[142.8224,-37.4893],"bbox":[142.3535,-37.8366,143.2913,-37.1421]},"geometry":{"type":"Polygon","coordinates":[[[143.09554,-37.15556],[143.06694,-37.14735],[143.04892,-37.18974],[142.96129,-37.16702],[142.95398,-37.20777],[142.83789,-37.19163],[142.82391,-37.17166],[142.78366,-37.16887],[142.76654,-37.14209],[142.75643,-37.15086],[142.71705,-37.14288],[142.71709,-37.15729],[142.54278,-37.1574],[142.59823,-37.2244],[142.59704,-37.26219],[142.5808,-37.27265],[142.59894,-37.29289],[142.51636,-37.29321],[142.47801,-37.40092],[142.37911,-37.51059],[142.35349,-37.59797],[142.58712,-37.62696],[142.61878,-37.64683],[142.59017,-37.7651],[142.61472,-37.8103],[142.67312,-37.81654],[142.66483,-37.82999],[142.70174,-37.8347],[142.75774,-37.81273],[142.83969,-37.82213],[142.84223,-37.80785],[142.86141,-37.80644],[142.87947,-37.80843],[142.87941,-37.83657],[143.00725,-37.76554],[143.01666,-37.76669],[143.01307,-37.7869],[143.03526,-37.79276],[143.03138,-37.81451],[143.06208,-37.8249],[143.07623,-37.81564],[143.10583,-37.83353],[143.09521,-37.81854],[143.10831,-37.77851],[143.16554,-37.76525],[143.18071,-37.7315],[143.0609,-37.7182],[143.08981,-37.65138],[143.19301,-37.52644],[143.17934,-37.52454],[143.1973,-37.42631],[143.25101,-37.39281],[143.23655,-37.38428],[143.24862,-37.36209],[143.20173,-37.35656],[143.19435,-37.32098],[143.22562,-37.31537],[143.23481,-37.28562],[143.2913,-37.28017],[143.26377,-37.18171],[143.2246,-37.15365],[143.18173,-37.18861],[143.09554,-37.15556]]]}},{"type":"Feature","properties":{"id":"armadale","name":"Armadale","level":2,"centroid":[116.1275,-32.1789],"bbox":[115.8969,-32.2876,116.3581,-32.0702]},"geometry":{"type":"Polygon","coordinates":[[[115.89864,-32.18023],[115.96391,-32.17967],[115.96283,-32.19685],[115.96797,-32.19686],[115.9726,-32.19479],[115.97238,-32.17961],[115.97821,-32.17959],[115.97843,-32.18165],[115.99236,-32.1802],[115.99863,-32.18684],[116.01583,-32.18654],[116.01592,-32.19228],[116.02379,-32.19657],[116.02379,-32.20506],[116.0539,-32.20752],[116.05391,-32.20467],[116.06235,-32.20404],[116.06234,-32.20681],[116.06807,-32.20857],[116.06748,-32.21261],[116.10975,-32.21259],[116.10974,-32.23156],[116.11269,-32.23154],[116.113,-32.28757],[116.18972,-32.28742],[116.22491,-32.23587],[116.35809,-32.23634],[116.35122,-32.2312],[116.34381,-32.23175],[116.34132,-32.22398],[116.32861,-32.20877],[116.32803,-32.19453],[116.31614,-32.18917],[116.31245,-32.17108],[116.30523,-32.1716],[116.30387,-32.16772],[116.29562,-32.17055],[116.29328,-32.17432],[116.28557,-32.17311],[116.28009,-32.16524],[116.28505,-32.16184],[116.28493,-32.08294],[116.19086,-32.08293],[116.19234,-32.07023],[116.18808,-32.07023],[116.18809,-32.0793],[116.1802,-32.0793],[116.18021,-32.08547],[116.12411,-32.08509],[116.12414,-32.08262],[116.10849,-32.08259],[116.10849,-32.08512],[116.07449,-32.0882],[116.07456,-32.09817],[116.05006,-32.09821],[116.05005,-32.09551],[116.03301,-32.0932],[116.01571,-32.09331],[116.01309,-32.09736],[116.01227,-32.09047],[115.96315,-32.13117],[115.93084,-32.10009],[115.89692,-32.13612],[115.89864,-32.18023]]]}},{"type":"Feature","properties":{"id":"armidale","name":"Armidale","level":2,"centroid":[151.8406,-30.4355],"bbox":[151.2532,-30.931,152.4281,-29.9399]},"geometry":{"type":"Polygon","coordinates":[[[152.29572,-30.93102],[152.28679,-30.82986],[152.37584,-30.73986],[152.3693,-30.65889],[152.31173,-30.60018],[152.38672,-30.52917],[152.40843,-30.48925],[152.39206,-30.4429],[152.42808,-30.41888],[152.35179,-30.35535],[152.3504,-30.23517],[152.31048,-30.2008],[152.31659,-30.1617],[152.27942,-30.0992],[152.31688,-30.00145],[152.27217,-29.94169],[152.22323,-29.98822],[152.18749,-29.94476],[152.13722,-29.95058],[152.13615,-30.02129],[152.11027,-29.99586],[152.0807,-30.014],[151.67322,-30.01838],[151.66428,-29.98078],[151.58687,-29.9408],[151.44985,-29.99708],[151.37044,-29.93994],[151.36833,-29.96722],[151.32968,-29.96265],[151.30475,-30.008],[151.27693,-30.00429],[151.2532,-30.0949],[151.29024,-30.113],[151.29221,-30.17146],[151.31679,-30.16564],[151.31055,-30.22373],[151.32684,-30.22609],[151.30404,-30.26516],[151.34676,-30.305],[151.32418,-30.33674],[151.45154,-30.39424],[151.46561,-30.45135],[151.52865,-30.44125],[151.58336,-30.49717],[151.58278,-30.55143],[151.63973,-30.59376],[151.67116,-30.66659],[151.77462,-30.68597],[151.71994,-30.71521],[151.7199,-30.79582],[151.93684,-30.75701],[151.9596,-30.80362],[152.01583,-30.80096],[152.01585,-30.82496],[152.04896,-30.83945],[152.03903,-30.86106],[152.08402,-30.84333],[152.15018,-30.86727],[152.17752,-30.91515],[152.29572,-30.93102]]]}},{"type":"Feature","properties":{"id":"ashburton","name":"Ashburton","level":2,"centroid":[116.9283,-22.284],"bbox":[114.4298,-23.8879,119.4268,-20.6802]},"geometry":{"type":"MultiPolygon","coordinates":[[[[115.32155,-20.80826],[115.39494,-20.88642],[115.46869,-20.68022],[115.32155,-20.80826]]],[[[118.06954,-21.29646],[118.10956,-21.7275],[117.98298,-21.7275],[117.92407,-21.37149],[117.70163,-21.37149],[117.70162,-21.15127],[117.54661,-21.15127],[117.54661,-21.30795],[117.22053,-21.30795],[117.29323,-21.18428],[117.0883,-21.25248],[117.11348,-21.16259],[117.0182,-21.16262],[116.798,-21.21173],[116.79799,-21.33679],[116.17474,-21.31726],[116.00827,-21.58015],[115.88788,-21.40934],[115.55529,-21.40934],[115.50827,-21.53952],[114.7209,-21.79877],[114.42977,-22.27418],[114.55887,-22.27778],[114.63675,-22.66823],[114.75401,-22.66823],[114.70935,-22.93299],[114.47941,-23.01828],[114.67313,-23.12937],[114.63192,-23.3897],[115.47802,-23.39205],[115.72622,-23.84268],[115.87184,-23.88787],[115.97985,-23.88783],[115.97972,-23.57786],[116.29718,-23.65523],[116.59837,-23.50977],[116.85847,-23.57289],[116.85836,-23.80485],[117.62625,-23.79269],[117.74385,-23.61801],[117.63666,-23.48548],[117.71599,-23.37835],[118.42605,-23.31509],[118.42605,-23.44038],[118.83579,-22.69715],[119.12428,-22.69715],[119.12428,-22.54577],[118.75848,-22.36347],[119.42683,-22.36528],[119.42682,-22.29355],[119.17998,-22.20696],[119.2313,-22.06611],[118.58845,-21.96036],[118.55108,-21.69616],[118.2535,-21.68454],[118.20512,-21.38694],[118.08539,-21.47923],[118.14649,-21.29645],[118.06954,-21.29646]]]]}},{"type":"Feature","properties":{"id":"augusta-margaret-river","name":"Augusta Margaret River","level":2,"centroid":[115.3228,-34.0909],"bbox":[114.976,-34.3767,115.6696,-33.8051]},"geometry":{"type":"Polygon","coordinates":[[[114.99753,-33.8189],[114.98849,-33.86202],[114.97597,-33.86394],[114.99224,-33.93266],[114.99191,-33.95353],[114.97989,-33.96141],[115.00081,-34.01538],[114.99715,-34.06887],[115.00415,-34.08144],[114.99111,-34.09845],[115.01924,-34.13914],[115.03908,-34.19773],[115.02442,-34.22279],[115.0329,-34.23725],[115.02373,-34.25292],[115.03407,-34.27041],[115.05057,-34.27541],[115.11898,-34.34074],[115.13704,-34.3643],[115.13647,-34.37674],[115.13767,-34.3698],[115.15788,-34.36902],[115.17011,-34.34562],[115.17299,-34.32296],[115.16468,-34.32283],[115.16008,-34.298],[115.14846,-34.29861],[115.14386,-34.28947],[115.16043,-34.29476],[115.156,-34.2753],[115.1725,-34.266],[115.16913,-34.27954],[115.20196,-34.27762],[115.1653,-34.30136],[115.16908,-34.3218],[115.26134,-34.30682],[115.3371,-34.31483],[115.33721,-34.16006],[115.40182,-34.15647],[115.40292,-34.09325],[115.3914,-34.0791],[115.40422,-34.05004],[115.38996,-34.00048],[115.41513,-33.97583],[115.4196,-33.91983],[115.53602,-33.91388],[115.66961,-33.8118],[115.39928,-33.80513],[115.40059,-33.81539],[115.37304,-33.82916],[115.33782,-33.82917],[115.33983,-33.83735],[115.31873,-33.82919],[115.31522,-33.83972],[115.29798,-33.83182],[115.29783,-33.81873],[115.10552,-33.82065],[115.09994,-33.81399],[115.08915,-33.82326],[115.05753,-33.81739],[115.03534,-33.82504],[115.03416,-33.81789],[114.99753,-33.8189]]]}},{"type":"Feature","properties":{"id":"aurukun","name":"Aurukun","level":2,"centroid":[141.8267,-13.5142],"bbox":[141.4682,-14.4655,142.1851,-12.5629]},"geometry":{"type":"MultiPolygon","coordinates":[[[[142.18515,-12.61154],[142.17195,-12.56293],[142.12868,-12.56699],[142.18515,-12.61154]]],[[[141.84689,-12.94277],[141.74387,-12.99923],[141.84126,-13.3072],[141.81335,-13.35692],[141.75225,-13.35692],[141.75327,-13.28714],[141.69183,-13.24028],[141.68973,-13.2885],[141.63075,-13.36656],[141.59916,-13.44829],[141.55061,-13.50693],[141.52329,-13.57212],[141.46953,-13.84933],[141.46819,-13.92313],[141.49524,-13.97412],[141.58237,-14.07276],[141.59949,-14.12015],[141.59301,-14.15929],[141.62662,-14.20813],[141.62015,-14.22746],[141.62814,-14.22479],[141.62999,-14.23802],[141.66525,-14.23912],[141.66876,-14.25078],[141.71783,-14.27955],[141.73073,-14.27249],[141.75967,-14.27999],[141.81027,-14.32171],[141.81349,-14.34134],[141.83963,-14.3491],[141.85704,-14.37436],[141.84916,-14.40143],[141.87827,-14.42675],[141.95384,-14.43674],[141.96943,-14.4609],[141.98673,-14.46551],[141.99945,-14.46384],[142.00822,-14.35151],[141.98084,-14.35016],[141.9775,-14.19265],[141.99207,-13.99883],[141.92519,-13.82053],[141.93758,-13.73326],[142.04447,-13.5693],[142.11423,-13.28823],[142.08146,-13.13869],[142.16806,-12.76528],[142.10884,-12.74073],[142.00866,-12.85914],[141.91222,-12.74941],[141.84689,-12.94277]]],[[[141.76503,-12.80933],[141.83898,-12.68773],[141.8211,-12.6718],[141.80378,-12.67952],[141.76503,-12.80933]]]]}},{"type":"Feature","properties":{"id":"ballarat","name":"Ballarat","level":2,"centroid":[143.7729,-37.5188],"bbox":[143.595,-37.716,143.9507,-37.3217]},"geometry":{"type":"Polygon","coordinates":[[[143.93768,-37.47542],[143.84943,-37.46678],[143.85772,-37.43296],[143.84323,-37.43111],[143.8492,-37.40077],[143.8588,-37.40202],[143.86876,-37.34831],[143.82688,-37.3401],[143.79325,-37.3437],[143.79403,-37.33908],[143.648,-37.32167],[143.63222,-37.39975],[143.627,-37.40669],[143.62988,-37.41117],[143.62002,-37.46495],[143.60924,-37.46713],[143.6215,-37.46771],[143.62028,-37.47378],[143.61327,-37.50082],[143.595,-37.52725],[143.60606,-37.53491],[143.62204,-37.52514],[143.63244,-37.53264],[143.66857,-37.53843],[143.66219,-37.57239],[143.68594,-37.56012],[143.70724,-37.55786],[143.71001,-37.56692],[143.75696,-37.59446],[143.83197,-37.61872],[143.83033,-37.63662],[143.83829,-37.6525],[143.83336,-37.65537],[143.83443,-37.66502],[143.84027,-37.67204],[143.84933,-37.67249],[143.85344,-37.67843],[143.85084,-37.6858],[143.85766,-37.68617],[143.85407,-37.69207],[143.86997,-37.69123],[143.87263,-37.7087],[143.89811,-37.71597],[143.93824,-37.70917],[143.94873,-37.6733],[143.92309,-37.66897],[143.91387,-37.66026],[143.92702,-37.65828],[143.93587,-37.65056],[143.91453,-37.6451],[143.91335,-37.62675],[143.89903,-37.61654],[143.89584,-37.60754],[143.9048,-37.58238],[143.91609,-37.58365],[143.91458,-37.57946],[143.9219,-37.57589],[143.93667,-37.57506],[143.93653,-37.56998],[143.94168,-37.57259],[143.9413,-37.56217],[143.9507,-37.55985],[143.95027,-37.54946],[143.93194,-37.53488],[143.93768,-37.47542]]]}},{"type":"Feature","properties":{"id":"ballina","name":"Ballina","level":2,"centroid":[153.486,-28.8529],"bbox":[153.3632,-29.0012,153.6089,-28.7046]},"geometry":{"type":"Polygon","coordinates":[[[153.44964,-28.75503],[153.44163,-28.76297],[153.44663,-28.77283],[153.44284,-28.77917],[153.42859,-28.78696],[153.42449,-28.78373],[153.4268,-28.7945],[153.40225,-28.7851],[153.38372,-28.7973],[153.38235,-28.80778],[153.38978,-28.81199],[153.38696,-28.82743],[153.3963,-28.843],[153.3898,-28.84435],[153.39235,-28.84955],[153.37966,-28.85112],[153.38106,-28.86221],[153.36322,-28.8807],[153.36483,-28.89941],[153.37923,-28.90262],[153.38865,-28.9167],[153.38743,-28.92321],[153.3812,-28.92247],[153.37554,-28.95388],[153.38481,-28.95536],[153.39024,-28.97025],[153.4256,-29.0012],[153.48355,-28.99072],[153.54742,-28.91428],[153.59007,-28.87765],[153.57292,-28.87692],[153.57075,-28.88506],[153.55509,-28.87797],[153.53017,-28.87791],[153.52695,-28.87288],[153.54621,-28.86721],[153.5641,-28.87369],[153.57679,-28.86983],[153.57053,-28.86398],[153.57106,-28.84928],[153.56345,-28.84707],[153.57488,-28.84015],[153.5712,-28.84776],[153.57705,-28.86844],[153.59204,-28.87558],[153.60886,-28.84313],[153.60625,-28.80867],[153.59447,-28.79311],[153.60512,-28.74567],[153.58129,-28.73323],[153.57499,-28.712],[153.54104,-28.70459],[153.51686,-28.72569],[153.50714,-28.72107],[153.49118,-28.73272],[153.48519,-28.72709],[153.48229,-28.73219],[153.48755,-28.73596],[153.47906,-28.73867],[153.48891,-28.74677],[153.48846,-28.75403],[153.47809,-28.74993],[153.47489,-28.75984],[153.4629,-28.7656],[153.44964,-28.75503]]]}},{"type":"Feature","properties":{"id":"balonne","name":"Balonne","level":2,"centroid":[148.1794,-28.2881],"bbox":[146.8633,-28.9991,149.4956,-27.577]},"geometry":{"type":"Polygon","coordinates":[[[147.9455,-28.99913],[148.95809,-28.99905],[149.01117,-28.95564],[149.03161,-28.95687],[149.05869,-28.90781],[148.98168,-28.82028],[148.98719,-28.66352],[148.91956,-28.65693],[148.95869,-28.28837],[149.04161,-28.18592],[149.40554,-28.22859],[149.49559,-27.75388],[149.4242,-27.75066],[149.42715,-27.7025],[149.18504,-27.67607],[149.18997,-27.64301],[149.05091,-27.6264],[149.0564,-27.58901],[149.0416,-27.58238],[149.00282,-27.63317],[148.83519,-27.61469],[148.8397,-27.57703],[148.72482,-27.5792],[148.72176,-27.6018],[148.74403,-27.63378],[148.73944,-27.69316],[148.5844,-27.67546],[148.59115,-27.62505],[148.48446,-27.60537],[148.45915,-27.62238],[148.41473,-27.59721],[148.28445,-27.68332],[148.24603,-27.64022],[148.22299,-27.65619],[148.18199,-27.61166],[148.09628,-27.66945],[148.0562,-27.62383],[148.01116,-27.65485],[148.01767,-27.59977],[147.91789,-27.5878],[147.91586,-27.62893],[147.77368,-27.61123],[147.74058,-27.63684],[147.64866,-27.62557],[147.63673,-27.70994],[147.58274,-27.70616],[147.56092,-27.84466],[147.44807,-27.83102],[147.44439,-27.88739],[147.29187,-27.868],[147.28625,-27.90262],[147.12478,-27.89637],[147.10498,-27.99475],[146.99032,-27.98999],[146.94914,-28.263],[146.93209,-28.26072],[146.9157,-28.35406],[146.96788,-28.36016],[146.96341,-28.50614],[146.93787,-28.55951],[146.92519,-28.72407],[146.89238,-28.72146],[146.8633,-28.85427],[146.95269,-28.86145],[146.93568,-28.99124],[147.9455,-28.99913]]]}},{"type":"Feature","properties":{"id":"balranald","name":"Balranald","level":2,"centroid":[143.5703,-34.044],"bbox":[142.4525,-34.9724,144.6881,-33.1157]},"geometry":{"type":"Polygon","coordinates":[[[143.55247,-33.14047],[143.37831,-33.14126],[143.35568,-33.27593],[143.30819,-33.27078],[143.29491,-33.3563],[143.24327,-33.3507],[143.21083,-33.5686],[143.03952,-33.55025],[142.99242,-33.85356],[142.94476,-33.84839],[142.93099,-33.93476],[142.80588,-33.92191],[142.79656,-33.98292],[142.76012,-33.97919],[142.74441,-34.08181],[142.83268,-34.09132],[142.78882,-34.38932],[142.61249,-34.37129],[142.58338,-34.55802],[142.45247,-34.63203],[142.51586,-34.66367],[142.50874,-34.75007],[142.6387,-34.78074],[142.61832,-34.72874],[142.69941,-34.72446],[142.69999,-34.59937],[142.75918,-34.60012],[142.79143,-34.54638],[142.7869,-34.58934],[142.88682,-34.67979],[142.92385,-34.64784],[142.97271,-34.69519],[142.98932,-34.66257],[143.03947,-34.7026],[143.11235,-34.68089],[143.27402,-34.75267],[143.27674,-34.79225],[143.34926,-34.79243],[143.35231,-34.87442],[143.47181,-34.90546],[143.49101,-34.9724],[143.54165,-34.73172],[143.62772,-34.68937],[143.63477,-34.56081],[143.7551,-34.3963],[143.89899,-34.3308],[143.95109,-34.35966],[144.11842,-34.18922],[144.21199,-34.25229],[144.46999,-34.22292],[144.68814,-34.06951],[144.55825,-34.02838],[144.57846,-33.88651],[144.54229,-33.88229],[144.55644,-33.73324],[144.5132,-33.72826],[144.53135,-33.61043],[144.44764,-33.60153],[144.46055,-33.5163],[144.43159,-33.51305],[144.44143,-33.4525],[144.38245,-33.44034],[144.3687,-33.28267],[144.23626,-33.24982],[144.25143,-33.15506],[143.90591,-33.11569],[143.8982,-33.16138],[143.72096,-33.14044],[143.66649,-33.17908],[143.55247,-33.14047]]]}},{"type":"Feature","properties":{"id":"banana","name":"Banana","level":2,"centroid":[149.9004,-24.8073],"bbox":[148.8274,-25.9661,150.9734,-23.6485]},"geometry":{"type":"Polygon","coordinates":[[[149.986,-23.75419],[150.05125,-23.90193],[149.92759,-23.88882],[149.84317,-23.95444],[149.7906,-24.06587],[149.82883,-24.16502],[149.65186,-24.1655],[149.78739,-24.54508],[149.74013,-24.53976],[149.73439,-24.65685],[149.60659,-24.79066],[149.61187,-24.88918],[149.53371,-24.7766],[149.4501,-25.00125],[149.33736,-24.98578],[149.27365,-25.06404],[149.18222,-25.00548],[149.11917,-25.14027],[149.03753,-24.87788],[148.938,-24.83706],[148.82741,-24.96028],[148.87928,-25.22757],[148.97868,-25.31087],[148.93805,-25.45858],[149.02432,-25.55979],[148.98565,-25.61344],[149.06553,-25.64721],[148.93887,-25.68568],[148.90073,-25.76008],[149.03139,-25.76966],[149.0973,-25.94789],[149.30281,-25.96607],[149.39864,-25.87602],[149.57549,-25.94415],[149.58493,-25.8864],[149.73591,-25.84953],[149.77141,-25.90596],[149.77089,-25.85234],[149.8973,-25.8148],[150.02175,-25.86516],[150.17447,-25.78009],[150.38876,-25.81451],[150.44256,-25.62174],[150.36966,-25.4761],[150.47168,-25.19046],[150.57881,-25.11241],[150.53959,-24.96068],[150.58653,-24.73146],[150.873,-24.72179],[150.91113,-24.6504],[150.82641,-24.55441],[150.97335,-24.5747],[150.93843,-24.40244],[150.77017,-24.35376],[150.81424,-24.17993],[150.72285,-24.13744],[150.59833,-23.82765],[150.31982,-23.82321],[150.22388,-23.64853],[150.09183,-23.6605],[149.986,-23.75419]]]}},{"type":"Feature","properties":{"id":"banyule","name":"Banyule","level":2,"centroid":[145.0858,-37.7338],"bbox":[145.0278,-37.7851,145.1437,-37.6826]},"geometry":{"type":"Polygon","coordinates":[[[145.13568,-37.7409],[145.13779,-37.71795],[145.12803,-37.70229],[145.14036,-37.70125],[145.14371,-37.68261],[145.09213,-37.69523],[145.08822,-37.69106],[145.0677,-37.68685],[145.05133,-37.70837],[145.07495,-37.70878],[145.07453,-37.71612],[145.06785,-37.71659],[145.06468,-37.72021],[145.06782,-37.72452],[145.06153,-37.7242],[145.06078,-37.72949],[145.03824,-37.72763],[145.04028,-37.7323],[145.032,-37.73775],[145.0351,-37.74358],[145.03339,-37.74563],[145.0361,-37.74685],[145.03148,-37.75082],[145.03225,-37.75678],[145.02912,-37.75779],[145.02783,-37.76381],[145.03228,-37.77064],[145.03682,-37.7706],[145.0341,-37.7726],[145.03449,-37.7789],[145.03859,-37.77932],[145.03828,-37.78354],[145.04759,-37.77984],[145.05475,-37.78506],[145.05446,-37.7812],[145.06057,-37.77995],[145.06688,-37.78369],[145.06926,-37.77239],[145.0767,-37.77339],[145.07153,-37.76714],[145.07647,-37.76735],[145.07838,-37.76416],[145.07704,-37.75869],[145.07295,-37.75926],[145.07466,-37.75697],[145.08057,-37.75786],[145.07724,-37.75604],[145.07833,-37.75391],[145.08173,-37.75633],[145.08282,-37.75136],[145.09205,-37.75422],[145.09786,-37.74895],[145.10592,-37.75443],[145.1129,-37.75524],[145.12143,-37.75216],[145.12261,-37.74919],[145.12606,-37.75106],[145.12027,-37.74809],[145.12261,-37.74057],[145.13315,-37.7428],[145.13568,-37.7409]]]}},{"type":"Feature","properties":{"id":"barcaldine","name":"Barcaldine","level":2,"centroid":[145.436,-23.057],"bbox":[143.5854,-24.4458,147.2866,-21.6682]},"geometry":{"type":"Polygon","coordinates":[[[143.6141,-22.53869],[143.77611,-22.56394],[143.88765,-22.49656],[143.94071,-22.59245],[144.50339,-22.60729],[144.5894,-22.68937],[144.47037,-22.951],[144.86441,-23.00687],[144.92548,-23.21855],[144.86941,-23.52417],[144.79517,-23.51919],[144.79525,-23.99863],[145.01218,-24.13799],[145.62764,-24.1534],[145.61138,-24.01509],[145.75707,-23.94031],[145.7718,-23.8119],[145.95509,-23.82725],[145.9448,-24.0072],[146.14178,-23.97347],[146.12922,-24.16228],[146.2595,-24.15441],[146.25692,-24.24192],[146.39269,-24.25474],[146.57837,-24.4458],[146.689,-24.37423],[146.80503,-24.40518],[146.93513,-24.29058],[146.95638,-24.16358],[147.18332,-24.08573],[147.16301,-23.97288],[147.24115,-23.90319],[147.19816,-23.60913],[147.28378,-23.52477],[147.28662,-23.35122],[146.97631,-23.26326],[146.85458,-23.30473],[146.88447,-23.22026],[146.75289,-22.98425],[146.56014,-22.87843],[146.5484,-22.76888],[146.40144,-22.75549],[146.45178,-22.4993],[146.10893,-22.44565],[146.06607,-22.1162],[145.66118,-22.04114],[145.67848,-21.66818],[145.43474,-21.69204],[145.41824,-21.84623],[145.16608,-21.78488],[145.15297,-21.89891],[144.95631,-21.9303],[144.94306,-22.05914],[144.80091,-22.04537],[144.73979,-22.21171],[144.49129,-22.18499],[144.35746,-22.34851],[144.15956,-22.29709],[144.16633,-22.22362],[143.844,-22.20297],[143.83318,-22.31476],[143.5854,-22.48301],[143.6141,-22.53869]]]}},{"type":"Feature","properties":{"id":"barcoo","name":"Barcoo","level":2,"centroid":[142.4648,-25.1729],"bbox":[140.6763,-26.7751,144.2534,-23.5707]},"geometry":{"type":"Polygon","coordinates":[[[142.14503,-23.7008],[142.10046,-24.09519],[142.02382,-24.16765],[141.91926,-24.05736],[141.80581,-24.15479],[141.96474,-24.31084],[141.86355,-24.40313],[141.96261,-24.5302],[141.73106,-24.63671],[141.37552,-24.48293],[141.36108,-24.6291],[141.2389,-24.72513],[140.83871,-24.66889],[140.87428,-24.842],[140.81303,-24.83837],[140.80237,-24.98618],[140.87897,-24.99259],[140.85924,-25.22156],[140.69899,-25.20505],[140.67629,-25.46445],[140.82446,-25.5253],[140.88035,-25.46602],[140.91422,-25.52727],[140.90964,-25.99639],[140.9994,-25.99638],[140.99944,-26.76177],[141.12291,-26.7751],[141.21889,-26.66315],[141.82645,-26.74708],[141.71881,-26.35054],[142.07455,-26.38527],[142.16145,-26.19601],[142.17324,-25.85544],[142.57099,-25.60736],[142.90262,-25.66917],[142.88517,-25.81381],[142.97185,-25.82246],[142.98377,-25.71772],[143.19859,-25.73735],[143.21047,-25.62476],[143.44823,-25.65188],[143.43732,-25.37387],[143.59301,-25.28212],[144.01323,-25.5827],[144.22499,-25.25547],[144.25335,-25.11685],[143.8946,-24.80286],[143.66424,-25.01652],[143.6103,-24.95315],[143.5592,-25.0118],[143.42843,-24.8721],[143.60611,-24.73236],[143.53543,-24.64225],[143.72032,-24.50821],[143.757,-24.54694],[143.76957,-24.44597],[143.69361,-24.44048],[143.74419,-24.18648],[143.46298,-24.10126],[143.37461,-24.12035],[143.29799,-24.27803],[143.1002,-24.26822],[143.10382,-24.13822],[143.04006,-24.13435],[143.06902,-23.87853],[142.93409,-23.86716],[142.95005,-23.70788],[142.15965,-23.57072],[142.14503,-23.7008]]]}},{"type":"Feature","properties":{"id":"barkly","name":"Barkly","level":2,"centroid":[134.8218,-19.5415],"bbox":[131.6461,-22.5808,137.9976,-16.5022]},"geometry":{"type":"Polygon","coordinates":[[[137.99708,-21.19426],[137.99526,-17.61136],[137.59206,-17.61137],[137.59205,-17.49981],[136.06165,-17.4547],[136.06077,-17.26567],[135.881,-17.26567],[135.88097,-16.95368],[135.94023,-16.91897],[135.7764,-16.79302],[135.7764,-16.95373],[135.58462,-16.95368],[135.58464,-17.12071],[135.07539,-17.1215],[135.07554,-16.50221],[134.84789,-16.50222],[134.84789,-16.64763],[134.44262,-16.64776],[134.44261,-16.86645],[133.5883,-16.86633],[133.5883,-17.12241],[133.28929,-17.12269],[133.21156,-17.07563],[133.21156,-16.86553],[132.73735,-16.7927],[132.73737,-16.5832],[132.40203,-16.58323],[132.40205,-17.30632],[132.09229,-17.30623],[132.12232,-17.81802],[131.64657,-17.81804],[131.64608,-18.32438],[132.02188,-18.32408],[132.02518,-20.25742],[132.75625,-20.85285],[132.75563,-21.0772],[133.16107,-21.07719],[133.16106,-21.19473],[133.32643,-21.19474],[133.32644,-20.72286],[133.6572,-20.7229],[133.66042,-21.40765],[133.77152,-21.40843],[133.77154,-21.56831],[133.89077,-21.56832],[133.7913,-21.69719],[134.37201,-21.69973],[134.37071,-21.84618],[134.60915,-22.04489],[134.53105,-22.29718],[134.61655,-22.29718],[134.62729,-22.48156],[134.88539,-22.48155],[134.88538,-22.16548],[135.152,-22.16397],[135.14974,-22.54854],[135.40059,-22.54808],[135.46705,-22.45182],[135.60743,-22.55183],[135.89902,-22.58084],[135.97991,-22.54744],[135.97988,-22.16544],[136.1506,-22.16543],[136.4029,-21.98882],[137.68145,-21.99841],[137.68146,-21.92924],[137.99761,-21.92923],[137.99708,-21.19426]]]}},{"type":"Feature","properties":{"id":"barossa","name":"Barossa","level":2,"centroid":[138.9617,-34.6135],"bbox":[138.7515,-34.8153,139.1719,-34.4117]},"geometry":{"type":"Polygon","coordinates":[[[139.04178,-34.81532],[139.08054,-34.77682],[139.08701,-34.75923],[139.1507,-34.76851],[139.1581,-34.70575],[139.16906,-34.70671],[139.15799,-34.64748],[139.16263,-34.62111],[139.10314,-34.62062],[139.10622,-34.59357],[139.09625,-34.58052],[139.11177,-34.53572],[139.13491,-34.50866],[139.15495,-34.50862],[139.15646,-34.49356],[139.17187,-34.48219],[139.11196,-34.43877],[139.10127,-34.41167],[139.05764,-34.42447],[139.00198,-34.4585],[138.97322,-34.4499],[138.9782,-34.46637],[138.96971,-34.48629],[138.97823,-34.4904],[138.93661,-34.53883],[138.94715,-34.54418],[138.92838,-34.56475],[138.92423,-34.58369],[138.90016,-34.56829],[138.87417,-34.57414],[138.87206,-34.5575],[138.86054,-34.54866],[138.85161,-34.55743],[138.83206,-34.55446],[138.82691,-34.57034],[138.79406,-34.55109],[138.79027,-34.56274],[138.77333,-34.56059],[138.75146,-34.57847],[138.75545,-34.59011],[138.78454,-34.60744],[138.76194,-34.61467],[138.77824,-34.62342],[138.77808,-34.63543],[138.79801,-34.64003],[138.78681,-34.65051],[138.79053,-34.66231],[138.84093,-34.67323],[138.86249,-34.70428],[138.88505,-34.69986],[138.91052,-34.70884],[138.91747,-34.73469],[138.92671,-34.7349],[138.91891,-34.74555],[138.92925,-34.75269],[138.92413,-34.7585],[138.94857,-34.76539],[138.95302,-34.77568],[138.98989,-34.76983],[138.98808,-34.78137],[139.00246,-34.80036],[139.04178,-34.81532]]]}},{"type":"Feature","properties":{"id":"barunga-west","name":"Barunga West","level":2,"centroid":[137.9231,-33.7948],"bbox":[137.7013,-34.1216,138.1448,-33.4681]},"geometry":{"type":"Polygon","coordinates":[[[137.92198,-33.4681],[137.93049,-33.48169],[137.93335,-33.50042],[137.94497,-33.50757],[137.94317,-33.51233],[137.94914,-33.51266],[137.94144,-33.51809],[137.93943,-33.5479],[137.96298,-33.55076],[137.97113,-33.53941],[137.97383,-33.55297],[137.97897,-33.55385],[137.9772,-33.55959],[137.97134,-33.56137],[137.9648,-33.5743],[137.95179,-33.57329],[137.94909,-33.55959],[137.94361,-33.55583],[137.94677,-33.55454],[137.93536,-33.55266],[137.9356,-33.58009],[137.91954,-33.62398],[137.9016,-33.62888],[137.89324,-33.6256],[137.90509,-33.59691],[137.90979,-33.59937],[137.90332,-33.60056],[137.90358,-33.61447],[137.9138,-33.6129],[137.92425,-33.5974],[137.91967,-33.58732],[137.89247,-33.58789],[137.8774,-33.59815],[137.85728,-33.63131],[137.83453,-33.64244],[137.80055,-33.6831],[137.77632,-33.69495],[137.75282,-33.717],[137.73644,-33.73782],[137.72662,-33.76837],[137.70132,-33.78813],[137.71496,-33.79648],[137.72374,-33.87942],[137.87248,-33.87924],[137.87248,-33.99076],[137.91611,-33.99093],[137.91865,-34.09287],[138.00009,-34.09639],[138.01249,-34.09291],[138.02017,-34.09692],[138.02579,-34.11394],[138.03376,-34.12157],[138.03434,-34.1119],[138.04105,-34.11078],[138.05142,-34.09601],[138.07822,-34.0852],[138.09022,-34.093],[138.14481,-34.09282],[138.14474,-33.99116],[138.08439,-33.99109],[138.08532,-33.51821],[138.06832,-33.51466],[138.06863,-33.47028],[137.92198,-33.4681]]]}},{"type":"Feature","properties":{"id":"bass-coast","name":"Bass Coast","level":2,"centroid":[145.4664,-38.485],"bbox":[145.1162,-38.6788,145.8166,-38.2913]},"geometry":{"type":"MultiPolygon","coordinates":[[[[145.32441,-38.50706],[145.29654,-38.50478],[145.30558,-38.48542],[145.29315,-38.48853],[145.29082,-38.48023],[145.30983,-38.45973],[145.27327,-38.46034],[145.3025,-38.45376],[145.23998,-38.44579],[145.16544,-38.46534],[145.14713,-38.50318],[145.11616,-38.51834],[145.17067,-38.50956],[145.22121,-38.52994],[145.24005,-38.50681],[145.27136,-38.5049],[145.31676,-38.52445],[145.35448,-38.56754],[145.36433,-38.55328],[145.34098,-38.53471],[145.36291,-38.51207],[145.32441,-38.50706]]],[[[145.7295,-38.6451],[145.81661,-38.6475],[145.80808,-38.62647],[145.81648,-38.58351],[145.76819,-38.60399],[145.77571,-38.56792],[145.75715,-38.56621],[145.76193,-38.53846],[145.72863,-38.53515],[145.72106,-38.52442],[145.7184,-38.53821],[145.6987,-38.53625],[145.6958,-38.50215],[145.67384,-38.48064],[145.6763,-38.46347],[145.68837,-38.46445],[145.69481,-38.3761],[145.66547,-38.36718],[145.64464,-38.34237],[145.59362,-38.33009],[145.54579,-38.29132],[145.54181,-38.30937],[145.52067,-38.30666],[145.5155,-38.31784],[145.51614,-38.33856],[145.53993,-38.33663],[145.55199,-38.34946],[145.53483,-38.39791],[145.50467,-38.41666],[145.41648,-38.40691],[145.43382,-38.43485],[145.41772,-38.47136],[145.43449,-38.49361],[145.41971,-38.51297],[145.36389,-38.52402],[145.37614,-38.53795],[145.42369,-38.53647],[145.48369,-38.55599],[145.53752,-38.61108],[145.56063,-38.65139],[145.6067,-38.67877],[145.65294,-38.67799],[145.68894,-38.6512],[145.7295,-38.6451]]]]}},{"type":"Feature","properties":{"id":"bassendean","name":"Bassendean","level":2,"centroid":[115.945,-31.9058],"bbox":[115.9257,-31.9244,115.9643,-31.8872]},"geometry":{"type":"Polygon","coordinates":[[[115.93344,-31.88748],[115.93257,-31.8879],[115.93185,-31.88794],[115.93193,-31.89474],[115.93289,-31.89475],[115.9314,-31.90124],[115.92929,-31.90143],[115.92781,-31.90121],[115.9271,-31.90473],[115.92726,-31.90732],[115.92757,-31.90804],[115.9257,-31.90961],[115.92969,-31.91304],[115.92901,-31.91361],[115.93116,-31.91544],[115.93105,-31.91553],[115.93213,-31.91646],[115.93239,-31.91624],[115.93658,-31.91979],[115.93486,-31.92116],[115.93874,-31.92444],[115.93989,-31.92074],[115.94071,-31.92001],[115.94133,-31.91971],[115.94257,-31.91972],[115.94415,-31.92029],[115.94773,-31.92246],[115.94947,-31.92269],[115.9507,-31.9224],[115.95228,-31.92059],[115.95303,-31.91931],[115.95556,-31.91628],[115.95898,-31.91333],[115.96063,-31.91241],[115.96163,-31.91139],[115.96171,-31.91027],[115.96146,-31.9073],[115.96184,-31.90611],[115.96259,-31.90472],[115.96258,-31.90315],[115.96197,-31.90166],[115.96149,-31.90094],[115.96042,-31.9],[115.95975,-31.89892],[115.95831,-31.8981],[115.9579,-31.89768],[115.95752,-31.89621],[115.95791,-31.89544],[115.95852,-31.89475],[115.95972,-31.89427],[115.96135,-31.8926],[115.96334,-31.89117],[115.9635,-31.89064],[115.96329,-31.89029],[115.96426,-31.88876],[115.96433,-31.88768],[115.95035,-31.88764],[115.94436,-31.88745],[115.94437,-31.88757],[115.9366,-31.88758],[115.93553,-31.88776],[115.93465,-31.88812],[115.93396,-31.88721],[115.93344,-31.88748]]]}},{"type":"Feature","properties":{"id":"bathurst","name":"Bathurst","level":2,"centroid":[149.5196,-33.4731],"bbox":[149.117,-33.9975,149.9222,-32.9486]},"geometry":{"type":"Polygon","coordinates":[[[149.39469,-33.99755],[149.4135,-33.85743],[149.44416,-33.86134],[149.43716,-33.83409],[149.48358,-33.84633],[149.49962,-33.74801],[149.57064,-33.74381],[149.6308,-33.66714],[149.68157,-33.68402],[149.71901,-33.62654],[149.65877,-33.59918],[149.6448,-33.55388],[149.61341,-33.56026],[149.6239,-33.49297],[149.66413,-33.48482],[149.70944,-33.53095],[149.75301,-33.5413],[149.77382,-33.52204],[149.79337,-33.5475],[149.90714,-33.51033],[149.92218,-33.4778],[149.90192,-33.43806],[149.91372,-33.37712],[149.82138,-33.29894],[149.83637,-33.25737],[149.80811,-33.25347],[149.83012,-33.22574],[149.75193,-33.17733],[149.76556,-33.10027],[149.65084,-33.06902],[149.64811,-32.99316],[149.49655,-32.98028],[149.45657,-32.9486],[149.42748,-32.98555],[149.38359,-32.99178],[149.31472,-33.10004],[149.31715,-33.1466],[149.35045,-33.15107],[149.34946,-33.18426],[149.34423,-33.23881],[149.31342,-33.23897],[149.33721,-33.32793],[149.29895,-33.42768],[149.36314,-33.45147],[149.35359,-33.52655],[149.42206,-33.54353],[149.40038,-33.68317],[149.33482,-33.74492],[149.31638,-33.72396],[149.25783,-33.73975],[149.21942,-33.79235],[149.18517,-33.79769],[149.1819,-33.85819],[149.14563,-33.85042],[149.11695,-33.88383],[149.15498,-33.92714],[149.14451,-33.95792],[149.17935,-33.98466],[149.29923,-33.94617],[149.34778,-33.95329],[149.39469,-33.99755]]]}},{"type":"Feature","properties":{"id":"baw-baw","name":"Baw Baw","level":2,"centroid":[146.1451,-37.97],"bbox":[145.7029,-38.36,146.5873,-37.58]},"geometry":{"type":"Polygon","coordinates":[[[145.76502,-37.89857],[145.73106,-37.95976],[145.76254,-37.99071],[145.75445,-38.07919],[145.73922,-38.10052],[145.76279,-38.10893],[145.7029,-38.1948],[145.71742,-38.20671],[145.71284,-38.25179],[145.73636,-38.24896],[145.7354,-38.27456],[145.80055,-38.26436],[145.8277,-38.32047],[145.88496,-38.31679],[145.88859,-38.3368],[145.96542,-38.32357],[145.96747,-38.31206],[146.0343,-38.33176],[146.06403,-38.31059],[146.12252,-38.36004],[146.18922,-38.34387],[146.2039,-38.31709],[146.23019,-38.32172],[146.2523,-38.29862],[146.25824,-38.26479],[146.29134,-38.22717],[146.21605,-38.21917],[146.22333,-38.17787],[146.24827,-38.17248],[146.2904,-38.1105],[146.3286,-38.1198],[146.36135,-38.10708],[146.395,-38.13882],[146.42628,-38.12983],[146.42441,-38.09653],[146.47898,-38.10379],[146.47572,-38.0753],[146.52792,-38.08424],[146.53479,-38.05694],[146.56951,-38.05809],[146.58726,-37.97809],[146.56381,-37.98396],[146.52406,-37.96366],[146.51469,-37.98358],[146.47332,-37.99468],[146.50234,-37.69081],[146.51597,-37.67877],[146.49074,-37.64409],[146.44366,-37.61211],[146.39405,-37.60399],[146.36791,-37.62941],[146.2988,-37.59106],[146.25009,-37.61039],[146.18677,-37.57999],[146.15882,-37.60076],[146.16483,-37.62298],[146.12975,-37.64806],[146.13555,-37.70206],[146.16323,-37.74734],[146.13377,-37.78801],[146.0891,-37.75378],[146.03864,-37.77444],[145.94362,-37.75822],[145.91747,-37.77751],[145.92639,-37.82963],[145.84471,-37.79761],[145.79496,-37.8151],[145.81762,-37.85774],[145.7695,-37.88089],[145.76502,-37.89857]]]}},{"type":"Feature","properties":{"id":"bayside-nsw","name":"Bayside (NSW)","level":2,"centroid":[151.1662,-33.9626],"bbox":[151.1008,-34.006,151.2316,-33.9192]},"geometry":{"type":"Polygon","coordinates":[[[151.15498,-33.92618],[151.15193,-33.92771],[151.13994,-33.92736],[151.13763,-33.93035],[151.13462,-33.92989],[151.13281,-33.93179],[151.12507,-33.93069],[151.11581,-33.93675],[151.10787,-33.93647],[151.10079,-33.93925],[151.10198,-33.94966],[151.11887,-33.96936],[151.13061,-33.9661],[151.13478,-33.95619],[151.13796,-33.95982],[151.1362,-33.96869],[151.13596,-33.98577],[151.12623,-34.00167],[151.12824,-34.00598],[151.13968,-34.00334],[151.14189,-33.99734],[151.14617,-33.99681],[151.14948,-33.99419],[151.14832,-33.98509],[151.15113,-33.97413],[151.15778,-33.95931],[151.16523,-33.95062],[151.16892,-33.95],[151.1757,-33.95498],[151.17856,-33.96588],[151.18216,-33.96792],[151.18562,-33.96681],[151.18678,-33.96451],[151.18606,-33.96208],[151.18223,-33.96127],[151.1808,-33.95563],[151.18209,-33.95238],[151.18585,-33.95214],[151.19136,-33.97268],[151.19332,-33.97402],[151.19557,-33.97273],[151.19143,-33.95775],[151.19235,-33.95421],[151.20629,-33.96112],[151.20877,-33.96441],[151.21105,-33.96183],[151.21077,-33.96321],[151.21247,-33.9635],[151.20575,-33.96452],[151.20485,-33.96173],[151.1991,-33.95986],[151.20208,-33.97131],[151.2182,-33.96732],[151.2209,-33.96835],[151.22116,-33.95908],[151.23033,-33.9556],[151.2316,-33.95239],[151.23008,-33.94771],[151.22682,-33.94517],[151.23048,-33.93524],[151.22799,-33.92495],[151.222,-33.92545],[151.18084,-33.91915],[151.1736,-33.92653],[151.16835,-33.92768],[151.16052,-33.93399],[151.15599,-33.93161],[151.157,-33.92933],[151.15498,-33.92618]]]}},{"type":"Feature","properties":{"id":"bayside-vic","name":"Bayside (Vic.)","level":2,"centroid":[145.0193,-37.9398],"bbox":[144.9834,-37.9964,145.0553,-37.8833]},"geometry":{"type":"Polygon","coordinates":[[[144.985,-37.89099],[144.98595,-37.89333],[144.98588,-37.89637],[144.9834,-37.90112],[144.98405,-37.90334],[144.98371,-37.90599],[144.98565,-37.90842],[144.98478,-37.91175],[144.9854,-37.91288],[144.9848,-37.91335],[144.98615,-37.91523],[144.98612,-37.91753],[144.98741,-37.91997],[144.98723,-37.92142],[144.98615,-37.92229],[144.98671,-37.92344],[144.98584,-37.92401],[144.98553,-37.92622],[144.98672,-37.92651],[144.98987,-37.92908],[144.99776,-37.93785],[144.9992,-37.94049],[144.99913,-37.94166],[144.99216,-37.94001],[144.99313,-37.94415],[144.99513,-37.94518],[144.99571,-37.94678],[145.0013,-37.95069],[145.01023,-37.9612],[145.01136,-37.96345],[145.01112,-37.96421],[145.01042,-37.9643],[145.01143,-37.96751],[145.0109,-37.96895],[145.00933,-37.96944],[145.01414,-37.97461],[145.01716,-37.97917],[145.01795,-37.98179],[145.02154,-37.98311],[145.02339,-37.98559],[145.02497,-37.98613],[145.02699,-37.98804],[145.02789,-37.99064],[145.02968,-37.99194],[145.02972,-37.99327],[145.03069,-37.9935],[145.03077,-37.99458],[145.0347,-37.9949],[145.0383,-37.9964],[145.0392,-37.99483],[145.04213,-37.99277],[145.04301,-37.99099],[145.04595,-37.99011],[145.04561,-37.98987],[145.04736,-37.98878],[145.0517,-37.98681],[145.05527,-37.96766],[145.03774,-37.94237],[145.03645,-37.93846],[145.03653,-37.93558],[145.02246,-37.9206],[145.02599,-37.90215],[145.00633,-37.89981],[145.00104,-37.88858],[144.99702,-37.8838],[144.99227,-37.88326],[144.99068,-37.89172],[144.985,-37.89099]]]}},{"type":"Feature","properties":{"id":"bayswater","name":"Bayswater","level":2,"centroid":[115.9082,-31.9088],"bbox":[115.8776,-31.9521,115.9387,-31.8654]},"geometry":{"type":"Polygon","coordinates":[[[115.93344,-31.88748],[115.9334,-31.87177],[115.9174,-31.87186],[115.91643,-31.86727],[115.91387,-31.86543],[115.88987,-31.8683],[115.8783,-31.86785],[115.87762,-31.87177],[115.87943,-31.87177],[115.87947,-31.87947],[115.8923,-31.89036],[115.88713,-31.89475],[115.89111,-31.89812],[115.8806,-31.90844],[115.88421,-31.91203],[115.89132,-31.91696],[115.89099,-31.9174],[115.89339,-31.91945],[115.89101,-31.92199],[115.89109,-31.92353],[115.8901,-31.92348],[115.88515,-31.92765],[115.88855,-31.93061],[115.8807,-31.93481],[115.87867,-31.9377],[115.8815,-31.93627],[115.88153,-31.93801],[115.88521,-31.938],[115.88756,-31.93658],[115.89172,-31.93692],[115.89766,-31.94095],[115.89745,-31.94264],[115.89863,-31.94241],[115.89666,-31.94847],[115.89829,-31.95064],[115.90249,-31.95209],[115.91082,-31.9514],[115.91408,-31.95031],[115.9156,-31.94818],[115.91408,-31.94561],[115.90855,-31.94115],[115.90758,-31.93938],[115.90819,-31.936],[115.91028,-31.93363],[115.91739,-31.93115],[115.93282,-31.93082],[115.93726,-31.92939],[115.93874,-31.92444],[115.93486,-31.92116],[115.93658,-31.91979],[115.93105,-31.91553],[115.92901,-31.91361],[115.92969,-31.91304],[115.9257,-31.90961],[115.92757,-31.90804],[115.9271,-31.90473],[115.92781,-31.90121],[115.9314,-31.90124],[115.93289,-31.89475],[115.93193,-31.89474],[115.93185,-31.88794],[115.93344,-31.88748]]]}},{"type":"Feature","properties":{"id":"bega-valley","name":"Bega Valley","level":2,"centroid":[149.7206,-36.8182],"bbox":[149.3565,-37.5052,150.0848,-36.1313]},"geometry":{"type":"Polygon","coordinates":[[[149.9762,-37.50515],[149.94984,-37.37466],[149.96973,-37.30968],[149.94401,-37.27772],[149.98688,-37.23994],[150.05194,-37.26226],[150.01086,-37.21182],[150.00487,-37.14126],[149.95379,-37.10088],[149.91139,-37.11179],[149.87252,-37.0832],[149.91485,-37.07611],[149.92342,-37.04629],[149.94466,-37.05398],[149.92667,-36.99205],[149.94592,-36.94912],[149.91344,-36.94458],[149.90479,-36.91464],[149.93811,-36.90244],[149.94063,-36.81167],[150.06828,-36.55416],[150.05482,-36.48817],[150.08477,-36.42918],[150.06529,-36.41004],[150.08327,-36.3637],[150.05278,-36.34321],[150.0574,-36.36319],[150.03254,-36.34573],[149.98766,-36.35851],[149.96776,-36.31873],[149.95051,-36.32362],[149.95305,-36.26877],[149.73984,-36.23975],[149.64047,-36.19552],[149.65111,-36.13127],[149.59415,-36.13646],[149.56983,-36.20208],[149.53658,-36.22452],[149.60227,-36.3379],[149.5392,-36.36559],[149.54206,-36.39917],[149.48448,-36.4298],[149.45543,-36.52955],[149.38401,-36.56457],[149.37865,-36.59466],[149.41498,-36.65086],[149.46465,-36.65541],[149.43881,-36.70104],[149.45969,-36.71664],[149.43804,-36.77617],[149.48555,-36.78946],[149.48458,-36.81929],[149.51025,-36.83082],[149.37704,-36.87482],[149.37499,-36.95882],[149.41814,-37.00632],[149.39791,-37.02063],[149.40182,-37.11536],[149.35647,-37.26283],[149.9762,-37.50515]]]}},{"type":"Feature","properties":{"id":"bellingen","name":"Bellingen","level":2,"centroid":[152.7261,-30.3739],"bbox":[152.3921,-30.5671,153.0602,-30.1808]},"geometry":{"type":"Polygon","coordinates":[[[152.40831,-30.48872],[152.49811,-30.5191],[152.6303,-30.53956],[152.73197,-30.52261],[152.81626,-30.53964],[152.81785,-30.52959],[152.84139,-30.53247],[152.83979,-30.5425],[152.85743,-30.54628],[152.86514,-30.53534],[152.86336,-30.54462],[152.88766,-30.55655],[153.00414,-30.56708],[153.01687,-30.56517],[153.0296,-30.54695],[153.02502,-30.53361],[153.0335,-30.49245],[153.0602,-30.44874],[152.99322,-30.40177],[152.95763,-30.38875],[152.96547,-30.3485],[152.95184,-30.35156],[152.92229,-30.33187],[152.86438,-30.32294],[152.85524,-30.31203],[152.83882,-30.31383],[152.81989,-30.30046],[152.82014,-30.26579],[152.83311,-30.27339],[152.8553,-30.25301],[152.82957,-30.22212],[152.83286,-30.21695],[152.81745,-30.21334],[152.80346,-30.18955],[152.75519,-30.18078],[152.75077,-30.1966],[152.69299,-30.189],[152.70746,-30.20423],[152.69399,-30.21111],[152.69765,-30.22376],[152.64675,-30.25821],[152.63861,-30.25124],[152.61595,-30.25806],[152.61123,-30.24925],[152.57389,-30.24451],[152.56123,-30.23363],[152.56493,-30.23929],[152.5513,-30.25776],[152.55501,-30.28091],[152.53295,-30.29277],[152.52593,-30.31159],[152.49336,-30.33685],[152.48048,-30.33248],[152.47492,-30.35662],[152.47767,-30.38982],[152.4841,-30.39153],[152.43806,-30.40023],[152.41736,-30.4367],[152.40181,-30.435],[152.39206,-30.4429],[152.39324,-30.4764],[152.40831,-30.48872]]]}},{"type":"Feature","properties":{"id":"belmont","name":"Belmont","level":2,"centroid":[115.9422,-31.9542],"bbox":[115.8969,-31.9888,115.9875,-31.9197]},"geometry":{"type":"Polygon","coordinates":[[[115.95409,-31.91983],[115.95173,-31.92283],[115.9503,-31.92339],[115.94688,-31.92283],[115.94196,-31.92041],[115.94073,-31.9207],[115.94029,-31.92149],[115.93969,-31.92685],[115.93906,-31.9289],[115.93562,-31.9313],[115.92789,-31.93228],[115.91744,-31.93284],[115.91249,-31.93465],[115.91204,-31.9357],[115.9116,-31.93556],[115.91209,-31.93497],[115.91087,-31.93544],[115.90966,-31.93676],[115.91117,-31.93577],[115.90874,-31.93845],[115.90908,-31.94028],[115.91024,-31.9411],[115.90975,-31.93987],[115.91015,-31.93954],[115.91105,-31.94116],[115.91118,-31.94086],[115.91164,-31.94108],[115.91533,-31.94476],[115.91732,-31.94415],[115.91837,-31.94457],[115.91898,-31.94423],[115.91796,-31.94667],[115.91813,-31.94856],[115.91445,-31.95135],[115.90583,-31.95365],[115.89993,-31.95386],[115.8969,-31.95268],[115.93724,-31.98747],[115.94098,-31.9843],[115.94248,-31.9843],[115.94291,-31.98467],[115.94381,-31.98442],[115.96467,-31.98658],[115.96603,-31.98719],[115.9664,-31.98682],[115.97277,-31.98745],[115.97352,-31.98681],[115.97461,-31.98774],[115.97752,-31.98792],[115.97774,-31.98878],[115.97836,-31.98826],[115.9792,-31.98484],[115.98019,-31.98315],[115.97949,-31.98247],[115.98748,-31.94904],[115.95809,-31.92403],[115.96042,-31.92204],[115.96086,-31.9214],[115.96062,-31.9207],[115.95699,-31.92167],[115.9582,-31.92021],[115.95649,-31.92054],[115.95546,-31.91967],[115.95409,-31.91983]]]}},{"type":"Feature","properties":{"id":"belyuen","name":"Belyuen","level":2,"centroid":[130.6832,-12.5382],"bbox":[130.6536,-12.5673,130.7128,-12.5091]},"geometry":{"type":"Polygon","coordinates":[[[130.69377,-12.56726],[130.70874,-12.56727],[130.7128,-12.56728],[130.7128,-12.56212],[130.7128,-12.53607],[130.71278,-12.53442],[130.71277,-12.5337],[130.71277,-12.53146],[130.71277,-12.52334],[130.71277,-12.50908],[130.68367,-12.50908],[130.65359,-12.50908],[130.65359,-12.51468],[130.65358,-12.53864],[130.65357,-12.56722],[130.68366,-12.56725],[130.69377,-12.56726]]]}},{"type":"Feature","properties":{"id":"benalla","name":"Benalla","level":2,"centroid":[146.0282,-36.5903],"bbox":[145.776,-36.9255,146.2805,-36.255]},"geometry":{"type":"Polygon","coordinates":[[[146.13143,-36.25511],[146.03691,-36.25505],[146.03094,-36.299],[145.79845,-36.29896],[145.77601,-36.4477],[145.79017,-36.44729],[145.79972,-36.45899],[145.82332,-36.45403],[145.81944,-36.56341],[145.85537,-36.56828],[145.84516,-36.65128],[145.82432,-36.68141],[145.8137,-36.74327],[145.82997,-36.78633],[145.86147,-36.80257],[145.87242,-36.79991],[145.86485,-36.81241],[145.87397,-36.81239],[145.87399,-36.81995],[145.8616,-36.82681],[145.86222,-36.88208],[145.8924,-36.88825],[145.91813,-36.91447],[145.91699,-36.92554],[145.92659,-36.9237],[145.92918,-36.90451],[145.954,-36.90456],[145.96532,-36.87518],[146.01006,-36.85316],[146.05287,-36.90651],[146.05962,-36.90779],[146.06828,-36.86207],[146.10924,-36.86657],[146.12493,-36.88454],[146.13797,-36.88134],[146.13669,-36.87227],[146.15061,-36.87413],[146.15287,-36.88791],[146.18488,-36.89256],[146.22697,-36.91607],[146.25355,-36.91271],[146.28045,-36.92504],[146.27269,-36.9103],[146.25534,-36.90593],[146.25903,-36.88726],[146.24335,-36.87201],[146.25124,-36.83999],[146.23974,-36.77719],[146.25495,-36.7428],[146.24476,-36.71979],[146.23116,-36.71656],[146.23556,-36.69761],[146.21426,-36.64795],[146.22547,-36.59956],[146.19495,-36.58756],[146.19525,-36.52296],[146.20973,-36.50268],[146.17595,-36.47279],[146.22465,-36.44894],[146.20419,-36.41072],[146.21947,-36.35715],[146.20521,-36.36452],[146.19696,-36.33413],[146.18109,-36.33761],[146.18106,-36.29748],[146.14713,-36.29919],[146.13155,-36.28316],[146.13143,-36.25511]]]}},{"type":"Feature","properties":{"id":"berri-barmera","name":"Berri Barmera","level":2,"centroid":[140.4939,-34.2877],"bbox":[140.3226,-34.4561,140.6651,-34.1194]},"geometry":{"type":"Polygon","coordinates":[[[140.32261,-34.16128],[140.33439,-34.15504],[140.35085,-34.1689],[140.33883,-34.18235],[140.36395,-34.19461],[140.34505,-34.21869],[140.3628,-34.2152],[140.36687,-34.23089],[140.39479,-34.23936],[140.38556,-34.25025],[140.39806,-34.26309],[140.37686,-34.26327],[140.36716,-34.27688],[140.38631,-34.33352],[140.45465,-34.33444],[140.44565,-34.31271],[140.46309,-34.29468],[140.50521,-34.30331],[140.51456,-34.33589],[140.52812,-34.33485],[140.53729,-34.35106],[140.50807,-34.35739],[140.51608,-34.3973],[140.48217,-34.40215],[140.49591,-34.41031],[140.49815,-34.44038],[140.53671,-34.45606],[140.58484,-34.43255],[140.59065,-34.41651],[140.56791,-34.41131],[140.56182,-34.3988],[140.59383,-34.39028],[140.59683,-34.36636],[140.57949,-34.37302],[140.56475,-34.3634],[140.57725,-34.35647],[140.55223,-34.34391],[140.57437,-34.34669],[140.57152,-34.32987],[140.59923,-34.32568],[140.58645,-34.31454],[140.59645,-34.2914],[140.63189,-34.29113],[140.62298,-34.26298],[140.63357,-34.24442],[140.64528,-34.24029],[140.64644,-34.25276],[140.66513,-34.2441],[140.66425,-34.22659],[140.64458,-34.2301],[140.64548,-34.20485],[140.53381,-34.20472],[140.54105,-34.21965],[140.52952,-34.25405],[140.50494,-34.25113],[140.49386,-34.249],[140.50077,-34.24073],[140.52429,-34.23488],[140.49178,-34.19351],[140.47303,-34.18642],[140.47308,-34.13234],[140.40617,-34.13344],[140.37416,-34.11941],[140.35483,-34.13631],[140.3284,-34.1364],[140.32261,-34.16128]]]}},{"type":"Feature","properties":{"id":"berrigan","name":"Berrigan","level":2,"centroid":[145.6698,-35.7517],"bbox":[145.3321,-35.9913,146.0077,-35.512]},"geometry":{"type":"Polygon","coordinates":[[[145.48452,-35.51198],[145.47421,-35.58953],[145.45906,-35.61184],[145.4686,-35.613],[145.45692,-35.69753],[145.44362,-35.69593],[145.44001,-35.71529],[145.42433,-35.7066],[145.39298,-35.72727],[145.34301,-35.71169],[145.33205,-35.76455],[145.34284,-35.76585],[145.34687,-35.79369],[145.34341,-35.84551],[145.36373,-35.84793],[145.36017,-35.86181],[145.41049,-35.84868],[145.41988,-35.82816],[145.46253,-35.82686],[145.47213,-35.80922],[145.52166,-35.81864],[145.53559,-35.80197],[145.53877,-35.8218],[145.56284,-35.81344],[145.558,-35.82822],[145.59324,-35.84906],[145.5868,-35.86123],[145.60114,-35.87499],[145.62635,-35.86275],[145.62033,-35.88387],[145.67906,-35.91682],[145.67387,-35.92588],[145.69819,-35.92096],[145.69733,-35.93649],[145.72631,-35.9423],[145.71677,-35.95058],[145.74612,-35.96423],[145.77822,-35.96023],[145.77689,-35.97243],[145.81004,-35.99135],[145.82755,-35.97542],[145.84722,-35.98202],[145.85972,-35.97334],[145.85301,-35.96066],[145.87043,-35.95548],[145.90801,-35.95355],[145.90294,-35.96884],[145.92583,-35.96455],[145.92817,-35.97395],[145.94711,-35.96052],[145.98791,-35.74732],[145.99059,-35.71856],[145.9738,-35.70455],[145.97815,-35.68157],[145.99159,-35.68327],[145.99449,-35.6688],[145.98454,-35.66742],[145.99802,-35.6498],[145.98463,-35.64815],[145.98693,-35.63601],[146.0045,-35.63814],[146.00726,-35.62415],[145.99413,-35.62223],[146.00765,-35.58693],[145.79192,-35.55568],[145.79366,-35.54443],[145.73787,-35.5377],[145.72146,-35.54936],[145.7158,-35.53982],[145.48452,-35.51198]]]}},{"type":"Feature","properties":{"id":"beverley","name":"Beverley","level":2,"centroid":[116.7648,-32.1597],"bbox":[116.2824,-32.3576,117.2472,-31.9619]},"geometry":{"type":"Polygon","coordinates":[[[116.35809,-32.23634],[116.38396,-32.23643],[116.38382,-32.35743],[116.61511,-32.35755],[116.61531,-32.34848],[116.66605,-32.35658],[116.68106,-32.34679],[116.72462,-32.34836],[116.78392,-32.33331],[116.77836,-32.31835],[116.81878,-32.29372],[116.83395,-32.2582],[117.01002,-32.25725],[117.01424,-32.27274],[117.04048,-32.26148],[117.06306,-32.25972],[117.06896,-32.27],[117.09546,-32.25982],[117.09986,-32.26755],[117.19102,-32.25763],[117.2026,-32.23613],[117.23569,-32.24222],[117.2472,-32.21103],[117.23923,-32.19799],[117.24706,-32.17931],[117.23814,-32.165],[117.23876,-32.11948],[117.21961,-32.11034],[117.2328,-32.09269],[117.23549,-32.05195],[117.22779,-32.03079],[117.21643,-32.03575],[117.19518,-32.00674],[117.17233,-31.99473],[117.15089,-31.99342],[117.1376,-31.98054],[117.0932,-31.9843],[117.06433,-31.96442],[117.05381,-31.96898],[117.05615,-31.97938],[117.04256,-31.96187],[116.93371,-31.99934],[116.92143,-31.99176],[116.81163,-32.04009],[116.82006,-32.05279],[116.75601,-32.08051],[116.73948,-32.05227],[116.71802,-32.06174],[116.72867,-32.0795],[116.70107,-32.09967],[116.71021,-32.11503],[116.68287,-32.12679],[116.67338,-32.11096],[116.61409,-32.11189],[116.61422,-32.13982],[116.50938,-32.13976],[116.50925,-32.11167],[116.44511,-32.11169],[116.44546,-32.08313],[116.39232,-32.08256],[116.39208,-32.09354],[116.34404,-32.09356],[116.34418,-32.11309],[116.28498,-32.11314],[116.28245,-32.17002],[116.31245,-32.17108],[116.34381,-32.23175],[116.35809,-32.23634]]]}},{"type":"Feature","properties":{"id":"blackall-tambo","name":"Blackall Tambo","level":2,"centroid":[145.976,-24.7833],"bbox":[144.6556,-25.7547,147.2964,-23.8119]},"geometry":{"type":"Polygon","coordinates":[[[144.84107,-24.03175],[144.78922,-24.22008],[144.70059,-24.20985],[144.65562,-24.63282],[144.71666,-24.68247],[144.69842,-24.8308],[144.80396,-24.84045],[144.79603,-24.91305],[144.8606,-24.91905],[144.84676,-24.99022],[144.89863,-25.03827],[144.99569,-25.00766],[144.96937,-25.18577],[144.86948,-25.25795],[145.28408,-25.35812],[145.24977,-25.47861],[145.32622,-25.44633],[145.54983,-25.50958],[145.49256,-25.74628],[145.58409,-25.7547],[145.67395,-25.60856],[145.74925,-25.61582],[145.74603,-25.69181],[145.94526,-25.72073],[145.9386,-25.48758],[145.97653,-25.48756],[145.97115,-25.56895],[146.17233,-25.58832],[146.21595,-25.2744],[146.50976,-25.33511],[146.49569,-25.30388],[146.56556,-25.30846],[146.57539,-25.17426],[146.75823,-25.1882],[146.73722,-25.35777],[146.93849,-25.20969],[146.94576,-25.14796],[147.0012,-25.15321],[147.00738,-25.07524],[147.09336,-25.06912],[147.06395,-24.99057],[147.28286,-24.94984],[147.2964,-24.89579],[147.13663,-24.88287],[147.09155,-24.81411],[146.90339,-24.80518],[146.88228,-24.76247],[146.94202,-24.70435],[146.88667,-24.59637],[146.75792,-24.66335],[146.66682,-24.5908],[146.6213,-24.45801],[146.38804,-24.31332],[146.39269,-24.25474],[146.25692,-24.24192],[146.2595,-24.15441],[146.12922,-24.16228],[146.14178,-23.97347],[145.9448,-24.0072],[145.95509,-23.82725],[145.7718,-23.8119],[145.75707,-23.94031],[145.70744,-23.93489],[145.69905,-24.00738],[145.61138,-24.01509],[145.62764,-24.1534],[145.01218,-24.13799],[144.96812,-24.07234],[144.84107,-24.03175]]]}},{"type":"Feature","properties":{"id":"blacktown","name":"Blacktown","level":2,"centroid":[150.8625,-33.7401],"bbox":[150.7597,-33.834,150.9653,-33.6463]},"geometry":{"type":"Polygon","coordinates":[[[150.81291,-33.82235],[150.85774,-33.82086],[150.87366,-33.82465],[150.87819,-33.82899],[150.88428,-33.82749],[150.88333,-33.83225],[150.88797,-33.82973],[150.88896,-33.83399],[150.89591,-33.82854],[150.90956,-33.82521],[150.91826,-33.80953],[150.91597,-33.80539],[150.9343,-33.80608],[150.93522,-33.79797],[150.95064,-33.78505],[150.94758,-33.78041],[150.95183,-33.77655],[150.95652,-33.78001],[150.96532,-33.77941],[150.9598,-33.77162],[150.95739,-33.76194],[150.92761,-33.69699],[150.91177,-33.67579],[150.89467,-33.663],[150.87657,-33.65957],[150.85875,-33.6463],[150.83516,-33.658],[150.82718,-33.65725],[150.81812,-33.66169],[150.81307,-33.66927],[150.81479,-33.67333],[150.81888,-33.67449],[150.81816,-33.67672],[150.81022,-33.67852],[150.8044,-33.6744],[150.80008,-33.67491],[150.7955,-33.68462],[150.77896,-33.69691],[150.77879,-33.70214],[150.77625,-33.70414],[150.77204,-33.70137],[150.76608,-33.70554],[150.76773,-33.71357],[150.7625,-33.72096],[150.764,-33.72632],[150.75968,-33.7296],[150.76179,-33.73519],[150.76733,-33.73564],[150.76904,-33.73307],[150.77857,-33.73999],[150.78326,-33.74036],[150.78657,-33.74622],[150.78916,-33.74677],[150.78883,-33.75118],[150.79303,-33.75347],[150.79169,-33.75598],[150.7955,-33.76409],[150.80201,-33.77002],[150.80337,-33.77707],[150.80615,-33.77828],[150.81011,-33.78395],[150.8094,-33.78792],[150.81177,-33.78879],[150.81042,-33.7942],[150.81435,-33.79828],[150.81567,-33.80768],[150.81337,-33.8127],[150.81582,-33.81695],[150.81291,-33.82235]]]}},{"type":"Feature","properties":{"id":"bland","name":"Bland","level":2,"centroid":[146.9272,-33.919],"bbox":[146.0703,-34.3172,147.7841,-33.5208]},"geometry":{"type":"Polygon","coordinates":[[[146.09515,-33.60312],[146.07031,-33.75352],[146.43719,-33.79449],[146.41744,-33.91062],[146.49282,-33.91964],[146.45821,-34.13292],[146.63541,-34.15117],[146.62388,-34.22472],[146.72905,-34.23676],[146.71875,-34.2981],[146.91141,-34.30964],[146.93446,-34.29345],[146.97955,-34.29911],[146.97965,-34.31026],[147.04792,-34.29651],[147.10766,-34.31721],[147.12936,-34.27647],[147.25496,-34.29133],[147.26484,-34.2354],[147.29703,-34.25441],[147.3016,-34.22869],[147.2846,-34.22063],[147.3062,-34.20425],[147.29619,-34.20264],[147.30088,-34.17616],[147.39078,-34.18731],[147.38881,-34.19778],[147.41932,-34.20842],[147.47045,-34.2087],[147.46931,-34.164],[147.49623,-34.10654],[147.58401,-34.11789],[147.5804,-34.13798],[147.63003,-34.14417],[147.63289,-34.12957],[147.66602,-34.13013],[147.71558,-34.16326],[147.7669,-34.13169],[147.78405,-34.06973],[147.75716,-34.05896],[147.73671,-33.99846],[147.72295,-33.99742],[147.73244,-33.98349],[147.7221,-33.98214],[147.72724,-33.95453],[147.70981,-33.95234],[147.7128,-33.93651],[147.5408,-33.9105],[147.55679,-33.87066],[147.54158,-33.8513],[147.55431,-33.83188],[147.53611,-33.79954],[147.52315,-33.80201],[147.51426,-33.71071],[147.4819,-33.70372],[147.41709,-33.53186],[147.40471,-33.52759],[147.35836,-33.52533],[147.32037,-33.56779],[147.24588,-33.5719],[147.24278,-33.5918],[146.98644,-33.56382],[146.98848,-33.55195],[146.82042,-33.52816],[146.80889,-33.60714],[146.44563,-33.56386],[146.44081,-33.52084],[146.09515,-33.60312]]]}},{"type":"Feature","properties":{"id":"blayney","name":"Blayney","level":2,"centroid":[149.1305,-33.6165],"bbox":[148.839,-33.8124,149.4221,-33.4207]},"geometry":{"type":"Polygon","coordinates":[[[149.36345,-33.45292],[149.34725,-33.46146],[149.34146,-33.45349],[149.23854,-33.44126],[149.24027,-33.4318],[149.21715,-33.42289],[149.21584,-33.43688],[149.20678,-33.43927],[149.18627,-33.42923],[149.18463,-33.43851],[149.06617,-33.42067],[149.05731,-33.42521],[149.05084,-33.46387],[148.93361,-33.44397],[148.90809,-33.45886],[148.87407,-33.5323],[148.85475,-33.54453],[148.85554,-33.56051],[148.83895,-33.56855],[148.84939,-33.57979],[148.87259,-33.57332],[148.87411,-33.59436],[148.8836,-33.58197],[148.90891,-33.58265],[148.92246,-33.59891],[148.90733,-33.65826],[148.91168,-33.68347],[148.95781,-33.68831],[148.96263,-33.70781],[148.99445,-33.72197],[148.97602,-33.74985],[148.99293,-33.75401],[148.97456,-33.75644],[148.98483,-33.75803],[148.98893,-33.78108],[149.00989,-33.784],[149.00771,-33.79489],[149.02902,-33.79316],[149.02617,-33.80336],[149.06459,-33.81237],[149.06718,-33.79007],[149.0916,-33.79367],[149.09145,-33.7654],[149.13875,-33.75988],[149.13338,-33.74822],[149.14601,-33.73202],[149.16913,-33.7212],[149.21485,-33.73262],[149.22505,-33.72626],[149.23761,-33.73974],[149.25775,-33.74064],[149.28995,-33.73978],[149.3209,-33.72456],[149.31738,-33.74254],[149.33482,-33.74492],[149.33741,-33.73133],[149.37129,-33.69704],[149.39404,-33.69324],[149.41891,-33.61954],[149.40599,-33.60587],[149.42206,-33.54353],[149.40972,-33.54187],[149.41103,-33.53424],[149.35359,-33.52655],[149.35922,-33.48406],[149.36753,-33.48518],[149.36973,-33.47293],[149.36241,-33.47144],[149.36345,-33.45292]]]}},{"type":"Feature","properties":{"id":"blue-mountains","name":"Blue Mountains","level":2,"centroid":[150.4126,-33.6341],"bbox":[150.1662,-33.8995,150.659,-33.3687]},"geometry":{"type":"Polygon","coordinates":[[[150.65898,-33.68548],[150.65756,-33.66166],[150.60614,-33.66272],[150.61596,-33.61414],[150.58165,-33.62278],[150.56311,-33.61014],[150.56494,-33.57552],[150.54441,-33.55727],[150.51206,-33.5828],[150.44802,-33.57228],[150.4302,-33.53792],[150.4855,-33.48691],[150.4836,-33.4457],[150.54937,-33.3687],[150.48863,-33.37742],[150.47917,-33.42974],[150.44741,-33.48141],[150.41694,-33.48657],[150.40853,-33.47327],[150.39907,-33.48947],[150.35486,-33.48575],[150.33101,-33.52251],[150.31192,-33.52014],[150.31467,-33.5044],[150.25682,-33.49429],[150.25068,-33.55803],[150.21565,-33.54796],[150.24322,-33.60243],[150.27148,-33.61913],[150.26192,-33.64165],[150.24051,-33.63856],[150.24815,-33.6641],[150.21484,-33.67483],[150.20763,-33.7085],[150.18109,-33.7044],[150.17917,-33.72212],[150.21242,-33.72126],[150.17965,-33.74346],[150.19568,-33.76662],[150.16874,-33.79512],[150.18114,-33.80258],[150.16929,-33.82703],[150.18539,-33.83769],[150.16621,-33.86556],[150.18884,-33.88605],[150.23406,-33.88453],[150.27958,-33.85076],[150.3406,-33.85652],[150.33397,-33.84769],[150.35915,-33.83768],[150.36512,-33.80174],[150.41792,-33.80935],[150.40537,-33.86282],[150.46107,-33.89946],[150.50167,-33.8649],[150.54255,-33.89543],[150.56038,-33.89149],[150.56824,-33.87499],[150.61085,-33.85873],[150.58805,-33.84492],[150.64304,-33.77976],[150.65898,-33.68548]]]}},{"type":"Feature","properties":{"id":"boddington","name":"Boddington","level":2,"centroid":[116.4188,-32.7919],"bbox":[116.1782,-33.0858,116.6595,-32.4981]},"geometry":{"type":"Polygon","coordinates":[[[116.25969,-32.49809],[116.25969,-32.61564],[116.26424,-32.6124],[116.26452,-32.67507],[116.20636,-32.67519],[116.20599,-32.75542],[116.22599,-32.75589],[116.22585,-32.79186],[116.18759,-32.78173],[116.18753,-32.8032],[116.17823,-32.80323],[116.17996,-32.9431],[116.18507,-32.94423],[116.17876,-32.95038],[116.18709,-32.95969],[116.18979,-32.97217],[116.19415,-32.96598],[116.19966,-32.96706],[116.20887,-32.98419],[116.2089,-33.03036],[116.28446,-33.03025],[116.28447,-33.01178],[116.35431,-33.01178],[116.35431,-32.99458],[116.40942,-32.99456],[116.40946,-33.08581],[116.46905,-33.08581],[116.46905,-33.06202],[116.51214,-33.06202],[116.51214,-33.07251],[116.52319,-33.07276],[116.5232,-33.0772],[116.5284,-33.07826],[116.53993,-33.07808],[116.54058,-33.05799],[116.56793,-33.06114],[116.56735,-33.03828],[116.57347,-33.03143],[116.57321,-33.02195],[116.57879,-33.02184],[116.57836,-33.00855],[116.6035,-33.00853],[116.60341,-32.98173],[116.61744,-32.98172],[116.61751,-32.90775],[116.65003,-32.90779],[116.65013,-32.84692],[116.65856,-32.84692],[116.65945,-32.81588],[116.65292,-32.79271],[116.65432,-32.78177],[116.64537,-32.78198],[116.62561,-32.77137],[116.60533,-32.76937],[116.59855,-32.77404],[116.59066,-32.77174],[116.57565,-32.75123],[116.56914,-32.73361],[116.52245,-32.69099],[116.52101,-32.68218],[116.51018,-32.66368],[116.47663,-32.62817],[116.4402,-32.57417],[116.39158,-32.52516],[116.35961,-32.49808],[116.25969,-32.49809]]]}},{"type":"Feature","properties":{"id":"bogan","name":"Bogan","level":2,"centroid":[146.9062,-31.5702],"bbox":[146.2851,-32.4475,147.5272,-30.693]},"geometry":{"type":"Polygon","coordinates":[[[146.34551,-30.85308],[146.43783,-30.96051],[146.28511,-31.03176],[146.36357,-31.12235],[146.31471,-31.15204],[146.36594,-31.22932],[146.46655,-31.17992],[146.54826,-31.30215],[146.31965,-31.57258],[146.50428,-32.29755],[146.52804,-32.36839],[146.67594,-32.33299],[146.72079,-32.39546],[146.807,-32.44747],[146.86996,-32.40563],[146.76659,-32.29018],[146.89785,-32.20476],[146.99652,-32.31688],[147.00121,-32.28754],[147.04491,-32.29301],[147.14327,-32.22783],[147.07091,-32.15084],[147.19424,-32.06822],[147.19843,-32.11029],[147.26593,-32.06642],[147.2929,-31.99521],[147.32868,-31.99482],[147.38825,-31.95053],[147.36939,-31.93111],[147.48329,-31.86515],[147.44015,-31.82111],[147.42026,-31.84763],[147.34108,-31.81036],[147.43358,-31.58598],[147.482,-31.52225],[147.45947,-31.49552],[147.52723,-31.45141],[147.46016,-31.35694],[147.51715,-31.33495],[147.41904,-31.24401],[147.37401,-31.16153],[147.29938,-31.1924],[147.30247,-31.1708],[147.19739,-31.07806],[147.26749,-31.03307],[147.15763,-30.90249],[147.15805,-30.81995],[147.05377,-30.85352],[147.06639,-30.80888],[147.04781,-30.76484],[147.00604,-30.7411],[147.00804,-30.71531],[146.90285,-30.7376],[146.9527,-30.79237],[146.62558,-30.83648],[146.66205,-30.89153],[146.60778,-30.90196],[146.43163,-30.69301],[146.31951,-30.71375],[146.4057,-30.80213],[146.34551,-30.85308]]]}},{"type":"Feature","properties":{"id":"boroondara","name":"Boroondara","level":2,"centroid":[145.0531,-37.8264],"bbox":[144.9994,-37.8759,145.1067,-37.7769]},"geometry":{"type":"Polygon","coordinates":[[[145.0402,-37.78421],[145.04529,-37.78419],[145.04313,-37.78695],[145.04126,-37.78609],[145.04043,-37.78975],[145.0319,-37.78992],[145.0282,-37.78689],[145.01318,-37.78565],[145.0196,-37.79229],[145.01414,-37.7921],[145.01386,-37.79359],[145.02087,-37.7984],[145.01852,-37.80023],[145.02108,-37.80285],[145.01636,-37.80294],[145.01236,-37.79912],[145.00699,-37.8009],[145.0067,-37.79877],[145.00964,-37.79653],[145.00484,-37.79809],[145.00286,-37.79577],[144.99939,-37.79765],[145.00767,-37.80389],[144.99938,-37.80564],[145.00854,-37.80758],[145.00953,-37.81046],[145.01574,-37.81061],[145.0144,-37.81631],[145.01656,-37.8251],[145.02183,-37.82541],[145.02831,-37.83098],[145.02462,-37.83449],[145.02792,-37.83759],[145.03873,-37.83883],[145.04227,-37.84729],[145.05974,-37.8547],[145.05996,-37.85821],[145.06284,-37.85985],[145.06177,-37.86554],[145.06583,-37.86801],[145.069,-37.87425],[145.07498,-37.87592],[145.08081,-37.87295],[145.09217,-37.87187],[145.09993,-37.82623],[145.0988,-37.82443],[145.10489,-37.80316],[145.10346,-37.79754],[145.10673,-37.79215],[145.09748,-37.78017],[145.08146,-37.77917],[145.07833,-37.77685],[145.07445,-37.77971],[145.06712,-37.78092],[145.06688,-37.78369],[145.06057,-37.77995],[145.05551,-37.78249],[145.05446,-37.7812],[145.05339,-37.78383],[145.05576,-37.78397],[145.05475,-37.78506],[145.04759,-37.77984],[145.04371,-37.78029],[145.0402,-37.78421]]]}},{"type":"Feature","properties":{"id":"boulia","name":"Boulia","level":2,"centroid":[139.6253,-22.2791],"bbox":[137.9971,-23.6936,141.2535,-20.8645]},"geometry":{"type":"Polygon","coordinates":[[[137.99761,-21.92923],[137.99857,-23.5209],[138.4644,-23.55504],[138.59206,-23.46252],[138.66878,-23.54007],[138.82557,-23.54561],[139.07636,-23.3068],[139.12271,-23.35206],[139.17488,-23.30996],[139.339,-23.47386],[139.29543,-23.50997],[139.47577,-23.52077],[139.46374,-23.67128],[139.89262,-23.69363],[139.86255,-23.62966],[139.93624,-23.57708],[139.93793,-23.48722],[140.35558,-23.52576],[140.34192,-23.41825],[140.41324,-23.3462],[140.66265,-23.15664],[140.75963,-23.22314],[141.04636,-22.94764],[140.98507,-22.89626],[141.12226,-22.80448],[141.09086,-22.61822],[141.19893,-22.59755],[141.07973,-22.46563],[141.25349,-22.32135],[141.18286,-22.24961],[140.92519,-22.23488],[140.92885,-22.18166],[140.84763,-22.16107],[140.70725,-22.33502],[140.53147,-22.13545],[140.37022,-22.29029],[140.36703,-22.37414],[140.0412,-22.32685],[140.06236,-22.25461],[139.88507,-22.24285],[139.84157,-22.17114],[139.75793,-22.16281],[139.75034,-22.22866],[139.62793,-22.22054],[139.62302,-22.29072],[139.38932,-22.23387],[139.49454,-22.14467],[139.31758,-21.98643],[139.35262,-21.95826],[139.2679,-21.8721],[139.32302,-21.72608],[139.23264,-21.63269],[139.23675,-21.50235],[139.37406,-21.39424],[139.37715,-21.27236],[139.53565,-21.27589],[139.55327,-20.90098],[139.39551,-20.89291],[139.39665,-20.96771],[139.12892,-20.9602],[139.04098,-20.86449],[138.53005,-21.31497],[138.36422,-21.1767],[138.41961,-21.12929],[138.31558,-21.02107],[138.34239,-20.99836],[138.17809,-20.99827],[138.15982,-21.20363],[137.99708,-21.19426],[137.99761,-21.92923]]]}},{"type":"Feature","properties":{"id":"bourke","name":"Bourke","level":2,"centroid":[145.3617,-29.9961],"bbox":[144.0657,-30.9931,146.6577,-28.9991]},"geometry":{"type":"Polygon","coordinates":[[[146.43163,-30.69301],[146.4615,-30.6874],[146.37778,-30.4156],[146.40458,-30.4187],[146.41688,-30.35623],[146.35469,-30.34955],[146.42704,-30.18143],[146.36604,-30.13876],[146.45704,-30.00758],[146.45256,-29.83393],[146.65772,-29.67881],[146.62826,-29.62364],[146.58248,-29.64878],[146.46382,-29.53538],[146.52316,-29.38118],[146.42053,-29.38153],[146.42008,-29.23615],[146.35075,-29.23601],[146.37539,-28.99906],[144.38081,-29.01235],[144.36002,-29.09074],[144.44147,-29.10429],[144.4808,-29.16858],[144.40565,-29.30958],[144.41262,-29.43034],[144.13754,-29.68761],[144.11081,-29.81657],[144.14451,-29.88474],[144.13276,-29.98588],[144.06568,-30.06257],[144.2344,-30.07984],[144.20984,-30.23976],[144.34523,-30.25385],[144.18757,-30.3607],[144.66138,-30.89493],[144.69942,-30.86793],[144.81429,-30.99306],[144.97995,-30.89401],[145.00958,-30.9261],[145.12595,-30.89124],[145.06327,-30.79861],[145.22856,-30.73161],[145.24549,-30.76474],[145.38418,-30.69686],[145.5646,-30.97991],[145.6076,-30.9589],[145.57586,-30.91074],[145.66327,-30.86412],[145.66077,-30.83085],[145.73439,-30.7955],[145.77914,-30.86238],[145.92093,-30.79409],[145.88815,-30.7421],[145.96887,-30.71213],[145.99229,-30.74784],[146.125,-30.65603],[146.23228,-30.82733],[146.30206,-30.79084],[146.34551,-30.85308],[146.4057,-30.80213],[146.31951,-30.71375],[146.43163,-30.69301]]]}},{"type":"Feature","properties":{"id":"boyup-brook","name":"Boyup Brook","level":2,"centroid":[116.5192,-33.8855],"bbox":[116.1962,-34.2576,116.8422,-33.5135]},"geometry":{"type":"Polygon","coordinates":[[[116.19625,-33.78075],[116.19776,-33.84422],[116.21333,-33.84694],[116.20381,-33.88215],[116.26675,-33.87381],[116.28461,-33.89614],[116.32146,-33.8979],[116.33607,-33.94738],[116.366,-33.96447],[116.37677,-34.0052],[116.3611,-34.0133],[116.35644,-34.05459],[116.40576,-34.05644],[116.40538,-34.07509],[116.49864,-34.07743],[116.50292,-34.12173],[116.4643,-34.12173],[116.4643,-34.15193],[116.52323,-34.15546],[116.5309,-34.18895],[116.50579,-34.20954],[116.51419,-34.22614],[116.65854,-34.22059],[116.66724,-34.25758],[116.84074,-34.25129],[116.84223,-34.14047],[116.79371,-34.1221],[116.80631,-34.11153],[116.77961,-34.11153],[116.78225,-34.05151],[116.75975,-34.05156],[116.74498,-34.01498],[116.74852,-33.97864],[116.72958,-33.98083],[116.71996,-33.96055],[116.71997,-33.94947],[116.74756,-33.94941],[116.77634,-33.92239],[116.78255,-33.76507],[116.77264,-33.7371],[116.78828,-33.72404],[116.73568,-33.68214],[116.65358,-33.69999],[116.61028,-33.67842],[116.61429,-33.66847],[116.6023,-33.67839],[116.57929,-33.66411],[116.53261,-33.67321],[116.53261,-33.65919],[116.48477,-33.66661],[116.47306,-33.62384],[116.43885,-33.6219],[116.42932,-33.60255],[116.41187,-33.60545],[116.40579,-33.58347],[116.31151,-33.5691],[116.29916,-33.55246],[116.19685,-33.51348],[116.20111,-33.66984],[116.21546,-33.66977],[116.21581,-33.70141],[116.23978,-33.70749],[116.21845,-33.73506],[116.21797,-33.77109],[116.19615,-33.77111],[116.19625,-33.78075]]]}},{"type":"Feature","properties":{"id":"break-o-day","name":"Break O'Day","level":2,"centroid":[147.9748,-41.3932],"bbox":[147.5906,-41.8822,148.3589,-40.9042]},"geometry":{"type":"Polygon","coordinates":[[[148.25786,-40.90416],[148.21092,-40.93724],[148.08742,-40.93609],[148.0821,-41.06024],[148.06224,-41.08705],[148.0823,-41.13213],[147.88953,-41.16494],[147.83397,-41.37241],[147.59058,-41.38084],[147.64246,-41.48481],[147.71368,-41.54876],[147.75332,-41.5542],[147.78948,-41.60769],[147.79334,-41.65044],[147.75775,-41.65728],[147.79433,-41.71933],[147.76367,-41.74118],[147.78338,-41.76099],[147.80651,-41.75181],[147.82647,-41.77745],[147.92011,-41.80276],[147.92102,-41.76068],[148.02526,-41.77838],[148.05033,-41.73771],[148.12072,-41.74937],[148.14329,-41.85768],[148.18103,-41.8822],[148.18848,-41.85303],[148.26583,-41.81716],[148.30477,-41.74816],[148.28419,-41.71849],[148.32079,-41.61111],[148.24928,-41.48601],[148.271,-41.50241],[148.26704,-41.46292],[148.19789,-41.44234],[148.22763,-41.4316],[148.23292,-41.46039],[148.26723,-41.46169],[148.29569,-41.37184],[148.27913,-41.37172],[148.35895,-41.28146],[148.33201,-41.27648],[148.27158,-41.33956],[148.23574,-41.32267],[148.277,-41.31519],[148.28161,-41.27654],[148.30778,-41.30221],[148.33883,-41.2574],[148.28762,-41.25692],[148.30385,-41.25146],[148.26201,-41.20332],[148.27195,-41.1806],[148.25287,-41.19093],[148.2849,-41.16859],[148.26952,-41.12601],[148.29816,-41.06382],[148.2495,-41.05108],[148.29387,-41.02894],[148.29683,-41.06193],[148.30158,-41.02919],[148.34968,-40.99332],[148.25786,-40.90416]]]}},{"type":"Feature","properties":{"id":"brewarrina","name":"Brewarrina","level":2,"centroid":[147.1481,-29.9505],"bbox":[146.3508,-30.902,147.9455,-28.9991]},"geometry":{"type":"Polygon","coordinates":[[[147.15805,-30.81995],[147.24066,-30.82885],[147.25576,-30.80396],[147.24635,-30.74965],[147.20352,-30.71826],[147.22297,-30.69395],[147.20717,-30.61522],[147.11908,-30.6014],[147.0996,-30.53361],[147.18844,-30.53959],[147.16506,-30.42178],[147.2124,-30.25675],[147.24195,-30.23262],[147.23774,-30.14579],[147.30692,-30.11552],[147.37628,-30.14277],[147.41748,-30.12586],[147.38914,-30.10651],[147.41112,-29.9747],[147.47573,-29.98157],[147.49123,-29.90391],[147.49391,-29.85316],[147.4138,-29.83419],[147.38079,-29.78256],[147.42731,-29.7631],[147.41058,-29.72545],[147.34625,-29.68407],[147.43581,-29.52889],[147.55089,-29.43919],[147.5773,-29.37547],[147.6768,-29.34449],[147.7228,-29.2828],[147.77183,-29.28938],[147.81498,-29.24474],[147.85143,-29.14882],[147.91975,-29.11507],[147.9455,-28.99913],[146.37539,-28.99906],[146.35075,-29.23601],[146.42008,-29.23615],[146.42053,-29.38153],[146.52316,-29.38118],[146.46382,-29.53538],[146.58248,-29.64878],[146.62826,-29.62364],[146.65772,-29.67881],[146.45256,-29.83393],[146.45704,-30.00758],[146.36604,-30.13876],[146.42704,-30.18143],[146.35469,-30.34955],[146.41688,-30.35623],[146.40458,-30.4187],[146.37778,-30.4156],[146.4615,-30.6874],[146.43163,-30.69301],[146.60778,-30.90196],[146.66205,-30.89153],[146.62558,-30.83648],[146.9527,-30.79237],[146.90285,-30.7376],[146.99901,-30.71607],[147.05578,-30.7773],[147.05377,-30.85352],[147.15805,-30.81995]]]}},{"type":"Feature","properties":{"id":"bridgetown-greenbushes","name":"Bridgetown-Greenbushes","level":2,"centroid":[116.2244,-33.9912],"bbox":[115.9458,-34.2018,116.5029,-33.7806]},"geometry":{"type":"Polygon","coordinates":[[[116.19625,-33.78075],[116.10027,-33.78058],[116.09995,-33.79027],[116.0829,-33.80116],[115.99782,-33.80493],[116.00515,-33.84],[116.00193,-33.89503],[115.99827,-33.90273],[115.97039,-33.90672],[115.97625,-33.91684],[115.96717,-33.91679],[115.98266,-33.93416],[115.99416,-33.93424],[115.99428,-33.94382],[115.97792,-33.94382],[115.97792,-33.9576],[115.96344,-33.95759],[115.96344,-33.96398],[115.94584,-33.96397],[115.9458,-33.99762],[115.97972,-33.99765],[115.97978,-34.08564],[116.01102,-34.08586],[116.01079,-34.13582],[116.2463,-34.13157],[116.25038,-34.14583],[116.26883,-34.14925],[116.26886,-34.16376],[116.25304,-34.16378],[116.25304,-34.17473],[116.3139,-34.177],[116.32147,-34.20177],[116.41915,-34.20178],[116.41914,-34.15991],[116.48434,-34.16045],[116.48479,-34.15193],[116.4643,-34.15193],[116.4643,-34.12173],[116.50292,-34.12173],[116.49864,-34.07743],[116.40538,-34.07509],[116.40576,-34.05644],[116.35644,-34.05459],[116.36395,-34.03376],[116.3611,-34.0133],[116.37677,-34.0052],[116.37676,-33.9883],[116.36612,-33.9883],[116.366,-33.96447],[116.33607,-33.94738],[116.3361,-33.92528],[116.32146,-33.92529],[116.32146,-33.8979],[116.28461,-33.89614],[116.26678,-33.88636],[116.26675,-33.87381],[116.20381,-33.88215],[116.21333,-33.84694],[116.19776,-33.84422],[116.19625,-33.78075]]]}},{"type":"Feature","properties":{"id":"brighton","name":"Brighton","level":2,"centroid":[147.2419,-42.7267],"bbox":[147.0917,-42.7981,147.3922,-42.6554]},"geometry":{"type":"Polygon","coordinates":[[[147.38562,-42.68441],[147.37164,-42.68266],[147.37335,-42.67549],[147.35553,-42.68057],[147.34813,-42.67532],[147.33881,-42.67729],[147.34072,-42.67277],[147.32125,-42.6704],[147.32353,-42.66266],[147.31793,-42.66186],[147.31904,-42.65768],[147.31452,-42.66727],[147.30331,-42.65536],[147.28001,-42.6685],[147.27262,-42.67785],[147.24991,-42.68293],[147.21744,-42.67692],[147.20616,-42.68777],[147.18902,-42.6949],[147.09169,-42.72125],[147.11554,-42.73657],[147.11213,-42.75125],[147.11809,-42.75757],[147.12388,-42.75476],[147.13204,-42.76981],[147.14112,-42.76605],[147.15001,-42.75179],[147.1759,-42.74104],[147.18598,-42.7409],[147.17911,-42.73983],[147.18578,-42.73705],[147.18398,-42.73228],[147.199,-42.72531],[147.2146,-42.73699],[147.24778,-42.7465],[147.25692,-42.75694],[147.25223,-42.7512],[147.25872,-42.74068],[147.26468,-42.73898],[147.26064,-42.7347],[147.2626,-42.73019],[147.26127,-42.73491],[147.26559,-42.73894],[147.25938,-42.74129],[147.25609,-42.74862],[147.26669,-42.75564],[147.26053,-42.76528],[147.26468,-42.77849],[147.27674,-42.78235],[147.28416,-42.77774],[147.29513,-42.79433],[147.30734,-42.79807],[147.30716,-42.78603],[147.32619,-42.78046],[147.32443,-42.76341],[147.31889,-42.76322],[147.32966,-42.73366],[147.34521,-42.74453],[147.36691,-42.7315],[147.36562,-42.72864],[147.39217,-42.70864],[147.38562,-42.68441]]]}},{"type":"Feature","properties":{"id":"brimbank","name":"Brimbank","level":2,"centroid":[144.8164,-37.7429],"bbox":[144.7444,-37.8228,144.8885,-37.6629]},"geometry":{"type":"Polygon","coordinates":[[[144.88623,-37.70774],[144.86075,-37.7058],[144.85943,-37.71241],[144.83812,-37.70932],[144.83818,-37.70556],[144.83505,-37.70325],[144.83086,-37.70557],[144.83188,-37.70686],[144.82881,-37.70684],[144.82486,-37.70256],[144.82817,-37.70075],[144.82466,-37.69824],[144.81853,-37.70007],[144.80974,-37.69808],[144.81125,-37.69558],[144.8206,-37.69235],[144.81879,-37.68714],[144.82049,-37.68432],[144.81869,-37.6824],[144.81208,-37.68162],[144.80632,-37.68311],[144.80564,-37.6776],[144.80336,-37.67587],[144.80476,-37.6695],[144.8017,-37.67136],[144.80114,-37.67553],[144.79782,-37.67165],[144.79194,-37.67537],[144.78188,-37.67499],[144.77699,-37.67679],[144.77426,-37.6707],[144.76844,-37.66837],[144.77205,-37.66399],[144.76472,-37.66575],[144.75855,-37.6629],[144.74442,-37.66306],[144.75836,-37.68092],[144.75199,-37.70564],[144.76816,-37.70972],[144.76403,-37.72564],[144.76289,-37.73982],[144.75914,-37.74769],[144.75724,-37.7482],[144.75643,-37.75427],[144.75827,-37.75541],[144.75098,-37.81045],[144.82659,-37.81686],[144.8252,-37.81901],[144.82742,-37.82282],[144.85588,-37.81487],[144.83923,-37.79692],[144.84252,-37.7973],[144.8448,-37.79354],[144.84822,-37.7731],[144.85075,-37.77342],[144.85122,-37.76844],[144.8542,-37.76496],[144.8538,-37.76235],[144.84836,-37.75989],[144.8496,-37.75459],[144.84614,-37.74734],[144.87039,-37.72131],[144.88847,-37.71077],[144.88623,-37.70774]]]}},{"type":"Feature","properties":{"id":"brisbane","name":"Brisbane","level":2,"centroid":[153.0763,-27.3422],"bbox":[152.6842,-27.6558,153.4685,-27.0285]},"geometry":{"type":"MultiPolygon","coordinates":[[[[153.23548,-27.33754],[153.27101,-27.33805],[153.24762,-27.32071],[153.23548,-27.33754]]],[[[153.22243,-27.39012],[153.2385,-27.40237],[153.23904,-27.37344],[153.22243,-27.39012]]],[[[153.36831,-27.15458],[153.42835,-27.3636],[153.41967,-27.20356],[153.46849,-27.02847],[153.36177,-27.06027],[153.36831,-27.15458]]],[[[153.06622,-27.28126],[152.99727,-27.30206],[152.97701,-27.40077],[152.94941,-27.40873],[152.91695,-27.39417],[152.84932,-27.42194],[152.77547,-27.40164],[152.74851,-27.31874],[152.68419,-27.34878],[152.68641,-27.3732],[152.7239,-27.35396],[152.74723,-27.40707],[152.73017,-27.49561],[152.76304,-27.52203],[152.74127,-27.56501],[152.82012,-27.55593],[152.84173,-27.53086],[152.85696,-27.59691],[152.87423,-27.57914],[152.90599,-27.60125],[152.90415,-27.54448],[152.93857,-27.52535],[152.97333,-27.54269],[152.96849,-27.50672],[153.00894,-27.52054],[153.01925,-27.49685],[152.99506,-27.48555],[153.05278,-27.47168],[153.04751,-27.44152],[153.14065,-27.41755],[153.15635,-27.36368],[153.08287,-27.33373],[153.06622,-27.28126]]],[[[153.19713,-27.47412],[153.16541,-27.39886],[153.18885,-27.34545],[153.14002,-27.42346],[153.0046,-27.47672],[153.0096,-27.52301],[152.9725,-27.50595],[152.97415,-27.54463],[152.94061,-27.52811],[152.90429,-27.54493],[152.90098,-27.60313],[153.00362,-27.65583],[153.09546,-27.64514],[153.10584,-27.59317],[153.1785,-27.60552],[153.19713,-27.47412]]]]}},{"type":"Feature","properties":{"id":"broken-hill","name":"Broken Hill","level":2,"centroid":[141.4794,-31.9515],"bbox":[141.3928,-32.0191,141.566,-31.8838]},"geometry":{"type":"Polygon","coordinates":[[[141.41403,-31.93875],[141.41408,-31.93916],[141.41381,-31.94619],[141.41301,-31.97199],[141.41041,-31.97301],[141.40797,-31.97373],[141.40371,-31.97469],[141.39283,-31.97979],[141.40144,-31.98952],[141.40165,-31.98982],[141.40194,-31.99009],[141.40667,-31.99621],[141.41209,-32.00255],[141.44001,-32.00256],[141.46302,-32.00251],[141.46359,-32.00332],[141.46395,-32.00446],[141.46356,-32.00443],[141.45855,-32.00762],[141.45783,-32.00912],[141.45977,-32.01154],[141.46489,-32.00914],[141.46754,-32.00915],[141.46832,-32.00909],[141.47843,-32.01913],[141.48149,-32.01686],[141.47349,-32.00904],[141.47979,-32.00898],[141.4815,-32.00489],[141.48304,-32.00248],[141.54256,-32.00239],[141.54245,-31.99234],[141.54252,-31.9803],[141.54251,-31.97623],[141.54256,-31.96842],[141.54282,-31.94614],[141.54386,-31.93971],[141.54546,-31.92476],[141.54816,-31.92498],[141.54924,-31.91403],[141.54683,-31.91379],[141.54593,-31.91364],[141.55826,-31.90921],[141.55955,-31.90878],[141.56019,-31.90861],[141.56089,-31.90847],[141.56335,-31.90817],[141.56599,-31.9076],[141.56476,-31.90736],[141.55629,-31.90284],[141.56348,-31.88496],[141.55855,-31.88378],[141.52385,-31.88461],[141.50927,-31.88501],[141.45499,-31.88589],[141.41268,-31.88642],[141.41269,-31.88675],[141.41304,-31.88675],[141.41318,-31.89537],[141.41326,-31.89538],[141.4136,-31.92317],[141.4139,-31.93732],[141.41404,-31.93846],[141.41403,-31.93875]]]}},{"type":"Feature","properties":{"id":"brookton","name":"Brookton","level":2,"centroid":[116.9999,-32.3553],"bbox":[116.5344,-32.4925,117.4655,-32.2181]},"geometry":{"type":"Polygon","coordinates":[[[116.53439,-32.35764],[116.53494,-32.48672],[116.77042,-32.48313],[116.7761,-32.49251],[116.82316,-32.48857],[116.81966,-32.48087],[116.83339,-32.48088],[116.8417,-32.45306],[116.86732,-32.45018],[116.92232,-32.45454],[116.92233,-32.46727],[116.9322,-32.46727],[116.93219,-32.45557],[116.98536,-32.45034],[116.98865,-32.46201],[117.04741,-32.46171],[117.13051,-32.43019],[117.13701,-32.44459],[117.20059,-32.40302],[117.20598,-32.41123],[117.2632,-32.40402],[117.27903,-32.41173],[117.29734,-32.40683],[117.29737,-32.40099],[117.31822,-32.41028],[117.34889,-32.40402],[117.34887,-32.41387],[117.40482,-32.41383],[117.41667,-32.40978],[117.41657,-32.40209],[117.42957,-32.402],[117.46551,-32.41148],[117.46533,-32.38314],[117.43094,-32.38586],[117.43087,-32.33425],[117.41664,-32.31156],[117.42115,-32.26943],[117.41192,-32.22125],[117.39527,-32.21812],[117.37177,-32.22815],[117.3163,-32.22067],[117.31034,-32.23317],[117.23963,-32.2283],[117.23569,-32.24222],[117.2026,-32.23613],[117.19203,-32.24546],[117.19102,-32.25763],[117.09986,-32.26755],[117.09546,-32.25982],[117.06896,-32.27],[117.06306,-32.25972],[117.01424,-32.27274],[117.01002,-32.25725],[116.83395,-32.2582],[116.83385,-32.27291],[116.81512,-32.28716],[116.81878,-32.29372],[116.77836,-32.31835],[116.78392,-32.33331],[116.75981,-32.33332],[116.75981,-32.33876],[116.72462,-32.34836],[116.68106,-32.34679],[116.66605,-32.35658],[116.61531,-32.34848],[116.61511,-32.35755],[116.53439,-32.35764]]]}},{"type":"Feature","properties":{"id":"broome","name":"Broome","level":2,"centroid":[121.815,-18.2146],"bbox":[120.0641,-20.07,123.566,-16.3592]},"geometry":{"type":"Polygon","coordinates":[[[123.37931,-17.23411],[123.23554,-16.97073],[123.14911,-16.9247],[123.17777,-16.85772],[123.10254,-16.7837],[123.13884,-16.68846],[123.05062,-16.69077],[122.95443,-16.58013],[123.00803,-16.52842],[122.98299,-16.46512],[123.07669,-16.44033],[123.01476,-16.40576],[123.0389,-16.3592],[122.9253,-16.38944],[122.88423,-16.53024],[122.81012,-16.54529],[122.74181,-16.68339],[122.84558,-16.79202],[122.57944,-16.76212],[122.53381,-16.83693],[122.61217,-16.96524],[122.50796,-16.95435],[122.48023,-16.89457],[122.48106,-16.98133],[122.43104,-16.98337],[122.46966,-16.93628],[122.36636,-16.99763],[122.2532,-17.11984],[122.31899,-17.15894],[122.25162,-17.15759],[122.17322,-17.26358],[122.17534,-17.97399],[122.37808,-17.9898],[122.36255,-18.12832],[121.94668,-18.43925],[121.81522,-18.45112],[121.72939,-18.57566],[121.79247,-18.65818],[121.61815,-18.7063],[121.65491,-18.8151],[121.60034,-18.94034],[121.21014,-19.46629],[120.63101,-19.77003],[120.06413,-19.92558],[120.06414,-20.07],[120.66688,-20.07],[120.68482,-19.87502],[121.11394,-19.90663],[121.11394,-19.79466],[121.42315,-19.79439],[121.5029,-19.85291],[121.69686,-19.85284],[121.69687,-19.79047],[123.56597,-19.79411],[123.55031,-18.75418],[123.40426,-18.75412],[123.40426,-18.66325],[123.52521,-18.66327],[123.51109,-18.49818],[123.34634,-18.49818],[123.34861,-18.27219],[123.14863,-18.2722],[123.14831,-17.81507],[122.99621,-17.81523],[122.99609,-17.53726],[123.16525,-17.53725],[123.11415,-17.36596],[123.02898,-17.36597],[123.02897,-17.23307],[123.37931,-17.23411]]]}},{"type":"Feature","properties":{"id":"broomehill-tambellup","name":"Broomehill-Tambellup","level":2,"centroid":[117.6528,-34.0132],"bbox":[117.3168,-34.2579,117.9888,-33.7686]},"geometry":{"type":"Polygon","coordinates":[[[117.33156,-33.7825],[117.3269,-33.81056],[117.33854,-33.81058],[117.33855,-33.81955],[117.32389,-33.81955],[117.32674,-33.87742],[117.31694,-33.87741],[117.31683,-33.8939],[117.32656,-33.89394],[117.32654,-33.92029],[117.34135,-33.92524],[117.34353,-33.94953],[117.35724,-33.94922],[117.33461,-33.97631],[117.35955,-33.98324],[117.3451,-33.98325],[117.3451,-34.02332],[117.32875,-34.03101],[117.35736,-34.03672],[117.34133,-34.05668],[117.33919,-34.09152],[117.36535,-34.11035],[117.37393,-34.13429],[117.42731,-34.12468],[117.43764,-34.14962],[117.50694,-34.14884],[117.50695,-34.17325],[117.57041,-34.16769],[117.57855,-34.18086],[117.6136,-34.18542],[117.61333,-34.19447],[117.62369,-34.19447],[117.62369,-34.18303],[117.67088,-34.18264],[117.6741,-34.20082],[117.64352,-34.24735],[117.66463,-34.25753],[117.73872,-34.2575],[117.74611,-34.23999],[117.74559,-34.25646],[117.84009,-34.24962],[117.84009,-34.25787],[117.98884,-34.25782],[117.98854,-34.05147],[117.97684,-34.04607],[117.9776,-34.02766],[117.91654,-34.02345],[117.91631,-34.00859],[117.90079,-34.01596],[117.90208,-33.96902],[117.8738,-33.95994],[117.85801,-33.93648],[117.85433,-33.8915],[117.91095,-33.88077],[117.90835,-33.809],[117.89441,-33.809],[117.90834,-33.80627],[117.90824,-33.77667],[117.5763,-33.76861],[117.5763,-33.77671],[117.54001,-33.77777],[117.53967,-33.78735],[117.46111,-33.78717],[117.46111,-33.77183],[117.43849,-33.77128],[117.39988,-33.77436],[117.39989,-33.78437],[117.33156,-33.7825]]]}},{"type":"Feature","properties":{"id":"bruce-rock","name":"Bruce Rock","level":2,"centroid":[118.0239,-31.9665],"bbox":[117.6692,-32.2366,118.3785,-31.6964]},"geometry":{"type":"Polygon","coordinates":[[[117.67811,-31.82235],[117.67326,-31.9499],[117.68635,-31.94991],[117.69559,-31.98952],[117.70417,-31.98952],[117.70419,-32.00422],[117.69779,-32.00422],[117.69983,-32.0664],[117.70906,-32.0664],[117.70907,-32.07501],[117.70204,-32.09475],[117.67956,-32.09475],[117.67631,-32.10604],[117.66923,-32.10605],[117.67529,-32.14388],[117.68385,-32.14386],[117.67541,-32.1621],[117.79367,-32.15996],[117.79367,-32.16963],[117.80585,-32.16965],[117.8058,-32.14965],[117.83484,-32.14961],[117.98137,-32.16514],[117.99184,-32.17368],[118.01689,-32.17359],[118.01703,-32.19202],[118.09021,-32.19583],[118.07799,-32.22818],[118.18964,-32.23655],[118.18957,-32.23085],[118.20829,-32.23079],[118.20667,-32.09934],[118.21655,-32.09932],[118.21668,-32.08935],[118.22742,-32.08927],[118.22751,-32.08156],[118.24483,-32.08138],[118.24467,-32.06385],[118.26816,-32.06358],[118.26356,-32.02378],[118.2939,-32.02376],[118.29379,-31.98386],[118.31821,-31.98386],[118.31712,-31.87374],[118.34437,-31.87367],[118.3444,-31.8537],[118.36999,-31.85363],[118.37002,-31.80219],[118.37848,-31.80216],[118.37815,-31.69649],[118.23561,-31.69643],[118.16651,-31.71019],[118.16453,-31.70317],[118.10422,-31.71994],[118.02721,-31.71479],[118.01929,-31.70051],[117.99857,-31.69751],[117.9815,-31.70084],[117.98158,-31.70873],[117.99195,-31.70865],[117.99208,-31.82868],[117.87924,-31.82857],[117.87886,-31.81154],[117.79393,-31.81139],[117.74899,-31.8204],[117.72294,-31.80994],[117.67811,-31.82235]]]}},{"type":"Feature","properties":{"id":"bulloo","name":"Bulloo","level":2,"centroid":[142.9146,-27.8308],"bbox":[140.9993,-28.9991,144.8299,-26.6625]},"geometry":{"type":"Polygon","coordinates":[[[144.48036,-28.99908],[144.46314,-28.94788],[144.49446,-28.9306],[144.58118,-28.90979],[144.58679,-28.8624],[144.6228,-28.82071],[144.69119,-28.79077],[144.61179,-28.73975],[144.63292,-28.7219],[144.6411,-28.72305],[144.66859,-28.58072],[144.59585,-28.56747],[144.62789,-28.42501],[144.63602,-28.42089],[144.64422,-28.35543],[144.56306,-28.34661],[144.57355,-28.26946],[144.58636,-28.27083],[144.58739,-28.26367],[144.81877,-28.29024],[144.82989,-28.21686],[144.77504,-28.21124],[144.77983,-28.17364],[144.63511,-28.15981],[144.64932,-28.05592],[144.59176,-28.04993],[144.60122,-27.97404],[144.42052,-27.95565],[144.42252,-27.93972],[144.29231,-27.92613],[144.30664,-27.89891],[144.30597,-27.8813],[144.31733,-27.86718],[144.31213,-27.8645],[144.31664,-27.84613],[144.29581,-27.84391],[144.32181,-27.65179],[143.96835,-27.62685],[143.83568,-27.45588],[143.71931,-27.36869],[143.7203,-27.39841],[143.58045,-27.37977],[143.58665,-27.3233],[143.51487,-27.31636],[143.51744,-27.29533],[143.39407,-27.28295],[143.38736,-27.29555],[143.32052,-27.28932],[143.32194,-27.27568],[142.86597,-27.23381],[142.88802,-27.11689],[142.85541,-27.11367],[142.42202,-26.79022],[142.36176,-26.78366],[142.25976,-26.79153],[142.25238,-26.78551],[142.05397,-26.765],[141.99729,-26.76614],[141.58388,-26.72186],[141.54346,-26.67655],[141.39613,-26.66247],[141.21889,-26.66315],[141.21446,-26.70382],[141.13374,-26.69635],[141.12291,-26.7751],[140.99944,-26.76177],[140.99927,-28.99909],[144.48036,-28.99908]]]}},{"type":"Feature","properties":{"id":"buloke","name":"Buloke","level":2,"centroid":[143.0523,-35.8471],"bbox":[142.5359,-36.4999,143.5687,-35.1943]},"geometry":{"type":"Polygon","coordinates":[[[142.53585,-35.3029],[142.5433,-35.47577],[142.72247,-35.47527],[142.72176,-35.73598],[142.60113,-35.73641],[142.59757,-35.93202],[142.60425,-36.12045],[142.63158,-36.12527],[142.68087,-36.09632],[142.73178,-36.10335],[142.72785,-36.14778],[142.74755,-36.15385],[142.72211,-36.23943],[142.7221,-36.26229],[142.7431,-36.26458],[142.71924,-36.3072],[142.73164,-36.29857],[142.73182,-36.40522],[142.79871,-36.40808],[142.82298,-36.46249],[143.01984,-36.48272],[143.05744,-36.4682],[143.0449,-36.44316],[143.13312,-36.4494],[143.14739,-36.40974],[143.28562,-36.40667],[143.3152,-36.47693],[143.40679,-36.49993],[143.41217,-36.46765],[143.44508,-36.44603],[143.43887,-36.3684],[143.47851,-36.37612],[143.48214,-36.29504],[143.51396,-36.29507],[143.50804,-36.26497],[143.56874,-36.22223],[143.53172,-36.20333],[143.53666,-36.17403],[143.51355,-36.17326],[143.5116,-36.10133],[143.48221,-36.10169],[143.48169,-35.98314],[143.43242,-35.98345],[143.40587,-36.01833],[143.36545,-35.99203],[143.38477,-35.84313],[143.35839,-35.83992],[143.35037,-35.79261],[143.37243,-35.7541],[143.33636,-35.70901],[143.34284,-35.6821],[143.28818,-35.64698],[143.20027,-35.65456],[143.19814,-35.55154],[143.1371,-35.54526],[143.13134,-35.49093],[142.99729,-35.49096],[143.0033,-35.24936],[142.85638,-35.23113],[142.79378,-35.24753],[142.74808,-35.19925],[142.61186,-35.1943],[142.61593,-35.30388],[142.53585,-35.3029]]]}},{"type":"Feature","properties":{"id":"bunbury","name":"Bunbury","level":2,"centroid":[115.6621,-33.3549],"bbox":[115.6097,-33.4087,115.7146,-33.301]},"geometry":{"type":"Polygon","coordinates":[[[115.67024,-33.30285],[115.66958,-33.304],[115.671,-33.30468],[115.66906,-33.3084],[115.66021,-33.31441],[115.66049,-33.31654],[115.6576,-33.31792],[115.66008,-33.31946],[115.66415,-33.31671],[115.66298,-33.31908],[115.66631,-33.32197],[115.66238,-33.32525],[115.654,-33.31863],[115.64985,-33.31991],[115.64516,-33.31906],[115.64471,-33.31811],[115.644,-33.31932],[115.63981,-33.31872],[115.64023,-33.31488],[115.6446,-33.30838],[115.64774,-33.30629],[115.64432,-33.30826],[115.64259,-33.31134],[115.64075,-33.31003],[115.64208,-33.30742],[115.6468,-33.30458],[115.64616,-33.30097],[115.64501,-33.30476],[115.63766,-33.30911],[115.63583,-33.30875],[115.63593,-33.31159],[115.6301,-33.32284],[115.62805,-33.33144],[115.62287,-33.34107],[115.60973,-33.38125],[115.63008,-33.38724],[115.63059,-33.38577],[115.63602,-33.38535],[115.68548,-33.38632],[115.6881,-33.39279],[115.69664,-33.3985],[115.70306,-33.40874],[115.70305,-33.37184],[115.69126,-33.37183],[115.69024,-33.37037],[115.6924,-33.36814],[115.69437,-33.36007],[115.71457,-33.36005],[115.71456,-33.34459],[115.70951,-33.34624],[115.70914,-33.34549],[115.70833,-33.32837],[115.6985,-33.32838],[115.6969,-33.32695],[115.69482,-33.31501],[115.69739,-33.3097],[115.69552,-33.30898],[115.69272,-33.30509],[115.69131,-33.30422],[115.67662,-33.3043],[115.67482,-33.30303],[115.67024,-33.30285]]]}},{"type":"Feature","properties":{"id":"bundaberg","name":"Bundaberg","level":2,"centroid":[151.9874,-24.9747],"bbox":[151.3418,-25.4313,152.633,-24.5182]},"geometry":{"type":"Polygon","coordinates":[[[152.54794,-25.20484],[152.55545,-25.17166],[152.63304,-25.15177],[152.54623,-25.07384],[152.50753,-25.07752],[152.55069,-25.07368],[152.48608,-24.97054],[152.46818,-24.81607],[152.4128,-24.75769],[152.384,-24.76331],[152.38136,-24.79662],[152.37802,-24.73142],[152.33366,-24.74362],[152.15651,-24.63322],[152.06002,-24.5182],[151.99284,-24.52213],[151.95923,-24.58734],[151.9857,-24.61133],[151.95838,-24.61427],[151.95935,-24.64093],[151.99615,-24.64425],[151.99083,-24.68087],[151.9606,-24.67648],[151.96222,-24.70286],[151.8428,-24.79205],[151.78886,-24.74069],[151.75079,-24.73584],[151.74526,-24.77175],[151.67709,-24.69539],[151.63902,-24.73039],[151.53119,-24.69624],[151.51457,-24.66976],[151.5423,-24.61744],[151.47755,-24.53598],[151.3418,-24.64931],[151.34819,-24.72849],[151.42904,-24.70254],[151.45318,-24.77545],[151.41866,-24.77827],[151.43371,-24.83552],[151.54566,-24.83264],[151.57607,-24.8835],[151.57229,-24.93159],[151.52391,-24.9608],[151.56457,-25.04972],[151.54394,-25.09568],[151.64955,-25.116],[151.65324,-25.09172],[151.74291,-25.07385],[151.82355,-25.18682],[151.8601,-25.14243],[151.91666,-25.14909],[151.93136,-25.17515],[151.87249,-25.27318],[151.89136,-25.28812],[151.86116,-25.30196],[151.88154,-25.36091],[151.91593,-25.35426],[151.96532,-25.28076],[152.02556,-25.27316],[152.07693,-25.32118],[152.16744,-25.33594],[152.18173,-25.37957],[152.27361,-25.43129],[152.40615,-25.33453],[152.45065,-25.22831],[152.54794,-25.20484]]]}},{"type":"Feature","properties":{"id":"burdekin","name":"Burdekin","level":2,"centroid":[147.2724,-19.8504],"bbox":[146.8815,-20.3968,147.6633,-19.304]},"geometry":{"type":"Polygon","coordinates":[[[147.11945,-19.41115],[147.10612,-19.44686],[147.06986,-19.44453],[147.03426,-19.40662],[147.03651,-19.47203],[147.01263,-19.47499],[147.01069,-19.49188],[147.03396,-19.53413],[147.00325,-19.59659],[147.03032,-19.62499],[147.02024,-19.71569],[146.99259,-19.75923],[146.9302,-19.78311],[146.91629,-19.8975],[146.88147,-19.8983],[146.93197,-19.97242],[146.885,-20.03569],[146.90272,-20.06708],[146.93389,-20.07116],[146.97404,-20.12276],[147.01496,-20.14217],[147.00256,-20.19495],[147.0471,-20.17047],[147.10406,-20.20329],[147.11083,-20.26459],[147.17514,-20.30942],[147.20174,-20.35844],[147.19509,-20.37177],[147.34773,-20.39679],[147.2996,-20.31826],[147.30922,-20.22169],[147.27444,-20.12431],[147.29471,-20.06899],[147.27336,-20.02844],[147.30224,-20.01455],[147.32019,-20.05215],[147.38888,-20.06927],[147.38602,-20.08715],[147.46708,-20.09584],[147.49136,-19.87141],[147.50982,-19.87339],[147.5083,-19.85074],[147.53708,-19.83347],[147.54037,-19.81314],[147.60204,-19.79929],[147.66334,-19.80972],[147.60137,-19.75744],[147.58681,-19.72508],[147.61544,-19.67309],[147.5741,-19.62929],[147.55929,-19.5505],[147.487,-19.46551],[147.45721,-19.37433],[147.41511,-19.31312],[147.38454,-19.30395],[147.42132,-19.32173],[147.44601,-19.36509],[147.45517,-19.39517],[147.44102,-19.42115],[147.30418,-19.40762],[147.24691,-19.43245],[147.16155,-19.40543],[147.13506,-19.40679],[147.1303,-19.42191],[147.11945,-19.41115]]]}},{"type":"Feature","properties":{"id":"burke","name":"Burke","level":2,"centroid":[139.0305,-18.0583],"bbox":[137.9947,-19.5784,140.0663,-16.5383]},"geometry":{"type":"Polygon","coordinates":[[[137.99526,-17.61136],[137.99561,-18.17828],[138.23761,-18.19472],[138.19252,-18.77739],[138.47471,-18.82505],[138.52881,-18.88195],[138.60434,-18.81649],[138.6856,-18.84098],[138.73423,-18.75126],[138.70287,-18.73394],[138.76839,-18.67284],[138.91621,-18.83026],[138.98688,-18.76957],[139.07693,-18.86708],[138.9846,-18.90445],[139.04867,-18.96452],[139.15714,-18.87517],[139.22383,-18.91495],[139.15787,-19.04076],[139.20859,-19.08444],[139.20485,-19.13944],[139.5508,-19.16672],[139.51431,-19.43809],[139.78512,-19.46007],[139.77738,-19.57838],[140.06632,-19.56716],[140.01599,-19.27234],[139.92977,-19.13848],[139.93731,-19.04177],[139.82522,-18.93347],[139.76349,-18.76037],[139.86736,-18.49501],[139.89407,-18.19582],[139.77433,-17.95203],[139.81733,-17.93371],[139.75103,-17.91209],[139.7793,-17.69442],[139.81696,-17.69769],[139.77497,-17.64875],[139.81862,-17.6371],[139.7938,-17.57941],[139.6467,-17.53812],[139.47691,-17.40089],[139.43645,-17.4225],[139.41742,-17.37459],[139.23768,-17.31977],[139.15978,-17.1805],[139.15156,-17.02405],[139.08604,-17.01147],[139.08002,-17.09056],[138.8705,-16.93885],[138.87511,-16.87541],[138.62897,-16.76792],[138.32362,-16.75044],[137.99465,-16.5383],[137.99526,-17.61136]],[[138.87776,-18.0187],[138.82968,-17.94538],[138.57689,-17.88255],[138.60055,-17.46926],[138.90256,-17.52586],[138.87776,-18.0187]]]}},{"type":"Feature","properties":{"id":"burnie","name":"Burnie","level":2,"centroid":[145.8111,-41.1964],"bbox":[145.6377,-41.3562,145.9845,-41.0367]},"geometry":{"type":"Polygon","coordinates":[[[145.83598,-41.05691],[145.82996,-41.06106],[145.83472,-41.06504],[145.81563,-41.07883],[145.82475,-41.08577],[145.81682,-41.08771],[145.82013,-41.09112],[145.81475,-41.09521],[145.81195,-41.10983],[145.77318,-41.1272],[145.77493,-41.13451],[145.76806,-41.13542],[145.76801,-41.14224],[145.74647,-41.14868],[145.74795,-41.15232],[145.72889,-41.17235],[145.6963,-41.18839],[145.69668,-41.19509],[145.68969,-41.20077],[145.65553,-41.21364],[145.64436,-41.21213],[145.64157,-41.23918],[145.64755,-41.23978],[145.64783,-41.26101],[145.63765,-41.26256],[145.6379,-41.35618],[145.84548,-41.35595],[145.85578,-41.34088],[145.84551,-41.33169],[145.85151,-41.32302],[145.84918,-41.31268],[145.86812,-41.30634],[145.87735,-41.29183],[145.87654,-41.28472],[145.89747,-41.27629],[145.90789,-41.25504],[145.93165,-41.25273],[145.93656,-41.24741],[145.92811,-41.2195],[145.93065,-41.19296],[145.9627,-41.16407],[145.95586,-41.16264],[145.95889,-41.1499],[145.94372,-41.13362],[145.95192,-41.12926],[145.95265,-41.11801],[145.96696,-41.10439],[145.96383,-41.1021],[145.97507,-41.08927],[145.97606,-41.0772],[145.98452,-41.07479],[145.97249,-41.06626],[145.95487,-41.06314],[145.92491,-41.06617],[145.92326,-41.078],[145.92495,-41.06768],[145.90934,-41.05386],[145.91688,-41.04869],[145.92142,-41.05138],[145.89911,-41.04374],[145.88517,-41.04481],[145.87638,-41.0367],[145.84103,-41.03869],[145.83749,-41.04802],[145.83006,-41.05005],[145.83611,-41.05167],[145.83598,-41.05691]]]}},{"type":"Feature","properties":{"id":"burnside","name":"Burnside","level":2,"centroid":[138.6583,-34.9445],"bbox":[138.6157,-34.9762,138.701,-34.9127]},"geometry":{"type":"Polygon","coordinates":[[[138.61568,-34.94056],[138.63452,-34.95188],[138.64386,-34.96317],[138.64823,-34.96584],[138.64997,-34.96867],[138.65063,-34.9714],[138.65187,-34.97258],[138.65332,-34.97299],[138.65484,-34.97282],[138.66123,-34.96918],[138.66616,-34.96726],[138.66876,-34.96706],[138.67137,-34.96791],[138.67049,-34.97169],[138.67138,-34.97286],[138.67087,-34.97332],[138.67151,-34.97433],[138.67313,-34.97346],[138.6779,-34.97543],[138.68211,-34.97614],[138.68524,-34.97618],[138.68595,-34.97462],[138.6767,-34.96078],[138.6767,-34.95584],[138.67241,-34.95111],[138.672,-34.94813],[138.6724,-34.94743],[138.67196,-34.94667],[138.67185,-34.94492],[138.67266,-34.94489],[138.67197,-34.94407],[138.67193,-34.94367],[138.67244,-34.94345],[138.67176,-34.9421],[138.67546,-34.93871],[138.68523,-34.93809],[138.68468,-34.9309],[138.689,-34.9307],[138.69119,-34.9293],[138.6935,-34.92923],[138.69759,-34.9319],[138.70098,-34.928],[138.69896,-34.92743],[138.69779,-34.92671],[138.69742,-34.92516],[138.69803,-34.92291],[138.69786,-34.92121],[138.69557,-34.91909],[138.69489,-34.91749],[138.69327,-34.91556],[138.69209,-34.91462],[138.68824,-34.91324],[138.6812,-34.91273],[138.64052,-34.91479],[138.64102,-34.921],[138.6498,-34.92056],[138.65078,-34.93259],[138.64194,-34.93297],[138.64148,-34.92697],[138.62357,-34.92789],[138.62452,-34.94023],[138.61568,-34.94056]]]}},{"type":"Feature","properties":{"id":"burwood","name":"Burwood","level":2,"centroid":[151.1048,-33.8854],"bbox":[151.089,-33.9037,151.1207,-33.8671]},"geometry":{"type":"Polygon","coordinates":[[[151.09451,-33.87187],[151.09434,-33.87246],[151.09411,-33.87371],[151.09401,-33.8739],[151.09362,-33.8757],[151.09162,-33.88627],[151.09155,-33.88642],[151.09136,-33.88725],[151.09138,-33.88766],[151.0915,-33.88753],[151.09154,-33.88804],[151.09092,-33.89146],[151.08952,-33.89855],[151.08949,-33.89891],[151.0896,-33.89974],[151.08898,-33.89982],[151.08908,-33.90021],[151.08943,-33.9007],[151.09148,-33.90184],[151.09196,-33.90202],[151.09262,-33.90206],[151.09342,-33.90199],[151.09402,-33.9021],[151.09429,-33.90222],[151.09535,-33.90286],[151.09653,-33.90352],[151.09674,-33.90361],[151.0974,-33.90366],[151.09793,-33.90353],[151.0994,-33.90282],[151.09949,-33.9019],[151.09902,-33.90108],[151.09893,-33.90088],[151.09962,-33.89748],[151.11239,-33.89435],[151.11326,-33.88692],[151.11257,-33.88663],[151.11426,-33.88458],[151.11438,-33.88447],[151.11448,-33.88453],[151.11533,-33.88345],[151.11586,-33.88288],[151.11772,-33.88057],[151.11788,-33.88065],[151.11819,-33.88018],[151.11823,-33.88019],[151.1183,-33.8801],[151.11845,-33.88017],[151.11852,-33.88006],[151.11826,-33.87994],[151.12067,-33.87702],[151.11822,-33.87669],[151.11944,-33.87097],[151.11676,-33.87071],[151.11338,-33.86993],[151.1128,-33.86983],[151.1117,-33.86971],[151.11162,-33.86966],[151.10863,-33.86933],[151.1076,-33.86915],[151.10537,-33.86888],[151.10381,-33.86864],[151.10038,-33.86835],[151.09894,-33.86802],[151.09717,-33.86745],[151.09571,-33.86709],[151.09571,-33.86721],[151.09459,-33.87022],[151.09488,-33.87031],[151.09451,-33.87187]]]}},{"type":"Feature","properties":{"id":"busselton","name":"Busselton","level":2,"centroid":[115.371,-33.6853],"bbox":[114.9751,-33.8397,115.7669,-33.5309]},"geometry":{"type":"Polygon","coordinates":[[[115.66961,-33.8118],[115.73618,-33.81156],[115.73628,-33.79668],[115.76326,-33.79692],[115.76695,-33.70104],[115.73176,-33.69225],[115.73249,-33.66343],[115.7079,-33.65928],[115.70791,-33.67154],[115.60778,-33.66676],[115.60775,-33.6728],[115.58788,-33.66598],[115.58317,-33.62191],[115.5492,-33.61022],[115.54887,-33.60252],[115.50255,-33.60297],[115.50256,-33.61132],[115.49171,-33.61132],[115.49099,-33.60123],[115.47448,-33.60035],[115.46283,-33.5807],[115.45335,-33.58063],[115.40497,-33.62334],[115.36495,-33.64005],[115.29998,-33.6548],[115.21648,-33.65307],[115.12327,-33.62387],[115.10475,-33.60589],[115.10255,-33.58618],[115.08885,-33.56828],[115.0651,-33.55839],[115.0547,-33.54388],[115.03572,-33.5441],[115.03153,-33.53371],[115.00374,-33.5309],[115.01133,-33.55642],[115.00385,-33.56106],[115.02832,-33.63311],[115.01941,-33.65648],[114.99479,-33.66937],[114.9905,-33.69623],[114.97509,-33.69804],[114.99274,-33.75137],[114.98866,-33.76238],[115.0001,-33.79401],[114.99753,-33.8189],[115.03416,-33.81789],[115.03534,-33.82504],[115.05753,-33.81739],[115.08915,-33.82326],[115.09994,-33.81399],[115.10552,-33.82065],[115.18308,-33.81488],[115.29783,-33.81873],[115.29798,-33.83182],[115.31522,-33.83972],[115.31873,-33.82919],[115.33983,-33.83735],[115.33782,-33.82917],[115.37304,-33.82916],[115.40059,-33.81539],[115.39928,-33.80513],[115.64719,-33.80566],[115.66961,-33.8118]]]}},{"type":"Feature","properties":{"id":"byron","name":"Byron","level":2,"centroid":[153.4836,-28.6133],"bbox":[153.3286,-28.7656,153.6386,-28.461]},"geometry":{"type":"Polygon","coordinates":[[[153.60512,-28.74567],[153.61887,-28.72224],[153.61355,-28.70112],[153.61766,-28.67813],[153.6386,-28.63347],[153.62236,-28.64217],[153.60765,-28.63818],[153.57082,-28.59494],[153.55336,-28.53117],[153.55288,-28.47722],[153.50868,-28.46102],[153.50603,-28.46794],[153.48668,-28.46519],[153.48465,-28.47652],[153.46601,-28.47996],[153.41983,-28.46722],[153.4084,-28.46866],[153.40672,-28.47752],[153.37349,-28.47186],[153.36903,-28.50343],[153.35214,-28.5175],[153.34188,-28.51742],[153.34221,-28.53115],[153.32862,-28.54093],[153.35066,-28.56667],[153.37903,-28.5823],[153.37309,-28.61396],[153.41263,-28.61855],[153.41698,-28.62615],[153.41164,-28.64103],[153.41842,-28.64255],[153.41538,-28.64852],[153.42652,-28.65544],[153.42468,-28.6608],[153.4301,-28.65932],[153.42697,-28.6667],[153.4191,-28.66192],[153.41604,-28.67138],[153.42663,-28.681],[153.4241,-28.69337],[153.40775,-28.68614],[153.40065,-28.69859],[153.41216,-28.72058],[153.40673,-28.74305],[153.42223,-28.74511],[153.42647,-28.73838],[153.43532,-28.74762],[153.44633,-28.7449],[153.44697,-28.75341],[153.4629,-28.7656],[153.47489,-28.75984],[153.47809,-28.74993],[153.48848,-28.75401],[153.47906,-28.73867],[153.48755,-28.73596],[153.48519,-28.72709],[153.49118,-28.73272],[153.50714,-28.72107],[153.51686,-28.72569],[153.54253,-28.70428],[153.57499,-28.712],[153.58129,-28.73323],[153.60512,-28.74567]]]}},{"type":"Feature","properties":{"id":"cabonne","name":"Cabonne","level":2,"centroid":[148.8206,-33.1108],"bbox":[148.2907,-33.6143,149.3504,-32.6073]},"geometry":{"type":"Polygon","coordinates":[[[149.32296,-33.05914],[149.23298,-32.99857],[149.1907,-33.0379],[149.128,-33.00843],[149.13358,-33.06306],[149.01386,-33.04112],[149.02028,-32.96774],[148.985,-32.96236],[148.9587,-32.89192],[148.80847,-32.87967],[148.70316,-32.7628],[148.6507,-32.74825],[148.69135,-32.66673],[148.66701,-32.63092],[148.61443,-32.6536],[148.45926,-32.60734],[148.36178,-32.62193],[148.32938,-32.81082],[148.37834,-32.8326],[148.37218,-32.97157],[148.43017,-32.96993],[148.50725,-33.05342],[148.50553,-33.16584],[148.46669,-33.20876],[148.42913,-33.20128],[148.39715,-33.26998],[148.40667,-33.40527],[148.34594,-33.4209],[148.36161,-33.44922],[148.31856,-33.4491],[148.29066,-33.4919],[148.39278,-33.51871],[148.4236,-33.56519],[148.38846,-33.57966],[148.44568,-33.6143],[148.51825,-33.57219],[148.54568,-33.60336],[148.65179,-33.56009],[148.68282,-33.5864],[148.76977,-33.52598],[148.82891,-33.57415],[148.91919,-33.44763],[149.05084,-33.46387],[149.06617,-33.42067],[149.17087,-33.43263],[149.15164,-33.39377],[149.00945,-33.36604],[149.04327,-33.22249],[149.09186,-33.21736],[149.16601,-33.22828],[149.16103,-33.2843],[149.23854,-33.44126],[149.34969,-33.46127],[149.29895,-33.42768],[149.33721,-33.32793],[149.31342,-33.23897],[149.34423,-33.23881],[149.34946,-33.18426],[149.35045,-33.15107],[149.31715,-33.1466],[149.32296,-33.05914]]]}},{"type":"Feature","properties":{"id":"cairns","name":"Cairns","level":2,"centroid":[145.8438,-17.1051],"bbox":[145.615,-17.5048,146.0726,-16.7053]},"geometry":{"type":"MultiPolygon","coordinates":[[[[146.00461,-16.92532],[145.9908,-16.92531],[145.98555,-16.94217],[146.00461,-16.92532]]],[[[145.62237,-17.08962],[145.65539,-17.12644],[145.67031,-17.17139],[145.70473,-17.17461],[145.70411,-17.21221],[145.72061,-17.23177],[145.75634,-17.24845],[145.77384,-17.23881],[145.80052,-17.29652],[145.78128,-17.35437],[145.82144,-17.39436],[145.83992,-17.45416],[145.83513,-17.49736],[145.86625,-17.5048],[145.90374,-17.47643],[145.92931,-17.5036],[145.95048,-17.49137],[145.95549,-17.44547],[146.03161,-17.452],[146.04222,-17.44134],[146.03388,-17.43066],[146.04594,-17.43301],[146.04453,-17.41899],[146.07255,-17.40338],[146.01114,-17.32853],[145.99569,-17.27324],[145.97208,-17.24195],[145.96456,-17.17046],[145.92458,-17.16536],[145.86302,-17.05668],[145.85299,-16.97815],[145.86548,-16.95097],[145.83724,-16.89916],[145.85189,-16.89415],[145.85268,-16.87437],[145.7931,-16.91054],[145.77922,-16.94044],[145.78344,-16.917],[145.76245,-16.89787],[145.77704,-16.88036],[145.76548,-16.86924],[145.77487,-16.87],[145.74484,-16.84543],[145.72189,-16.80055],[145.68186,-16.77449],[145.67172,-16.73809],[145.62913,-16.70533],[145.61708,-16.71586],[145.64763,-16.74229],[145.6694,-16.84533],[145.64393,-16.85302],[145.66617,-16.86656],[145.65111,-16.88054],[145.67364,-16.89405],[145.65001,-16.94442],[145.65481,-16.97467],[145.63033,-17.00463],[145.6397,-17.02193],[145.61499,-17.04902],[145.61624,-17.06846],[145.63318,-17.07526],[145.62237,-17.08962]]]]}},{"type":"Feature","properties":{"id":"cambridge","name":"Cambridge","level":2,"centroid":[115.7989,-31.9354],"bbox":[115.7538,-31.9627,115.844,-31.9081]},"geometry":{"type":"Polygon","coordinates":[[[115.75506,-31.90817],[115.7549,-31.91295],[115.755,-31.91903],[115.75449,-31.9254],[115.75469,-31.93282],[115.75446,-31.93577],[115.75463,-31.93827],[115.75417,-31.93895],[115.75379,-31.93893],[115.75412,-31.94196],[115.75398,-31.94504],[115.7542,-31.94594],[115.75393,-31.94882],[115.75397,-31.9514],[115.76197,-31.95479],[115.76338,-31.96264],[115.77589,-31.96274],[115.77588,-31.94976],[115.78768,-31.94976],[115.78768,-31.94792],[115.79178,-31.94776],[115.79178,-31.94423],[115.80414,-31.94424],[115.80414,-31.94759],[115.80784,-31.94757],[115.80786,-31.94387],[115.81218,-31.94388],[115.81219,-31.942],[115.82418,-31.94211],[115.82708,-31.94348],[115.82717,-31.94371],[115.8309,-31.94289],[115.836,-31.94256],[115.83869,-31.9428],[115.84164,-31.94348],[115.844,-31.94141],[115.84092,-31.93914],[115.83956,-31.93778],[115.83837,-31.93605],[115.83646,-31.93242],[115.83455,-31.93002],[115.82799,-31.92415],[115.82623,-31.92221],[115.82361,-31.92283],[115.81757,-31.92283],[115.81727,-31.92497],[115.81402,-31.92972],[115.81013,-31.93129],[115.80787,-31.93161],[115.80776,-31.93094],[115.80579,-31.93109],[115.80404,-31.93281],[115.8021,-31.9327],[115.79651,-31.92735],[115.7889,-31.92745],[115.78877,-31.92683],[115.78842,-31.9264],[115.78632,-31.92554],[115.78574,-31.92509],[115.78513,-31.92359],[115.78408,-31.92272],[115.77909,-31.92174],[115.76607,-31.92178],[115.76616,-31.90807],[115.75506,-31.90817]]]}},{"type":"Feature","properties":{"id":"camden","name":"Camden","level":2,"centroid":[150.7256,-34.0161],"bbox":[150.6286,-34.0934,150.8226,-33.9389]},"geometry":{"type":"Polygon","coordinates":[[[150.81512,-33.96785],[150.82257,-33.95198],[150.72572,-33.93887],[150.70132,-33.9403],[150.70016,-33.94664],[150.68811,-33.94495],[150.67787,-33.9475],[150.664,-33.94718],[150.65072,-33.95944],[150.64445,-33.95773],[150.64385,-33.95977],[150.6381,-33.95619],[150.63612,-33.95818],[150.63556,-33.95484],[150.63129,-33.95378],[150.62861,-33.97249],[150.64214,-33.97746],[150.65091,-33.98532],[150.66583,-33.98487],[150.67077,-33.98768],[150.66902,-33.99233],[150.64994,-34.0084],[150.65197,-34.0168],[150.66065,-34.02705],[150.67047,-34.02634],[150.67206,-34.02923],[150.65801,-34.05591],[150.65679,-34.06484],[150.66201,-34.06709],[150.65969,-34.07052],[150.65386,-34.07163],[150.64894,-34.08203],[150.66064,-34.08699],[150.70937,-34.0934],[150.71483,-34.08973],[150.71579,-34.08487],[150.70661,-34.07757],[150.7361,-34.07695],[150.74214,-34.08071],[150.76643,-34.07805],[150.78229,-34.05903],[150.78102,-34.05408],[150.78877,-34.04047],[150.79335,-34.04561],[150.79654,-34.04402],[150.78991,-34.03935],[150.79258,-34.03604],[150.78931,-34.02358],[150.79182,-34.02006],[150.78767,-34.01537],[150.79592,-34.01181],[150.79425,-34.008],[150.7988,-33.99956],[150.79746,-33.99801],[150.80252,-33.9938],[150.80693,-33.98362],[150.80814,-33.98535],[150.80951,-33.98323],[150.80847,-33.98087],[150.81229,-33.97789],[150.80949,-33.97591],[150.81512,-33.96785]]]}},{"type":"Feature","properties":{"id":"campaspe","name":"Campaspe","level":2,"centroid":[144.7064,-36.324],"bbox":[144.2625,-36.7626,145.1503,-35.8854]},"geometry":{"type":"Polygon","coordinates":[[[144.40854,-35.89888],[144.36536,-35.88545],[144.34357,-35.89431],[144.35342,-35.91952],[144.33557,-35.93418],[144.26253,-35.93212],[144.29141,-35.98441],[144.27995,-36.01327],[144.31785,-36.04983],[144.30394,-36.06129],[144.31867,-36.10119],[144.28924,-36.12917],[144.26679,-36.22478],[144.28173,-36.32771],[144.33184,-36.3277],[144.3301,-36.38524],[144.35833,-36.38517],[144.36941,-36.40784],[144.66818,-36.40658],[144.67408,-36.42378],[144.67074,-36.45823],[144.6118,-36.49748],[144.62603,-36.52737],[144.58723,-36.55789],[144.58973,-36.59482],[144.52543,-36.65982],[144.51804,-36.72544],[144.66711,-36.72539],[144.66617,-36.7626],[144.93194,-36.74791],[144.93216,-36.69966],[144.98673,-36.69971],[145.01707,-36.66879],[145.04261,-36.68203],[145.04347,-36.65066],[145.13172,-36.67535],[145.14977,-36.499],[145.03198,-36.49897],[145.03185,-36.4264],[145.03196,-36.34297],[145.1503,-36.34309],[145.13187,-36.18034],[145.09107,-36.15773],[145.01532,-36.16135],[144.99532,-36.11459],[144.93925,-36.11353],[144.90386,-36.0778],[144.77798,-36.12991],[144.71841,-36.11355],[144.71903,-36.08589],[144.68425,-36.09552],[144.68872,-36.06127],[144.65497,-36.07534],[144.63275,-36.04808],[144.61768,-36.07718],[144.61555,-36.03165],[144.58328,-36.03901],[144.56339,-36.00779],[144.51579,-35.99443],[144.51517,-35.96545],[144.49365,-35.96839],[144.40854,-35.89888]]]}},{"type":"Feature","properties":{"id":"campbelltown-nsw","name":"Campbelltown (NSW)","level":2,"centroid":[150.8389,-34.0739],"bbox":[150.737,-34.1896,150.9408,-33.9582]},"geometry":{"type":"Polygon","coordinates":[[[150.74214,-34.08071],[150.737,-34.11283],[150.74012,-34.1184],[150.75261,-34.11719],[150.75671,-34.12193],[150.7499,-34.13159],[150.75625,-34.14132],[150.74961,-34.15119],[150.75478,-34.16074],[150.75207,-34.16385],[150.84506,-34.1758],[150.84569,-34.17883],[150.8519,-34.17886],[150.84864,-34.18167],[150.8542,-34.18461],[150.85558,-34.1776],[150.86268,-34.18271],[150.87007,-34.18174],[150.8742,-34.18744],[150.89936,-34.1896],[150.90402,-34.18459],[150.90676,-34.16482],[150.9161,-34.15409],[150.92246,-34.12789],[150.92933,-34.12415],[150.92517,-34.11642],[150.93364,-34.10942],[150.9366,-34.09512],[150.92532,-34.09334],[150.92334,-34.08979],[150.93229,-34.08463],[150.93718,-34.07534],[150.93432,-34.05863],[150.9408,-34.04002],[150.88666,-34.0321],[150.88924,-34.0046],[150.89229,-34.00557],[150.89291,-34.0195],[150.90694,-34.01744],[150.90151,-34.00721],[150.91256,-34.00027],[150.90783,-33.99034],[150.91325,-33.96475],[150.90075,-33.9654],[150.8993,-33.96192],[150.88683,-33.95818],[150.85176,-33.97642],[150.84446,-33.98445],[150.82839,-33.9735],[150.82119,-33.97616],[150.81512,-33.96785],[150.80949,-33.97591],[150.81229,-33.97789],[150.80951,-33.98323],[150.79746,-33.99801],[150.79592,-34.01181],[150.78767,-34.01537],[150.79182,-34.02006],[150.78931,-34.02358],[150.79258,-34.03604],[150.78991,-34.03935],[150.79654,-34.04402],[150.79335,-34.04561],[150.78877,-34.04047],[150.78102,-34.05408],[150.78229,-34.05903],[150.76643,-34.07805],[150.74214,-34.08071]]]}},{"type":"Feature","properties":{"id":"campbelltown-sa","name":"Campbelltown (SA)","level":2,"centroid":[138.6855,-34.8854],"bbox":[138.6471,-34.9139,138.7238,-34.857]},"geometry":{"type":"Polygon","coordinates":[[[138.7227,-34.85919],[138.71836,-34.85905],[138.71928,-34.86266],[138.71732,-34.86307],[138.7095,-34.857],[138.7084,-34.85756],[138.70865,-34.85987],[138.70798,-34.86071],[138.70638,-34.86071],[138.70488,-34.85928],[138.70348,-34.85975],[138.702,-34.86115],[138.70099,-34.86087],[138.70094,-34.85983],[138.69991,-34.85953],[138.69531,-34.86036],[138.69174,-34.86321],[138.69029,-34.86602],[138.68527,-34.86594],[138.67967,-34.86758],[138.67886,-34.86844],[138.67716,-34.86841],[138.67554,-34.8676],[138.6753,-34.86603],[138.67389,-34.86527],[138.6725,-34.86555],[138.67276,-34.86677],[138.67088,-34.86805],[138.66874,-34.86782],[138.66742,-34.86825],[138.66607,-34.86719],[138.66391,-34.86681],[138.66048,-34.86474],[138.65676,-34.86566],[138.65612,-34.86667],[138.65761,-34.86838],[138.65727,-34.86898],[138.65523,-34.86961],[138.65611,-34.87154],[138.65345,-34.87313],[138.64831,-34.87439],[138.6471,-34.87622],[138.64903,-34.87896],[138.64817,-34.8806],[138.64781,-34.88301],[138.65693,-34.88873],[138.65654,-34.88947],[138.6583,-34.9139],[138.68508,-34.9129],[138.68416,-34.90042],[138.69113,-34.90009],[138.69068,-34.89403],[138.70145,-34.89356],[138.7015,-34.8943],[138.70791,-34.89406],[138.70698,-34.88186],[138.71326,-34.88157],[138.71277,-34.87432],[138.7198,-34.87396],[138.71898,-34.87011],[138.72383,-34.86431],[138.7227,-34.85919]]]}},{"type":"Feature","properties":{"id":"canada-bay","name":"Canada Bay","level":2,"centroid":[151.1221,-33.8486],"bbox":[151.078,-33.8743,151.1662,-33.823]},"geometry":{"type":"Polygon","coordinates":[[[151.11944,-33.87097],[151.12759,-33.87428],[151.13698,-33.87313],[151.14208,-33.87041],[151.14171,-33.86834],[151.14956,-33.86612],[151.14535,-33.86482],[151.14522,-33.86261],[151.15662,-33.85939],[151.15679,-33.85742],[151.16088,-33.85826],[151.16617,-33.85485],[151.16315,-33.85456],[151.15669,-33.84747],[151.15695,-33.84561],[151.15333,-33.84503],[151.15405,-33.84206],[151.14444,-33.84352],[151.1443,-33.8451],[151.14953,-33.8469],[151.14776,-33.85019],[151.14228,-33.85335],[151.14038,-33.85214],[151.14377,-33.84893],[151.14213,-33.84587],[151.13306,-33.84946],[151.13026,-33.84388],[151.12771,-33.84383],[151.12217,-33.84892],[151.12579,-33.85073],[151.12835,-33.86107],[151.11882,-33.86464],[151.11591,-33.8608],[151.1218,-33.85739],[151.11704,-33.8571],[151.11379,-33.85396],[151.11968,-33.85292],[151.11507,-33.84966],[151.12105,-33.84179],[151.11661,-33.84129],[151.11418,-33.84346],[151.11173,-33.83783],[151.10741,-33.83847],[151.10415,-33.83437],[151.10468,-33.84081],[151.10263,-33.84413],[151.09985,-33.84431],[151.10222,-33.83809],[151.09361,-33.83975],[151.09893,-33.83582],[151.09911,-33.83189],[151.09683,-33.83074],[151.09429,-33.83459],[151.0915,-33.83485],[151.08956,-33.83052],[151.09322,-33.82844],[151.09437,-33.82525],[151.08716,-33.82301],[151.08323,-33.82788],[151.08384,-33.83455],[151.08238,-33.8393],[151.08054,-33.8394],[151.08069,-33.84436],[151.07802,-33.84646],[151.08107,-33.84886],[151.08813,-33.86514],[151.09041,-33.86544],[151.09451,-33.87187],[151.09571,-33.86709],[151.11944,-33.87097]]]}},{"type":"Feature","properties":{"id":"canning","name":"Canning","level":2,"centroid":[115.9194,-32.0492],"bbox":[115.8605,-32.1145,115.9784,-31.9839]},"geometry":{"type":"Polygon","coordinates":[[[115.93314,-31.98392],[115.92723,-31.98891],[115.92406,-31.98619],[115.91856,-31.9908],[115.92273,-31.99412],[115.91293,-31.99374],[115.91449,-31.99615],[115.90643,-32.00398],[115.90232,-32.00436],[115.90196,-32.00706],[115.89683,-32.01139],[115.89904,-32.01329],[115.89963,-32.0167],[115.89759,-32.01842],[115.89765,-32.02034],[115.90178,-32.02172],[115.90378,-32.02483],[115.9029,-32.02663],[115.90074,-32.02784],[115.90108,-32.02309],[115.89871,-32.02344],[115.89336,-32.02038],[115.89198,-32.02267],[115.88878,-32.02405],[115.88336,-32.0242],[115.88206,-32.02554],[115.88327,-32.02667],[115.88255,-32.02797],[115.8779,-32.03175],[115.8683,-32.03128],[115.86421,-32.03633],[115.86054,-32.03812],[115.8617,-32.04217],[115.86096,-32.04461],[115.86241,-32.0457],[115.86134,-32.04726],[115.86499,-32.04761],[115.86868,-32.04506],[115.87319,-32.04516],[115.87265,-32.06029],[115.87069,-32.06627],[115.8876,-32.06739],[115.88152,-32.0724],[115.89203,-32.08176],[115.8897,-32.08692],[115.89064,-32.09207],[115.89615,-32.09653],[115.90023,-32.10235],[115.91518,-32.11447],[115.9144,-32.10183],[115.92337,-32.06973],[115.93637,-32.05983],[115.93029,-32.05407],[115.9359,-32.03386],[115.96805,-32.00683],[115.97069,-32.00906],[115.97765,-32.00306],[115.97698,-31.99393],[115.97836,-31.98826],[115.97352,-31.98681],[115.96603,-31.98719],[115.94248,-31.9843],[115.93724,-31.98747],[115.93314,-31.98392]]]}},{"type":"Feature","properties":{"id":"canterbury-bankstown","name":"Canterbury-Bankstown","level":2,"centroid":[151.0606,-33.9235],"bbox":[150.9662,-33.9829,151.155,-33.8641]},"geometry":{"type":"Polygon","coordinates":[[[151.15498,-33.92618],[151.14789,-33.92121],[151.13712,-33.92127],[151.13996,-33.91626],[151.13501,-33.91315],[151.13441,-33.90574],[151.12223,-33.90633],[151.12512,-33.89567],[151.11248,-33.89433],[151.09962,-33.89748],[151.0974,-33.90366],[151.0877,-33.90005],[151.07549,-33.90956],[151.06431,-33.90779],[151.06858,-33.90563],[151.06406,-33.90493],[151.06817,-33.88583],[151.05887,-33.89041],[151.05473,-33.8866],[151.05859,-33.88427],[151.03088,-33.88804],[150.99053,-33.86406],[150.97333,-33.88942],[150.96715,-33.89013],[150.9684,-33.89645],[150.97929,-33.90572],[150.97739,-33.90916],[150.97311,-33.90756],[150.97905,-33.92915],[150.96868,-33.93093],[150.9662,-33.9436],[150.97381,-33.95207],[150.98281,-33.95571],[150.98116,-33.9649],[150.98889,-33.96588],[150.99743,-33.97403],[150.99412,-33.97904],[150.99918,-33.98289],[151.00375,-33.97937],[151.00593,-33.98253],[151.01569,-33.982],[151.02193,-33.97652],[151.01795,-33.97451],[151.02363,-33.97211],[151.02261,-33.96408],[151.02565,-33.96829],[151.02453,-33.97718],[151.04117,-33.97321],[151.04465,-33.96927],[151.04025,-33.96263],[151.04191,-33.94738],[151.05912,-33.95024],[151.07876,-33.94712],[151.07738,-33.94417],[151.08564,-33.94041],[151.11576,-33.93676],[151.12507,-33.93069],[151.13281,-33.93179],[151.13994,-33.92736],[151.15498,-33.92618]]]}},{"type":"Feature","properties":{"id":"capel","name":"Capel","level":2,"centroid":[115.6181,-33.527],"bbox":[115.4534,-33.6728,115.7829,-33.3813]},"geometry":{"type":"Polygon","coordinates":[[[115.60973,-33.38125],[115.5934,-33.42145],[115.57366,-33.45375],[115.45335,-33.58063],[115.45752,-33.58405],[115.46283,-33.5807],[115.47064,-33.58511],[115.46848,-33.59135],[115.47937,-33.60344],[115.49094,-33.60119],[115.49171,-33.61132],[115.50256,-33.61132],[115.50255,-33.60297],[115.54887,-33.60252],[115.5492,-33.61022],[115.56141,-33.61032],[115.56756,-33.61715],[115.58317,-33.62191],[115.58363,-33.63883],[115.58741,-33.63881],[115.58525,-33.64067],[115.58788,-33.66598],[115.60226,-33.66825],[115.60775,-33.6728],[115.60778,-33.66676],[115.70156,-33.66676],[115.70153,-33.67151],[115.70791,-33.67154],[115.7079,-33.65928],[115.71501,-33.65929],[115.71724,-33.66337],[115.72121,-33.66332],[115.72154,-33.65642],[115.71581,-33.65123],[115.71581,-33.64341],[115.71977,-33.6434],[115.71977,-33.64631],[115.72769,-33.64587],[115.72781,-33.54673],[115.73045,-33.54673],[115.73044,-33.53326],[115.75885,-33.5333],[115.75396,-33.52569],[115.75487,-33.52137],[115.77728,-33.52136],[115.77741,-33.49036],[115.78294,-33.48277],[115.77742,-33.48106],[115.77749,-33.45276],[115.73807,-33.45177],[115.73808,-33.44775],[115.72536,-33.44775],[115.72781,-33.44291],[115.70662,-33.41954],[115.70877,-33.41249],[115.70547,-33.40512],[115.70306,-33.40393],[115.7027,-33.40876],[115.68548,-33.38632],[115.63008,-33.38724],[115.60973,-33.38125]]]}},{"type":"Feature","properties":{"id":"cardinia","name":"Cardinia","level":2,"centroid":[145.5646,-38.0951],"bbox":[145.364,-38.3324,145.7651,-37.8577]},"geometry":{"type":"Polygon","coordinates":[[[145.60569,-38.33244],[145.61245,-38.28556],[145.68028,-38.28958],[145.6815,-38.28222],[145.69094,-38.28308],[145.68965,-38.29011],[145.73269,-38.28936],[145.73636,-38.24896],[145.71284,-38.25179],[145.71742,-38.20671],[145.70081,-38.20591],[145.72973,-38.15397],[145.74848,-38.14281],[145.76279,-38.10893],[145.73922,-38.10052],[145.75445,-38.07919],[145.76254,-37.99071],[145.73106,-37.95976],[145.74698,-37.93826],[145.74126,-37.9271],[145.76514,-37.89861],[145.74812,-37.90752],[145.72923,-37.90286],[145.72155,-37.88523],[145.68686,-37.8808],[145.68632,-37.88881],[145.67054,-37.8943],[145.67071,-37.90713],[145.62605,-37.91757],[145.62793,-37.90401],[145.56905,-37.89798],[145.55332,-37.87358],[145.51914,-37.85774],[145.52677,-37.86361],[145.52686,-37.88531],[145.50771,-37.89982],[145.47383,-37.89997],[145.46668,-37.91201],[145.44461,-37.90625],[145.41599,-37.92827],[145.39848,-37.92128],[145.38408,-37.92959],[145.38804,-37.97097],[145.37954,-37.97397],[145.38247,-37.98459],[145.37585,-37.98966],[145.38546,-38.01326],[145.36402,-38.05175],[145.38084,-38.06692],[145.37598,-38.07864],[145.38229,-38.09078],[145.40062,-38.10783],[145.40181,-38.11908],[145.38339,-38.12562],[145.39948,-38.14298],[145.38887,-38.1925],[145.41832,-38.19848],[145.42177,-38.20964],[145.46,-38.22802],[145.48899,-38.2334],[145.49797,-38.27406],[145.51796,-38.29088],[145.52066,-38.30666],[145.54181,-38.30937],[145.54579,-38.29132],[145.55367,-38.29356],[145.59362,-38.33009],[145.60569,-38.33244]]]}},{"type":"Feature","properties":{"id":"carnamah","name":"Carnamah","level":2,"centroid":[115.5609,-29.731],"bbox":[114.9587,-29.9463,116.163,-29.5157]},"geometry":{"type":"Polygon","coordinates":[[[116.01825,-29.5158],[115.9923,-29.51574],[115.99235,-29.53424],[115.91836,-29.53435],[115.91699,-29.55141],[115.87656,-29.55144],[115.8766,-29.58067],[115.84483,-29.5807],[115.84482,-29.5945],[115.82468,-29.59448],[115.82003,-29.57385],[115.81018,-29.5697],[115.75572,-29.57233],[115.75914,-29.61948],[115.74796,-29.6365],[115.74897,-29.6654],[115.76217,-29.67877],[115.77147,-29.73367],[115.73453,-29.7336],[115.73452,-29.73946],[115.24514,-29.73945],[115.24492,-29.68922],[115.20939,-29.68957],[115.20954,-29.69754],[115.07563,-29.7025],[114.99297,-29.70185],[114.99286,-29.68862],[114.95871,-29.68862],[114.95931,-29.77047],[114.96484,-29.80874],[114.98185,-29.8518],[114.97907,-29.93572],[115.10547,-29.93505],[115.12209,-29.91733],[115.14424,-29.91733],[115.13439,-29.94207],[115.25611,-29.94634],[115.72768,-29.89204],[115.83464,-29.89212],[115.8401,-29.90386],[115.89761,-29.9039],[115.89764,-29.8526],[115.93094,-29.85262],[115.93095,-29.83661],[115.96556,-29.83674],[115.97164,-29.81712],[115.98721,-29.80948],[116.0055,-29.82668],[116.02793,-29.82288],[116.02634,-29.78757],[116.11194,-29.79339],[116.11196,-29.78118],[116.13366,-29.78134],[116.13793,-29.75186],[116.16288,-29.75184],[116.16305,-29.71746],[116.14413,-29.71967],[116.14415,-29.68032],[116.13593,-29.68154],[116.13409,-29.65085],[116.10585,-29.65072],[116.10582,-29.62064],[116.11681,-29.62068],[116.1168,-29.5938],[116.10219,-29.59375],[116.10199,-29.54987],[116.0836,-29.5499],[116.07966,-29.52524],[116.0531,-29.51591],[116.01825,-29.5158]]]}},{"type":"Feature","properties":{"id":"carnarvon","name":"Carnarvon","level":2,"centroid":[114.4975,-24.4673],"bbox":[113.3902,-26.1437,115.6048,-22.7909]},"geometry":{"type":"Polygon","coordinates":[[[114.59771,-23.01125],[114.45572,-22.85456],[113.89388,-22.79092],[113.89388,-22.92716],[113.81885,-22.92716],[113.82765,-23.0423],[113.7606,-23.1205],[113.77732,-23.48076],[113.527,-23.78334],[113.39018,-24.22398],[113.40697,-24.48416],[113.62325,-24.74602],[113.61754,-24.85863],[113.7069,-24.85069],[113.64422,-24.87906],[113.67426,-25.04301],[113.81708,-25.17355],[114.00419,-25.61851],[114.26685,-25.88773],[114.26532,-25.98212],[114.19468,-25.98356],[114.25839,-26.14368],[114.35285,-26.14368],[114.35284,-25.99864],[114.75787,-25.9986],[114.75787,-25.94107],[114.84934,-25.94107],[114.84934,-25.87463],[114.99137,-25.87463],[114.9446,-25.34889],[114.8065,-25.34899],[114.8065,-25.288],[114.89662,-25.288],[114.89661,-25.20703],[114.80699,-25.20701],[114.80668,-24.96552],[114.82096,-24.91066],[115.12833,-24.91262],[115.1836,-24.79353],[115.14898,-24.57781],[114.98798,-24.57949],[114.99503,-24.23896],[115.11317,-24.23769],[115.11247,-24.12249],[115.21087,-24.11859],[115.21067,-24.22419],[115.44481,-24.2739],[115.47686,-24.00596],[115.4051,-24.00595],[115.41749,-23.80407],[115.56916,-23.77869],[115.60485,-23.67533],[115.60471,-23.5754],[115.52574,-23.5754],[115.47802,-23.39205],[114.73722,-23.45234],[114.73739,-23.3897],[114.63192,-23.3897],[114.67313,-23.12937],[114.4794,-23.07379],[114.47941,-23.01828],[114.59771,-23.01125]]]}},{"type":"Feature","properties":{"id":"carpentaria","name":"Carpentaria","level":2,"centroid":[141.3562,-17.3165],"bbox":[139.751,-19.4427,142.9615,-15.1902]},"geometry":{"type":"Polygon","coordinates":[[[139.91155,-19.02644],[140.71124,-19.06655],[140.81737,-19.18726],[140.90661,-19.11674],[141.10633,-19.14787],[141.41848,-19.24288],[141.41162,-19.31359],[141.75298,-19.30477],[142.03434,-19.44272],[142.37435,-19.40019],[142.40084,-19.12259],[142.15943,-19.14201],[142.17658,-18.97214],[141.94148,-18.97844],[141.93115,-19.08964],[141.77175,-19.07823],[141.76167,-19.19189],[141.61705,-19.14477],[141.69196,-18.7136],[141.36402,-18.68141],[141.13184,-18.12316],[141.19988,-18.01542],[141.39519,-18.0571],[141.39314,-17.93476],[141.46608,-17.93897],[141.30441,-17.89894],[141.31686,-17.73668],[141.43297,-17.74932],[141.42168,-17.44374],[141.83672,-17.48248],[141.78533,-17.4224],[141.89773,-17.33074],[142.17836,-17.56622],[142.26723,-17.49219],[142.17502,-17.43241],[142.34059,-17.28622],[142.4016,-17.35525],[142.54069,-17.17551],[142.42143,-17.08743],[142.50804,-16.97215],[142.59615,-16.19065],[142.74223,-16.11201],[142.63054,-15.95452],[142.77982,-15.61313],[142.88117,-15.62108],[142.96145,-15.341],[142.66407,-15.31436],[142.65006,-15.46049],[142.24008,-15.42313],[142.09313,-15.19024],[142.02454,-15.3788],[141.9403,-15.39065],[141.97258,-15.56913],[141.493,-15.48813],[141.29649,-16.4962],[140.95803,-16.99813],[140.8284,-17.46533],[140.21669,-17.70916],[140.00686,-17.71535],[139.7938,-17.57941],[139.75103,-17.91209],[139.89407,-18.19582],[139.76349,-18.76037],[139.91155,-19.02644]]]}},{"type":"Feature","properties":{"id":"carrathool","name":"Carrathool","level":2,"centroid":[145.4308,-33.6229],"bbox":[144.3687,-34.5634,146.4928,-32.6825]},"geometry":{"type":"Polygon","coordinates":[[[144.46055,-33.5163],[144.5445,-33.52568],[144.55274,-33.48822],[144.72756,-33.52505],[144.69152,-33.4623],[144.80807,-33.47512],[144.81181,-33.68404],[144.96515,-33.75892],[145.17463,-33.69603],[145.16254,-33.77143],[145.21456,-33.82603],[145.03472,-33.94014],[145.12376,-34.07669],[145.2584,-34.17733],[145.20645,-34.48882],[145.23709,-34.50817],[145.35954,-34.44265],[145.44386,-34.46843],[145.50943,-34.43627],[145.69691,-34.46903],[145.69942,-34.5196],[145.79712,-34.56339],[145.93264,-34.56298],[145.96669,-34.45319],[145.82644,-34.44075],[145.83289,-34.34525],[145.73476,-34.36342],[145.79488,-34.09888],[146.15346,-34.13383],[146.19364,-34.19769],[146.24681,-34.18119],[146.23439,-34.25318],[146.32865,-34.26354],[146.35949,-34.08373],[146.46461,-34.09638],[146.49282,-33.91964],[146.41744,-33.91062],[146.43719,-33.79449],[146.07031,-33.75352],[146.09515,-33.60312],[146.05397,-33.47575],[146.09518,-33.27836],[146.0589,-33.21179],[146.09364,-33.18907],[146.03167,-33.09357],[145.64526,-33.0803],[145.67193,-32.80571],[145.58652,-32.79622],[145.59573,-32.73776],[145.55664,-32.73327],[145.55083,-32.7916],[145.46747,-32.72249],[145.41264,-32.77594],[145.33057,-32.76666],[145.34428,-32.68247],[145.165,-32.71482],[145.10756,-33.0337],[144.98489,-33.02155],[144.96279,-33.08728],[144.79824,-33.03621],[144.73343,-33.23138],[144.64569,-33.22234],[144.54695,-33.3],[144.3687,-33.28267],[144.38245,-33.44034],[144.44143,-33.4525],[144.43159,-33.51305],[144.46055,-33.5163]]]}},{"type":"Feature","properties":{"id":"casey","name":"Casey","level":2,"centroid":[145.3228,-38.095],"bbox":[145.215,-38.248,145.4307,-37.9419]},"geometry":{"type":"Polygon","coordinates":[[[145.37922,-37.97501],[145.29116,-37.9646],[145.28991,-37.95759],[145.28356,-37.95513],[145.27963,-37.94758],[145.23326,-37.94188],[145.2292,-37.95206],[145.23364,-37.95484],[145.23286,-37.97035],[145.23569,-37.97414],[145.22653,-37.99346],[145.22733,-38.00076],[145.25186,-38.00362],[145.21499,-38.20707],[145.22994,-38.22058],[145.25907,-38.22574],[145.259,-38.22233],[145.27158,-38.22295],[145.27859,-38.23406],[145.27368,-38.24216],[145.27731,-38.24592],[145.31267,-38.24804],[145.32504,-38.24197],[145.32641,-38.23507],[145.33259,-38.23613],[145.34134,-38.22955],[145.34021,-38.21873],[145.34708,-38.21356],[145.36559,-38.2221],[145.3894,-38.22248],[145.38772,-38.21869],[145.39194,-38.21954],[145.39193,-38.22412],[145.41092,-38.22804],[145.42267,-38.21688],[145.43065,-38.21638],[145.41667,-38.20382],[145.41832,-38.19848],[145.38887,-38.1925],[145.39948,-38.14298],[145.38339,-38.12562],[145.38847,-38.12053],[145.40181,-38.11908],[145.40062,-38.10783],[145.39781,-38.09993],[145.38229,-38.09078],[145.3804,-38.0816],[145.37598,-38.07864],[145.38084,-38.06692],[145.36402,-38.05175],[145.36593,-38.03882],[145.37726,-38.02625],[145.37942,-38.01628],[145.38541,-38.01348],[145.38514,-38.00857],[145.37787,-38.00135],[145.37984,-37.9969],[145.37591,-37.99015],[145.38247,-37.98459],[145.37922,-37.97501]]]}},{"type":"Feature","properties":{"id":"cassowary-coast","name":"Cassowary Coast","level":2,"centroid":[145.9655,-17.9683],"bbox":[145.5726,-18.5333,146.3584,-17.4034]},"geometry":{"type":"MultiPolygon","coordinates":[[[[146.15726,-18.17683],[146.19223,-18.1666],[146.16053,-18.15219],[146.15726,-18.17683]]],[[[146.17238,-18.36832],[146.14503,-18.35808],[146.17873,-18.40966],[146.17238,-18.36832]]],[[[146.24712,-18.29542],[146.12709,-18.23461],[146.07059,-18.24745],[146.19131,-18.3667],[146.22183,-18.4768],[146.30523,-18.49369],[146.35843,-18.41831],[146.27557,-18.3175],[146.29877,-18.23147],[146.25054,-18.23711],[146.22302,-18.19457],[146.24712,-18.29542]]],[[[145.83513,-17.49736],[145.71608,-17.49696],[145.74053,-17.54645],[145.70736,-17.55682],[145.69546,-17.66102],[145.64073,-17.65677],[145.65151,-17.72687],[145.57704,-17.74077],[145.57256,-17.7829],[145.65546,-17.81584],[145.68437,-17.89801],[145.62337,-18.00796],[145.65347,-18.02943],[145.64194,-18.08145],[145.70508,-18.10126],[145.68517,-18.1684],[145.75152,-18.15656],[145.80726,-18.2456],[145.80963,-18.30459],[145.71814,-18.35694],[145.78994,-18.40329],[145.80864,-18.37771],[145.87964,-18.40744],[145.94733,-18.36431],[145.9618,-18.39442],[146.08498,-18.40082],[146.12039,-18.50673],[146.18746,-18.53331],[146.2299,-18.48954],[146.0194,-18.25314],[146.00762,-18.17938],[146.04104,-18.04365],[146.1014,-17.97685],[146.1196,-17.85579],[146.09127,-17.79925],[146.14905,-17.64854],[146.06818,-17.51039],[146.02782,-17.55026],[146.03271,-17.51224],[146.07698,-17.50454],[146.07255,-17.40338],[146.03161,-17.452],[145.95549,-17.44547],[145.92931,-17.5036],[145.90374,-17.47643],[145.83513,-17.49736]]]]}},{"type":"Feature","properties":{"id":"ceduna","name":"Ceduna","level":2,"centroid":[133.8629,-32.1473],"bbox":[133.2127,-32.5425,134.513,-31.7521]},"geometry":{"type":"Polygon","coordinates":[[[133.21348,-32.18546],[133.25633,-32.21081],[133.28544,-32.18162],[133.40584,-32.19995],[133.44169,-32.1781],[133.48774,-32.20609],[133.46432,-32.17214],[133.41394,-32.17839],[133.39234,-32.15935],[133.4189,-32.12833],[133.45162,-32.1359],[133.46045,-32.1029],[133.48949,-32.10981],[133.50345,-32.155],[133.52543,-32.12751],[133.52211,-32.15529],[133.55136,-32.1698],[133.58469,-32.14098],[133.57252,-32.11744],[133.59226,-32.08724],[133.6682,-32.10476],[133.6705,-32.13497],[133.64273,-32.14456],[133.69292,-32.15523],[133.67912,-32.20263],[133.75673,-32.20583],[133.76974,-32.26381],[133.82142,-32.23396],[133.95109,-32.3885],[133.91932,-32.4283],[133.88745,-32.42311],[133.90559,-32.4134],[133.88902,-32.4115],[133.89719,-32.39956],[133.86683,-32.39917],[133.85062,-32.5425],[133.8937,-32.54121],[133.92275,-32.49484],[133.99157,-32.50534],[134.03699,-32.4598],[134.086,-32.47092],[134.05541,-32.44074],[134.0825,-32.46559],[134.12,-32.4539],[134.12001,-32.37742],[134.51304,-32.37729],[134.51289,-32.08675],[134.29053,-32.0871],[134.29028,-31.86762],[134.12012,-31.86797],[134.1201,-31.97582],[134.08977,-31.96277],[134.07632,-31.97868],[133.88842,-31.88028],[133.85127,-31.88015],[133.85123,-31.84958],[133.67509,-31.85534],[133.61064,-31.84427],[133.61056,-31.81164],[133.45777,-31.8119],[133.28564,-31.78322],[133.21272,-31.75209],[133.21348,-32.18546]]]}},{"type":"Feature","properties":{"id":"central-coast-nsw","name":"Central Coast (NSW)","level":2,"centroid":[151.3117,-33.3072],"bbox":[150.9935,-33.5706,151.63,-33.0437]},"geometry":{"type":"Polygon","coordinates":[[[151.5272,-33.15665],[151.51219,-33.19429],[151.41096,-33.19413],[151.37895,-33.0997],[151.30484,-33.04371],[151.20263,-33.13885],[151.13383,-33.11102],[151.09968,-33.14429],[151.08963,-33.32692],[151.00034,-33.35056],[150.99346,-33.39773],[151.09706,-33.48032],[151.16644,-33.42669],[151.15981,-33.51099],[151.18195,-33.50082],[151.19945,-33.53612],[151.19192,-33.48878],[151.23748,-33.45374],[151.19757,-33.49516],[151.22701,-33.53044],[151.26572,-33.48493],[151.23727,-33.5109],[151.25867,-33.57062],[151.3504,-33.51563],[151.33646,-33.48438],[151.2996,-33.49583],[151.32284,-33.42782],[151.36947,-33.43873],[151.34198,-33.48111],[151.38282,-33.47188],[151.3757,-33.50056],[151.34117,-33.4893],[151.36341,-33.52085],[151.33593,-33.52233],[151.34497,-33.54697],[151.41627,-33.52386],[151.50445,-33.3625],[151.49402,-33.3365],[151.4741,-33.36584],[151.4488,-33.35462],[151.4418,-33.32991],[151.46859,-33.32848],[151.44162,-33.30705],[151.51904,-33.26165],[151.50814,-33.22299],[151.56157,-33.2397],[151.55538,-33.19896],[151.5775,-33.19681],[151.55797,-33.25195],[151.52042,-33.26266],[151.54564,-33.27773],[151.50313,-33.34388],[151.57903,-33.28221],[151.56584,-33.24572],[151.62999,-33.18536],[151.59698,-33.17194],[151.58142,-33.10264],[151.55282,-33.14573],[151.56788,-33.17526],[151.5272,-33.15665]]]}},{"type":"Feature","properties":{"id":"central-coast-tas","name":"Central Coast (Tas.)","level":2,"centroid":[146.0593,-41.27],"bbox":[145.8455,-41.4659,146.2731,-41.0741]},"geometry":{"type":"MultiPolygon","coordinates":[[[[146.26676,-41.15432],[146.25125,-41.15682],[146.24954,-41.18245],[146.25914,-41.1979],[146.2731,-41.19155],[146.25972,-41.18276],[146.25699,-41.16478],[146.26676,-41.15432]]],[[[145.84548,-41.35595],[145.85199,-41.35588],[145.85284,-41.46585],[145.95407,-41.45179],[146.08749,-41.458],[146.09469,-41.44401],[146.08526,-41.42099],[146.11745,-41.38425],[146.11444,-41.37139],[146.13517,-41.36849],[146.17698,-41.34126],[146.1847,-41.31627],[146.20503,-41.31185],[146.1942,-41.30227],[146.21108,-41.27933],[146.22617,-41.27155],[146.24806,-41.27792],[146.25655,-41.26792],[146.24398,-41.23319],[146.2531,-41.22774],[146.25237,-41.21597],[146.24139,-41.20488],[146.25248,-41.19388],[146.2509,-41.17259],[146.24361,-41.1772],[146.25042,-41.15879],[146.16932,-41.14533],[146.16853,-41.15746],[146.14418,-41.16406],[146.15191,-41.17693],[146.14463,-41.16148],[146.12537,-41.16489],[146.12077,-41.15569],[146.15226,-41.16228],[146.15439,-41.15432],[146.16778,-41.15608],[146.16112,-41.1412],[146.12984,-41.13579],[146.11966,-41.11893],[146.07736,-41.11555],[146.06434,-41.10269],[145.9858,-41.0741],[145.94372,-41.13362],[145.9627,-41.16407],[145.93065,-41.19296],[145.93656,-41.24741],[145.90789,-41.25504],[145.89747,-41.27629],[145.87654,-41.28472],[145.86812,-41.30634],[145.84918,-41.31268],[145.84551,-41.33169],[145.85578,-41.34088],[145.84548,-41.35595]]]]}},{"type":"Feature","properties":{"id":"central-darling","name":"Central Darling","level":2,"centroid":[143.6289,-31.7626],"bbox":[142.0982,-33.2827,145.1596,-30.2426]},"geometry":{"type":"Polygon","coordinates":[[[144.3687,-33.28267],[144.73343,-33.23138],[144.79824,-33.03621],[144.96279,-33.08728],[144.98489,-33.02155],[145.10756,-33.0337],[145.15956,-32.74716],[144.95801,-32.72331],[144.98839,-32.5283],[144.66448,-32.4907],[144.67442,-32.42532],[144.59838,-32.46365],[144.43764,-32.27474],[144.37887,-32.31382],[144.21247,-32.05752],[144.14375,-32.10176],[144.03819,-31.98657],[144.30107,-31.9156],[144.24324,-31.85267],[144.51328,-31.67479],[144.40973,-31.55948],[144.32692,-31.61373],[144.0165,-31.23127],[144.24578,-31.05932],[144.32736,-31.08531],[144.421,-30.93501],[144.66138,-30.89493],[144.03959,-30.28135],[143.50903,-30.24262],[143.49749,-30.32315],[143.02037,-30.31589],[143.02115,-30.46277],[142.85353,-30.46354],[142.85329,-30.60489],[142.76373,-30.60519],[142.741,-31.00476],[142.58528,-31.0041],[142.58479,-31.07043],[142.75538,-31.07009],[142.72651,-31.51448],[142.89173,-31.73234],[142.85761,-31.8234],[142.72774,-31.82404],[142.37189,-32.1224],[142.26022,-32.36828],[142.11149,-32.3674],[142.09819,-32.52508],[142.24836,-32.61053],[142.23648,-32.7548],[142.38797,-32.7693],[142.34665,-32.8926],[142.42448,-33.00521],[142.54799,-33.01713],[142.51554,-32.84744],[142.94436,-32.89052],[142.96464,-32.74852],[143.27122,-32.78022],[143.43244,-32.80843],[143.41698,-32.90748],[143.67181,-32.94075],[143.57282,-33.01242],[143.55247,-33.14047],[144.25143,-33.15506],[144.23626,-33.24982],[144.3687,-33.28267]]]}},{"type":"Feature","properties":{"id":"central-desert","name":"Central Desert","level":2,"centroid":[133.4996,-21.072],"bbox":[129.0005,-24.1988,137.9988,-17.9452]},"geometry":{"type":"Polygon","coordinates":[[[137.99761,-21.92923],[137.68146,-21.92924],[137.68145,-21.99841],[136.4029,-21.98882],[136.1506,-22.16543],[135.97988,-22.16544],[135.97991,-22.54744],[135.89902,-22.58084],[135.60743,-22.55183],[135.46705,-22.45182],[135.40059,-22.54808],[135.14974,-22.54854],[135.152,-22.16397],[134.88538,-22.16548],[134.88539,-22.48155],[134.62729,-22.48156],[134.61655,-22.29718],[134.53105,-22.29718],[134.60915,-22.04489],[134.37071,-21.84618],[134.37201,-21.69973],[133.7913,-21.69719],[133.89077,-21.56832],[133.77154,-21.56831],[133.77152,-21.40843],[133.66042,-21.40765],[133.6572,-20.7229],[133.32644,-20.72286],[133.32643,-21.19474],[133.16106,-21.19473],[133.16107,-21.07719],[132.75563,-21.0772],[132.75625,-20.85285],[132.02518,-20.25742],[132.02188,-18.32408],[130.63544,-18.3233],[130.63543,-17.94524],[130.12346,-17.94524],[130.12345,-18.68266],[129.00049,-18.68258],[129.00052,-23.0209],[131.89019,-23.0171],[131.89017,-22.91206],[132.06738,-22.91205],[132.06734,-22.85393],[132.30513,-22.85393],[132.30513,-23.01824],[133.83535,-23.01867],[133.88166,-23.09947],[134.12554,-23.09901],[134.12571,-23.59757],[134.59874,-23.55421],[134.59882,-23.4438],[134.95159,-23.48603],[134.95159,-23.3094],[135.19446,-23.37532],[135.26572,-23.55242],[135.37763,-23.61673],[135.4209,-23.49666],[135.65996,-23.49467],[135.66001,-23.75918],[135.77632,-23.83013],[135.99757,-24.1988],[136.61087,-23.88694],[137.99876,-23.87195],[137.99761,-21.92923]]]}},{"type":"Feature","properties":{"id":"central-goldfields","name":"Central Goldfields","level":2,"centroid":[143.7386,-36.9782],"bbox":[143.4634,-37.2353,144.0138,-36.7211]},"geometry":{"type":"Polygon","coordinates":[[[143.47198,-36.93682],[143.54246,-36.94922],[143.58196,-36.9451],[143.59353,-36.95617],[143.57468,-36.96899],[143.5758,-36.98152],[143.60367,-36.98992],[143.60203,-36.9995],[143.57975,-37.00941],[143.57569,-37.03183],[143.56253,-37.0336],[143.55202,-37.09414],[143.56527,-37.09564],[143.56273,-37.11651],[143.57813,-37.11512],[143.58295,-37.13192],[143.55192,-37.15873],[143.54983,-37.17625],[143.58542,-37.18454],[143.58229,-37.20172],[143.64065,-37.2083],[143.63641,-37.23082],[143.71367,-37.23034],[143.72702,-37.21366],[143.7589,-37.23309],[143.8202,-37.23521],[143.82207,-37.22593],[143.85844,-37.23533],[143.87501,-37.18639],[143.95153,-37.19385],[143.96266,-37.17652],[143.95519,-37.13988],[143.96464,-37.10076],[144.01379,-37.074],[143.97345,-37.02936],[143.89571,-37.02356],[143.8997,-37.00054],[143.88229,-36.99856],[143.88425,-36.98631],[143.83064,-36.98072],[143.83642,-36.96326],[143.85989,-36.94995],[143.84652,-36.92804],[143.86722,-36.90696],[143.85583,-36.90002],[143.85853,-36.88578],[143.75685,-36.86778],[143.75886,-36.84293],[143.7178,-36.83757],[143.67913,-36.81584],[143.66964,-36.72369],[143.63243,-36.7211],[143.62842,-36.73577],[143.57379,-36.72901],[143.56853,-36.74179],[143.49544,-36.74084],[143.49565,-36.75542],[143.46336,-36.75534],[143.5069,-36.8079],[143.49878,-36.82657],[143.51102,-36.85856],[143.50202,-36.8871],[143.46739,-36.91147],[143.47198,-36.93682]]]}},{"type":"Feature","properties":{"id":"central-highlands-qld","name":"Central Highlands (Qld)","level":2,"centroid":[148.3119,-24.0633],"bbox":[146.5725,-25.4724,150.0513,-22.6542]},"geometry":{"type":"Polygon","coordinates":[[[149.986,-23.75419],[149.89364,-23.58363],[149.75491,-23.62545],[149.76274,-23.47662],[149.61703,-23.50833],[149.76807,-23.40287],[149.67801,-23.21455],[149.70981,-23.09594],[149.48157,-23.11314],[149.36307,-22.8762],[149.19921,-23.0499],[148.97616,-23.09453],[149.00634,-23.16668],[148.85578,-23.26592],[148.86565,-23.35608],[148.71345,-23.35262],[148.61867,-23.53581],[148.52692,-23.55248],[148.57049,-23.37928],[148.51217,-23.28901],[148.62443,-23.14897],[148.54191,-22.87729],[148.32506,-22.94982],[148.27506,-22.87558],[148.37142,-22.79054],[148.34314,-22.7254],[148.17615,-22.79033],[148.01309,-22.65424],[147.26076,-23.21012],[147.18332,-24.08573],[146.95638,-24.16358],[146.80211,-24.40677],[146.57247,-24.41283],[146.75792,-24.66335],[146.88701,-24.59669],[146.90339,-24.80518],[147.13663,-24.88287],[147.48071,-24.87776],[147.82444,-24.73508],[148.30558,-25.21228],[148.74526,-25.27971],[148.7259,-25.40084],[148.90044,-25.47244],[148.97868,-25.31087],[148.81736,-25.07141],[148.86054,-24.89467],[149.03753,-24.87788],[149.10858,-25.14049],[149.18222,-25.00548],[149.27365,-25.06404],[149.33736,-24.98578],[149.4501,-25.00125],[149.53371,-24.7766],[149.61187,-24.88918],[149.78739,-24.54508],[149.65186,-24.1655],[149.82883,-24.16502],[149.84317,-23.95444],[150.05125,-23.90193],[149.986,-23.75419]],[[149.49508,-23.98786],[149.50241,-24.16135],[149.37256,-24.2404],[149.49508,-23.98786]]]}},{"type":"Feature","properties":{"id":"central-highlands-tas","name":"Central Highlands (Tas.)","level":2,"centroid":[146.6394,-42.1974],"bbox":[145.9998,-42.6927,147.2789,-41.7021]},"geometry":{"type":"Polygon","coordinates":[[[146.76931,-41.72667],[146.74487,-41.71808],[146.72596,-41.73943],[146.7148,-41.71388],[146.69118,-41.73287],[146.64946,-41.73044],[146.64729,-41.74674],[146.62799,-41.73692],[146.623,-41.75767],[146.50341,-41.73091],[146.39073,-41.7437],[146.35021,-41.77614],[146.39126,-41.82654],[146.35113,-41.90718],[146.05049,-41.97454],[146.01492,-42.00531],[146.02343,-42.03943],[145.99976,-42.06689],[146.10695,-42.30529],[146.09709,-42.35874],[146.11496,-42.38062],[146.09954,-42.40254],[146.13386,-42.4146],[146.07801,-42.48711],[146.51491,-42.65631],[146.64634,-42.65438],[146.72593,-42.68565],[146.79404,-42.6696],[146.88278,-42.68014],[146.88774,-42.66652],[146.91247,-42.6927],[146.95337,-42.6684],[147.02115,-42.6666],[147.03971,-42.63445],[147.01174,-42.60714],[147.05253,-42.57365],[147.02198,-42.54118],[147.01591,-42.49832],[147.07024,-42.50579],[147.12552,-42.44916],[147.1669,-42.45173],[147.17911,-42.41669],[147.14819,-42.39307],[147.17492,-42.39011],[147.17525,-42.35372],[147.23931,-42.32974],[147.1828,-42.26274],[147.23522,-42.24477],[147.18946,-42.21524],[147.2708,-42.2194],[147.25649,-42.12158],[147.27894,-42.11873],[147.23285,-42.07634],[147.16405,-41.91643],[147.14,-41.93901],[147.08164,-41.93962],[146.99974,-41.89847],[146.97488,-41.84317],[146.91659,-41.84274],[146.85422,-41.81228],[146.84712,-41.79882],[146.86856,-41.79123],[146.81786,-41.75958],[146.85047,-41.75209],[146.8229,-41.7021],[146.76931,-41.72667]]]}},{"type":"Feature","properties":{"id":"cessnock","name":"Cessnock","level":2,"centroid":[151.2124,-32.8938],"bbox":[150.8013,-33.1388,151.6236,-32.6488]},"geometry":{"type":"Polygon","coordinates":[[[151.33155,-33.06222],[151.3411,-33.04335],[151.37384,-33.03835],[151.38625,-33.00631],[151.44756,-32.99278],[151.46403,-32.96791],[151.51673,-32.96655],[151.51382,-32.9234],[151.53681,-32.90044],[151.54112,-32.87226],[151.60938,-32.88026],[151.62357,-32.81032],[151.60768,-32.80797],[151.6108,-32.79218],[151.54166,-32.78291],[151.53774,-32.80112],[151.52061,-32.79851],[151.52523,-32.77706],[151.48944,-32.77534],[151.4946,-32.75173],[151.46296,-32.74674],[151.46686,-32.72812],[151.44951,-32.72578],[151.44593,-32.74284],[151.42045,-32.73936],[151.42348,-32.72353],[151.40051,-32.70283],[151.40306,-32.66293],[151.37445,-32.65269],[151.34042,-32.64881],[151.31711,-32.70982],[151.27649,-32.70421],[151.268,-32.74707],[151.2137,-32.74382],[151.20881,-32.75392],[151.22497,-32.76619],[151.21789,-32.7819],[151.09228,-32.83069],[151.08547,-32.8671],[151.06248,-32.86911],[151.06718,-32.89299],[151.00609,-32.95363],[150.9007,-32.92943],[150.84852,-32.93123],[150.83669,-32.91877],[150.81127,-32.92439],[150.8248,-32.94422],[150.80857,-32.97679],[150.81945,-32.99227],[150.8013,-33.00063],[150.8301,-33.03305],[150.85532,-33.03259],[150.84704,-33.09806],[150.85875,-33.09412],[150.88455,-33.11901],[150.92411,-33.11109],[150.9659,-33.12988],[151.03516,-33.12405],[151.05214,-33.0802],[151.08395,-33.07524],[151.20263,-33.13885],[151.26173,-33.09893],[151.26644,-33.05758],[151.30484,-33.04371],[151.33155,-33.06222]]]}},{"type":"Feature","properties":{"id":"chapman-valley","name":"Chapman Valley","level":2,"centroid":[115.0277,-28.2725],"bbox":[114.5596,-28.727,115.4958,-27.8179]},"geometry":{"type":"Polygon","coordinates":[[[115.31968,-27.81794],[115.25935,-27.81794],[115.25182,-27.93717],[115.12898,-27.93758],[115.05889,-27.95299],[115.02089,-28.1609],[114.98935,-28.16872],[114.98396,-28.21685],[114.76943,-28.21704],[114.7694,-28.26278],[114.79173,-28.26279],[114.79603,-28.27551],[114.796,-28.33874],[114.78205,-28.37248],[114.74646,-28.39485],[114.74251,-28.42188],[114.72407,-28.42189],[114.72411,-28.43733],[114.67956,-28.4374],[114.67885,-28.48092],[114.62724,-28.49577],[114.63066,-28.53729],[114.58322,-28.52056],[114.55963,-28.5442],[114.61269,-28.66555],[114.66725,-28.67257],[114.66622,-28.70843],[114.69276,-28.70429],[114.69191,-28.72702],[114.74762,-28.72607],[114.75564,-28.68444],[114.73837,-28.68659],[114.7388,-28.65336],[114.76142,-28.64806],[114.96625,-28.63486],[114.96626,-28.64459],[115.0259,-28.64459],[115.02591,-28.65546],[115.06637,-28.65035],[115.08947,-28.59536],[115.11073,-28.58186],[115.12168,-28.5887],[115.14293,-28.55706],[115.169,-28.55239],[115.17805,-28.50204],[115.21216,-28.49331],[115.19044,-28.4514],[115.2415,-28.44126],[115.24887,-28.46596],[115.26824,-28.46191],[115.28785,-28.44373],[115.285,-28.42232],[115.35445,-28.41148],[115.37675,-28.34645],[115.43405,-28.32051],[115.44841,-28.29182],[115.44539,-28.26163],[115.47873,-28.23905],[115.49583,-28.20623],[115.41634,-28.21735],[115.4162,-28.19621],[115.40476,-28.1963],[115.40495,-28.00321],[115.32099,-28.00212],[115.32099,-27.93744],[115.35522,-27.93779],[115.3552,-27.89748],[115.31967,-27.89748],[115.31968,-27.81794]]]}},{"type":"Feature","properties":{"id":"charles-sturt","name":"Charles Sturt","level":2,"centroid":[138.5319,-34.9007],"bbox":[138.4758,-34.9514,138.5879,-34.8499]},"geometry":{"type":"Polygon","coordinates":[[[138.58793,-34.89918],[138.58425,-34.89695],[138.58357,-34.88901],[138.57619,-34.8895],[138.57595,-34.88597],[138.56695,-34.88646],[138.5576,-34.88078],[138.55721,-34.87194],[138.54821,-34.87238],[138.54672,-34.85057],[138.52895,-34.8514],[138.5291,-34.85548],[138.52378,-34.85573],[138.52337,-34.85999],[138.52021,-34.86276],[138.52166,-34.8646],[138.51933,-34.86576],[138.51832,-34.86509],[138.51685,-34.8664],[138.51887,-34.86979],[138.50296,-34.85919],[138.50217,-34.85252],[138.47581,-34.84995],[138.47607,-34.85675],[138.47831,-34.86686],[138.48586,-34.89119],[138.49327,-34.92089],[138.49782,-34.93468],[138.49788,-34.93788],[138.50301,-34.95136],[138.50844,-34.95102],[138.50765,-34.93687],[138.50944,-34.93562],[138.50812,-34.93497],[138.50631,-34.92209],[138.51117,-34.92174],[138.51704,-34.92509],[138.52047,-34.92188],[138.52047,-34.92069],[138.52537,-34.91763],[138.53504,-34.91855],[138.53677,-34.91764],[138.53617,-34.9163],[138.53926,-34.91652],[138.54087,-34.91509],[138.54237,-34.91593],[138.54187,-34.91736],[138.54268,-34.91771],[138.54486,-34.91701],[138.54508,-34.9147],[138.54771,-34.91485],[138.54771,-34.91374],[138.55048,-34.91357],[138.55161,-34.91481],[138.55423,-34.91393],[138.55391,-34.91257],[138.55557,-34.91095],[138.56158,-34.91234],[138.56706,-34.91082],[138.56971,-34.91155],[138.57103,-34.91016],[138.577,-34.90916],[138.58793,-34.89918]]]}},{"type":"Feature","properties":{"id":"charters-towers","name":"Charters Towers","level":2,"centroid":[145.8165,-20.2093],"bbox":[144.2852,-22.1048,147.3477,-18.3137]},"geometry":{"type":"Polygon","coordinates":[[[146.03146,-22.1048],[146.07208,-21.99723],[146.20139,-22.00757],[146.21139,-21.90848],[146.06919,-21.8088],[146.09345,-21.50993],[146.3467,-21.51811],[146.39598,-21.66318],[146.4839,-21.68028],[146.49231,-21.56647],[146.83389,-21.64321],[146.96613,-21.27873],[146.866,-21.19119],[146.85223,-20.81132],[146.9612,-20.74018],[146.97601,-20.61968],[147.15612,-20.65171],[147.27687,-20.55622],[147.34773,-20.39679],[147.19934,-20.37493],[146.90272,-20.06708],[146.9302,-19.78311],[146.53998,-19.68642],[146.56453,-19.40176],[146.40484,-19.29084],[146.37359,-19.1203],[146.17524,-19.01281],[146.15417,-18.9229],[145.77518,-18.81721],[145.8441,-18.59246],[145.73783,-18.45281],[145.49971,-18.46239],[145.49417,-18.57701],[145.38396,-18.57034],[145.26789,-18.35503],[145.16661,-18.34676],[145.13278,-18.57811],[144.96888,-18.46913],[144.87826,-18.51799],[144.85523,-18.36959],[144.68704,-18.3137],[144.65163,-18.62655],[144.76415,-18.63845],[144.80843,-18.76958],[144.69931,-19.00391],[144.83244,-19.16088],[144.5915,-19.37972],[144.47458,-19.37069],[144.46815,-19.44739],[144.35173,-19.42391],[144.30256,-19.49738],[144.28519,-19.57328],[144.42564,-19.61086],[144.39575,-19.93455],[144.77557,-20.06654],[144.82038,-20.33247],[145.09733,-20.62774],[145.18937,-20.63376],[145.16372,-20.97028],[145.22736,-20.97476],[145.17303,-21.06178],[145.25634,-21.17452],[145.26201,-21.45823],[145.46477,-21.46143],[145.53284,-21.65824],[145.67848,-21.66818],[145.66118,-22.04114],[146.03146,-22.1048]]]}},{"type":"Feature","properties":{"id":"cherbourg","name":"Cherbourg","level":2,"centroid":[151.9328,-26.2875],"bbox":[151.8864,-26.3187,151.9792,-26.2563]},"geometry":{"type":"Polygon","coordinates":[[[151.97685,-26.29705],[151.97863,-26.29257],[151.97362,-26.28934],[151.97204,-26.28909],[151.96901,-26.29093],[151.96659,-26.29496],[151.96137,-26.29267],[151.95868,-26.288],[151.96402,-26.27715],[151.96898,-26.2759],[151.97046,-26.26887],[151.9696,-26.26806],[151.96719,-26.26706],[151.96334,-26.26815],[151.95939,-26.2673],[151.95395,-26.26206],[151.95414,-26.27168],[151.95236,-26.2734],[151.94614,-26.27412],[151.94506,-26.27513],[151.94142,-26.27262],[151.93848,-26.27259],[151.93801,-26.2714],[151.94295,-26.26512],[151.94761,-26.26222],[151.94619,-26.26067],[151.94483,-26.26094],[151.93982,-26.25629],[151.93652,-26.25923],[151.93689,-26.26237],[151.93458,-26.26427],[151.93133,-26.26474],[151.92529,-26.26251],[151.92443,-26.25847],[151.92227,-26.25703],[151.91692,-26.26234],[151.91572,-26.26561],[151.91425,-26.26516],[151.91436,-26.26749],[151.9177,-26.27394],[151.9166,-26.28011],[151.91431,-26.28084],[151.90614,-26.27617],[151.90369,-26.2762],[151.90082,-26.27959],[151.89813,-26.29327],[151.89116,-26.29534],[151.88812,-26.29785],[151.88645,-26.30139],[151.88775,-26.30228],[151.96737,-26.31168],[151.96922,-26.31869],[151.97915,-26.31483],[151.97665,-26.31421],[151.97789,-26.31292],[151.97186,-26.31221],[151.97503,-26.30705],[151.9706,-26.30677],[151.97513,-26.29713],[151.97685,-26.29705]]]}},{"type":"Feature","properties":{"id":"chittering","name":"Chittering","level":2,"centroid":[116.0513,-31.3583],"bbox":[115.8552,-31.6276,116.2475,-31.089]},"geometry":{"type":"Polygon","coordinates":[[[116.04839,-31.089],[116.05334,-31.12293],[116.05175,-31.14878],[116.05619,-31.16958],[116.04545,-31.19416],[116.04298,-31.21002],[116.03879,-31.21534],[116.03738,-31.22905],[116.04093,-31.23911],[116.03854,-31.24769],[116.04282,-31.27475],[116.0325,-31.29997],[116.02306,-31.30631],[116.02906,-31.31781],[116.02888,-31.32183],[116.01163,-31.33931],[116.00773,-31.34022],[116.00685,-31.35165],[115.96758,-31.35161],[115.9693,-31.37884],[115.97176,-31.37889],[115.97176,-31.38282],[115.98868,-31.38283],[115.98868,-31.39186],[115.99893,-31.39537],[115.99892,-31.4746],[115.9351,-31.47376],[115.93587,-31.47605],[115.92516,-31.47605],[115.92379,-31.47139],[115.85579,-31.47431],[115.8552,-31.57366],[115.85984,-31.57361],[115.85958,-31.62716],[115.98519,-31.62763],[115.9852,-31.62419],[115.99316,-31.62418],[115.98494,-31.6028],[116.01093,-31.6025],[116.00934,-31.60022],[116.02376,-31.60225],[116.02385,-31.5986],[116.03556,-31.60032],[116.03556,-31.59718],[116.0544,-31.5972],[116.0544,-31.60027],[116.1024,-31.59946],[116.10263,-31.59789],[116.15074,-31.60017],[116.15078,-31.55176],[116.15249,-31.55179],[116.1526,-31.54635],[116.15078,-31.54632],[116.15075,-31.52758],[116.16582,-31.52765],[116.16519,-31.35431],[116.24558,-31.3541],[116.24477,-31.21614],[116.24746,-31.18067],[116.23869,-31.18055],[116.23867,-31.17805],[116.23451,-31.17803],[116.23461,-31.11583],[116.23192,-31.11598],[116.23208,-31.10908],[116.22545,-31.10912],[116.22556,-31.10235],[116.22129,-31.10228],[116.2213,-31.08899],[116.04839,-31.089]]]}},{"type":"Feature","properties":{"id":"circular-head","name":"Circular Head","level":2,"centroid":[145.0853,-41.0281],"bbox":[144.6073,-41.6675,145.5633,-40.3887]},"geometry":{"type":"MultiPolygon","coordinates":[[[[144.83571,-40.44431],[144.89664,-40.48384],[144.96989,-40.42576],[144.95462,-40.39122],[144.88716,-40.38866],[144.83571,-40.44431]]],[[[144.86846,-40.72389],[145.06789,-40.71435],[144.9294,-40.62231],[144.86846,-40.72389]]],[[[145.54505,-40.90697],[145.50546,-40.85148],[145.43538,-40.89426],[145.44605,-40.87122],[145.3919,-40.8497],[145.28764,-40.85093],[145.31288,-40.8352],[145.26615,-40.7979],[145.30868,-40.76416],[145.26045,-40.71233],[145.25899,-40.80575],[145.11044,-40.79428],[145.16716,-40.81899],[145.09138,-40.84769],[145.12168,-40.8386],[145.10855,-40.81441],[145.06529,-40.81922],[144.97961,-40.74344],[144.92913,-40.77541],[144.78552,-40.70846],[144.76602,-40.74361],[144.72645,-40.64155],[144.6924,-40.66342],[144.71319,-40.85329],[144.68583,-40.90559],[144.61175,-40.9357],[144.63285,-40.99383],[144.60735,-41.00877],[144.65982,-41.05327],[144.79904,-41.05748],[144.79913,-41.08952],[144.79541,-41.05429],[144.77522,-41.08428],[144.68397,-41.03847],[144.65935,-41.05734],[144.68353,-41.23482],[144.78298,-41.36741],[144.74589,-41.42148],[144.83958,-41.50555],[144.91824,-41.66755],[145.05058,-41.60129],[145.06763,-41.63605],[145.11594,-41.40599],[145.45509,-41.09409],[145.43735,-41.07898],[145.56326,-40.92533],[145.54505,-40.90697]]],[[[144.78665,-40.40075],[144.75596,-40.48563],[144.71064,-40.48459],[144.75754,-40.60597],[144.78665,-40.40075]]]]}},{"type":"Feature","properties":{"id":"clare-and-gilbert-valleys","name":"Clare and Gilbert Valleys","level":2,"centroid":[138.7534,-34.014],"bbox":[138.531,-34.3694,138.9758,-33.6587]},"geometry":{"type":"Polygon","coordinates":[[[138.5445,-33.65913],[138.54726,-33.75249],[138.54103,-33.76746],[138.54224,-33.78385],[138.54903,-33.79365],[138.53103,-33.79686],[138.57019,-33.95054],[138.59464,-33.94641],[138.57602,-34.04922],[138.56352,-34.07028],[138.5545,-34.14021],[138.58935,-34.14554],[138.60854,-34.14046],[138.62965,-34.16962],[138.63877,-34.19791],[138.63792,-34.21616],[138.65932,-34.212],[138.66816,-34.21759],[138.67071,-34.24311],[138.67747,-34.24914],[138.69106,-34.29818],[138.69771,-34.30553],[138.68257,-34.3428],[138.70474,-34.35846],[138.71818,-34.36098],[138.72194,-34.36944],[138.73843,-34.36861],[138.73972,-34.36161],[138.7606,-34.36557],[138.78649,-34.33669],[138.77943,-34.29827],[138.83703,-34.30058],[138.83969,-34.29656],[138.83834,-34.26619],[138.83273,-34.26396],[138.82723,-34.23827],[138.82789,-34.23121],[138.83901,-34.23168],[138.84087,-34.22098],[138.83191,-34.21969],[138.82818,-34.21176],[138.83582,-34.21241],[138.83838,-34.19348],[138.90295,-34.18755],[138.90913,-34.1978],[138.97161,-34.19363],[138.9758,-34.18369],[138.96174,-34.17531],[138.96721,-34.16058],[138.95896,-34.07367],[138.96504,-34.00468],[138.95847,-33.96643],[138.91648,-33.96256],[138.90815,-33.89877],[138.91352,-33.8966],[138.9159,-33.88141],[138.92736,-33.87878],[138.9148,-33.87391],[138.89813,-33.85449],[138.81427,-33.84988],[138.72157,-33.8371],[138.72863,-33.82073],[138.73364,-33.7711],[138.69748,-33.65865],[138.5445,-33.65913]]]}},{"type":"Feature","properties":{"id":"claremont","name":"Claremont","level":2,"centroid":[115.7794,-31.9813],"bbox":[115.7662,-31.9935,115.7927,-31.969]},"geometry":{"type":"Polygon","coordinates":[[[115.78694,-31.9915],[115.78839,-31.9915],[115.78844,-31.99158],[115.78978,-31.99161],[115.79267,-31.99161],[115.79266,-31.98879],[115.78879,-31.98879],[115.78834,-31.98864],[115.79032,-31.98647],[115.79107,-31.98643],[115.79108,-31.98135],[115.79137,-31.98129],[115.79136,-31.9758],[115.79146,-31.97571],[115.79136,-31.97562],[115.79137,-31.97227],[115.7915,-31.97145],[115.79159,-31.96901],[115.77938,-31.969],[115.77885,-31.96909],[115.77745,-31.96979],[115.77695,-31.96994],[115.77333,-31.96995],[115.7728,-31.97003],[115.7717,-31.9703],[115.7717,-31.97386],[115.76757,-31.97387],[115.76711,-31.97367],[115.76698,-31.97369],[115.76696,-31.98148],[115.76685,-31.982],[115.76684,-31.9846],[115.76861,-31.98338],[115.77181,-31.98251],[115.77178,-31.98662],[115.77101,-31.98698],[115.76935,-31.98794],[115.76844,-31.98914],[115.76712,-31.99204],[115.7662,-31.99338],[115.77153,-31.99345],[115.77163,-31.99353],[115.77165,-31.99345],[115.7729,-31.99347],[115.77306,-31.9927],[115.77273,-31.99188],[115.77273,-31.99155],[115.77293,-31.99095],[115.77292,-31.99063],[115.77313,-31.9899],[115.77344,-31.98948],[115.7738,-31.9892],[115.77485,-31.98878],[115.77597,-31.98851],[115.77742,-31.98837],[115.77861,-31.98841],[115.77958,-31.98874],[115.77995,-31.98872],[115.78182,-31.98907],[115.78242,-31.98911],[115.78298,-31.98933],[115.78413,-31.9901],[115.78577,-31.99064],[115.78662,-31.99102],[115.78694,-31.9915]]]}},{"type":"Feature","properties":{"id":"clarence","name":"Clarence","level":2,"centroid":[147.448,-42.8616],"bbox":[147.2833,-43.0465,147.6127,-42.6767]},"geometry":{"type":"Polygon","coordinates":[[[147.29257,-42.79087],[147.28334,-42.80278],[147.35861,-42.84864],[147.35241,-42.87576],[147.4047,-42.88428],[147.41733,-42.90884],[147.40898,-42.93883],[147.42141,-42.93974],[147.43513,-42.90864],[147.4855,-42.91297],[147.49143,-42.92713],[147.46476,-42.92344],[147.44606,-42.96451],[147.44538,-42.97838],[147.46534,-42.97016],[147.47849,-42.98209],[147.46881,-43.0267],[147.4301,-43.02756],[147.40376,-42.97757],[147.40879,-42.9629],[147.39199,-42.97569],[147.40408,-42.98453],[147.39704,-43.00667],[147.41548,-43.02037],[147.40839,-43.04646],[147.52074,-43.02109],[147.52375,-42.99271],[147.55382,-42.98608],[147.54181,-42.9593],[147.52766,-42.962],[147.53921,-42.9749],[147.52867,-42.98516],[147.50915,-42.9673],[147.51647,-42.95212],[147.53867,-42.96163],[147.53051,-42.9313],[147.49497,-42.91127],[147.51108,-42.87606],[147.50311,-42.86535],[147.56301,-42.83814],[147.61266,-42.84459],[147.57804,-42.825],[147.52225,-42.82797],[147.51316,-42.81131],[147.48119,-42.82677],[147.4717,-42.8207],[147.48541,-42.80793],[147.45935,-42.80912],[147.4341,-42.77556],[147.45905,-42.77684],[147.44779,-42.75616],[147.48918,-42.77001],[147.46652,-42.73155],[147.47342,-42.71659],[147.47991,-42.70614],[147.51428,-42.71427],[147.5235,-42.70004],[147.44607,-42.67667],[147.38562,-42.68441],[147.39217,-42.70864],[147.34521,-42.74453],[147.32966,-42.73366],[147.32597,-42.7809],[147.30734,-42.79807],[147.29257,-42.79087]]]}},{"type":"Feature","properties":{"id":"clarence-valley","name":"Clarence Valley","level":2,"centroid":[152.7725,-29.6974],"bbox":[152.1684,-30.4189,153.3767,-28.9759]},"geometry":{"type":"Polygon","coordinates":[[[152.42808,-30.41888],[152.48464,-30.39078],[152.48048,-30.33248],[152.55501,-30.28091],[152.56123,-30.23363],[152.65538,-30.2553],[152.69775,-30.22359],[152.69299,-30.189],[152.80346,-30.18955],[152.80812,-30.12569],[152.91771,-30.15433],[152.9342,-30.12374],[152.97336,-30.12987],[152.96903,-30.08723],[153.01761,-30.09645],[153.04433,-30.04424],[153.0903,-30.04698],[153.09418,-29.99578],[153.14425,-29.98049],[153.13371,-29.93463],[153.23516,-29.89711],[153.26178,-29.93993],[153.36885,-29.48404],[153.37667,-29.36547],[153.34027,-29.3204],[153.35981,-29.2637],[153.31769,-29.23959],[153.20709,-29.24178],[153.2067,-29.26336],[153.14304,-29.2425],[153.14438,-29.28184],[153.11138,-29.27418],[153.10051,-29.31701],[153.02068,-29.34297],[152.91416,-29.31068],[152.81276,-29.31714],[152.80864,-29.23593],[152.718,-29.18225],[152.75318,-29.08405],[152.72073,-29.0796],[152.66459,-29.00451],[152.46261,-28.97589],[152.45984,-29.03158],[152.42378,-29.03663],[152.4439,-29.03974],[152.41898,-29.08103],[152.45501,-29.08901],[152.41381,-29.16124],[152.41412,-29.22888],[152.35165,-29.24881],[152.29828,-29.30743],[152.33152,-29.34182],[152.45217,-29.35906],[152.38879,-29.4453],[152.41246,-29.50687],[152.3545,-29.54546],[152.33613,-29.64076],[152.28097,-29.66556],[152.26448,-29.75076],[152.21356,-29.76257],[152.16836,-29.85352],[152.19242,-29.8766],[152.28196,-29.85671],[152.27242,-29.95156],[152.31709,-30.00593],[152.27944,-30.09933],[152.31048,-30.2008],[152.3504,-30.23517],[152.35179,-30.35535],[152.42808,-30.41888]]]}},{"type":"Feature","properties":{"id":"cleve","name":"Cleve","level":2,"centroid":[136.2889,-33.6603],"bbox":[135.9069,-33.993,136.671,-33.3275]},"geometry":{"type":"Polygon","coordinates":[[[135.90811,-33.33118],[135.90692,-33.48765],[135.9081,-33.78571],[135.90757,-33.8502],[135.93056,-33.8502],[135.93037,-33.98669],[136.24071,-33.98709],[136.49564,-33.986],[136.49561,-33.99297],[136.49749,-33.9926],[136.50383,-33.98939],[136.51225,-33.98073],[136.52238,-33.97479],[136.52623,-33.9715],[136.52998,-33.96979],[136.53683,-33.96449],[136.55246,-33.95652],[136.5526,-33.95419],[136.55461,-33.95086],[136.5561,-33.9497],[136.56208,-33.94713],[136.57127,-33.94533],[136.57705,-33.94164],[136.57802,-33.93861],[136.57646,-33.93808],[136.57619,-33.93665],[136.57811,-33.93182],[136.57669,-33.93108],[136.57455,-33.9311],[136.57325,-33.9296],[136.57308,-33.92786],[136.57228,-33.92704],[136.5722,-33.92302],[136.57464,-33.91802],[136.58016,-33.91306],[136.58322,-33.91231],[136.58389,-33.91323],[136.58483,-33.91315],[136.58516,-33.91412],[136.58599,-33.91393],[136.58505,-33.91224],[136.58596,-33.91113],[136.58604,-33.90804],[136.58913,-33.90444],[136.58978,-33.90211],[136.59269,-33.89955],[136.60086,-33.89682],[136.61141,-33.89537],[136.61623,-33.89352],[136.62164,-33.88998],[136.62522,-33.88904],[136.63601,-33.88735],[136.64475,-33.88731],[136.65342,-33.88235],[136.65983,-33.88053],[136.66453,-33.88031],[136.67083,-33.87741],[136.67098,-33.32753],[136.32535,-33.32977],[135.90811,-33.33118]]]}},{"type":"Feature","properties":{"id":"cloncurry","name":"Cloncurry","level":2,"centroid":[140.2712,-20.7003],"bbox":[139.2326,-22.3742,141.3097,-19.0264]},"geometry":{"type":"Polygon","coordinates":[[[141.18286,-22.24961],[141.19864,-22.05516],[141.29435,-22.06187],[141.30968,-21.93966],[140.99384,-21.89385],[140.9809,-22.05289],[140.88241,-22.04802],[140.86502,-21.80973],[140.95926,-21.62547],[140.80014,-21.41958],[140.88246,-21.22501],[140.80496,-21.19446],[140.86472,-21.09907],[140.8314,-20.87367],[140.96077,-20.63409],[141.07785,-20.64518],[141.01359,-20.42959],[141.08125,-20.31384],[140.90849,-20.29915],[140.99704,-20.22355],[140.7835,-20.02348],[140.89932,-19.93203],[140.88635,-19.76392],[140.73943,-19.66689],[140.94245,-19.64015],[141.01505,-19.55681],[140.99735,-19.25831],[140.91784,-19.11625],[140.81737,-19.18726],[140.71124,-19.06655],[139.91155,-19.02644],[140.06632,-19.56716],[139.77738,-19.57838],[139.78512,-19.46007],[139.48624,-19.43564],[139.47002,-19.71929],[139.53273,-19.72459],[139.51417,-19.82331],[139.80611,-19.80798],[139.73327,-20.23313],[139.97071,-20.21299],[139.94347,-20.39557],[140.0329,-20.53523],[139.87823,-20.43598],[139.90914,-20.62312],[139.74339,-20.6666],[139.72339,-20.90583],[139.55327,-20.90098],[139.53565,-21.27589],[139.37715,-21.27236],[139.37406,-21.39424],[139.23675,-21.50235],[139.23264,-21.63269],[139.32302,-21.72608],[139.2679,-21.8721],[139.49454,-22.14467],[139.38932,-22.23387],[139.62302,-22.29072],[139.62793,-22.22054],[139.84157,-22.17114],[139.88507,-22.24285],[140.06236,-22.25461],[140.0412,-22.32685],[140.36304,-22.37416],[140.53147,-22.13545],[140.70725,-22.33502],[140.84357,-22.16174],[140.92519,-22.23488],[141.18286,-22.24961]]]}},{"type":"Feature","properties":{"id":"cobar","name":"Cobar","level":2,"centroid":[145.3612,-31.9661],"bbox":[144.0167,-33.2762,146.7056,-30.656]},"geometry":{"type":"Polygon","coordinates":[[[146.34551,-30.85308],[146.30206,-30.79084],[146.23228,-30.82733],[146.125,-30.65603],[145.99229,-30.74784],[145.96887,-30.71213],[145.88815,-30.7421],[145.92093,-30.79409],[145.77914,-30.86238],[145.73439,-30.7955],[145.66077,-30.83085],[145.5646,-30.97991],[145.38418,-30.69686],[145.06327,-30.79861],[145.12595,-30.89124],[145.00958,-30.9261],[144.97995,-30.89401],[144.81429,-30.99306],[144.69942,-30.86793],[144.421,-30.93501],[144.32736,-31.08531],[144.24578,-31.05932],[144.01674,-31.24295],[144.32692,-31.61373],[144.40973,-31.55948],[144.51328,-31.67479],[144.24324,-31.85267],[144.30107,-31.9156],[144.1524,-31.99034],[144.1082,-31.94102],[144.03819,-31.98657],[144.14375,-32.10176],[144.21247,-32.05752],[144.37887,-32.31382],[144.43764,-32.27474],[144.59838,-32.46365],[144.67442,-32.42532],[144.66448,-32.4907],[144.89144,-32.55987],[144.98839,-32.5283],[144.95801,-32.72331],[145.15956,-32.74716],[145.24938,-32.72438],[145.25729,-32.67124],[145.34428,-32.68247],[145.33057,-32.76666],[145.41264,-32.77594],[145.46747,-32.72249],[145.55083,-32.7916],[145.55664,-32.73327],[145.59573,-32.73776],[145.58652,-32.79622],[145.67193,-32.80571],[145.64526,-33.0803],[146.03167,-33.09357],[146.09509,-33.27616],[146.30768,-33.18752],[146.42701,-33.221],[146.47408,-33.1105],[146.7056,-33.03004],[146.31965,-31.57258],[146.54826,-31.30215],[146.46655,-31.17992],[146.36594,-31.22932],[146.31471,-31.15204],[146.36357,-31.12235],[146.28511,-31.03176],[146.43783,-30.96051],[146.34551,-30.85308]]]}},{"type":"Feature","properties":{"id":"cockburn","name":"Cockburn","level":2,"centroid":[115.683,-32.0844],"bbox":[115.4498,-32.1814,115.9162,-31.9873]},"geometry":{"type":"MultiPolygon","coordinates":[[[[115.54106,-31.99403],[115.54322,-31.99044],[115.53966,-31.98817],[115.52813,-31.99038],[115.5259,-31.98733],[115.52151,-31.99171],[115.51135,-31.9876],[115.49344,-31.99598],[115.48737,-32.00113],[115.48517,-32.00814],[115.47725,-32.01375],[115.4569,-32.01572],[115.45398,-32.01842],[115.45588,-32.02016],[115.45003,-32.02202],[115.44979,-32.02617],[115.47025,-32.02224],[115.47692,-32.01585],[115.4947,-32.01945],[115.5076,-32.01295],[115.51746,-32.01605],[115.52031,-32.02422],[115.52765,-32.02762],[115.53166,-32.01494],[115.55118,-32.01246],[115.55838,-32.00457],[115.54528,-31.99998],[115.54106,-31.99403]]],[[[115.91618,-32.11532],[115.89064,-32.09207],[115.89212,-32.08223],[115.87563,-32.08212],[115.86686,-32.08546],[115.8669,-32.08139],[115.83514,-32.07967],[115.82523,-32.0739],[115.81729,-32.07722],[115.81587,-32.0745],[115.76564,-32.07455],[115.76111,-32.08212],[115.75785,-32.08212],[115.75784,-32.07817],[115.75007,-32.07995],[115.75886,-32.09636],[115.75571,-32.09712],[115.75593,-32.10073],[115.76262,-32.10793],[115.75997,-32.12313],[115.75414,-32.13066],[115.73735,-32.13494],[115.74377,-32.13814],[115.74778,-32.13474],[115.75541,-32.13548],[115.76216,-32.14048],[115.76157,-32.13846],[115.76539,-32.1396],[115.76648,-32.15235],[115.76024,-32.14481],[115.76168,-32.15085],[115.76595,-32.15328],[115.76652,-32.16056],[115.7627,-32.16157],[115.77045,-32.16709],[115.77493,-32.18138],[115.89864,-32.18023],[115.89692,-32.13612],[115.91618,-32.11532]]]]}},{"type":"Feature","properties":{"id":"coffs-harbour","name":"Coffs Harbour","level":2,"centroid":[153.0285,-30.173],"bbox":[152.7957,-30.4487,153.2613,-29.8973]},"geometry":{"type":"Polygon","coordinates":[[[153.0602,-30.44874],[153.07632,-30.43188],[153.08056,-30.40085],[153.10452,-30.37698],[153.11346,-30.3406],[153.15293,-30.30948],[153.14013,-30.30987],[153.15458,-30.30514],[153.13983,-30.29966],[153.14784,-30.27759],[153.14019,-30.25587],[153.16699,-30.19802],[153.20668,-30.15699],[153.19957,-30.14126],[153.21372,-30.10971],[153.19982,-30.10461],[153.20787,-30.06851],[153.19685,-30.04148],[153.26132,-29.9474],[153.25839,-29.92221],[153.24367,-29.91668],[153.23831,-29.89727],[153.2086,-29.90794],[153.2087,-29.91646],[153.18026,-29.91326],[153.1598,-29.93023],[153.15514,-29.92131],[153.15222,-29.93705],[153.13371,-29.93463],[153.14425,-29.98049],[153.12242,-29.97633],[153.10924,-29.99632],[153.09418,-29.99578],[153.09105,-30.01391],[153.10529,-30.01729],[153.0903,-30.04698],[153.06303,-30.03453],[153.04433,-30.04424],[153.05108,-30.06846],[153.03707,-30.07414],[153.03848,-30.08936],[153.01743,-30.08698],[153.01761,-30.09645],[152.96903,-30.08723],[152.97336,-30.12987],[152.9342,-30.12374],[152.91771,-30.15433],[152.8828,-30.12675],[152.85717,-30.14777],[152.82182,-30.14271],[152.82446,-30.13076],[152.80812,-30.12569],[152.80841,-30.14737],[152.79567,-30.15589],[152.8061,-30.17263],[152.80135,-30.19211],[152.83286,-30.21695],[152.85539,-30.25343],[152.83311,-30.27339],[152.82014,-30.26579],[152.81979,-30.30036],[152.86438,-30.32294],[152.96547,-30.3485],[152.95763,-30.38875],[153.0602,-30.44874]]]}},{"type":"Feature","properties":{"id":"colac-otway","name":"Colac Otway","level":2,"centroid":[143.5966,-38.44],"bbox":[143.2471,-38.8577,143.9461,-38.0224]},"geometry":{"type":"Polygon","coordinates":[[[143.62892,-38.02339],[143.61186,-38.05031],[143.63486,-38.08914],[143.60299,-38.09396],[143.59481,-38.10819],[143.55258,-38.10158],[143.5108,-38.12999],[143.46916,-38.12125],[143.47042,-38.18136],[143.45487,-38.19756],[143.43792,-38.18702],[143.40977,-38.20085],[143.42097,-38.22498],[143.40568,-38.24025],[143.41474,-38.25206],[143.43673,-38.23471],[143.44854,-38.24642],[143.43975,-38.25238],[143.47458,-38.25193],[143.4832,-38.26357],[143.45651,-38.28333],[143.45333,-38.30266],[143.43093,-38.3089],[143.42199,-38.34869],[143.32375,-38.32444],[143.28598,-38.33155],[143.27611,-38.34711],[143.28243,-38.36794],[143.26379,-38.44681],[143.32088,-38.45393],[143.3644,-38.49565],[143.34459,-38.49791],[143.3623,-38.52101],[143.34868,-38.5444],[143.2666,-38.5734],[143.29242,-38.61508],[143.26281,-38.6335],[143.27942,-38.65428],[143.24712,-38.68831],[143.2593,-38.7132],[143.25243,-38.74196],[143.28712,-38.75752],[143.3566,-38.75394],[143.42771,-38.78277],[143.51135,-38.85768],[143.55471,-38.85548],[143.61604,-38.7955],[143.66175,-38.78264],[143.68538,-38.73535],[143.84042,-38.69098],[143.94611,-38.5794],[143.82454,-38.56657],[143.85192,-38.54469],[143.85529,-38.52395],[143.83494,-38.51056],[143.87879,-38.27619],[143.83385,-38.29097],[143.85746,-38.1334],[143.80987,-38.12769],[143.82842,-38.09218],[143.8186,-38.08014],[143.82972,-38.02235],[143.62892,-38.02339]]]}},{"type":"Feature","properties":{"id":"collie","name":"Collie","level":2,"centroid":[116.1655,-33.2735],"bbox":[115.9186,-33.5525,116.4124,-32.9946]},"geometry":{"type":"Polygon","coordinates":[[[116.2089,-33.03036],[116.20908,-33.08504],[116.14691,-33.08487],[116.14477,-33.23187],[116.00854,-33.23192],[116.03121,-33.21295],[116.03123,-33.19118],[116.01578,-33.18295],[116.01034,-33.19021],[116.01471,-33.20175],[116.0024,-33.21081],[115.94659,-33.22173],[115.947,-33.28984],[115.9186,-33.28999],[115.91894,-33.33905],[115.92787,-33.34167],[115.92787,-33.34893],[115.91901,-33.34893],[115.91921,-33.37861],[115.937,-33.37806],[115.9392,-33.38884],[115.97982,-33.40163],[115.98316,-33.41177],[115.99259,-33.39905],[115.99461,-33.40982],[116.00358,-33.41371],[116.00519,-33.43172],[116.01811,-33.43036],[116.00555,-33.42197],[116.01021,-33.41283],[116.00509,-33.40571],[116.02008,-33.40324],[116.00913,-33.396],[116.01707,-33.38528],[116.00071,-33.36336],[116.02333,-33.34739],[116.04983,-33.35437],[116.05798,-33.3477],[116.05787,-33.36072],[116.0233,-33.36088],[116.02366,-33.44047],[116.06419,-33.44034],[116.0642,-33.48494],[116.13283,-33.4868],[116.13285,-33.51332],[116.19685,-33.51348],[116.27899,-33.55248],[116.29916,-33.55246],[116.28988,-33.52599],[116.26574,-33.49938],[116.32458,-33.50242],[116.32458,-33.49516],[116.33324,-33.49516],[116.33322,-33.47285],[116.38228,-33.45616],[116.38272,-33.34339],[116.3892,-33.34339],[116.40399,-33.19486],[116.4124,-33.19486],[116.40942,-32.99456],[116.35431,-32.99458],[116.35431,-33.01178],[116.28447,-33.01178],[116.28446,-33.03025],[116.2089,-33.03036]]]}},{"type":"Feature","properties":{"id":"coober-pedy","name":"Coober Pedy","level":2,"centroid":[134.7519,-29.0114],"bbox":[134.6941,-29.0517,134.8097,-28.971]},"geometry":{"type":"Polygon","coordinates":[[[134.78729,-28.99355],[134.7651,-28.98419],[134.73948,-28.97341],[134.73594,-28.97101],[134.69411,-28.98155],[134.70104,-29.00493],[134.7078,-29.02784],[134.7075,-29.05075],[134.77176,-29.05135],[134.78085,-29.05144],[134.79325,-29.05155],[134.80611,-29.05167],[134.8072,-29.05167],[134.80757,-29.05168],[134.80915,-29.05169],[134.80931,-29.03719],[134.8097,-29.00298],[134.79347,-28.99615],[134.78729,-28.99355]]]}},{"type":"Feature","properties":{"id":"cook","name":"Cook","level":2,"centroid":[143.4803,-13.6712],"bbox":[141.5832,-16.3438,145.3773,-10.9985]},"geometry":{"type":"Polygon","coordinates":[[[142.12868,-12.56699],[141.90998,-12.57532],[142.04127,-12.49839],[142.0406,-12.27925],[142.22005,-12.27843],[142.12624,-12.39807],[142.26332,-12.36797],[142.56948,-12.61663],[142.19577,-12.63847],[141.93758,-13.73326],[142.09313,-15.19024],[142.24008,-15.42313],[142.96145,-15.341],[142.62198,-16.01691],[144.09728,-16.13026],[144.24716,-16.34383],[144.99227,-16.31649],[145.07406,-15.96603],[145.33623,-15.95056],[145.37733,-15.84302],[145.26283,-15.46112],[145.03135,-15.37149],[145.1875,-15.12519],[145.14435,-14.8393],[144.68268,-14.55125],[144.51622,-14.16663],[144.33833,-14.30699],[144.19537,-14.26139],[144.03241,-14.48291],[143.82626,-14.44964],[143.53131,-13.75501],[143.59596,-13.41386],[143.31674,-13.48552],[143.391,-13.3351],[143.25165,-13.13822],[142.9805,-13.12044],[142.89359,-12.99284],[142.92168,-12.69996],[143.08693,-12.56534],[143.18637,-12.55142],[143.2353,-12.87306],[143.43892,-12.61338],[143.07858,-12.33747],[143.2434,-11.9678],[142.85637,-11.8455],[142.74577,-10.99854],[142.4016,-10.99853],[142.37258,-11.19666],[142.11623,-11.22465],[141.94108,-11.96008],[142.00859,-12.07598],[142.1036,-11.98343],[141.59144,-12.56407],[141.65406,-12.46149],[141.8969,-12.60494],[141.58317,-12.99671],[141.81335,-13.35692],[141.74387,-12.99923],[141.91359,-12.74333],[142.00866,-12.85914],[141.96399,-12.71104],[142.12868,-12.56699]]]}},{"type":"Feature","properties":{"id":"coolamon","name":"Coolamon","level":2,"centroid":[147.1368,-34.6003],"bbox":[146.7918,-34.9072,147.4818,-34.2934]},"geometry":{"type":"Polygon","coordinates":[[[146.82303,-34.31084],[146.80275,-34.42687],[146.79263,-34.44219],[146.79176,-34.47229],[146.91157,-34.48258],[146.84854,-34.8081],[146.85483,-34.80888],[146.8535,-34.8156],[146.8713,-34.8178],[146.86987,-34.82528],[146.90388,-34.82979],[146.90543,-34.82278],[146.95406,-34.82881],[146.95131,-34.84314],[146.95672,-34.84379],[146.9593,-34.82942],[147.08082,-34.84546],[147.0848,-34.8236],[147.09307,-34.82456],[147.09008,-34.84269],[147.09745,-34.84363],[147.09046,-34.88053],[147.22579,-34.89935],[147.22729,-34.89278],[147.32363,-34.90725],[147.34115,-34.89522],[147.35829,-34.8974],[147.37176,-34.86849],[147.39298,-34.86995],[147.39621,-34.85277],[147.38505,-34.8466],[147.40833,-34.8416],[147.41198,-34.7952],[147.42437,-34.79459],[147.45653,-34.76554],[147.4818,-34.70209],[147.47741,-34.66177],[147.46415,-34.64438],[147.46464,-34.62999],[147.44143,-34.63692],[147.41647,-34.65974],[147.37443,-34.65839],[147.33334,-34.57554],[147.33523,-34.56548],[147.10802,-34.53651],[147.12889,-34.42647],[147.0829,-34.42091],[147.08979,-34.40768],[147.08307,-34.40672],[147.08624,-34.38922],[147.09912,-34.39085],[147.10707,-34.34796],[147.09798,-34.34684],[147.10766,-34.31721],[147.05019,-34.29679],[146.97965,-34.31026],[146.97955,-34.29911],[146.93446,-34.29345],[146.91329,-34.29918],[146.91141,-34.30964],[146.8251,-34.299],[146.82303,-34.31084]]]}},{"type":"Feature","properties":{"id":"coolgardie","name":"Coolgardie","level":2,"centroid":[121.2046,-31.0144],"bbox":[120.0095,-31.868,122.3996,-30.1608]},"geometry":{"type":"Polygon","coordinates":[[[120.0139,-30.16112],[120.01124,-30.86909],[120.00971,-31.28224],[120.00948,-31.75937],[120.00968,-31.85448],[120.00967,-31.86667],[120.08335,-31.86699],[120.13071,-31.86716],[120.20966,-31.86742],[120.26755,-31.86758],[120.39386,-31.86783],[120.48333,-31.86794],[120.52544,-31.86797],[120.66228,-31.86796],[120.79911,-31.8678],[121.07279,-31.86705],[121.22013,-31.8667],[121.35692,-31.86667],[121.54055,-31.86674],[121.76439,-31.86667],[121.88304,-31.86667],[122.13625,-31.86689],[122.32977,-31.86678],[122.39776,-31.86667],[122.39847,-31.61613],[122.39965,-31.18032],[122.38067,-31.18053],[122.30772,-31.18063],[122.24519,-31.18068],[122.19829,-31.18069],[122.10971,-31.18068],[122.00549,-31.18058],[121.80453,-31.18057],[121.73342,-31.18091],[121.67253,-31.18118],[121.59402,-31.18126],[121.59398,-31.07878],[121.56023,-31.07877],[121.56023,-31.08967],[121.53496,-31.08967],[121.53497,-31.0171],[121.4993,-30.97379],[121.40137,-30.85461],[121.36553,-30.8108],[121.36177,-30.80636],[121.32963,-30.77237],[121.30138,-30.73539],[121.24293,-30.66064],[121.22009,-30.63266],[121.18209,-30.58604],[121.12407,-30.51442],[121.07048,-30.44815],[121.05214,-30.4482],[120.98364,-30.44819],[120.92793,-30.44814],[120.84587,-30.44814],[120.84589,-30.42479],[120.84549,-30.16078],[120.81109,-30.16078],[120.75426,-30.16126],[120.52043,-30.163],[120.45324,-30.16287],[120.39121,-30.16271],[120.32919,-30.16252],[120.26716,-30.1623],[120.20514,-30.16206],[120.13795,-30.16176],[120.07592,-30.16145],[120.0139,-30.16112]]]}},{"type":"Feature","properties":{"id":"coomalie","name":"Coomalie","level":2,"centroid":[131.0839,-13.1523],"bbox":[130.8891,-13.4888,131.2786,-12.8158]},"geometry":{"type":"Polygon","coordinates":[[[131.20303,-12.86135],[131.15825,-12.86188],[131.15828,-12.84598],[131.1423,-12.84597],[131.14216,-12.8391],[131.13497,-12.83927],[131.13437,-12.82473],[131.06867,-12.82317],[131.06869,-12.81586],[131.03876,-12.81582],[131.03875,-12.86038],[130.88921,-12.85954],[130.88909,-13.02797],[130.90013,-13.01669],[130.91126,-13.01614],[130.92551,-13.04154],[130.92036,-13.07118],[130.9303,-13.08306],[130.88915,-13.15168],[130.88914,-13.16931],[130.90327,-13.2085],[130.92054,-13.20848],[130.92073,-13.23224],[130.92921,-13.23224],[130.93459,-13.27034],[130.95286,-13.26682],[130.96058,-13.22102],[130.98006,-13.22003],[130.98026,-13.20838],[131.03037,-13.20859],[131.03034,-13.19965],[131.04353,-13.1996],[131.0435,-13.19004],[131.06078,-13.19009],[131.07546,-13.2342],[131.09747,-13.23335],[131.09789,-13.28053],[131.01347,-13.28053],[131.01347,-13.48884],[131.24401,-13.48885],[131.24321,-13.34907],[131.22001,-13.34718],[131.19045,-13.33448],[131.18649,-13.28781],[131.16648,-13.28005],[131.12563,-13.24563],[131.14548,-13.22804],[131.1845,-13.22807],[131.19149,-13.17321],[131.2054,-13.1671],[131.22318,-13.13154],[131.23882,-13.12024],[131.23057,-13.09391],[131.25108,-13.07923],[131.24672,-13.03709],[131.25367,-13.02873],[131.24876,-13.01801],[131.2573,-12.98929],[131.27862,-12.97279],[131.26886,-12.95282],[131.27476,-12.93953],[131.26147,-12.92518],[131.26453,-12.91824],[131.21894,-12.90266],[131.20129,-12.88215],[131.20303,-12.86135]]]}},{"type":"Feature","properties":{"id":"coonamble","name":"Coonamble","level":2,"centroid":[148.2892,-30.867],"bbox":[147.5156,-31.4158,149.0628,-30.3181]},"geometry":{"type":"Polygon","coordinates":[[[147.62127,-30.51274],[147.57333,-30.5729],[147.59191,-30.65616],[147.56601,-30.73248],[147.52345,-30.76273],[147.51564,-30.80993],[147.69849,-30.83739],[147.74444,-30.99663],[147.86661,-30.98446],[147.99274,-31.10593],[147.96984,-31.13936],[147.99299,-31.1455],[147.98751,-31.1796],[148.06451,-31.25063],[148.12073,-31.27486],[148.22919,-31.38851],[148.26605,-31.40037],[148.29849,-31.38546],[148.30719,-31.4158],[148.35461,-31.41021],[148.35882,-31.38639],[148.39287,-31.39046],[148.46006,-31.34438],[148.50369,-31.37988],[148.59476,-31.38931],[148.59904,-31.36314],[148.6152,-31.36507],[148.61715,-31.27175],[148.67282,-31.27742],[148.76832,-31.24946],[148.92099,-31.2586],[149.0258,-31.30549],[149.06278,-31.28948],[149.0195,-31.24051],[148.95455,-31.22847],[148.90114,-31.04724],[148.83401,-31.02863],[148.87307,-30.9137],[148.85676,-30.88398],[148.82015,-30.87162],[148.87939,-30.8269],[148.79693,-30.75814],[148.83473,-30.52935],[148.66601,-30.52666],[148.67138,-30.5659],[148.64688,-30.56272],[148.64375,-30.58156],[148.58622,-30.56521],[148.47446,-30.50757],[148.39116,-30.41884],[148.39564,-30.39066],[148.30316,-30.31815],[148.26258,-30.32653],[148.28035,-30.35021],[148.22843,-30.35016],[148.23252,-30.44091],[148.11753,-30.51272],[148.09242,-30.46553],[148.10852,-30.41889],[147.9963,-30.41296],[147.99869,-30.40072],[147.84534,-30.47915],[147.84779,-30.54032],[147.62127,-30.51274]]]}},{"type":"Feature","properties":{"id":"coorong","name":"Coorong","level":2,"centroid":[139.6993,-35.7184],"bbox":[138.8781,-36.2539,140.5204,-35.1829]},"geometry":{"type":"Polygon","coordinates":[[[138.8781,-35.55885],[139.10277,-35.67962],[139.33052,-35.85054],[139.52303,-36.04349],[139.67074,-36.24873],[140.04687,-36.25392],[140.04679,-36.03268],[140.45476,-36.03354],[140.45487,-35.81197],[140.5204,-35.81153],[140.52033,-35.74666],[140.25316,-35.74798],[140.25331,-35.64891],[140.10634,-35.64928],[140.10437,-35.58682],[140.13305,-35.55816],[140.11587,-35.54674],[140.13558,-35.53792],[140.12896,-35.49015],[140.07583,-35.49025],[140.07439,-35.29111],[139.89418,-35.29094],[139.89424,-35.21863],[139.61961,-35.2187],[139.61993,-35.18295],[139.35845,-35.18308],[139.36125,-35.19691],[139.44594,-35.24996],[139.45673,-35.27379],[139.4302,-35.29554],[139.38339,-35.30855],[139.38797,-35.34779],[139.32923,-35.41627],[139.04674,-35.50094],[139.03347,-35.51326],[138.98103,-35.51825],[138.96302,-35.54536],[138.93154,-35.56243],[138.8781,-35.55885]],[[139.1744,-35.51834],[139.19347,-35.51055],[139.22812,-35.51797],[139.37517,-35.60443],[139.35065,-35.61778],[139.33713,-35.68728],[139.30042,-35.68355],[139.26126,-35.69955],[139.27523,-35.72212],[139.26646,-35.73531],[139.25353,-35.72354],[139.26162,-35.71032],[139.25511,-35.69952],[139.23145,-35.69444],[139.21938,-35.68372],[139.22318,-35.67154],[139.20948,-35.67323],[139.21741,-35.65887],[139.19908,-35.65336],[139.26169,-35.63406],[139.2655,-35.62461],[139.21664,-35.62682],[139.20887,-35.61271],[139.24447,-35.59358],[139.25237,-35.57748],[139.23796,-35.58642],[139.23684,-35.57112],[139.25965,-35.55044],[139.24176,-35.55244],[139.22349,-35.53085],[139.1744,-35.51834]]]}},{"type":"Feature","properties":{"id":"coorow","name":"Coorow","level":2,"centroid":[115.6629,-29.9771],"bbox":[114.955,-30.2053,116.3708,-29.7489]},"geometry":{"type":"Polygon","coordinates":[[[114.97907,-29.93572],[114.955,-30.05036],[114.96305,-30.07215],[114.98429,-30.07951],[115.00388,-30.14424],[115.04383,-30.14483],[115.03758,-30.07438],[115.07938,-30.07431],[115.07926,-30.10586],[115.21285,-30.10629],[115.21703,-30.14437],[115.23442,-30.14446],[115.23452,-30.17272],[115.48099,-30.17287],[115.48431,-30.20526],[115.64722,-30.19061],[115.79493,-30.13484],[115.79506,-30.20529],[115.8762,-30.19567],[115.87626,-30.17595],[116.12,-30.17765],[116.17625,-30.20246],[116.1857,-30.19122],[116.2636,-30.19135],[116.26358,-30.16307],[116.29572,-30.16313],[116.2957,-30.1862],[116.35373,-30.18611],[116.37073,-30.17472],[116.37076,-30.13838],[116.35336,-30.12723],[116.35642,-29.9622],[116.32247,-29.96226],[116.32236,-29.91109],[116.29083,-29.83364],[116.28979,-29.82016],[116.30523,-29.81481],[116.2967,-29.80029],[116.24632,-29.79133],[116.24596,-29.76351],[116.18808,-29.77321],[116.17971,-29.74894],[116.13793,-29.75186],[116.13366,-29.78134],[116.11196,-29.78118],[116.11194,-29.79339],[116.02634,-29.78757],[116.02793,-29.82288],[116.0055,-29.82668],[115.98721,-29.80948],[115.96556,-29.83674],[115.89764,-29.8526],[115.89761,-29.9039],[115.72768,-29.89204],[115.25611,-29.94634],[115.13439,-29.94207],[115.14424,-29.91733],[115.12209,-29.91733],[115.10547,-29.93505],[114.97907,-29.93572]]]}},{"type":"Feature","properties":{"id":"cootamundra-gundagai","name":"Cootamundra-Gundagai","level":2,"centroid":[148.1349,-34.8097],"bbox":[147.6867,-35.2792,148.5831,-34.3401]},"geometry":{"type":"Polygon","coordinates":[[[147.85603,-35.27925],[147.88429,-35.27764],[147.89733,-35.23103],[147.95863,-35.22905],[147.97778,-35.20894],[147.96174,-35.18735],[148.11201,-35.20383],[148.18384,-35.18936],[148.22364,-35.16283],[148.19987,-35.11089],[148.39683,-35.13988],[148.42417,-35.16461],[148.45684,-35.15451],[148.46923,-35.08013],[148.52473,-35.08772],[148.52391,-35.12231],[148.54183,-35.13535],[148.5733,-35.07721],[148.5831,-35.00263],[148.53094,-34.98807],[148.54953,-34.90905],[148.39303,-34.90687],[148.39325,-34.86022],[148.31059,-34.86277],[148.25608,-34.77084],[148.26794,-34.74181],[148.23057,-34.74081],[148.23584,-34.70174],[148.20207,-34.69759],[148.20733,-34.66763],[148.19351,-34.66379],[148.21396,-34.63025],[148.19285,-34.62147],[148.20914,-34.60534],[148.19377,-34.5952],[148.23709,-34.58233],[148.20566,-34.55565],[148.22391,-34.54298],[148.19484,-34.51334],[148.20013,-34.49059],[148.10758,-34.46675],[148.05982,-34.41205],[148.01582,-34.41309],[148.02738,-34.34977],[147.82451,-34.34007],[147.87546,-34.45713],[147.79044,-34.44674],[147.76554,-34.51588],[147.81188,-34.55884],[147.83824,-34.62086],[147.87035,-34.6354],[147.86351,-34.70585],[147.87893,-34.72537],[147.94991,-34.74392],[147.9316,-34.78659],[147.94885,-34.78896],[147.94299,-34.83506],[147.9035,-34.85548],[147.83999,-34.95831],[147.8399,-35.06421],[147.78834,-35.09729],[147.72613,-35.06357],[147.68668,-35.08124],[147.73665,-35.09575],[147.76689,-35.13531],[147.77161,-35.18452],[147.83405,-35.22166],[147.85603,-35.27925]]]}},{"type":"Feature","properties":{"id":"copper-coast","name":"Copper Coast","level":2,"centroid":[137.7229,-33.9427],"bbox":[137.5271,-34.0973,137.9187,-33.7881]},"geometry":{"type":"Polygon","coordinates":[[[137.70132,-33.78813],[137.68079,-33.80141],[137.66654,-33.8162],[137.6438,-33.83042],[137.63913,-33.8378],[137.6191,-33.86011],[137.61621,-33.86579],[137.60028,-33.87689],[137.60099,-33.88001],[137.60955,-33.88521],[137.61511,-33.891],[137.62547,-33.89515],[137.63071,-33.90779],[137.6303,-33.92242],[137.62654,-33.9223],[137.62756,-33.92286],[137.62528,-33.9262],[137.62371,-33.92554],[137.62333,-33.92726],[137.61298,-33.93046],[137.6056,-33.93576],[137.60027,-33.9363],[137.59105,-33.94402],[137.57862,-33.95825],[137.57573,-33.96715],[137.56371,-33.97162],[137.55991,-33.97798],[137.56097,-33.9855],[137.55864,-33.98884],[137.55125,-33.99334],[137.54314,-33.99159],[137.53871,-33.99244],[137.53597,-33.99964],[137.5307,-34.00123],[137.52713,-34.00437],[137.53095,-34.00449],[137.53184,-34.00351],[137.52861,-34.00397],[137.53297,-34.00166],[137.53204,-34.00448],[137.53367,-34.00512],[137.5318,-34.00544],[137.53593,-34.00611],[137.53647,-34.00796],[137.54067,-34.00696],[137.54093,-34.00908],[137.54456,-34.00887],[137.55213,-34.01423],[137.56264,-34.02691],[137.56721,-34.03993],[137.567,-34.04511],[137.55832,-34.05931],[137.55733,-34.06565],[137.55114,-34.07446],[137.54533,-34.0749],[137.5444,-34.07638],[137.54323,-34.08857],[137.53854,-34.0968],[137.72398,-34.09726],[137.87272,-34.09279],[137.91865,-34.09287],[137.91825,-34.01384],[137.91605,-34.00722],[137.91611,-33.99093],[137.87248,-33.99076],[137.87248,-33.87924],[137.72374,-33.87942],[137.71496,-33.79648],[137.70132,-33.78813]]]}},{"type":"Feature","properties":{"id":"corangamite","name":"Corangamite","level":2,"centroid":[143.2356,-38.2159],"bbox":[142.815,-38.773,143.6563,-37.6589]},"geometry":{"type":"Polygon","coordinates":[[[143.10583,-37.83353],[143.07954,-37.86382],[143.10124,-37.88295],[143.07386,-37.8861],[143.09776,-37.90713],[143.08302,-37.94729],[143.05187,-37.96342],[143.05044,-38.00489],[143.01342,-38.0458],[143.02617,-38.05806],[142.99215,-38.07974],[143.01938,-38.13599],[142.89582,-38.12324],[142.89073,-38.19435],[142.84453,-38.19673],[142.81504,-38.30732],[142.87982,-38.3062],[142.84737,-38.48073],[142.89963,-38.48677],[142.83273,-38.53795],[142.88026,-38.60845],[143.03667,-38.63173],[143.2597,-38.77295],[143.28712,-38.75752],[143.25243,-38.74196],[143.24712,-38.68831],[143.27942,-38.65428],[143.26528,-38.62855],[143.29242,-38.61508],[143.2666,-38.5734],[143.34868,-38.5444],[143.3623,-38.52101],[143.34459,-38.49791],[143.3644,-38.49565],[143.32088,-38.45393],[143.26379,-38.44681],[143.27611,-38.34711],[143.32375,-38.32444],[143.42199,-38.34869],[143.43093,-38.3089],[143.4832,-38.26357],[143.43673,-38.23471],[143.41474,-38.25206],[143.40977,-38.20085],[143.47042,-38.18136],[143.46916,-38.12125],[143.5108,-38.12999],[143.63486,-38.08914],[143.61189,-38.03518],[143.65625,-38.00748],[143.61072,-37.95818],[143.47942,-37.94084],[143.44278,-37.90566],[143.46475,-37.65892],[143.35387,-37.67036],[143.30414,-37.75659],[143.2671,-37.73348],[143.18037,-37.73158],[143.16554,-37.76525],[143.10831,-37.77851],[143.10583,-37.83353]]]}},{"type":"Feature","properties":{"id":"corrigin","name":"Corrigin","level":2,"centroid":[117.8102,-32.3759],"bbox":[117.4121,-32.6023,118.2083,-32.1496]},"geometry":{"type":"Polygon","coordinates":[[[117.46202,-32.41148],[117.47086,-32.42714],[117.5189,-32.42793],[117.52034,-32.47397],[117.53884,-32.47828],[117.53341,-32.49453],[117.5547,-32.49451],[117.54805,-32.50604],[117.56215,-32.49915],[117.57393,-32.54102],[117.5993,-32.54099],[117.5993,-32.55532],[117.63377,-32.55531],[117.63798,-32.59553],[117.70592,-32.57586],[117.71546,-32.59295],[117.72618,-32.59295],[117.72618,-32.57652],[117.73005,-32.58549],[117.77762,-32.58051],[117.76967,-32.59253],[117.90651,-32.60226],[117.90694,-32.56756],[118.01549,-32.56487],[118.01923,-32.48676],[118.03975,-32.48699],[118.04224,-32.47495],[118.09294,-32.47495],[118.08529,-32.41409],[118.10415,-32.42122],[118.10066,-32.41215],[118.12296,-32.39321],[118.16961,-32.37968],[118.16916,-32.35815],[118.20348,-32.35817],[118.20351,-32.3371],[118.1855,-32.32156],[118.18524,-32.28141],[118.19489,-32.28141],[118.19485,-32.24958],[118.20831,-32.24956],[118.20829,-32.23079],[118.07799,-32.22818],[118.09021,-32.19583],[118.08226,-32.19109],[118.01703,-32.19202],[118.01689,-32.17359],[117.98137,-32.16514],[117.83484,-32.14961],[117.8058,-32.14965],[117.80585,-32.16965],[117.79367,-32.16963],[117.79367,-32.15996],[117.63308,-32.16214],[117.63932,-32.16811],[117.62216,-32.17527],[117.62219,-32.18845],[117.58014,-32.18885],[117.55356,-32.20506],[117.4284,-32.20123],[117.4284,-32.22596],[117.41207,-32.22606],[117.41664,-32.31156],[117.43087,-32.33425],[117.43094,-32.38586],[117.46533,-32.38314],[117.46202,-32.41148]]]}},{"type":"Feature","properties":{"id":"cottesloe","name":"Cottesloe","level":2,"centroid":[115.7609,-31.999],"bbox":[115.75,-32.0161,115.7718,-31.982]},"geometry":{"type":"Polygon","coordinates":[[[115.76685,-31.982],[115.75282,-31.98197],[115.75256,-31.98344],[115.75223,-31.98381],[115.75217,-31.98404],[115.75226,-31.98647],[115.7524,-31.98739],[115.75238,-31.98789],[115.75225,-31.98857],[115.75197,-31.98896],[115.75184,-31.98966],[115.7514,-31.99014],[115.75131,-31.99085],[115.75105,-31.99156],[115.75097,-31.9925],[115.75101,-31.99292],[115.75086,-31.9933],[115.75099,-31.99496],[115.75097,-31.99594],[115.7508,-31.99634],[115.75001,-31.99693],[115.75019,-31.99711],[115.75052,-31.99724],[115.75075,-31.99778],[115.75116,-31.9984],[115.75135,-31.99851],[115.75146,-31.99885],[115.75143,-32.00047],[115.7516,-32.00133],[115.75159,-32.00263],[115.75147,-32.00327],[115.75117,-32.00405],[115.75108,-32.00535],[115.75119,-32.0061],[115.7512,-32.00661],[115.75111,-32.00728],[115.75131,-32.00765],[115.7513,-32.00877],[115.75138,-32.00947],[115.75155,-32.01023],[115.7519,-32.01118],[115.75193,-32.01232],[115.75171,-32.01391],[115.7512,-32.01518],[115.75129,-32.01611],[115.75341,-32.0161],[115.75468,-32.01207],[115.7555,-32.00999],[115.75685,-32.00746],[115.75949,-32.0034],[115.75998,-32.00228],[115.76013,-32.00169],[115.76693,-31.99238],[115.76844,-31.98914],[115.76877,-31.98868],[115.76935,-31.98794],[115.77101,-31.98698],[115.77178,-31.98662],[115.77181,-31.98251],[115.76861,-31.98338],[115.76684,-31.9846],[115.76685,-31.982]]]}},{"type":"Feature","properties":{"id":"cowra","name":"Cowra","level":2,"centroid":[148.7834,-33.8116],"bbox":[148.3091,-34.0972,149.2577,-33.526]},"geometry":{"type":"Polygon","coordinates":[[[149.25775,-33.74064],[149.16913,-33.7212],[149.13875,-33.75988],[149.09145,-33.7654],[149.0916,-33.79367],[149.06718,-33.79007],[149.06459,-33.81237],[149.02617,-33.80336],[148.97456,-33.75644],[148.99293,-33.75401],[148.97602,-33.74985],[148.99367,-33.7206],[148.95781,-33.68831],[148.91168,-33.68347],[148.92246,-33.59891],[148.90891,-33.58265],[148.87337,-33.59416],[148.87259,-33.57332],[148.82757,-33.57412],[148.76977,-33.52598],[148.68282,-33.5864],[148.65254,-33.57709],[148.65179,-33.56009],[148.62268,-33.59252],[148.55692,-33.60403],[148.51825,-33.57219],[148.44635,-33.61423],[148.35034,-33.60875],[148.32849,-33.6482],[148.35598,-33.64611],[148.35312,-33.67096],[148.37539,-33.68907],[148.334,-33.74721],[148.37095,-33.74375],[148.30915,-33.83627],[148.37852,-33.83245],[148.41062,-33.88325],[148.47213,-33.82688],[148.51591,-33.91717],[148.44224,-34.01193],[148.54547,-34.03341],[148.55907,-34.02099],[148.57809,-34.05248],[148.6521,-34.06616],[148.67048,-34.09723],[148.73099,-34.07869],[148.76314,-34.03824],[148.74372,-34.02071],[148.75273,-33.99918],[148.804,-33.98388],[148.83175,-33.94521],[148.89002,-33.93884],[148.88985,-33.96342],[148.93446,-33.98209],[148.9675,-33.96907],[148.98115,-33.92443],[149.02298,-33.93343],[149.06889,-33.89178],[149.09427,-33.91031],[149.14528,-33.8506],[149.18181,-33.85826],[149.17029,-33.84117],[149.18517,-33.79769],[149.21942,-33.79235],[149.25775,-33.74064]]]}},{"type":"Feature","properties":{"id":"cranbrook","name":"Cranbrook","level":2,"centroid":[117.3289,-34.3342],"bbox":[116.669,-34.5797,117.9888,-34.0887]},"geometry":{"type":"Polygon","coordinates":[[[116.69254,-34.25439],[116.70794,-34.3095],[116.69758,-34.37008],[116.67776,-34.37353],[116.66903,-34.41908],[116.7634,-34.44431],[116.798,-34.46865],[116.78576,-34.55212],[116.81077,-34.57973],[116.83275,-34.57429],[116.84543,-34.52464],[116.86672,-34.5212],[116.86108,-34.50672],[116.89324,-34.48412],[116.89435,-34.44405],[117.15107,-34.44875],[117.15106,-34.46454],[117.18879,-34.46455],[117.22407,-34.45483],[117.22407,-34.44048],[117.26573,-34.44048],[117.26652,-34.46406],[117.35259,-34.44974],[117.35257,-34.47638],[117.42229,-34.47644],[117.42227,-34.4631],[117.47365,-34.4626],[117.47365,-34.43789],[117.50736,-34.42911],[117.50738,-34.40165],[117.62408,-34.39978],[117.63292,-34.4139],[117.98693,-34.40555],[117.98884,-34.25782],[117.74559,-34.25646],[117.74611,-34.23999],[117.73872,-34.2575],[117.66463,-34.25753],[117.64352,-34.24735],[117.67088,-34.18264],[117.61333,-34.19447],[117.57041,-34.16769],[117.50695,-34.17325],[117.50694,-34.14884],[117.43764,-34.14962],[117.42731,-34.12468],[117.37393,-34.13429],[117.33888,-34.08865],[117.25958,-34.10539],[117.20359,-34.14279],[117.15039,-34.14186],[117.15027,-34.15785],[117.07036,-34.15627],[117.07035,-34.18387],[116.98297,-34.19521],[116.98297,-34.18359],[116.94865,-34.18361],[116.94864,-34.20805],[116.89499,-34.21789],[116.84245,-34.20887],[116.84074,-34.25129],[116.69254,-34.25439]]]}},{"type":"Feature","properties":{"id":"croydon","name":"Croydon","level":2,"centroid":[142.3225,-18.5136],"bbox":[141.1318,-19.6964,143.5132,-17.3307]},"geometry":{"type":"Polygon","coordinates":[[[142.37435,-19.40019],[142.6045,-19.40302],[142.60068,-19.63551],[143.27497,-19.69644],[143.34194,-19.60559],[143.38308,-19.61257],[143.51316,-19.50533],[143.37809,-19.28818],[143.40561,-19.2494],[143.38815,-19.2045],[143.28692,-19.15723],[143.26533,-19.06074],[143.22142,-19.05049],[143.14138,-18.93587],[142.97229,-18.93137],[142.91588,-18.88452],[142.87799,-18.80922],[142.89205,-18.72011],[142.83697,-18.6691],[142.85231,-18.58588],[142.77807,-18.58375],[142.74714,-18.51389],[142.6374,-18.52503],[142.63424,-18.45847],[142.51418,-18.40418],[142.52354,-18.35387],[142.4638,-18.22258],[142.62547,-18.08109],[142.47405,-17.91373],[142.48243,-17.87564],[142.38228,-17.87141],[142.24424,-17.71292],[142.26522,-17.49386],[142.17836,-17.56622],[142.05778,-17.43427],[142.01226,-17.4712],[141.89773,-17.33074],[141.78533,-17.4224],[141.83672,-17.48248],[141.72564,-17.46951],[141.72874,-17.43294],[141.42168,-17.44374],[141.37819,-17.6766],[141.43825,-17.6798],[141.43297,-17.74932],[141.31686,-17.73668],[141.30441,-17.89894],[141.46825,-17.91041],[141.46608,-17.93897],[141.39314,-17.93476],[141.39519,-18.0571],[141.19988,-18.01542],[141.19158,-18.11942],[141.13184,-18.12316],[141.13792,-18.18893],[141.30205,-18.42764],[141.2987,-18.61141],[141.36995,-18.62546],[141.36402,-18.68141],[141.69196,-18.7136],[141.62124,-19.1489],[141.76167,-19.19189],[141.77175,-19.07823],[141.93115,-19.08964],[141.94148,-18.97844],[142.17658,-18.97214],[142.15943,-19.14201],[142.40084,-19.12259],[142.37435,-19.40019]]]}},{"type":"Feature","properties":{"id":"cuballing","name":"Cuballing","level":2,"centroid":[117.1551,-32.7403],"bbox":[116.9081,-32.895,117.4021,-32.5856]},"geometry":{"type":"Polygon","coordinates":[[[116.94353,-32.76095],[116.94051,-32.81722],[116.9459,-32.81541],[116.9459,-32.82448],[116.93945,-32.82902],[116.95257,-32.82901],[116.95165,-32.86164],[116.97253,-32.86195],[116.98978,-32.87169],[117.01817,-32.86991],[117.01816,-32.87735],[117.08966,-32.86873],[117.18875,-32.87084],[117.18645,-32.86252],[117.20555,-32.86251],[117.2055,-32.89069],[117.19655,-32.89495],[117.22108,-32.89496],[117.21402,-32.87154],[117.22108,-32.86631],[117.23485,-32.87396],[117.28775,-32.874],[117.32295,-32.85684],[117.33862,-32.85866],[117.34273,-32.84788],[117.38108,-32.83904],[117.38107,-32.82832],[117.38936,-32.82673],[117.38978,-32.804],[117.36097,-32.80404],[117.35774,-32.74016],[117.40208,-32.71629],[117.38699,-32.68243],[117.38052,-32.64281],[117.35449,-32.61602],[117.32182,-32.61347],[117.30543,-32.58823],[117.24304,-32.5903],[117.2346,-32.59849],[117.19558,-32.59661],[117.19558,-32.58988],[117.18629,-32.58987],[117.18629,-32.60063],[117.17643,-32.60063],[117.17643,-32.59184],[117.12545,-32.59341],[117.11614,-32.60189],[117.11614,-32.59342],[117.08674,-32.59378],[117.06885,-32.58557],[117.06879,-32.59743],[117.05119,-32.59891],[117.04486,-32.60431],[117.04972,-32.61108],[117.0266,-32.61788],[117.00398,-32.63602],[116.97583,-32.64049],[116.97158,-32.64904],[116.94222,-32.64892],[116.92681,-32.66124],[116.90806,-32.66027],[116.91602,-32.7062],[116.92385,-32.7062],[116.92385,-32.72551],[116.93401,-32.73156],[116.94353,-32.76095]]]}},{"type":"Feature","properties":{"id":"cue","name":"Cue","level":2,"centroid":[118.005,-27.2259],"bbox":[117.1666,-27.8257,118.8433,-26.6261]},"geometry":{"type":"Polygon","coordinates":[[[117.25598,-27.26521],[117.25598,-27.29382],[117.1772,-27.29381],[117.16661,-27.6087],[117.3409,-27.6087],[117.3409,-27.68699],[117.38577,-27.687],[117.38574,-27.75963],[117.43292,-27.75962],[117.43293,-27.68702],[117.5672,-27.68701],[117.56718,-27.5749],[117.67456,-27.57828],[117.67454,-27.64271],[117.61898,-27.6427],[117.61898,-27.78792],[117.68426,-27.78792],[117.68425,-27.70087],[117.84861,-27.70085],[117.84861,-27.74035],[117.96501,-27.74035],[117.96501,-27.82567],[118.00574,-27.82567],[118.00574,-27.76345],[118.13645,-27.76345],[118.13645,-27.78201],[118.20192,-27.78201],[118.20191,-27.79896],[118.38647,-27.79788],[118.38647,-27.77972],[118.55662,-27.77974],[118.55662,-27.76122],[118.63176,-27.76116],[118.63176,-27.77932],[118.73932,-27.77932],[118.73932,-27.68882],[118.68195,-27.68882],[118.68195,-27.37328],[118.84333,-27.37328],[118.84333,-27.31319],[118.80094,-27.31284],[118.80101,-27.22685],[118.5753,-27.227],[118.58893,-27.01579],[118.32769,-26.98973],[117.9992,-26.99265],[117.9992,-26.85737],[117.97326,-26.77597],[117.62159,-26.77596],[117.62158,-26.6261],[117.54106,-26.62611],[117.54106,-26.77091],[117.41173,-26.77103],[117.41171,-26.70022],[117.3467,-26.70021],[117.34668,-26.75975],[117.32654,-26.75976],[117.32655,-26.80491],[117.29401,-26.80492],[117.30747,-27.19402],[117.334,-27.19402],[117.33399,-27.26523],[117.25598,-27.26521]]]}},{"type":"Feature","properties":{"id":"cumberland","name":"Cumberland","level":2,"centroid":[150.9876,-33.8366],"bbox":[150.9089,-33.8882,151.0664,-33.785]},"geometry":{"type":"Polygon","coordinates":[[[150.90891,-33.82537],[150.91441,-33.83229],[150.91242,-33.83473],[150.91714,-33.8381],[150.92263,-33.83952],[150.92435,-33.84198],[150.9297,-33.84172],[150.93253,-33.84312],[150.93317,-33.84564],[150.93807,-33.846],[150.93766,-33.84937],[150.9447,-33.84995],[150.94693,-33.85413],[150.9537,-33.85396],[150.95736,-33.86049],[150.96159,-33.86342],[150.9599,-33.86457],[150.96165,-33.86643],[150.96142,-33.86879],[150.95997,-33.86865],[150.96145,-33.86991],[150.9825,-33.85718],[150.99468,-33.86834],[151.03237,-33.88821],[151.0495,-33.88709],[151.0491,-33.88585],[151.05859,-33.88427],[151.06148,-33.88297],[151.06207,-33.87992],[151.06408,-33.88014],[151.06637,-33.8737],[151.06118,-33.86644],[151.05673,-33.86455],[151.06387,-33.86378],[151.06045,-33.86117],[151.064,-33.85615],[151.05367,-33.85079],[151.05416,-33.84955],[151.04703,-33.84362],[151.03008,-33.83517],[151.02368,-33.83447],[151.01917,-33.83733],[151.00434,-33.82933],[151.00484,-33.82759],[150.99521,-33.82789],[150.98792,-33.82477],[150.99138,-33.81932],[150.98967,-33.81903],[150.99361,-33.81851],[150.99397,-33.81508],[150.99004,-33.81094],[150.9909,-33.80967],[150.98517,-33.80784],[150.97506,-33.80797],[150.95721,-33.80206],[150.95305,-33.79709],[150.95064,-33.78505],[150.93801,-33.79396],[150.93506,-33.79836],[150.93601,-33.8029],[150.93306,-33.80682],[150.91597,-33.80539],[150.91826,-33.80953],[150.91648,-33.81013],[150.91527,-33.81533],[150.90891,-33.82537]]]}},{"type":"Feature","properties":{"id":"cunderdin","name":"Cunderdin","level":2,"centroid":[117.118,-31.6126],"bbox":[116.8449,-31.8562,117.3911,-31.369]},"geometry":{"type":"Polygon","coordinates":[[[117.27024,-31.40259],[117.23215,-31.40269],[117.22315,-31.36895],[117.14258,-31.3804],[117.14262,-31.39639],[117.13314,-31.39639],[117.13307,-31.38796],[117.08232,-31.38785],[117.08232,-31.39387],[117.0577,-31.39445],[117.05716,-31.40348],[117.0329,-31.40438],[117.03276,-31.42692],[116.99116,-31.42688],[116.99103,-31.44822],[116.96583,-31.44826],[116.87763,-31.49123],[116.87182,-31.48253],[116.85517,-31.48955],[116.86035,-31.5192],[116.84495,-31.52567],[116.86226,-31.53898],[116.87489,-31.53372],[116.94347,-31.64733],[116.94626,-31.67481],[116.96146,-31.68297],[116.94356,-31.6907],[116.98935,-31.76125],[117.00493,-31.7672],[117.01417,-31.78392],[117.05766,-31.77007],[117.07531,-31.79777],[117.10667,-31.80724],[117.12377,-31.79992],[117.13417,-31.81732],[117.15426,-31.80119],[117.22864,-31.79507],[117.22794,-31.81783],[117.24375,-31.82845],[117.25658,-31.8236],[117.2619,-31.842],[117.28864,-31.85621],[117.39112,-31.81398],[117.38449,-31.79005],[117.35969,-31.76223],[117.3762,-31.75345],[117.37336,-31.73603],[117.35557,-31.73603],[117.36445,-31.73222],[117.36445,-31.71705],[117.35734,-31.71705],[117.35139,-31.66407],[117.36201,-31.6414],[117.3558,-31.64167],[117.35569,-31.61819],[117.33944,-31.6182],[117.33942,-31.59734],[117.35945,-31.60109],[117.37933,-31.58574],[117.37308,-31.47765],[117.38388,-31.47764],[117.38386,-31.45932],[117.35628,-31.45921],[117.3608,-31.44809],[117.37678,-31.44452],[117.3768,-31.43374],[117.33515,-31.43666],[117.33826,-31.41114],[117.31902,-31.39658],[117.27024,-31.40259]]]}},{"type":"Feature","properties":{"id":"dalwallinu","name":"Dalwallinu","level":2,"centroid":[116.9836,-30.1274],"bbox":[116.297,-30.5115,117.6701,-29.7432]},"geometry":{"type":"Polygon","coordinates":[[[116.35373,-30.18611],[116.35377,-30.20583],[116.29697,-30.20587],[116.31205,-30.26136],[116.38343,-30.26123],[116.38347,-30.2811],[116.44943,-30.28045],[116.44944,-30.29452],[116.46646,-30.29446],[116.46639,-30.26831],[116.50935,-30.26829],[116.50323,-30.46398],[116.51437,-30.48503],[116.49894,-30.48907],[116.51096,-30.50967],[116.85681,-30.51151],[116.87425,-30.49324],[116.93863,-30.49686],[116.93968,-30.48357],[117.12885,-30.48835],[117.13686,-30.45043],[117.24432,-30.46575],[117.25098,-30.22634],[117.55345,-30.20613],[117.52227,-30.16215],[117.54269,-30.15046],[117.52965,-30.12221],[117.52916,-29.96646],[117.50498,-29.94082],[117.52216,-29.92649],[117.56752,-29.94883],[117.63692,-29.95018],[117.66449,-29.92898],[117.67013,-29.87863],[117.62705,-29.84498],[117.50469,-29.88392],[117.49032,-29.86245],[117.50199,-29.8013],[117.10097,-29.80131],[117.10092,-29.77338],[116.85598,-29.77338],[116.856,-29.74331],[116.79207,-29.74324],[116.79833,-29.80598],[116.84233,-29.83988],[116.79099,-29.86874],[116.81833,-29.88978],[116.77975,-29.88937],[116.76894,-29.87106],[116.74013,-29.89676],[116.7462,-29.90742],[116.52212,-29.90414],[116.46305,-29.92665],[116.32235,-29.9256],[116.32247,-29.96226],[116.35642,-29.9622],[116.35336,-30.12723],[116.37076,-30.13838],[116.37073,-30.17472],[116.35373,-30.18611]]]}},{"type":"Feature","properties":{"id":"dandaragan","name":"Dandaragan","level":2,"centroid":[115.4733,-30.5411],"bbox":[114.9943,-31.0079,115.9522,-30.0743]},"geometry":{"type":"Polygon","coordinates":[[[115.00388,-30.14424],[114.99431,-30.23128],[115.02751,-30.23692],[115.04108,-30.26798],[115.03972,-30.29826],[115.02048,-30.31702],[115.04201,-30.3378],[115.05058,-30.42433],[115.07121,-30.47805],[115.05396,-30.50506],[115.09419,-30.54826],[115.08767,-30.57835],[115.10361,-30.59153],[115.18327,-30.77187],[115.18972,-30.82484],[115.21895,-30.83175],[115.26269,-30.89168],[115.47224,-30.89878],[115.49803,-30.91977],[115.52031,-30.97564],[115.69186,-30.97557],[115.69808,-30.99667],[115.70952,-30.97821],[115.86795,-30.98114],[115.87538,-30.97211],[115.8921,-30.98097],[115.90094,-31.00786],[115.95224,-31.00432],[115.93402,-30.93138],[115.93748,-30.68818],[115.92666,-30.65557],[115.90701,-30.65551],[115.9071,-30.61494],[115.92304,-30.61695],[115.92099,-30.58299],[115.90184,-30.58299],[115.9019,-30.55133],[115.88739,-30.55132],[115.9022,-30.49472],[115.93317,-30.49478],[115.93315,-30.47223],[115.91086,-30.4575],[115.91092,-30.43383],[115.89478,-30.43376],[115.89882,-30.31795],[115.87613,-30.31797],[115.8762,-30.19567],[115.79506,-30.20529],[115.79493,-30.13484],[115.64722,-30.19061],[115.58115,-30.19111],[115.53045,-30.20863],[115.48104,-30.2046],[115.48099,-30.17287],[115.23452,-30.17272],[115.23442,-30.14446],[115.21703,-30.14437],[115.21285,-30.10629],[115.07926,-30.10586],[115.07938,-30.07431],[115.03758,-30.07438],[115.04383,-30.14483],[115.00388,-30.14424]]]}},{"type":"Feature","properties":{"id":"dardanup","name":"Dardanup","level":2,"centroid":[115.8741,-33.416],"bbox":[115.6902,-33.5418,116.058,-33.2901]},"geometry":{"type":"Polygon","coordinates":[[[115.70306,-33.40393],[115.72536,-33.44775],[115.77749,-33.45276],[115.77742,-33.48106],[115.78294,-33.48277],[115.77723,-33.54037],[115.81505,-33.54184],[115.82854,-33.53179],[115.82274,-33.52136],[115.83392,-33.51446],[115.83963,-33.52137],[115.86916,-33.52043],[115.86719,-33.505],[115.93803,-33.5033],[115.94787,-33.50062],[115.94977,-33.48864],[115.97363,-33.48858],[115.9737,-33.50689],[115.98653,-33.51109],[116.02343,-33.5053],[116.0233,-33.36088],[116.05787,-33.36072],[116.05798,-33.3477],[116.04983,-33.35437],[116.02333,-33.34739],[116.00071,-33.36336],[116.01707,-33.38528],[116.00921,-33.39641],[116.02071,-33.4018],[116.00509,-33.40571],[116.01021,-33.41283],[116.00555,-33.42197],[116.0185,-33.43018],[116.0054,-33.43178],[116.00358,-33.41371],[115.99461,-33.40982],[115.99259,-33.39905],[115.98316,-33.41177],[115.97982,-33.40163],[115.9392,-33.38884],[115.937,-33.37806],[115.91663,-33.37863],[115.89412,-33.34516],[115.90142,-33.32022],[115.87332,-33.32415],[115.83658,-33.31678],[115.81394,-33.30004],[115.79153,-33.30036],[115.78227,-33.3087],[115.76485,-33.29527],[115.73747,-33.30019],[115.72222,-33.29015],[115.71686,-33.31099],[115.69771,-33.30934],[115.69482,-33.31499],[115.69699,-33.32708],[115.70833,-33.32837],[115.70951,-33.34624],[115.71456,-33.34459],[115.71457,-33.36005],[115.69437,-33.36007],[115.69024,-33.37037],[115.70305,-33.37184],[115.70306,-33.40393]]]}},{"type":"Feature","properties":{"id":"darebin","name":"Darebin","level":2,"centroid":[145.0228,-37.7386],"bbox":[144.9707,-37.7856,145.075,-37.6917]},"geometry":{"type":"Polygon","coordinates":[[[145.05823,-37.69997],[144.9707,-37.69168],[144.97598,-37.695],[144.97874,-37.69434],[144.97866,-37.69709],[144.98069,-37.69809],[144.97958,-37.70063],[144.98252,-37.70294],[144.97855,-37.70472],[144.98083,-37.70735],[144.97712,-37.7102],[144.97901,-37.71248],[144.97702,-37.71364],[144.98087,-37.7146],[144.97812,-37.71669],[144.97862,-37.72141],[144.98527,-37.72136],[144.98298,-37.73577],[144.97897,-37.74272],[144.98202,-37.7455],[144.98016,-37.74629],[144.98182,-37.75209],[144.97925,-37.75421],[144.98317,-37.76155],[144.98146,-37.76282],[144.98557,-37.7662],[144.98446,-37.77122],[144.9886,-37.77515],[144.99212,-37.78262],[144.99826,-37.7856],[145.00182,-37.78305],[145.01234,-37.78418],[145.03598,-37.77887],[145.03449,-37.7789],[145.03594,-37.77505],[145.0341,-37.7726],[145.03682,-37.77256],[145.03682,-37.7706],[145.03228,-37.77064],[145.03078,-37.7651],[145.02783,-37.76381],[145.02994,-37.76022],[145.02912,-37.75779],[145.03225,-37.75678],[145.03062,-37.75469],[145.03148,-37.75082],[145.0361,-37.74685],[145.03339,-37.74563],[145.0351,-37.74358],[145.032,-37.73775],[145.03397,-37.73514],[145.03761,-37.73496],[145.04028,-37.7323],[145.03824,-37.73033],[145.04052,-37.73023],[145.03861,-37.72731],[145.06078,-37.72949],[145.06153,-37.7242],[145.06782,-37.72452],[145.06468,-37.72021],[145.06785,-37.71659],[145.07453,-37.71612],[145.07495,-37.70878],[145.05133,-37.70837],[145.05823,-37.69997]]]}},{"type":"Feature","properties":{"id":"darwin","name":"Darwin","level":2,"centroid":[130.8768,-12.3995],"bbox":[130.8154,-12.4689,130.9382,-12.33]},"geometry":{"type":"Polygon","coordinates":[[[130.93688,-12.34298],[130.92145,-12.34424],[130.92409,-12.34276],[130.90942,-12.33789],[130.89602,-12.33005],[130.88822,-12.34046],[130.88294,-12.34284],[130.87055,-12.3554],[130.86116,-12.37577],[130.85294,-12.37395],[130.84571,-12.37922],[130.84216,-12.37889],[130.84348,-12.38695],[130.84873,-12.39054],[130.84317,-12.40775],[130.83972,-12.40787],[130.83773,-12.4116],[130.82316,-12.40462],[130.81639,-12.40712],[130.81962,-12.41457],[130.82823,-12.41162],[130.83557,-12.4267],[130.83207,-12.443],[130.82788,-12.4493],[130.8231,-12.44718],[130.82185,-12.45037],[130.81921,-12.45029],[130.82043,-12.45225],[130.81544,-12.453],[130.81831,-12.45571],[130.81849,-12.4599],[130.82341,-12.46209],[130.82083,-12.46148],[130.82176,-12.45991],[130.82654,-12.46154],[130.83262,-12.45974],[130.84399,-12.46888],[130.8513,-12.46293],[130.85132,-12.45921],[130.84926,-12.45854],[130.85275,-12.44841],[130.84921,-12.44534],[130.85003,-12.43886],[130.85535,-12.44213],[130.86462,-12.44285],[130.86626,-12.44029],[130.86386,-12.439],[130.86389,-12.43244],[130.88645,-12.43233],[130.8865,-12.44247],[130.89595,-12.43933],[130.89339,-12.44673],[130.90268,-12.44671],[130.9027,-12.45087],[130.9162,-12.44865],[130.91618,-12.44658],[130.92736,-12.4465],[130.92734,-12.43988],[130.93096,-12.44003],[130.93094,-12.43589],[130.92343,-12.43308],[130.92268,-12.40991],[130.93822,-12.40959],[130.93688,-12.34298]]]}},{"type":"Feature","properties":{"id":"denmark","name":"Denmark","level":2,"centroid":[117.1064,-34.9088],"bbox":[116.7247,-35.0643,117.4882,-34.7533]},"geometry":{"type":"Polygon","coordinates":[[[117.48816,-34.83058],[117.48809,-34.76356],[117.47398,-34.75751],[117.44885,-34.759],[117.45656,-34.76751],[117.44668,-34.76904],[117.37607,-34.76972],[117.32313,-34.76441],[117.32293,-34.75358],[116.84256,-34.75328],[116.83513,-34.7658],[116.81449,-34.76974],[116.81699,-34.78599],[116.79698,-34.79832],[116.81059,-34.81087],[116.81054,-34.82518],[116.78951,-34.84175],[116.77555,-34.8378],[116.7585,-34.87081],[116.74662,-34.87833],[116.73518,-34.87137],[116.72468,-34.89039],[116.74079,-34.9039],[116.77245,-34.89795],[116.79017,-34.9078],[116.79233,-34.91997],[116.78014,-34.92975],[116.80776,-34.95123],[116.82688,-34.95283],[116.80176,-34.97003],[116.8227,-34.98058],[116.8159,-34.98346],[116.82181,-34.98884],[116.80637,-35.00226],[116.75433,-35.00128],[116.73495,-35.02958],[116.7484,-35.01833],[116.78093,-35.01597],[116.81358,-35.02729],[116.82695,-35.04328],[116.84444,-35.04031],[116.862,-35.05661],[116.88456,-35.0478],[116.92124,-35.06434],[116.93441,-35.03497],[116.95685,-35.01935],[117.01894,-35.0355],[117.03351,-35.02505],[117.07086,-35.03829],[117.09796,-35.03242],[117.15048,-35.06147],[117.16431,-35.04476],[117.16472,-35.02694],[117.19525,-35.01709],[117.24761,-35.02931],[117.27213,-35.02106],[117.32776,-35.04357],[117.33704,-35.03463],[117.32644,-35.01737],[117.33424,-34.9937],[117.35476,-34.99304],[117.36917,-34.96947],[117.42907,-34.98606],[117.44874,-34.9681],[117.46359,-34.97034],[117.48816,-34.88714],[117.48816,-34.83058]]]}},{"type":"Feature","properties":{"id":"derby-west-kimberley","name":"Derby-West Kimberley","level":2,"centroid":[125.2797,-17.747],"bbox":[122.9952,-19.4955,127.5642,-15.9985]},"geometry":{"type":"Polygon","coordinates":[[[123.56631,-19.49549],[126.50484,-19.42374],[126.58196,-19.01055],[126.12071,-18.99649],[125.90279,-18.61368],[126.04832,-18.32006],[126.31552,-18.39624],[126.28275,-18.0965],[126.62254,-18.0965],[126.62254,-17.77892],[126.13279,-17.5753],[126.29506,-17.43396],[127.04647,-17.54943],[127.56421,-16.84256],[127.4138,-16.84256],[127.33863,-17.07217],[126.9536,-17.108],[126.9536,-16.84705],[126.63905,-16.84705],[126.63905,-16.70017],[125.96229,-16.72199],[126.00128,-15.99857],[124.58115,-15.99855],[124.64695,-16.09809],[124.50818,-16.20602],[124.44436,-16.06538],[124.41167,-16.35725],[124.95504,-16.37659],[124.3875,-16.34561],[124.41031,-16.54324],[124.12446,-16.28042],[123.90992,-16.21028],[123.9876,-16.37042],[123.88381,-16.30402],[123.87111,-16.44704],[123.77057,-16.17058],[123.56012,-16.17471],[123.71691,-16.37238],[123.50854,-16.38101],[123.64303,-16.53003],[123.42438,-16.50616],[123.61469,-16.55353],[123.50281,-16.65881],[123.78876,-16.90804],[123.95439,-16.81867],[123.79646,-17.00399],[123.9151,-17.20642],[123.59952,-17.0115],[123.58036,-17.58418],[123.37931,-17.23411],[123.02897,-17.23307],[123.16525,-17.53725],[122.99609,-17.53726],[122.99521,-17.72262],[123.14831,-17.81507],[123.14863,-18.2722],[123.34861,-18.27219],[123.34634,-18.49818],[123.51109,-18.49818],[123.40426,-18.75412],[123.55031,-18.75418],[123.56631,-19.49549]]]}},{"type":"Feature","properties":{"id":"derwent-valley","name":"Derwent Valley","level":2,"centroid":[146.5297,-42.8038],"bbox":[145.8325,-43.1188,147.2269,-42.4888]},"geometry":{"type":"Polygon","coordinates":[[[147.09662,-42.71871],[147.05761,-42.68795],[147.05116,-42.66633],[147.02677,-42.65981],[146.97885,-42.67267],[146.95337,-42.6684],[146.91442,-42.69273],[146.9009,-42.69113],[146.88774,-42.66652],[146.88278,-42.68014],[146.79404,-42.6696],[146.77946,-42.68506],[146.75871,-42.67655],[146.72593,-42.68565],[146.7133,-42.67276],[146.64634,-42.65438],[146.51491,-42.65631],[146.08898,-42.48884],[146.05477,-42.52752],[146.0293,-42.53823],[146.02976,-42.55412],[146.00098,-42.57992],[145.98483,-42.62629],[145.97208,-42.62432],[145.9705,-42.63897],[145.96206,-42.63864],[145.96576,-42.65854],[145.89317,-42.69803],[145.86704,-42.69196],[145.87091,-42.71658],[145.83251,-42.71752],[145.94947,-42.90589],[145.93429,-42.90518],[145.94062,-42.93072],[145.99504,-42.98035],[145.97482,-43.03622],[146.08908,-43.05389],[146.2222,-43.11879],[146.45881,-43.08726],[146.64841,-42.92169],[146.65863,-42.89976],[146.64631,-42.86068],[146.65633,-42.84767],[146.76499,-42.87379],[146.7885,-42.90384],[146.809,-42.8937],[146.84507,-42.90708],[146.85582,-42.94038],[146.8739,-42.95462],[146.88057,-42.93435],[146.91194,-42.9401],[146.94128,-42.92662],[146.92389,-42.89929],[146.95237,-42.88206],[147.00888,-42.8878],[147.00583,-42.90011],[147.01651,-42.90703],[147.03978,-42.91008],[147.05128,-42.90037],[147.15037,-42.91334],[147.15105,-42.85576],[147.13624,-42.8442],[147.20084,-42.80645],[147.20186,-42.78383],[147.22691,-42.75041],[147.19545,-42.74103],[147.11268,-42.77669],[147.13204,-42.76981],[147.09662,-42.71871]]]}},{"type":"Feature","properties":{"id":"devonport","name":"Devonport","level":2,"centroid":[146.324,-41.213],"bbox":[146.2414,-41.2719,146.4067,-41.1541]},"geometry":{"type":"MultiPolygon","coordinates":[[[[146.25255,-41.19343],[146.24139,-41.20488],[146.25237,-41.21597],[146.24974,-41.22452],[146.2531,-41.22774],[146.24398,-41.23319],[146.25129,-41.23793],[146.2513,-41.25764],[146.25782,-41.26238],[146.25606,-41.2686],[146.26569,-41.26558],[146.32113,-41.27185],[146.32276,-41.26399],[146.31947,-41.26054],[146.32338,-41.25493],[146.34783,-41.243],[146.35424,-41.23223],[146.34859,-41.22615],[146.35726,-41.22619],[146.36798,-41.21665],[146.36318,-41.21657],[146.36712,-41.21262],[146.36383,-41.20841],[146.35152,-41.21177],[146.34774,-41.21734],[146.35038,-41.21273],[146.34679,-41.21097],[146.35479,-41.20872],[146.3562,-41.20388],[146.3548,-41.20053],[146.34849,-41.2038],[146.35944,-41.20113],[146.36683,-41.19262],[146.36215,-41.17574],[146.36681,-41.16524],[146.35905,-41.16445],[146.35544,-41.15805],[146.35123,-41.162],[146.33652,-41.16027],[146.31604,-41.18283],[146.32276,-41.17684],[146.32093,-41.17249],[146.32966,-41.16716],[146.3327,-41.15661],[146.32333,-41.15406],[146.28787,-41.16069],[146.26676,-41.15432],[146.26491,-41.16173],[146.25876,-41.161],[146.25699,-41.16478],[146.26189,-41.17385],[146.25972,-41.18276],[146.26499,-41.18347],[146.26357,-41.19051],[146.2731,-41.19155],[146.26008,-41.19799],[146.25255,-41.19343]]],[[[146.40665,-41.17015],[146.36931,-41.17226],[146.36982,-41.16746],[146.36512,-41.17766],[146.3697,-41.19379],[146.36249,-41.20096],[146.37626,-41.21125],[146.38694,-41.2128],[146.389,-41.20437],[146.39459,-41.20535],[146.40052,-41.17924],[146.40433,-41.17979],[146.40665,-41.17015]]]]}},{"type":"Feature","properties":{"id":"diamantina","name":"Diamantina","level":2,"centroid":[140.0718,-24.5767],"bbox":[137.9986,-25.9968,142.145,-23.1566]},"geometry":{"type":"Polygon","coordinates":[[[142.14503,-23.7008],[141.68036,-23.69088],[141.6794,-23.7055],[141.53101,-23.68944],[141.15509,-23.29082],[141.03142,-23.38376],[140.82938,-23.17018],[140.75963,-23.22314],[140.66265,-23.15664],[140.41324,-23.3462],[140.34192,-23.41825],[140.35558,-23.52576],[139.93793,-23.48722],[139.93624,-23.57708],[139.86255,-23.62966],[139.89262,-23.69363],[139.46374,-23.67128],[139.47577,-23.52077],[139.29543,-23.50997],[139.339,-23.47386],[139.17488,-23.30996],[139.12271,-23.35206],[139.07636,-23.3068],[138.89946,-23.44832],[138.92111,-23.47648],[138.82557,-23.54561],[138.66878,-23.54007],[138.59206,-23.46252],[138.4644,-23.55504],[137.99857,-23.5209],[137.99906,-25.99685],[140.90964,-25.99639],[140.9377,-25.71599],[140.92092,-25.7146],[140.92265,-25.6826],[140.89676,-25.68094],[140.91422,-25.52727],[140.88035,-25.46602],[140.84143,-25.48749],[140.82446,-25.5253],[140.77384,-25.47313],[140.67629,-25.46445],[140.69899,-25.20505],[140.85924,-25.22156],[140.87897,-24.99259],[140.80237,-24.98618],[140.81303,-24.83837],[140.87428,-24.842],[140.88338,-24.695],[140.83706,-24.69187],[140.83871,-24.66889],[141.24249,-24.68599],[141.2389,-24.72513],[141.36108,-24.6291],[141.37552,-24.48293],[141.43009,-24.48351],[141.52308,-24.58362],[141.73106,-24.63671],[141.81336,-24.61844],[141.87867,-24.55997],[141.96261,-24.5302],[141.97051,-24.51994],[141.86355,-24.40313],[141.96474,-24.31084],[141.80581,-24.15479],[141.91926,-24.05736],[142.02382,-24.16765],[142.10046,-24.09519],[142.14503,-23.7008]]]}},{"type":"Feature","properties":{"id":"donnybrook-balingup","name":"Donnybrook-Balingup","level":2,"centroid":[115.9778,-33.7022],"bbox":[115.7158,-33.964,116.2398,-33.4403]},"geometry":{"type":"Polygon","coordinates":[[[116.19685,-33.51348],[116.13285,-33.51332],[116.13283,-33.4868],[116.06526,-33.48539],[116.06419,-33.44034],[116.02366,-33.44047],[116.02343,-33.5053],[115.98653,-33.51109],[115.9737,-33.50689],[115.97363,-33.48858],[115.94977,-33.48864],[115.93803,-33.5033],[115.86719,-33.505],[115.86916,-33.52043],[115.83392,-33.51446],[115.81505,-33.54184],[115.77723,-33.54037],[115.77728,-33.52136],[115.75487,-33.52137],[115.75885,-33.5333],[115.73044,-33.53326],[115.72769,-33.64587],[115.71581,-33.64341],[115.71724,-33.66337],[115.73249,-33.66343],[115.73176,-33.69225],[115.76695,-33.70104],[115.76326,-33.79692],[115.80683,-33.79768],[115.80693,-33.78389],[115.83763,-33.79107],[115.83693,-33.83703],[115.81772,-33.83695],[115.8176,-33.85413],[115.86591,-33.85525],[115.88393,-33.84273],[115.90192,-33.88539],[115.94057,-33.89156],[115.9384,-33.96397],[115.96344,-33.96398],[115.97792,-33.9576],[115.97792,-33.94382],[115.99428,-33.94382],[115.96717,-33.91679],[116.00193,-33.89503],[116.00008,-33.8013],[116.0829,-33.80116],[116.10027,-33.78058],[116.19625,-33.78075],[116.19615,-33.77111],[116.21797,-33.77109],[116.21845,-33.73506],[116.22818,-33.735],[116.23978,-33.70652],[116.21581,-33.70141],[116.21546,-33.66977],[116.20111,-33.66984],[116.20604,-33.64627],[116.19524,-33.63471],[116.20645,-33.59636],[116.19697,-33.5925],[116.19685,-33.51348]]]}},{"type":"Feature","properties":{"id":"doomadgee","name":"Doomadgee","level":2,"centroid":[138.8433,-17.4471],"bbox":[138.5769,-18.0187,139.1097,-16.8754]},"geometry":{"type":"MultiPolygon","coordinates":[[[[138.87776,-18.0187],[138.90256,-17.52586],[138.83554,-17.52101],[138.75111,-17.48479],[138.73796,-17.47085],[138.60055,-17.46926],[138.58594,-17.87522],[138.57689,-17.88255],[138.58539,-17.88826],[138.58515,-17.89381],[138.60007,-17.89918],[138.63258,-17.89645],[138.67537,-17.90284],[138.67505,-17.90524],[138.68132,-17.90831],[138.68303,-17.90681],[138.71558,-17.92856],[138.73573,-17.92834],[138.7498,-17.93307],[138.79681,-17.93282],[138.82968,-17.94538],[138.85165,-17.95887],[138.85751,-17.97322],[138.85789,-17.98073],[138.84983,-17.99755],[138.85103,-18.00323],[138.85997,-18.01294],[138.87776,-18.0187]]],[[[139.10966,-17.00927],[139.09162,-17.00274],[139.08695,-16.99872],[139.07805,-16.98716],[139.07642,-16.98099],[139.07924,-16.97778],[139.04322,-16.95018],[139.03479,-16.92797],[139.03703,-16.92135],[139.0402,-16.91921],[139.03868,-16.91243],[138.99739,-16.89125],[138.97921,-16.88728],[138.96947,-16.8884],[138.95516,-16.88623],[138.94518,-16.88893],[138.94038,-16.88519],[138.91539,-16.87883],[138.92208,-16.87839],[138.91598,-16.876],[138.89719,-16.88422],[138.89215,-16.88252],[138.89579,-16.88049],[138.89195,-16.87857],[138.88381,-16.88476],[138.88171,-16.87821],[138.87511,-16.87541],[138.8705,-16.93885],[139.08002,-17.09056],[139.08604,-17.01147],[139.10849,-17.01307],[139.10966,-17.00927]]]]}},{"type":"Feature","properties":{"id":"dorset","name":"Dorset","level":2,"centroid":[147.7307,-41.06],"bbox":[147.1995,-41.3808,148.2619,-40.7391]},"geometry":{"type":"Polygon","coordinates":[[[148.25786,-40.90416],[148.26192,-40.89244],[148.22196,-40.86955],[148.22367,-40.84692],[148.17845,-40.82094],[148.17173,-40.83914],[148.11403,-40.83052],[148.11528,-40.81395],[148.14817,-40.8347],[148.17503,-40.8291],[148.13687,-40.82829],[148.07928,-40.76905],[148.03756,-40.7621],[148.0441,-40.77459],[148.03066,-40.75023],[147.9396,-40.73913],[147.95885,-40.76476],[147.88708,-40.86354],[147.88505,-40.87778],[147.90416,-40.87766],[147.87388,-40.8829],[147.88262,-40.86812],[147.82203,-40.88692],[147.75648,-40.8651],[147.75196,-40.87594],[147.75746,-40.85759],[147.70647,-40.8603],[147.66972,-40.82101],[147.59482,-40.84912],[147.58284,-40.89315],[147.49073,-40.97934],[147.44149,-41.0029],[147.39706,-41.00289],[147.43464,-41.01186],[147.39897,-41.00851],[147.38427,-40.98043],[147.35544,-40.98227],[147.34514,-40.93931],[147.30448,-40.9576],[147.26727,-40.94567],[147.19951,-41.0005],[147.23332,-41.03207],[147.24344,-41.11005],[147.2684,-41.1125],[147.2622,-41.19116],[147.29791,-41.1994],[147.28062,-41.22724],[147.28975,-41.27765],[147.34186,-41.25233],[147.38799,-41.25433],[147.39346,-41.27151],[147.49954,-41.29775],[147.59058,-41.38084],[147.83397,-41.37241],[147.88953,-41.16494],[147.93482,-41.16846],[148.0823,-41.13213],[148.06224,-41.08705],[148.0821,-41.06024],[148.06876,-41.03374],[148.08742,-40.93609],[148.11202,-40.94221],[148.11676,-40.92354],[148.21092,-40.93724],[148.21537,-40.9196],[148.25786,-40.90416]]]}},{"type":"Feature","properties":{"id":"douglas","name":"Douglas","level":2,"centroid":[145.3082,-16.3088],"bbox":[144.9872,-16.7146,145.6291,-15.903]},"geometry":{"type":"Polygon","coordinates":[[[145.62913,-16.70533],[145.58128,-16.68628],[145.47005,-16.51437],[145.46859,-16.47989],[145.41012,-16.45928],[145.41818,-16.33829],[145.44926,-16.29086],[145.4889,-16.27667],[145.46927,-16.21089],[145.44233,-16.18628],[145.47689,-16.07609],[145.41385,-15.95099],[145.36123,-15.92211],[145.33623,-15.95056],[145.32151,-15.94393],[145.32026,-15.95691],[145.33784,-15.94768],[145.34242,-15.96016],[145.28741,-15.99312],[145.31713,-15.96102],[145.32038,-15.93144],[145.29251,-15.92867],[145.28274,-15.90297],[145.25512,-15.93301],[145.24628,-15.9175],[145.20189,-15.93478],[145.1611,-15.92341],[145.14033,-15.9304],[145.13582,-15.95337],[145.10491,-15.9462],[145.07406,-15.96603],[145.07039,-16.02385],[145.0914,-16.04697],[145.0848,-16.11821],[145.04482,-16.1628],[145.00887,-16.14622],[144.98942,-16.15884],[144.98719,-16.19122],[145.01589,-16.20318],[145.02032,-16.22901],[145.05438,-16.24077],[145.06097,-16.26399],[145.13363,-16.28627],[145.1403,-16.34655],[145.21401,-16.39989],[145.2088,-16.41998],[145.24295,-16.46432],[145.26975,-16.46653],[145.25845,-16.48457],[145.29573,-16.53675],[145.35465,-16.5564],[145.37356,-16.51909],[145.40415,-16.51225],[145.44559,-16.57534],[145.44856,-16.60446],[145.43586,-16.60356],[145.44925,-16.6107],[145.44717,-16.64353],[145.49072,-16.64502],[145.52986,-16.62341],[145.51793,-16.67499],[145.60569,-16.71457],[145.62913,-16.70533]]]}},{"type":"Feature","properties":{"id":"dowerin","name":"Dowerin","level":2,"centroid":[117.1057,-31.1141],"bbox":[116.9311,-31.4269,117.2802,-30.8012]},"geometry":{"type":"Polygon","coordinates":[[[117.27024,-31.40259],[117.28023,-31.32761],[117.26462,-31.32764],[117.26262,-31.28808],[117.25324,-31.28247],[117.2618,-31.25922],[117.24857,-31.25921],[117.24859,-31.24936],[117.26641,-31.24936],[117.27253,-31.23051],[117.26821,-31.19957],[117.25039,-31.18575],[117.23963,-31.18971],[117.2396,-31.14694],[117.24855,-31.08729],[117.25744,-31.08719],[117.24665,-31.07054],[117.24781,-31.00187],[117.27896,-30.9987],[117.27458,-30.80658],[117.0358,-30.80122],[117.03558,-30.86529],[117.00818,-30.86525],[117.00812,-30.92491],[116.96714,-30.92492],[116.96714,-30.93788],[116.95444,-30.9379],[116.95021,-30.94947],[116.95026,-30.99566],[116.93499,-30.99568],[116.93959,-31.03846],[116.95312,-31.03847],[116.94628,-31.0797],[116.95999,-31.10781],[116.93124,-31.1079],[116.93119,-31.11836],[116.94819,-31.12665],[116.93799,-31.13141],[116.95446,-31.16065],[116.96582,-31.16065],[116.96584,-31.18476],[116.93719,-31.18484],[116.93247,-31.20299],[116.94088,-31.243],[116.9311,-31.25259],[116.94968,-31.2617],[116.94985,-31.3091],[116.93756,-31.30912],[116.94515,-31.32203],[116.96897,-31.32744],[116.96548,-31.3368],[116.98762,-31.33479],[116.97526,-31.33851],[116.97519,-31.38158],[116.98955,-31.42688],[117.03276,-31.42692],[117.0329,-31.40438],[117.08232,-31.38785],[117.14262,-31.39639],[117.14258,-31.3804],[117.17211,-31.37049],[117.22323,-31.36896],[117.23215,-31.40269],[117.27024,-31.40259]]]}},{"type":"Feature","properties":{"id":"dubbo","name":"Dubbo","level":2,"centroid":[148.8315,-32.4746],"bbox":[148.3598,-33.0631,149.3032,-31.8862]},"geometry":{"type":"Polygon","coordinates":[[[149.23298,-32.99857],[149.28187,-32.92364],[149.26607,-32.89937],[149.2245,-32.91431],[149.2343,-32.85066],[149.21296,-32.82439],[149.28159,-32.81844],[149.27742,-32.6954],[149.30321,-32.67149],[149.23134,-32.60561],[149.29747,-32.4961],[149.2612,-32.48483],[149.27524,-32.47564],[149.25514,-32.44771],[149.28492,-32.43413],[149.25708,-32.39927],[149.17321,-32.4019],[149.18281,-32.33648],[149.22583,-32.29515],[149.18916,-32.29056],[149.19244,-32.20174],[149.22057,-32.18253],[149.19376,-32.10441],[149.16293,-32.12435],[149.05961,-32.08721],[149.01969,-32.10893],[148.99709,-32.03665],[149.03165,-31.92341],[149.00313,-31.93596],[148.97781,-31.91542],[148.74029,-31.88618],[148.62591,-31.90037],[148.61959,-31.92494],[148.41631,-32.02528],[148.44078,-32.03919],[148.40711,-32.07053],[148.41411,-32.13546],[148.45672,-32.14299],[148.37897,-32.21122],[148.3598,-32.20254],[148.40213,-32.28163],[148.37887,-32.39357],[148.4076,-32.39737],[148.38005,-32.42641],[148.40939,-32.48218],[148.39199,-32.52976],[148.42079,-32.59073],[148.40493,-32.62356],[148.45926,-32.60734],[148.61443,-32.6536],[148.66701,-32.63092],[148.69135,-32.66673],[148.64779,-32.71057],[148.6507,-32.74825],[148.70316,-32.7628],[148.80847,-32.87967],[148.84203,-32.87201],[148.90314,-32.90839],[148.9587,-32.89192],[148.985,-32.96236],[149.02028,-32.96774],[149.01386,-33.04112],[149.05719,-33.03309],[149.13358,-33.06306],[149.128,-33.00843],[149.16197,-33.00268],[149.16805,-33.03452],[149.1907,-33.0379],[149.23298,-32.99857]]]}},{"type":"Feature","properties":{"id":"dumbleyung","name":"Dumbleyung","level":2,"centroid":[117.9875,-33.2167],"bbox":[117.6206,-33.4832,118.3545,-32.9502]},"geometry":{"type":"Polygon","coordinates":[[[117.68785,-33.04341],[117.6858,-33.10042],[117.66345,-33.10385],[117.6634,-33.13857],[117.64696,-33.13863],[117.64494,-33.18843],[117.65957,-33.18843],[117.63843,-33.20959],[117.66201,-33.28775],[117.62057,-33.30298],[117.64666,-33.35048],[117.63291,-33.40195],[117.66434,-33.40989],[117.66434,-33.43376],[117.69126,-33.43405],[117.67735,-33.48315],[117.85613,-33.47834],[117.86306,-33.46122],[117.92999,-33.47095],[117.92873,-33.4056],[117.96652,-33.40179],[117.98027,-33.38779],[117.96756,-33.36951],[118.006,-33.36949],[118.0233,-33.35227],[118.04551,-33.35228],[118.04552,-33.36785],[118.24483,-33.36776],[118.24211,-33.3365],[118.261,-33.33839],[118.26095,-33.31795],[118.35448,-33.31615],[118.35337,-33.28017],[118.32024,-33.26506],[118.32024,-33.24535],[118.27399,-33.25093],[118.2844,-33.13518],[118.27604,-33.11274],[118.25989,-33.11292],[118.25969,-33.08864],[118.27581,-33.05165],[118.29259,-33.05683],[118.29071,-33.02305],[118.27771,-33.02307],[118.27876,-32.9532],[118.21976,-32.95019],[118.21977,-32.98765],[118.09032,-32.97124],[118.09034,-32.9873],[118.06138,-32.98913],[118.06139,-33.01139],[118.04605,-33.01139],[118.0563,-33.02904],[118.0448,-33.03917],[117.92098,-33.0373],[117.91227,-33.06165],[117.89033,-33.05834],[117.88577,-33.08575],[117.85647,-33.10316],[117.8116,-33.089],[117.81383,-33.04619],[117.68785,-33.04341]]]}},{"type":"Feature","properties":{"id":"dundas","name":"Dundas","level":2,"centroid":[124.5058,-32.1264],"bbox":[120.0097,-33.0398,129.0019,-31.2131]},"geometry":{"type":"Polygon","coordinates":[[[129.00193,-31.36058],[128.05853,-31.36058],[128.05853,-31.21311],[127.75797,-31.21312],[127.75797,-31.23251],[127.4395,-31.23251],[127.4395,-31.26588],[127.16712,-31.26588],[127.16712,-31.37934],[125.60908,-31.37935],[125.60908,-31.41048],[125.09128,-31.41049],[125.09127,-31.37936],[122.39909,-31.38699],[122.39776,-31.86667],[120.00967,-31.86667],[120.00972,-32.76518],[120.554,-32.76517],[120.554,-32.56898],[123.48662,-32.56472],[123.48664,-32.69818],[123.45223,-32.69818],[123.45223,-32.88766],[124.21317,-32.88671],[124.21366,-33.03978],[124.26418,-33.00277],[124.36391,-32.9572],[124.45827,-32.93556],[124.74101,-32.90013],[124.82035,-32.87017],[124.89459,-32.83282],[124.92806,-32.79415],[124.99309,-32.76269],[125.0262,-32.72885],[125.10242,-32.71538],[125.23035,-32.64322],[125.31528,-32.6079],[125.3707,-32.59168],[125.43903,-32.58288],[125.48508,-32.55963],[125.53207,-32.54922],[125.80123,-32.36671],[125.96121,-32.28643],[126.03706,-32.26858],[126.08118,-32.27511],[126.1607,-32.23772],[126.20315,-32.23226],[126.42203,-32.28407],[126.6728,-32.30836],[126.73425,-32.30587],[126.77259,-32.29233],[126.93928,-32.29863],[127.08932,-32.28055],[127.22932,-32.27447],[127.45209,-32.22228],[127.51883,-32.21411],[127.54861,-32.19074],[127.58539,-32.17504],[127.70571,-32.13669],[128.02238,-32.07397],[128.31428,-31.97935],[128.49484,-31.91189],[128.55176,-31.87815],[128.59024,-31.87164],[128.5966,-31.86307],[128.64234,-31.85092],[128.70671,-31.80864],[128.89637,-31.71703],[129.00193,-31.68699],[129.00193,-31.36058]]]}},{"type":"Feature","properties":{"id":"dungog","name":"Dungog","level":2,"centroid":[151.6113,-32.348],"bbox":[151.3039,-32.651,151.9187,-32.045]},"geometry":{"type":"Polygon","coordinates":[[[151.3097,-32.13897],[151.3279,-32.15461],[151.32722,-32.17166],[151.34554,-32.18296],[151.34199,-32.26769],[151.39028,-32.31558],[151.383,-32.3241],[151.3958,-32.32504],[151.39797,-32.34296],[151.42813,-32.37003],[151.44615,-32.40706],[151.46902,-32.42102],[151.47435,-32.43093],[151.45568,-32.4707],[151.50068,-32.50397],[151.49607,-32.55729],[151.47972,-32.5552],[151.47344,-32.60569],[151.60492,-32.62985],[151.59545,-32.62057],[151.63033,-32.61804],[151.66983,-32.57884],[151.68711,-32.58142],[151.68445,-32.59381],[151.76407,-32.61375],[151.77842,-32.61037],[151.77733,-32.5938],[151.8036,-32.59816],[151.80655,-32.58487],[151.81348,-32.59977],[151.78856,-32.62043],[151.80548,-32.62297],[151.8032,-32.63362],[151.82421,-32.6341],[151.82166,-32.64671],[151.84997,-32.65095],[151.86294,-32.58866],[151.87355,-32.59028],[151.89262,-32.47396],[151.9187,-32.44803],[151.90579,-32.4415],[151.90226,-32.41881],[151.88669,-32.42649],[151.86547,-32.41113],[151.8429,-32.41038],[151.84996,-32.3256],[151.82115,-32.31313],[151.80796,-32.24594],[151.77899,-32.24875],[151.77322,-32.26357],[151.76105,-32.26446],[151.75114,-32.24561],[151.72964,-32.2374],[151.69579,-32.19399],[151.68925,-32.14749],[151.66951,-32.11858],[151.65012,-32.11275],[151.65002,-32.10146],[151.62182,-32.09618],[151.59433,-32.10593],[151.48899,-32.05063],[151.46159,-32.05659],[151.406,-32.04497],[151.38956,-32.08323],[151.33545,-32.08239],[151.30395,-32.11673],[151.3097,-32.13897]]]}},{"type":"Feature","properties":{"id":"east-arnhem","name":"East Arnhem","level":2,"centroid":[135.8701,-13.0491],"bbox":[134.7608,-14.3226,136.9794,-11.7756]},"geometry":{"type":"MultiPolygon","coordinates":[[[[136.41877,-13.85798],[136.44262,-14.12346],[136.32471,-14.2461],[136.95073,-14.30409],[136.9632,-14.1655],[136.6988,-14.12269],[136.90522,-13.76411],[136.72686,-13.84319],[136.69463,-13.65143],[136.41877,-13.85798]]],[[[136.19201,-13.78915],[136.28406,-13.78767],[136.24225,-13.66676],[136.11293,-13.73125],[136.11839,-13.83002],[136.19201,-13.78915]]],[[[136.14156,-13.52377],[136.20508,-13.45147],[136.09218,-13.358],[136.14156,-13.52377]]],[[[135.92097,-13.38244],[136.14525,-13.12055],[136.18117,-13.28166],[136.33284,-13.03231],[136.33081,-13.32415],[136.46877,-13.24713],[136.56706,-13.05915],[136.45396,-12.97921],[136.66821,-13.00428],[136.46553,-12.78061],[136.62169,-12.83948],[136.72572,-12.48183],[136.77266,-12.55557],[136.97938,-12.34521],[136.87071,-12.38177],[136.90257,-12.24755],[136.78208,-12.1586],[136.64882,-12.27013],[136.44537,-11.9983],[136.56233,-11.87674],[136.16716,-12.16354],[136.37822,-12.24715],[136.30412,-12.4002],[136.01648,-12.49356],[136.06105,-12.24106],[135.92838,-12.22391],[136.04507,-12.06307],[135.71093,-12.31122],[135.65194,-12.20169],[135.91048,-11.95254],[135.36623,-12.08524],[135.2228,-12.19001],[135.34274,-12.24664],[135.16122,-12.22553],[135.21279,-12.29598],[134.85575,-12.13217],[134.76081,-11.95253],[134.79176,-12.88328],[135.00001,-12.88332],[135.00001,-13.99999],[135.50216,-14.32257],[135.50115,-13.56523],[135.92097,-13.38244]]],[[[135.56041,-12.03641],[135.79782,-11.96422],[135.92834,-11.77556],[135.56041,-12.03641]]]]}},{"type":"Feature","properties":{"id":"east-fremantle","name":"East Fremantle","level":2,"centroid":[115.7671,-32.0365],"bbox":[115.758,-32.0473,115.7763,-32.0258]},"geometry":{"type":"Polygon","coordinates":[[[115.77617,-32.02881],[115.7757,-32.02897],[115.77487,-32.02908],[115.77462,-32.02921],[115.77433,-32.02928],[115.77359,-32.02922],[115.77234,-32.02899],[115.77171,-32.02871],[115.7706,-32.02808],[115.7701,-32.02763],[115.76985,-32.0272],[115.76921,-32.02667],[115.76838,-32.02639],[115.76726,-32.02622],[115.76652,-32.02583],[115.76628,-32.02577],[115.7656,-32.02583],[115.76399,-32.02643],[115.7632,-32.02656],[115.76218,-32.02657],[115.76192,-32.02664],[115.76178,-32.02678],[115.76156,-32.02727],[115.7615,-32.0276],[115.7615,-32.02794],[115.7616,-32.02835],[115.7618,-32.02878],[115.76247,-32.02965],[115.76266,-32.03],[115.76321,-32.03056],[115.76351,-32.03074],[115.76392,-32.03085],[115.76402,-32.03098],[115.76408,-32.03125],[115.76408,-32.03181],[115.76401,-32.03216],[115.76364,-32.03281],[115.76314,-32.03332],[115.76296,-32.03341],[115.76283,-32.03367],[115.76274,-32.03406],[115.76283,-32.03485],[115.76187,-32.03724],[115.76177,-32.03762],[115.76164,-32.03787],[115.76134,-32.03812],[115.76124,-32.0383],[115.76108,-32.03937],[115.76085,-32.03997],[115.76032,-32.04053],[115.75982,-32.0409],[115.75936,-32.04107],[115.75892,-32.04117],[115.758,-32.04121],[115.75807,-32.0422],[115.75814,-32.04728],[115.77627,-32.04703],[115.77617,-32.03918],[115.77615,-32.03829],[115.77606,-32.03831],[115.77617,-32.0306],[115.77629,-32.0305],[115.77617,-32.0304],[115.77617,-32.02881]]]}},{"type":"Feature","properties":{"id":"east-gippsland","name":"East Gippsland","level":2,"centroid":[148.5826,-37.3456],"bbox":[147.189,-38.0787,149.9762,-36.6124]},"geometry":{"type":"Polygon","coordinates":[[[149.35647,-37.26283],[148.19495,-36.79624],[148.1192,-36.80576],[148.09795,-36.78728],[148.13447,-36.74373],[147.96022,-36.61241],[147.54189,-36.73756],[147.52861,-36.76961],[147.47141,-36.78306],[147.45849,-36.80301],[147.38014,-36.75071],[147.2966,-36.73391],[147.26793,-36.77903],[147.29346,-36.81103],[147.28294,-36.82695],[147.33329,-36.82993],[147.34171,-36.86181],[147.28926,-36.90515],[147.2633,-37.00669],[147.34999,-37.0364],[147.38904,-37.03135],[147.38052,-37.0987],[147.3164,-37.11385],[147.36879,-37.19827],[147.42551,-37.2201],[147.42844,-37.26709],[147.46035,-37.27608],[147.43782,-37.39811],[147.40625,-37.41008],[147.41721,-37.42488],[147.38947,-37.46263],[147.40204,-37.54114],[147.35022,-37.5373],[147.32925,-37.56167],[147.20816,-37.58049],[147.18904,-37.61521],[147.22207,-37.63283],[147.19841,-37.72605],[147.21197,-37.74554],[147.26207,-37.75223],[147.23344,-37.76937],[147.28132,-37.77459],[147.27425,-37.92012],[147.3616,-37.91779],[147.38144,-37.98004],[147.46359,-38.013],[147.45569,-38.07869],[147.57055,-38.05367],[147.7121,-37.95423],[147.72273,-37.96945],[147.6994,-37.98127],[147.70578,-37.99823],[147.95001,-37.89468],[148.26295,-37.81466],[148.68877,-37.80141],[148.72779,-37.81542],[148.80874,-37.7864],[149.12276,-37.77729],[149.24672,-37.78046],[149.2755,-37.80376],[149.34038,-37.7769],[149.48496,-37.77543],[149.52551,-37.73727],[149.59584,-37.72656],[149.6166,-37.7006],[149.67733,-37.68507],[149.77525,-37.55783],[149.90661,-37.54285],[149.9762,-37.50515],[149.35647,-37.26283]]]}},{"type":"Feature","properties":{"id":"east-pilbara","name":"East Pilbara","level":2,"centroid":[123.7133,-21.6118],"bbox":[118.4261,-23.728,129.0005,-19.4955]},"geometry":{"type":"Polygon","coordinates":[[[118.42605,-23.44038],[120.79141,-23.4403],[120.77055,-23.58881],[120.67102,-23.72794],[120.84044,-23.72802],[121.00479,-23.72793],[121.00478,-23.4403],[129.00054,-23.4403],[129.00052,-21.23199],[126.00132,-21.23202],[126.0014,-19.49858],[123.56631,-19.49549],[123.56597,-19.79411],[121.69687,-19.79047],[121.69686,-19.85284],[121.5029,-19.85291],[121.42315,-19.79439],[121.11394,-19.79466],[121.11394,-19.90663],[120.68482,-19.87502],[120.66688,-20.07],[120.06414,-20.07],[120.06413,-19.92558],[119.76416,-19.95555],[119.75331,-20.02193],[119.69109,-20.04104],[119.70088,-19.99509],[119.56768,-20.08056],[119.51199,-20.04576],[119.51198,-20.36479],[119.39099,-20.3648],[119.391,-20.58278],[118.98803,-20.58981],[118.99396,-20.63236],[118.91567,-20.63236],[118.91561,-20.8119],[118.82013,-20.81182],[118.82809,-20.91475],[118.69685,-20.91441],[118.69685,-21.13321],[118.83076,-21.15642],[118.89272,-21.37297],[119.06262,-21.37297],[119.05689,-21.56909],[119.12232,-21.56908],[119.12232,-21.66559],[119.18111,-21.66559],[119.18111,-21.82404],[119.06235,-21.82404],[119.06235,-21.91152],[119.00075,-21.91152],[119.01015,-22.00133],[118.74735,-22.00133],[118.69736,-21.96029],[118.69736,-22.0357],[119.2313,-22.06611],[119.2313,-22.1752],[119.17998,-22.20696],[119.37922,-22.20695],[119.42683,-22.36528],[118.75848,-22.36347],[118.75848,-22.43195],[119.01265,-22.46543],[119.01265,-22.54577],[119.12428,-22.54577],[119.12428,-22.69715],[118.83579,-22.69715],[118.42605,-23.44038]]]}},{"type":"Feature","properties":{"id":"edward-river","name":"Edward River","level":2,"centroid":[144.8241,-35.234],"bbox":[144.0497,-35.7273,145.5984,-34.7407]},"geometry":{"type":"Polygon","coordinates":[[[145.48452,-35.51198],[145.52651,-35.29858],[145.51321,-35.28967],[145.53134,-35.27686],[145.52506,-35.24248],[145.54371,-35.22731],[145.5414,-35.15239],[145.59837,-34.85739],[144.61982,-34.84686],[144.39041,-34.81704],[144.30876,-34.78881],[144.28318,-34.79521],[144.27524,-34.77661],[144.14861,-34.74069],[144.12466,-34.88679],[144.16326,-34.89421],[144.13686,-35.04448],[144.09515,-35.05881],[144.10895,-35.06762],[144.0875,-35.0833],[144.04974,-35.09046],[144.05406,-35.10725],[144.08252,-35.10712],[144.16441,-35.15954],[144.22309,-35.15666],[144.21597,-35.16705],[144.24582,-35.168],[144.25658,-35.18456],[144.27369,-35.17472],[144.40175,-35.19896],[144.39951,-35.21126],[144.43256,-35.21689],[144.43752,-35.23411],[144.42082,-35.24479],[144.43706,-35.24814],[144.43388,-35.25963],[144.46924,-35.26745],[144.47177,-35.28388],[144.50693,-35.29958],[144.52598,-35.2946],[144.55566,-35.33436],[144.59652,-35.33097],[144.59501,-35.35525],[144.62868,-35.3531],[144.65692,-35.37215],[144.65232,-35.39447],[144.69197,-35.41492],[144.7396,-35.41243],[144.76911,-35.44767],[144.8434,-35.45657],[144.89084,-35.48762],[144.90663,-35.50525],[144.89513,-35.57126],[144.99598,-35.58305],[145.02836,-35.61664],[145.10133,-35.63472],[145.13396,-35.6734],[145.18232,-35.68821],[145.263,-35.68121],[145.30449,-35.7196],[145.3459,-35.71099],[145.39298,-35.72727],[145.42433,-35.7066],[145.44001,-35.71529],[145.44362,-35.69593],[145.45692,-35.69753],[145.45906,-35.61184],[145.48452,-35.51198]]]}},{"type":"Feature","properties":{"id":"elliston","name":"Elliston","level":2,"centroid":[135.084,-33.553],"bbox":[134.2599,-33.9653,135.9081,-33.1408]},"geometry":{"type":"MultiPolygon","coordinates":[[[[134.26876,-33.96528],[134.26433,-33.9574],[134.2769,-33.94417],[134.26446,-33.93705],[134.25991,-33.96251],[134.26876,-33.96528]]],[[[134.45107,-33.76257],[134.44757,-33.77331],[134.46374,-33.76772],[134.49609,-33.7458],[134.50483,-33.72439],[134.51766,-33.71791],[134.54701,-33.72448],[134.52757,-33.67767],[134.47003,-33.69227],[134.46786,-33.73342],[134.45386,-33.74055],[134.45107,-33.76257]]],[[[134.80883,-33.60702],[134.80961,-33.59078],[134.77606,-33.59503],[134.80883,-33.60702]]],[[[135.90811,-33.33118],[135.13742,-33.33328],[135.13713,-33.1408],[134.60108,-33.14117],[134.63243,-33.16218],[134.66666,-33.16099],[134.70413,-33.17643],[134.71741,-33.19566],[134.70964,-33.21477],[134.72245,-33.21876],[134.7191,-33.22997],[134.70893,-33.23306],[134.69851,-33.22182],[134.6583,-33.23357],[134.69663,-33.26347],[134.73678,-33.27384],[134.76069,-33.30903],[134.80206,-33.32877],[134.81362,-33.35275],[134.84649,-33.44149],[134.86332,-33.53448],[134.84047,-33.59295],[134.8427,-33.62138],[134.83025,-33.6263],[134.86077,-33.64397],[134.87915,-33.6361],[134.88611,-33.64302],[134.87892,-33.65389],[135.04028,-33.75499],[135.08224,-33.80411],[135.14585,-33.85235],[135.16175,-33.8775],[135.18216,-33.87776],[135.19403,-33.91979],[135.21688,-33.94021],[135.77769,-33.93856],[135.77745,-33.85009],[135.90757,-33.8502],[135.90811,-33.33118]]]]}},{"type":"Feature","properties":{"id":"esperance","name":"Esperance","level":2,"centroid":[122.1495,-33.3634],"bbox":[120.0853,-34.162,124.2137,-32.5647]},"geometry":{"type":"MultiPolygon","coordinates":[[[[122.23739,-34.13453],[122.24478,-34.16203],[122.26111,-34.12414],[122.23136,-34.10861],[122.23739,-34.13453]]],[[[123.20533,-34.1165],[123.21519,-34.08089],[123.15749,-34.11031],[123.20533,-34.1165]]],[[[120.554,-32.76517],[120.2552,-32.99519],[120.217,-33.07487],[120.0853,-33.07897],[120.51048,-33.24375],[120.68705,-33.21519],[120.77212,-33.25439],[120.7801,-33.40553],[120.745,-33.42168],[120.87586,-33.71877],[120.79211,-33.81835],[120.7887,-33.8867],[120.86873,-33.85622],[121.00793,-33.87274],[121.09985,-33.84849],[121.17715,-33.87759],[121.19871,-33.84457],[121.36374,-33.81544],[121.54659,-33.82798],[121.64469,-33.89816],[121.69509,-33.8612],[121.79421,-33.90896],[121.90049,-33.87899],[121.91511,-33.83824],[121.99561,-33.82835],[122.08539,-33.90278],[122.11358,-34.01719],[122.27732,-34.00073],[122.27451,-33.95946],[122.36421,-33.9135],[122.50967,-33.9534],[122.55758,-33.9366],[122.57154,-33.9614],[122.6187,-33.89282],[122.9759,-33.9023],[123.02273,-33.85663],[123.1339,-33.90436],[123.16308,-34.01662],[123.28691,-33.97986],[123.37146,-33.89588],[123.54677,-33.93498],[123.57338,-33.88772],[123.76416,-33.79523],[123.77443,-33.69817],[123.87772,-33.63316],[123.87508,-33.599],[123.97603,-33.55859],[123.99801,-33.42636],[124.1012,-33.17614],[124.21366,-33.03978],[124.21317,-32.88671],[123.45223,-32.88766],[123.45223,-32.69818],[123.48664,-32.69818],[123.48662,-32.56472],[120.554,-32.56898],[120.554,-32.76517]]]]}},{"type":"Feature","properties":{"id":"etheridge","name":"Etheridge","level":2,"centroid":[143.5383,-18.5654],"bbox":[142.2442,-19.637,144.8324,-17.4939]},"geometry":{"type":"Polygon","coordinates":[[[142.26522,-17.49386],[142.24424,-17.71292],[142.38228,-17.87141],[142.48243,-17.87564],[142.62547,-18.08109],[142.4638,-18.22258],[142.51418,-18.40418],[142.63424,-18.45847],[142.6374,-18.52503],[142.74714,-18.51389],[142.77807,-18.58375],[142.85231,-18.58588],[142.83697,-18.6691],[142.89205,-18.72011],[142.91588,-18.88452],[142.97229,-18.93137],[143.14138,-18.93587],[143.26288,-19.05743],[143.28692,-19.15723],[143.38815,-19.2045],[143.37809,-19.28818],[143.48311,-19.48367],[143.85184,-19.63703],[144.13929,-19.56557],[144.22645,-19.61871],[144.30256,-19.49738],[144.34487,-19.5015],[144.35173,-19.42391],[144.46815,-19.44739],[144.47458,-19.37069],[144.5915,-19.37972],[144.63351,-19.28533],[144.83244,-19.16088],[144.77435,-19.14795],[144.69795,-18.99593],[144.79031,-18.87103],[144.74539,-18.81802],[144.80591,-18.75231],[144.7417,-18.70266],[144.78709,-18.66127],[144.65163,-18.62655],[144.68704,-18.3137],[144.7408,-18.31859],[144.75196,-18.21612],[144.61096,-18.05123],[144.47176,-18.01204],[144.45594,-18.05526],[144.34157,-17.94529],[144.14254,-17.95434],[143.97064,-17.75601],[143.97639,-17.68083],[143.67849,-17.61005],[143.52355,-17.6555],[143.3228,-17.52143],[143.12477,-17.56469],[143.01913,-17.53715],[142.79256,-17.64747],[142.50992,-17.6622],[142.36781,-17.50756],[142.26522,-17.49386]]]}},{"type":"Feature","properties":{"id":"eurobodalla","name":"Eurobodalla","level":2,"centroid":[149.9253,-35.9326],"bbox":[149.543,-36.3643,150.3076,-35.5008]},"geometry":{"type":"Polygon","coordinates":[[[150.08327,-36.3637],[150.13973,-36.30489],[150.13078,-36.28885],[150.14858,-36.26692],[150.12434,-36.14191],[150.14151,-36.09442],[150.13447,-36.06593],[150.16456,-36.01301],[150.15066,-35.8896],[150.17007,-35.86189],[150.19136,-35.86049],[150.17767,-35.85019],[150.1867,-35.8331],[150.23538,-35.83535],[150.2242,-35.80874],[150.23712,-35.80214],[150.23495,-35.77175],[150.17727,-35.70306],[150.23397,-35.70292],[150.27654,-35.72355],[150.30655,-35.68611],[150.29614,-35.65438],[150.30758,-35.6386],[150.27774,-35.64067],[150.26994,-35.6169],[150.24978,-35.63139],[150.26038,-35.58318],[150.23752,-35.54926],[150.20306,-35.54336],[150.17311,-35.57535],[150.13317,-35.56271],[150.09429,-35.58069],[150.05592,-35.57658],[149.96405,-35.50077],[149.9482,-35.56182],[149.92991,-35.56537],[149.93512,-35.61086],[149.86262,-35.71379],[149.82983,-35.7214],[149.81742,-35.75391],[149.75961,-35.7941],[149.7093,-35.78417],[149.68492,-35.80268],[149.67869,-35.86601],[149.69393,-35.90826],[149.67991,-35.98134],[149.60885,-35.96681],[149.60108,-35.99158],[149.56838,-36.00875],[149.58373,-36.08097],[149.54303,-36.10722],[149.58341,-36.14268],[149.65111,-36.13127],[149.64047,-36.19552],[149.73984,-36.23975],[149.95305,-36.26877],[149.95051,-36.32362],[149.96776,-36.31873],[149.98743,-36.35838],[150.01902,-36.36433],[150.03254,-36.34573],[150.0574,-36.36319],[150.05278,-36.34321],[150.08327,-36.3637]]]}},{"type":"Feature","properties":{"id":"exmouth","name":"Exmouth","level":2,"centroid":[114.204,-22.3987],"bbox":[113.6541,-23.0113,114.754,-21.7862]},"geometry":{"type":"Polygon","coordinates":[[[114.43198,-22.27804],[114.4614,-22.2926],[114.46138,-22.3277],[114.43363,-22.29495],[114.41202,-22.31874],[114.45165,-22.36256],[114.40094,-22.35992],[114.39739,-22.38531],[114.42334,-22.39572],[114.39277,-22.39219],[114.40789,-22.42922],[114.38032,-22.44126],[114.40384,-22.46939],[114.38357,-22.46474],[114.37709,-22.49813],[114.34577,-22.48974],[114.34033,-22.51629],[114.32405,-22.47955],[114.32364,-22.50539],[114.31745,-22.4406],[114.28238,-22.43377],[114.22564,-22.45735],[114.21387,-22.50292],[114.16181,-22.53404],[114.15105,-22.51709],[114.14382,-22.53805],[114.12211,-22.41579],[114.17823,-22.35343],[114.17848,-22.30536],[114.11583,-22.33114],[114.13302,-22.26157],[114.08028,-22.15412],[114.14398,-21.95808],[114.14888,-21.86664],[114.19102,-21.81457],[114.16122,-21.7862],[113.99509,-21.87545],[113.93361,-21.97321],[113.81621,-22.3157],[113.74939,-22.40841],[113.71377,-22.51795],[113.65409,-22.57876],[113.68643,-22.6644],[113.6705,-22.71712],[113.7094,-22.71527],[113.75526,-22.75621],[113.81885,-22.92716],[113.89388,-22.92716],[113.89388,-22.79092],[114.20018,-22.79073],[114.20021,-22.85474],[114.45572,-22.85456],[114.5026,-22.9303],[114.59771,-23.01125],[114.59771,-22.96879],[114.70935,-22.93299],[114.70935,-22.90616],[114.67133,-22.90616],[114.75401,-22.66823],[114.63675,-22.66823],[114.63686,-22.50468],[114.55867,-22.50462],[114.55887,-22.27778],[114.43198,-22.27804]]]}},{"type":"Feature","properties":{"id":"fairfield","name":"Fairfield","level":2,"centroid":[150.9011,-33.8675],"bbox":[150.8117,-33.9142,150.9905,-33.8209]},"geometry":{"type":"Polygon","coordinates":[[[150.81291,-33.82235],[150.81171,-33.82539],[150.82078,-33.82666],[150.81899,-33.83521],[150.8235,-33.83589],[150.81507,-33.87943],[150.82033,-33.8807],[150.82859,-33.87558],[150.83977,-33.87473],[150.85218,-33.88339],[150.86463,-33.88346],[150.85714,-33.89437],[150.86785,-33.89583],[150.90372,-33.9086],[150.90778,-33.91417],[150.91729,-33.90388],[150.92795,-33.90739],[150.92872,-33.90516],[150.92976,-33.90716],[150.93354,-33.90669],[150.93621,-33.90331],[150.94147,-33.90292],[150.94181,-33.90485],[150.93918,-33.90468],[150.94091,-33.90612],[150.94932,-33.90236],[150.94971,-33.90546],[150.96071,-33.89876],[150.96654,-33.90046],[150.96653,-33.90271],[150.96011,-33.90461],[150.9681,-33.91077],[150.97351,-33.90992],[150.97367,-33.907],[150.97739,-33.90916],[150.97945,-33.90634],[150.97254,-33.89807],[150.9684,-33.89645],[150.96715,-33.89013],[150.97333,-33.88942],[150.99053,-33.86406],[150.9825,-33.85718],[150.96145,-33.86991],[150.9599,-33.86457],[150.96159,-33.86342],[150.9537,-33.85396],[150.94693,-33.85413],[150.9447,-33.84995],[150.93766,-33.84937],[150.93807,-33.846],[150.91714,-33.8381],[150.91242,-33.83473],[150.91441,-33.83229],[150.90891,-33.82537],[150.89591,-33.82854],[150.88896,-33.83399],[150.88797,-33.82973],[150.88333,-33.83225],[150.88428,-33.82749],[150.87819,-33.82899],[150.87366,-33.82465],[150.85774,-33.82086],[150.81291,-33.82235]]]}},{"type":"Feature","properties":{"id":"federation","name":"Federation","level":2,"centroid":[146.328,-35.4621],"bbox":[145.9461,-36.0507,146.71,-34.8734]},"geometry":{"type":"Polygon","coordinates":[[[145.94608,-35.96132],[145.97182,-36.01566],[146.03149,-35.9947],[146.09221,-36.02125],[146.13477,-36.00253],[146.13125,-36.01931],[146.17311,-36.01928],[146.18598,-36.04206],[146.2829,-36.01104],[146.28303,-36.04147],[146.32908,-36.04313],[146.3389,-36.02638],[146.36958,-36.05073],[146.42168,-35.96582],[146.44331,-35.97623],[146.4546,-35.96223],[146.49973,-35.99086],[146.50181,-35.95815],[146.54959,-35.99244],[146.56295,-35.96769],[146.58397,-35.98385],[146.61253,-35.97285],[146.61306,-35.99515],[146.656,-36.02624],[146.70997,-36.03438],[146.70579,-35.95129],[146.65376,-35.93002],[146.67469,-35.89473],[146.64362,-35.87902],[146.58903,-35.89501],[146.58239,-35.92932],[146.52986,-35.9183],[146.55108,-35.82037],[146.49705,-35.81171],[146.51784,-35.69678],[146.5575,-35.68655],[146.60507,-35.50575],[146.43119,-35.47498],[146.35423,-35.38778],[146.37295,-35.32099],[146.40381,-35.30444],[146.41366,-35.25053],[146.3864,-35.24738],[146.38926,-35.23172],[146.56488,-35.11846],[146.66093,-35.08972],[146.69085,-35.05589],[146.263,-34.88074],[146.23354,-34.87342],[146.19246,-34.92361],[146.14564,-34.89799],[146.07485,-34.89817],[146.05808,-35.03286],[146.03033,-35.05462],[146.00645,-35.13323],[146.03996,-35.19856],[146.01981,-35.20344],[146.02432,-35.21832],[145.99503,-35.21027],[145.95739,-35.26371],[145.99296,-35.3111],[146.06485,-35.32259],[145.99413,-35.62223],[146.0045,-35.63814],[145.98693,-35.63601],[145.99361,-35.67359],[145.9738,-35.70455],[145.98791,-35.74732],[145.94608,-35.96132]]]}},{"type":"Feature","properties":{"id":"flinders-qld","name":"Flinders (Qld)","level":2,"centroid":[144.3881,-20.8887],"bbox":[143.2366,-22.2117,145.5396,-19.5657]},"geometry":{"type":"Polygon","coordinates":[[[145.53284,-21.65824],[145.53964,-21.57477],[145.45294,-21.5662],[145.46477,-21.46143],[145.26201,-21.45823],[145.25634,-21.17452],[145.17303,-21.06178],[145.21963,-21.06531],[145.22736,-20.97476],[145.16372,-20.97028],[145.18937,-20.63376],[145.09733,-20.62774],[144.99831,-20.49162],[144.92239,-20.4623],[144.90876,-20.37264],[144.82038,-20.33247],[144.84002,-20.20521],[144.77189,-20.129],[144.77557,-20.06654],[144.66364,-20.05829],[144.62207,-19.96925],[144.43088,-19.97631],[144.39575,-19.93455],[144.42564,-19.61086],[144.28519,-19.57328],[144.22645,-19.61871],[144.14702,-19.56569],[143.85184,-19.63703],[143.68226,-19.59699],[143.59699,-20.14544],[143.79009,-20.26323],[143.70979,-20.32489],[143.78621,-20.41556],[143.51469,-20.54321],[143.47618,-20.60623],[143.54081,-20.61759],[143.49895,-20.78249],[143.44766,-20.77758],[143.4347,-20.82849],[143.33825,-20.82045],[143.23665,-21.31118],[143.35954,-21.322],[143.32877,-21.61185],[143.64926,-21.64116],[143.63084,-21.79741],[144.04463,-21.83029],[144.03885,-21.8947],[144.1885,-21.9084],[144.18034,-21.98955],[144.26344,-21.99738],[144.2685,-22.04785],[144.41722,-22.06171],[144.39778,-22.15704],[144.73979,-22.21171],[144.80091,-22.04537],[144.94306,-22.05914],[144.95631,-21.9303],[145.08221,-21.94259],[145.0752,-21.89143],[145.15297,-21.89891],[145.16608,-21.78488],[145.41824,-21.84623],[145.43474,-21.69204],[145.52941,-21.70193],[145.53284,-21.65824]]]}},{"type":"Feature","properties":{"id":"flinders-tas","name":"Flinders (Tas.)","level":2,"centroid":[147.9001,-40.0213],"bbox":[147.3184,-40.5901,148.4819,-39.4524]},"geometry":{"type":"MultiPolygon","coordinates":[[[[147.77719,-40.02604],[147.7263,-40.10312],[147.75656,-40.09474],[147.77719,-40.02604]]],[[[148.31822,-39.9527],[148.34773,-39.95091],[148.32857,-39.93197],[148.31822,-39.9527]]],[[[147.84025,-40.29775],[147.88117,-40.32594],[147.90891,-40.3017],[147.84025,-40.29775]]],[[[147.3184,-39.49596],[147.35132,-39.49748],[147.36048,-39.46382],[147.32092,-39.4524],[147.3184,-39.49596]]],[[[148.11599,-40.51262],[148.09581,-40.53162],[148.12153,-40.5371],[148.11346,-40.56509],[148.19847,-40.59011],[148.24805,-40.48033],[148.11599,-40.51262]]],[[[148.02236,-40.41663],[148.06037,-40.45326],[148.19597,-40.4355],[148.22678,-40.46607],[148.30993,-40.42672],[148.35056,-40.49282],[148.48189,-40.43492],[148.4515,-40.37668],[148.40708,-40.37798],[148.32979,-40.29075],[148.26687,-40.34069],[148.21071,-40.31781],[148.19186,-40.35621],[148.0798,-40.33983],[147.98727,-40.38708],[147.98868,-40.42114],[148.02236,-40.41663]]],[[[147.76813,-39.86643],[147.75712,-39.89052],[147.80399,-39.91641],[147.88002,-39.9073],[147.90676,-39.97614],[147.85902,-40.02338],[147.93385,-40.03463],[147.95365,-40.09899],[147.96391,-40.07512],[148.00702,-40.10536],[148.04611,-40.24949],[148.12211,-40.27402],[148.21029,-40.21068],[148.2833,-40.23137],[148.33417,-40.2091],[148.28766,-40.08077],[148.27916,-40.11641],[148.22329,-40.12103],[148.28626,-40.06791],[148.29114,-39.96511],[148.17725,-39.95205],[147.961,-39.7303],[147.99073,-39.7791],[147.96674,-39.77285],[147.96344,-39.72706],[147.84798,-39.75066],[147.86972,-39.78671],[147.84384,-39.83704],[147.76813,-39.86643]]]]}},{"type":"Feature","properties":{"id":"flinders-ranges","name":"Flinders Ranges","level":2,"centroid":[138.3388,-32.1334],"bbox":[137.923,-32.5271,138.7546,-31.7397]},"geometry":{"type":"Polygon","coordinates":[[[138.75455,-32.12029],[138.75464,-31.9752],[138.6401,-31.97534],[138.65628,-31.96626],[138.65195,-31.93055],[138.64026,-31.91001],[138.63841,-31.89712],[138.63129,-31.89157],[138.6437,-31.87595],[138.63356,-31.87046],[138.64127,-31.85136],[138.65023,-31.84844],[138.66088,-31.83829],[138.66223,-31.82774],[138.66681,-31.82279],[138.68169,-31.81247],[138.695,-31.81088],[138.70057,-31.80496],[138.71619,-31.80494],[138.71845,-31.77375],[138.71575,-31.7616],[138.6658,-31.76882],[138.65426,-31.77518],[138.64385,-31.77439],[138.64092,-31.77712],[138.63272,-31.77407],[138.63187,-31.76284],[138.61721,-31.74698],[138.59698,-31.76176],[138.59697,-31.73995],[138.08458,-31.73973],[138.08434,-31.97616],[137.97811,-32.15143],[137.96338,-32.2368],[137.96323,-32.26989],[137.9713,-32.27307],[137.97387,-32.27929],[137.96768,-32.28578],[137.96896,-32.29297],[137.96301,-32.29432],[137.96028,-32.29964],[137.96891,-32.30654],[137.96818,-32.31611],[137.96212,-32.32167],[137.96059,-32.33124],[137.97392,-32.3298],[137.97077,-32.36832],[137.96392,-32.39873],[137.96643,-32.41524],[137.92306,-32.41533],[137.92302,-32.49459],[138.00625,-32.49714],[138.00751,-32.50676],[138.07137,-32.5047],[138.08373,-32.50627],[138.08855,-32.51038],[138.1076,-32.50393],[138.12466,-32.51445],[138.15669,-32.52705],[138.15716,-32.41482],[138.34306,-32.41516],[138.34315,-32.324],[138.44014,-32.32323],[138.4395,-32.12099],[138.75455,-32.12029]]]}},{"type":"Feature","properties":{"id":"forbes","name":"Forbes","level":2,"centroid":[147.864,-33.379],"bbox":[147.2978,-33.7205,148.4302,-33.0375]},"geometry":{"type":"Polygon","coordinates":[[[147.5115,-33.70555],[147.60187,-33.61371],[147.68264,-33.62391],[147.66421,-33.65666],[147.6777,-33.65835],[147.67108,-33.69567],[147.69679,-33.70388],[147.76412,-33.70712],[147.79238,-33.68656],[148.08263,-33.72052],[148.10088,-33.64836],[148.16918,-33.65167],[148.1742,-33.63228],[148.32732,-33.65485],[148.35034,-33.60875],[148.41801,-33.59671],[148.38846,-33.57966],[148.39046,-33.56764],[148.4236,-33.56519],[148.39126,-33.54696],[148.39278,-33.51871],[148.35926,-33.51241],[148.35127,-33.4941],[148.3098,-33.50018],[148.29019,-33.48639],[148.31856,-33.4491],[148.36161,-33.44922],[148.34594,-33.4209],[148.40638,-33.40548],[148.41823,-33.38499],[148.38428,-33.35313],[148.41566,-33.32721],[148.39715,-33.26998],[148.4282,-33.23916],[148.4302,-33.21611],[148.3374,-33.22409],[148.29474,-33.19958],[148.23902,-33.19889],[148.25415,-33.24567],[148.23304,-33.24328],[148.22695,-33.2758],[148.16566,-33.25272],[148.08473,-33.27576],[147.92061,-33.24445],[147.91638,-33.20538],[147.87798,-33.21397],[147.63566,-33.18609],[147.65482,-33.15123],[147.56519,-33.12947],[147.57147,-33.09017],[147.54863,-33.08757],[147.55498,-33.04818],[147.4053,-33.03748],[147.38854,-33.1394],[147.31025,-33.1028],[147.29776,-33.19119],[147.35722,-33.22444],[147.46483,-33.22741],[147.48233,-33.25823],[147.51468,-33.26333],[147.48041,-33.44172],[147.42609,-33.43449],[147.40349,-33.52743],[147.41709,-33.53186],[147.4819,-33.70372],[147.5115,-33.70555]]]}},{"type":"Feature","properties":{"id":"franklin-harbour","name":"Franklin Harbour","level":2,"centroid":[137.0281,-33.6016],"bbox":[136.6708,-33.8774,137.3853,-33.3259]},"geometry":{"type":"Polygon","coordinates":[[[136.67083,-33.87741],[136.67807,-33.8703],[136.69764,-33.86185],[136.7017,-33.85549],[136.73047,-33.83496],[136.75029,-33.83087],[136.77849,-33.831],[136.77961,-33.82195],[136.8002,-33.80314],[136.85723,-33.79837],[136.87855,-33.7861],[136.90069,-33.77858],[136.9515,-33.75529],[136.99168,-33.72478],[137.02552,-33.71971],[137.03729,-33.708],[137.05422,-33.70636],[137.06974,-33.69873],[137.09259,-33.70131],[137.10578,-33.69925],[137.12434,-33.70073],[137.16852,-33.69028],[137.17484,-33.68503],[137.1821,-33.67314],[137.21205,-33.6621],[137.22297,-33.64826],[137.22693,-33.63714],[137.23395,-33.63271],[137.24933,-33.61203],[137.24948,-33.60864],[137.2524,-33.60826],[137.26392,-33.57767],[137.27341,-33.56979],[137.27569,-33.57047],[137.27884,-33.565],[137.28587,-33.53798],[137.28729,-33.53614],[137.28696,-33.53949],[137.29015,-33.53878],[137.29099,-33.53449],[137.28802,-33.53079],[137.29529,-33.5074],[137.30501,-33.5001],[137.30377,-33.48936],[137.31462,-33.47152],[137.32026,-33.46849],[137.32539,-33.45947],[137.33459,-33.45827],[137.36053,-33.43915],[137.35863,-33.42886],[137.363,-33.42621],[137.358,-33.42502],[137.36075,-33.41482],[137.37494,-33.39777],[137.37799,-33.38457],[137.38535,-33.37372],[137.37923,-33.36067],[137.38032,-33.35476],[137.37723,-33.3442],[137.38057,-33.32889],[137.37835,-33.32585],[136.67098,-33.32753],[136.67083,-33.87741]]]}},{"type":"Feature","properties":{"id":"frankston","name":"Frankston","level":2,"centroid":[145.1687,-38.134],"bbox":[145.0979,-38.2006,145.2396,-38.0674]},"geometry":{"type":"Polygon","coordinates":[[[145.23959,-38.07766],[145.15626,-38.06738],[145.15464,-38.07565],[145.14982,-38.07504],[145.14879,-38.08034],[145.14867,-38.0834],[145.14155,-38.08246],[145.13862,-38.08313],[145.13627,-38.08244],[145.13175,-38.08381],[145.12797,-38.08181],[145.12697,-38.08169],[145.12384,-38.08215],[145.12445,-38.08474],[145.12279,-38.08499],[145.12388,-38.09139],[145.12429,-38.09609],[145.12436,-38.104],[145.12455,-38.10481],[145.12437,-38.1114],[145.12321,-38.1241],[145.12117,-38.13406],[145.11944,-38.13979],[145.11776,-38.14387],[145.11625,-38.14576],[145.11407,-38.14963],[145.11226,-38.15211],[145.10849,-38.15396],[145.10696,-38.15423],[145.10513,-38.1555],[145.10332,-38.1564],[145.09971,-38.16091],[145.09874,-38.16194],[145.09791,-38.16239],[145.0988,-38.16342],[145.09875,-38.1638],[145.09993,-38.1644],[145.09983,-38.16472],[145.10047,-38.16552],[145.1004,-38.1666],[145.10171,-38.1664],[145.10167,-38.16579],[145.10208,-38.16591],[145.12365,-38.19353],[145.12442,-38.19403],[145.1243,-38.19436],[145.12876,-38.20007],[145.13354,-38.19565],[145.13967,-38.19726],[145.148,-38.19406],[145.15239,-38.19447],[145.15432,-38.19168],[145.15756,-38.18393],[145.15907,-38.18156],[145.16348,-38.18519],[145.18075,-38.19833],[145.1819,-38.19863],[145.18182,-38.19905],[145.2096,-38.1999],[145.21577,-38.20064],[145.22834,-38.13394],[145.23959,-38.07766]]]}},{"type":"Feature","properties":{"id":"fraser-coast","name":"Fraser Coast","level":2,"centroid":[152.6708,-25.3416],"bbox":[151.9812,-25.9862,153.3603,-24.6971]},"geometry":{"type":"MultiPolygon","coordinates":[[[[152.91446,-25.52604],[152.95213,-25.48236],[152.90927,-25.49984],[152.91446,-25.52604]]],[[[153.04862,-25.3263],[152.94251,-25.58585],[152.96424,-25.57667],[153.0151,-25.76905],[153.07709,-25.7931],[153.09869,-25.58507],[153.36034,-25.00655],[153.26792,-24.88638],[153.26463,-24.69708],[153.12081,-24.80859],[153.22452,-24.90913],[153.22922,-24.98094],[153.16259,-25.08132],[152.99369,-25.21771],[153.04902,-25.23962],[153.04862,-25.3263]]],[[[152.27361,-25.43129],[152.26977,-25.52189],[152.17944,-25.52309],[152.11214,-25.627],[152.04414,-25.61511],[152.01394,-25.70887],[151.98125,-25.71274],[151.99727,-25.77053],[152.03911,-25.79055],[152.02871,-25.85023],[152.05894,-25.88624],[152.11347,-25.85705],[152.12312,-25.88578],[152.33097,-25.90702],[152.34566,-25.86314],[152.41175,-25.866],[152.65513,-25.98618],[152.6724,-25.93803],[152.75195,-25.88679],[152.71437,-25.83991],[152.99115,-25.88184],[153.0259,-25.85213],[152.98717,-25.80341],[152.93671,-25.81502],[152.9733,-25.76229],[152.93688,-25.76808],[152.92025,-25.70633],[152.87825,-25.68367],[152.91149,-25.67479],[152.86192,-25.55342],[152.90258,-25.54158],[152.8966,-25.49887],[152.95635,-25.43364],[152.82374,-25.49399],[152.89652,-25.41889],[152.92436,-25.43078],[152.90361,-25.28264],[152.83577,-25.277],[152.81389,-25.24348],[152.72245,-25.2696],[152.64422,-25.2339],[152.61497,-25.18326],[152.55819,-25.18176],[152.5182,-25.22116],[152.45065,-25.22831],[152.40615,-25.33453],[152.27361,-25.43129]]]]}},{"type":"Feature","properties":{"id":"fremantle","name":"Fremantle","level":2,"centroid":[115.7638,-32.0519],"bbox":[115.7244,-32.0821,115.8032,-32.0216]},"geometry":{"type":"MultiPolygon","coordinates":[[[[115.75088,-32.02159],[115.74273,-32.03836],[115.74097,-32.04032],[115.73502,-32.04104],[115.72727,-32.05287],[115.72438,-32.05404],[115.72754,-32.05378],[115.73162,-32.04752],[115.73351,-32.04887],[115.72851,-32.05374],[115.73696,-32.05276],[115.74851,-32.04012],[115.7584,-32.03886],[115.76046,-32.03275],[115.75519,-32.02642],[115.75889,-32.02402],[115.75834,-32.0219],[115.75088,-32.02159]]],[[[115.80321,-32.07468],[115.80322,-32.05642],[115.77959,-32.0549],[115.77949,-32.04698],[115.75814,-32.04728],[115.758,-32.04121],[115.75249,-32.04228],[115.73767,-32.05625],[115.73213,-32.0559],[115.74091,-32.05697],[115.7414,-32.05941],[115.73809,-32.06203],[115.73957,-32.06354],[115.7383,-32.06219],[115.73963,-32.06023],[115.74145,-32.06093],[115.73902,-32.06241],[115.74037,-32.06309],[115.74348,-32.06108],[115.74265,-32.05868],[115.7454,-32.06074],[115.74724,-32.06027],[115.74882,-32.06395],[115.74795,-32.06554],[115.74403,-32.06441],[115.74262,-32.06229],[115.74495,-32.06489],[115.74423,-32.06597],[115.74509,-32.06496],[115.74853,-32.06675],[115.74936,-32.07051],[115.74561,-32.06933],[115.74296,-32.06589],[115.74577,-32.06966],[115.75061,-32.07142],[115.75107,-32.07814],[115.75784,-32.07817],[115.75785,-32.08212],[115.76111,-32.08212],[115.76114,-32.07819],[115.76572,-32.07826],[115.76564,-32.07455],[115.80321,-32.07468]]]]}},{"type":"Feature","properties":{"id":"gannawarra","name":"Gannawarra","level":2,"centroid":[143.8525,-35.7324],"bbox":[143.2882,-36.0179,144.4168,-35.4469]},"geometry":{"type":"Polygon","coordinates":[[[143.8154,-35.44694],[143.79085,-35.46633],[143.80883,-35.47691],[143.80565,-35.50011],[143.70896,-35.49421],[143.73441,-35.52523],[143.63874,-35.52949],[143.64149,-35.57266],[143.28817,-35.57493],[143.28818,-35.64698],[143.32411,-35.65663],[143.31797,-35.6696],[143.34374,-35.68515],[143.33639,-35.70909],[143.3724,-35.75391],[143.35038,-35.79372],[143.35839,-35.83992],[143.38477,-35.84313],[143.36532,-35.93367],[143.3787,-36.01431],[143.40714,-36.01786],[143.43242,-35.98345],[143.47569,-35.97529],[143.61806,-35.9694],[143.61783,-35.93484],[143.72825,-35.93247],[143.7284,-35.90585],[143.874,-35.91606],[143.86172,-35.93487],[143.94153,-35.95283],[144.185,-35.94668],[144.18729,-35.90756],[144.2493,-35.93005],[144.33557,-35.93418],[144.35342,-35.91952],[144.34196,-35.90661],[144.35105,-35.89086],[144.41675,-35.89795],[144.40187,-35.86854],[144.41128,-35.85876],[144.38144,-35.85241],[144.37308,-35.83727],[144.38661,-35.83611],[144.3722,-35.83194],[144.38412,-35.81955],[144.36481,-35.82092],[144.37686,-35.79297],[144.36234,-35.79582],[144.34892,-35.76696],[144.29528,-35.75437],[144.29607,-35.73708],[144.2645,-35.75139],[144.24816,-35.72102],[144.21596,-35.70646],[144.21349,-35.68666],[144.16236,-35.67151],[144.15264,-35.64266],[144.13149,-35.64075],[144.10502,-35.59077],[144.06229,-35.57676],[144.03922,-35.54924],[144.00965,-35.56329],[143.98987,-35.55465],[143.99674,-35.53593],[143.97467,-35.53254],[143.97011,-35.50006],[143.90575,-35.49983],[143.8154,-35.44694]]]}},{"type":"Feature","properties":{"id":"gawler","name":"Gawler","level":2,"centroid":[138.7323,-34.6211],"bbox":[138.6801,-34.6705,138.7845,-34.5717]},"geometry":{"type":"Polygon","coordinates":[[[138.75558,-34.58815],[138.74834,-34.58712],[138.7464,-34.57169],[138.73249,-34.58395],[138.73125,-34.59141],[138.72551,-34.60527],[138.72934,-34.60783],[138.72668,-34.60752],[138.72686,-34.60864],[138.72436,-34.60944],[138.72441,-34.61099],[138.72265,-34.61231],[138.72025,-34.61106],[138.7182,-34.612],[138.71713,-34.61121],[138.71764,-34.61],[138.71626,-34.60966],[138.71433,-34.61149],[138.71534,-34.61285],[138.71699,-34.61221],[138.71576,-34.61504],[138.71301,-34.61289],[138.71207,-34.61468],[138.70923,-34.61533],[138.71188,-34.61613],[138.7111,-34.61715],[138.70477,-34.61432],[138.70497,-34.61631],[138.70336,-34.61807],[138.70196,-34.615],[138.69951,-34.61516],[138.70001,-34.61661],[138.69809,-34.61781],[138.69363,-34.61783],[138.69212,-34.61664],[138.69044,-34.61759],[138.68946,-34.61576],[138.68811,-34.61769],[138.68611,-34.61682],[138.68466,-34.61801],[138.68422,-34.61591],[138.68274,-34.61578],[138.6801,-34.63495],[138.69969,-34.6508],[138.72656,-34.66623],[138.72614,-34.67052],[138.73291,-34.65634],[138.74213,-34.64224],[138.75741,-34.62802],[138.75538,-34.62239],[138.76555,-34.61819],[138.76216,-34.61529],[138.76235,-34.61332],[138.77558,-34.61363],[138.78454,-34.60744],[138.78246,-34.60391],[138.77598,-34.60316],[138.7762,-34.59687],[138.76915,-34.59442],[138.76313,-34.59032],[138.75545,-34.59011],[138.75558,-34.58815]]]}},{"type":"Feature","properties":{"id":"george-town","name":"George Town","level":2,"centroid":[147.0173,-41.1198],"bbox":[146.7865,-41.2594,147.2481,-40.9802]},"geometry":{"type":"Polygon","coordinates":[[[147.20396,-41.00808],[147.20325,-40.99992],[147.19441,-40.9991],[147.17646,-41.0093],[147.16206,-41.00775],[147.15597,-41.02214],[147.1606,-41.02895],[147.15427,-41.02204],[147.13621,-41.03568],[147.1579,-41.01225],[147.12364,-41.00331],[147.11585,-40.9945],[147.07278,-40.99967],[147.05867,-40.988],[147.03197,-40.99035],[147.0209,-40.98025],[146.99435,-40.98655],[146.94772,-41.02546],[146.95927,-41.02748],[146.89374,-41.02967],[146.87481,-41.01883],[146.83361,-41.03952],[146.80712,-41.06298],[146.7865,-41.05442],[146.79272,-41.06632],[146.80397,-41.06972],[146.81604,-41.10871],[146.82691,-41.10807],[146.81763,-41.12379],[146.82738,-41.13137],[146.83387,-41.1252],[146.8278,-41.13629],[146.85093,-41.13996],[146.87736,-41.13062],[146.91566,-41.14605],[146.90764,-41.14719],[146.91167,-41.15207],[146.96545,-41.1902],[146.94317,-41.18179],[146.92449,-41.18757],[146.92401,-41.19842],[146.93246,-41.19994],[146.91304,-41.21473],[146.92151,-41.22029],[146.94464,-41.20654],[146.94567,-41.22885],[146.96915,-41.23945],[146.97659,-41.23323],[146.97578,-41.24226],[146.9991,-41.25936],[147.093,-41.21337],[147.11024,-41.19591],[147.12989,-41.1994],[147.13701,-41.16204],[147.14485,-41.16053],[147.14623,-41.13555],[147.20426,-41.11639],[147.20731,-41.08753],[147.24814,-41.09076],[147.23464,-41.06234],[147.23203,-41.02894],[147.20396,-41.00808]]]}},{"type":"Feature","properties":{"id":"georges-river","name":"Georges River","level":2,"centroid":[151.0857,-33.9726],"bbox":[151.0335,-34.006,151.138,-33.9393]},"geometry":{"type":"Polygon","coordinates":[[[151.10079,-33.93925],[151.08564,-33.94041],[151.07738,-33.94417],[151.07876,-33.94712],[151.06008,-33.9501],[151.04468,-33.94769],[151.0423,-33.95211],[151.04212,-33.96275],[151.04649,-33.96608],[151.04652,-33.97052],[151.03729,-33.97851],[151.0397,-33.9835],[151.03351,-33.98456],[151.03722,-33.98661],[151.03398,-33.98704],[151.03638,-33.99081],[151.05287,-33.99099],[151.05521,-33.98885],[151.04936,-33.98016],[151.05371,-33.98275],[151.06183,-33.97522],[151.06433,-33.97644],[151.05973,-33.97753],[151.05447,-33.98511],[151.0575,-33.98621],[151.06077,-33.98257],[151.06528,-33.98279],[151.06412,-33.98731],[151.06683,-33.98824],[151.06763,-33.98608],[151.07097,-33.98626],[151.0711,-33.98363],[151.07476,-33.98402],[151.0696,-33.98997],[151.07167,-33.99425],[151.07544,-33.99206],[151.07602,-33.99404],[151.08541,-33.99265],[151.08216,-33.98913],[151.0902,-33.98247],[151.09442,-33.98466],[151.08609,-33.98917],[151.08759,-33.99164],[151.09086,-33.99282],[151.09561,-33.99024],[151.09915,-33.9935],[151.10222,-33.98873],[151.1048,-33.99681],[151.10227,-34.00072],[151.10933,-34.0005],[151.11226,-33.9988],[151.11031,-33.99697],[151.11371,-33.99622],[151.11519,-34.00141],[151.11831,-33.99048],[151.12099,-33.99112],[151.12189,-33.9877],[151.12988,-33.98359],[151.13018,-33.98853],[151.12153,-34.00044],[151.12824,-34.00598],[151.12623,-34.00167],[151.13596,-33.98577],[151.13796,-33.95982],[151.13478,-33.95619],[151.13061,-33.9661],[151.11887,-33.96936],[151.10198,-33.94966],[151.10079,-33.93925]]]}},{"type":"Feature","properties":{"id":"gilgandra","name":"Gilgandra","level":2,"centroid":[148.7036,-31.6314],"bbox":[148.268,-32.0141,149.1393,-31.2487]},"geometry":{"type":"Polygon","coordinates":[[[148.30719,-31.4158],[148.26801,-31.58638],[148.29191,-31.58729],[148.29467,-31.57125],[148.32298,-31.59113],[148.29801,-31.733],[148.35747,-31.73],[148.3464,-31.7975],[148.31018,-31.79066],[148.29898,-31.80687],[148.34335,-31.93675],[148.41835,-32.01408],[148.47378,-32.00425],[148.61959,-31.92494],[148.62591,-31.90037],[148.68521,-31.88964],[148.97781,-31.91542],[148.97017,-31.907],[148.9881,-31.9093],[148.99314,-31.88151],[149.01589,-31.88428],[149.0225,-31.84386],[149.00411,-31.8354],[149.03284,-31.80058],[149.07051,-31.80496],[149.09837,-31.78496],[149.07987,-31.76531],[149.09202,-31.73429],[149.06423,-31.71645],[149.07449,-31.70043],[149.06659,-31.67255],[149.08833,-31.65473],[149.09657,-31.62294],[149.11115,-31.62209],[149.09694,-31.59573],[149.13119,-31.56297],[149.12384,-31.55079],[149.13929,-31.5281],[149.12982,-31.49068],[149.03185,-31.47817],[149.04706,-31.44446],[148.95502,-31.45293],[148.97451,-31.38678],[148.99543,-31.37369],[149.00459,-31.3405],[149.04343,-31.34148],[149.04492,-31.30798],[149.06267,-31.28951],[149.04047,-31.28899],[149.0258,-31.30549],[148.92099,-31.2586],[148.79813,-31.2487],[148.67216,-31.27751],[148.61871,-31.27107],[148.60772,-31.32623],[148.6203,-31.33518],[148.6152,-31.36507],[148.59904,-31.36314],[148.59476,-31.38931],[148.51539,-31.37171],[148.50369,-31.37988],[148.46006,-31.34438],[148.39558,-31.37491],[148.39287,-31.39046],[148.35882,-31.38639],[148.35461,-31.41021],[148.30719,-31.4158]]]}},{"type":"Feature","properties":{"id":"gingin","name":"Gingin","level":2,"centroid":[115.6594,-31.1843],"bbox":[115.2627,-31.477,116.0562,-30.8917]},"geometry":{"type":"Polygon","coordinates":[[[116.04839,-31.089],[116.0457,-31.06049],[115.95226,-31.06059],[115.95224,-31.00432],[115.93802,-31.00089],[115.90094,-31.00786],[115.89539,-31.00154],[115.89779,-30.99279],[115.89319,-30.99272],[115.8921,-30.98097],[115.87626,-30.97225],[115.86795,-30.98114],[115.86238,-30.97756],[115.81639,-30.98234],[115.79548,-30.97247],[115.78979,-30.97963],[115.77976,-30.97707],[115.77069,-30.98316],[115.7385,-30.98385],[115.70952,-30.97821],[115.70497,-30.9814],[115.709,-30.98575],[115.69808,-30.99667],[115.69306,-30.9935],[115.69186,-30.97557],[115.52031,-30.97564],[115.49803,-30.91977],[115.47224,-30.89878],[115.42461,-30.8988],[115.42399,-30.89284],[115.26269,-30.89168],[115.26823,-30.91211],[115.28584,-30.9321],[115.28967,-30.94517],[115.31242,-30.9725],[115.32426,-30.99619],[115.33005,-31.01932],[115.32648,-31.02795],[115.33929,-31.0395],[115.37111,-31.11009],[115.38324,-31.12139],[115.39925,-31.18036],[115.4411,-31.27778],[115.53913,-31.40828],[115.56076,-31.45521],[115.67011,-31.45512],[115.6784,-31.47699],[115.89975,-31.47139],[115.92379,-31.47139],[115.92516,-31.47605],[115.99892,-31.4746],[115.99893,-31.39537],[115.98868,-31.39186],[115.98868,-31.38283],[115.97176,-31.38282],[115.96758,-31.35161],[116.00685,-31.35165],[116.00773,-31.34022],[116.02888,-31.32183],[116.02306,-31.30631],[116.0325,-31.29997],[116.04282,-31.27475],[116.03879,-31.21534],[116.05619,-31.16958],[116.04839,-31.089]]]}},{"type":"Feature","properties":{"id":"gladstone","name":"Gladstone","level":2,"centroid":[151.3278,-24.1199],"bbox":[150.598,-24.792,152.0576,-23.4477]},"geometry":{"type":"MultiPolygon","coordinates":[[[[151.27314,-23.76338],[151.28528,-23.79741],[151.31529,-23.75921],[151.22562,-23.60948],[151.23516,-23.48364],[151.1834,-23.5413],[151.20243,-23.51206],[151.05698,-23.44766],[150.97774,-23.48833],[151.19995,-23.78315],[151.27314,-23.76338]]],[[[150.98309,-24.4718],[151.0296,-24.39214],[151.15338,-24.46061],[151.15748,-24.547],[151.2293,-24.5277],[151.19474,-24.64253],[151.25364,-24.66599],[151.40685,-24.61538],[151.47755,-24.53598],[151.5423,-24.61744],[151.53119,-24.69624],[151.63902,-24.73039],[151.67709,-24.69539],[151.8428,-24.79205],[151.99083,-24.68087],[151.95936,-24.58698],[151.9987,-24.51558],[152.0576,-24.51266],[151.88632,-24.14943],[151.84914,-24.21846],[151.87582,-24.17154],[151.77148,-24.12952],[151.76464,-24.01522],[151.71585,-24.08725],[151.73031,-24.02249],[151.61056,-23.97924],[151.68247,-24.1041],[151.57366,-24.03571],[151.54542,-24.11327],[151.50107,-24.04499],[151.54394,-24.02928],[151.44051,-23.99202],[151.49379,-24.067],[151.4435,-24.02603],[151.44043,-24.07726],[151.32317,-23.85475],[151.17296,-23.8159],[151.02078,-23.56774],[150.9754,-23.5554],[150.92532,-23.62276],[150.93775,-23.54359],[150.82563,-23.61241],[150.76929,-23.75852],[150.59802,-23.84403],[150.7022,-23.98753],[150.72285,-24.13744],[150.81424,-24.17993],[150.77017,-24.35376],[150.86211,-24.35379],[150.86159,-24.4098],[150.93843,-24.40244],[150.98309,-24.4718]]]]}},{"type":"Feature","properties":{"id":"glamorgan-spring-bay","name":"Glamorgan-Spring Bay","level":2,"centroid":[147.9715,-42.2775],"bbox":[147.5859,-42.741,148.3571,-41.814]},"geometry":{"type":"MultiPolygon","coordinates":[[[[148.06656,-42.6744],[148.02391,-42.74099],[148.09309,-42.7208],[148.08006,-42.66249],[148.16898,-42.64818],[148.06857,-42.57011],[148.00933,-42.66117],[148.06656,-42.6744]]],[[[148.29515,-42.33309],[148.34605,-42.34142],[148.30289,-42.29422],[148.23614,-42.30648],[148.29515,-42.33309]]],[[[148.14623,-41.82476],[148.02199,-41.87383],[147.88459,-41.87647],[147.8396,-42.04778],[147.8892,-42.14315],[147.88223,-42.2135],[147.83059,-42.27883],[147.78916,-42.28171],[147.85651,-42.32865],[147.75841,-42.35869],[147.77861,-42.3798],[147.72964,-42.45021],[147.59078,-42.53198],[147.58592,-42.61374],[147.62486,-42.62179],[147.5868,-42.66685],[147.94656,-42.728],[147.94553,-42.60633],[147.85076,-42.5586],[147.91338,-42.5485],[147.92374,-42.49677],[147.94897,-42.55322],[148.01104,-42.50954],[147.98853,-42.49833],[148.00988,-42.44027],[147.97696,-42.44103],[148.01849,-42.31499],[147.96204,-42.35733],[147.93109,-42.34358],[148.00035,-42.30992],[148.01359,-42.23934],[148.08389,-42.1679],[148.0851,-42.1255],[148.04667,-42.1184],[148.23507,-42.0981],[148.06397,-42.06835],[148.15281,-42.06207],[148.16236,-42.03866],[148.13327,-42.04394],[148.16585,-41.99628],[148.19744,-42.02079],[148.24422,-41.98942],[148.1572,-42.07419],[148.22108,-42.06882],[148.24758,-42.11683],[148.29843,-42.12563],[148.25146,-42.24226],[148.31457,-42.27598],[148.35714,-42.18045],[148.29771,-42.16621],[148.3454,-42.11862],[148.28353,-42.03418],[148.31097,-41.87331],[148.26242,-41.81402],[148.18103,-41.8822],[148.14623,-41.82476]]]]}},{"type":"Feature","properties":{"id":"glen-eira","name":"Glen Eira","level":2,"centroid":[145.041,-37.8995],"bbox":[144.9967,-37.9387,145.0852,-37.8602]},"geometry":{"type":"Polygon","coordinates":[[[145.03438,-37.93299],[145.0549,-37.9355],[145.0568,-37.93587],[145.06574,-37.93697],[145.06861,-37.93738],[145.07121,-37.93753],[145.07343,-37.93781],[145.07829,-37.93862],[145.07954,-37.93874],[145.07988,-37.93708],[145.07999,-37.93708],[145.08123,-37.93014],[145.08524,-37.90985],[145.08524,-37.90949],[145.07417,-37.90813],[145.07475,-37.90539],[145.07819,-37.88714],[145.07213,-37.88493],[145.07102,-37.88465],[145.06999,-37.88459],[145.06377,-37.88469],[145.06285,-37.88466],[145.05345,-37.88328],[145.0527,-37.8831],[145.05204,-37.88286],[145.05093,-37.88226],[145.05002,-37.88149],[145.04689,-37.87735],[145.04653,-37.87696],[145.04597,-37.87651],[145.04546,-37.8762],[145.04503,-37.87602],[145.0432,-37.87554],[145.04129,-37.87532],[145.04016,-37.87509],[145.03928,-37.87457],[145.03863,-37.87406],[145.03733,-37.87288],[145.03727,-37.87289],[145.03246,-37.86833],[145.03212,-37.86826],[145.03163,-37.8684],[145.03143,-37.86837],[145.03079,-37.86789],[145.02937,-37.86703],[145.01514,-37.86083],[145.01053,-37.86021],[145.00917,-37.86758],[145.00004,-37.86644],[144.99675,-37.88349],[145.00104,-37.88858],[145.00596,-37.89816],[145.00633,-37.89981],[145.02599,-37.90215],[145.02474,-37.9091],[145.02445,-37.90938],[145.02324,-37.91658],[145.02246,-37.9206],[145.02462,-37.92281],[145.02719,-37.92558],[145.03172,-37.9301],[145.03438,-37.93299]]]}},{"type":"Feature","properties":{"id":"glen-innes-severn","name":"Glen Innes Severn","level":2,"centroid":[151.9393,-29.6311],"bbox":[151.4268,-30.022,152.4519,-29.2401]},"geometry":{"type":"Polygon","coordinates":[[[152.27217,-29.94169],[152.28779,-29.87435],[152.27384,-29.84631],[152.19234,-29.87659],[152.16821,-29.86934],[152.17029,-29.82213],[152.21476,-29.76156],[152.26063,-29.75699],[152.28097,-29.66556],[152.28955,-29.67628],[152.33613,-29.64076],[152.3545,-29.54546],[152.41246,-29.50687],[152.38879,-29.4453],[152.45186,-29.35867],[152.33152,-29.34182],[152.30033,-29.37714],[152.05389,-29.34094],[152.05894,-29.35249],[152.00803,-29.37124],[152.00596,-29.40701],[151.80539,-29.42729],[151.78854,-29.40847],[151.80262,-29.37331],[151.7818,-29.37045],[151.78356,-29.35492],[151.69983,-29.32825],[151.67624,-29.35633],[151.62439,-29.34698],[151.60891,-29.32494],[151.61586,-29.28352],[151.46305,-29.24008],[151.46326,-29.27307],[151.4268,-29.28745],[151.46068,-29.36107],[151.45744,-29.43316],[151.4752,-29.44042],[151.46503,-29.49347],[151.48833,-29.54611],[151.4752,-29.60335],[151.53269,-29.67513],[151.51397,-29.69823],[151.52378,-29.73486],[151.50477,-29.75042],[151.54708,-29.76],[151.56147,-29.87854],[151.59362,-29.87853],[151.60267,-29.94871],[151.66428,-29.98078],[151.67206,-30.01807],[151.85139,-30.00635],[151.9048,-30.02204],[151.92646,-30.00276],[151.94434,-30.01596],[152.0807,-30.014],[152.11027,-29.99586],[152.13615,-30.02129],[152.13722,-29.95058],[152.18749,-29.94476],[152.19806,-29.97792],[152.22323,-29.98822],[152.26699,-29.96641],[152.27217,-29.94169]]]}},{"type":"Feature","properties":{"id":"glenelg","name":"Glenelg","level":2,"centroid":[141.4424,-37.8908],"bbox":[140.9658,-38.4329,141.919,-37.3487]},"geometry":{"type":"Polygon","coordinates":[[[141.43154,-37.37229],[141.22101,-37.34869],[141.22089,-37.36456],[141.28052,-37.3945],[141.26385,-37.43008],[141.16824,-37.41987],[141.09726,-37.44987],[140.97318,-37.35822],[140.9658,-38.05598],[141.15014,-38.12683],[141.29529,-38.22063],[141.39211,-38.31972],[141.3977,-38.33854],[141.36554,-38.3653],[141.37433,-38.38674],[141.41324,-38.39627],[141.40707,-38.36906],[141.46103,-38.36208],[141.51924,-38.39002],[141.52128,-38.4147],[141.54286,-38.43295],[141.57293,-38.38974],[141.61485,-38.39301],[141.6255,-38.4064],[141.62797,-38.39345],[141.65023,-38.39314],[141.59925,-38.3206],[141.66361,-38.27555],[141.74143,-38.25313],[141.86956,-38.2643],[141.8696,-38.21071],[141.85095,-38.21115],[141.85087,-38.17438],[141.85097,-38.14467],[141.86944,-38.14466],[141.86939,-38.11309],[141.81978,-38.03932],[141.83456,-37.98551],[141.81708,-37.94328],[141.83323,-37.93396],[141.87191,-37.94308],[141.86627,-37.9288],[141.9149,-37.91183],[141.91902,-37.88628],[141.82866,-37.86831],[141.83129,-37.89262],[141.73224,-37.89535],[141.73381,-37.80662],[141.71686,-37.75768],[141.72374,-37.7163],[141.69182,-37.70177],[141.68731,-37.68049],[141.66684,-37.67698],[141.64466,-37.64518],[141.58746,-37.64447],[141.57394,-37.61244],[141.52441,-37.60187],[141.54542,-37.58972],[141.51426,-37.5607],[141.5459,-37.54058],[141.52553,-37.49464],[141.53753,-37.45784],[141.48665,-37.4525],[141.49942,-37.38014],[141.43154,-37.37229]]]}},{"type":"Feature","properties":{"id":"glenorchy","name":"Glenorchy","level":2,"centroid":[147.2295,-42.8319],"bbox":[147.1354,-42.9133,147.3236,-42.7504]},"geometry":{"type":"Polygon","coordinates":[[[147.15037,-42.91334],[147.19691,-42.90575],[147.19575,-42.89876],[147.23299,-42.88372],[147.22829,-42.87937],[147.24101,-42.87303],[147.27278,-42.86273],[147.27541,-42.85897],[147.27201,-42.85681],[147.28181,-42.85444],[147.28926,-42.8593],[147.29964,-42.85052],[147.31163,-42.8507],[147.31817,-42.83976],[147.3236,-42.83793],[147.3232,-42.834],[147.30527,-42.82639],[147.30493,-42.83355],[147.3019,-42.83382],[147.30087,-42.8301],[147.29501,-42.82922],[147.30088,-42.82761],[147.29776,-42.82383],[147.30673,-42.82353],[147.29802,-42.81872],[147.28511,-42.81887],[147.27931,-42.82598],[147.27234,-42.82443],[147.2618,-42.81436],[147.25596,-42.81513],[147.25669,-42.81168],[147.26235,-42.81136],[147.25363,-42.80619],[147.26586,-42.79651],[147.258,-42.79502],[147.25896,-42.79182],[147.27225,-42.79577],[147.28321,-42.78998],[147.26936,-42.79077],[147.26137,-42.78483],[147.26038,-42.78874],[147.25282,-42.78674],[147.25798,-42.77753],[147.25351,-42.76577],[147.24365,-42.76432],[147.23272,-42.75193],[147.22691,-42.75041],[147.22297,-42.75856],[147.21164,-42.76662],[147.2084,-42.77733],[147.20186,-42.78383],[147.20589,-42.78913],[147.19782,-42.79757],[147.20084,-42.80645],[147.19614,-42.80583],[147.19161,-42.813],[147.1788,-42.8146],[147.17664,-42.81785],[147.18005,-42.82237],[147.17386,-42.82973],[147.16304,-42.83099],[147.16188,-42.83542],[147.15365,-42.83432],[147.14728,-42.84209],[147.13624,-42.8442],[147.1354,-42.84782],[147.1465,-42.84922],[147.1451,-42.85475],[147.15105,-42.85576],[147.15037,-42.91334]]]}},{"type":"Feature","properties":{"id":"gnowangerup","name":"Gnowangerup","level":2,"centroid":[118.2984,-34.0865],"bbox":[117.8543,-34.4055,118.7425,-33.7675]},"geometry":{"type":"Polygon","coordinates":[[[118.65337,-34.33698],[118.64844,-34.32379],[118.60684,-34.31686],[118.64475,-34.21028],[118.611,-34.1948],[118.61537,-34.15204],[118.63836,-34.13385],[118.65514,-34.05506],[118.65353,-33.95422],[118.6115,-33.95437],[118.61141,-33.92011],[118.63523,-33.92403],[118.74248,-33.83007],[118.71763,-33.82732],[118.71765,-33.80468],[118.69387,-33.80466],[118.69386,-33.77637],[118.54102,-33.77707],[118.52384,-33.76814],[118.52385,-33.78644],[118.50018,-33.78646],[118.44872,-33.78478],[118.44868,-33.77392],[118.36453,-33.78094],[118.36455,-33.77224],[118.29454,-33.77214],[118.23342,-33.77908],[118.2334,-33.79722],[118.17168,-33.79524],[118.17167,-33.78074],[118.12172,-33.7752],[118.05506,-33.78727],[118.05522,-33.7716],[118.0021,-33.77159],[118.0021,-33.78748],[117.98947,-33.78747],[117.9895,-33.76753],[117.97117,-33.76751],[117.97098,-33.78759],[117.90824,-33.77667],[117.90834,-33.80627],[117.89441,-33.809],[117.90835,-33.809],[117.91095,-33.88077],[117.85433,-33.8915],[117.85764,-33.9337],[117.8738,-33.95994],[117.90208,-33.96902],[117.90079,-34.01596],[117.91631,-34.00859],[117.91654,-34.02345],[117.9776,-34.02766],[117.97684,-34.04607],[117.98854,-34.05147],[117.98693,-34.40555],[118.41027,-34.40497],[118.41119,-34.39042],[118.37415,-34.38279],[118.39985,-34.34438],[118.38343,-34.30496],[118.40181,-34.30495],[118.41174,-34.28493],[118.5095,-34.30597],[118.53962,-34.32887],[118.55627,-34.32475],[118.58013,-34.35499],[118.63909,-34.3492],[118.6376,-34.33052],[118.65337,-34.33698]]]}},{"type":"Feature","properties":{"id":"gold-coast","name":"Gold Coast","level":2,"centroid":[153.3605,-27.9785],"bbox":[153.1689,-28.2651,153.5522,-27.692]},"geometry":{"type":"MultiPolygon","coordinates":[[[[153.41928,-27.88268],[153.41779,-27.92032],[153.4315,-27.93311],[153.43975,-27.75108],[153.40654,-27.83396],[153.41928,-27.88268]]],[[[153.38613,-27.78595],[153.37319,-27.81155],[153.38402,-27.82039],[153.41163,-27.79093],[153.38613,-27.78595]]],[[[153.55218,-28.1644],[153.51432,-28.16101],[153.45037,-28.08359],[153.43367,-27.93518],[153.42129,-27.94089],[153.42814,-27.98965],[153.41524,-27.9996],[153.40056,-27.87231],[153.37922,-27.87389],[153.38246,-27.89067],[153.35846,-27.89333],[153.34912,-27.9191],[153.34319,-27.91006],[153.34236,-27.89487],[153.3808,-27.8891],[153.38161,-27.85991],[153.36641,-27.85129],[153.38464,-27.87398],[153.40194,-27.86375],[153.36875,-27.80173],[153.34986,-27.80016],[153.42664,-27.77853],[153.43929,-27.73575],[153.41228,-27.74091],[153.3925,-27.70776],[153.35651,-27.71168],[153.3483,-27.69515],[153.3039,-27.7145],[153.29253,-27.69202],[153.23432,-27.69402],[153.23354,-27.711],[153.21274,-27.71528],[153.2326,-27.72384],[153.20125,-27.74001],[153.19299,-27.78002],[153.16892,-27.80121],[153.18895,-27.85509],[153.18069,-27.89507],[153.21547,-27.90275],[153.2066,-27.94923],[153.2252,-27.95611],[153.22512,-27.98164],[153.20081,-27.98157],[153.21776,-28.00821],[153.23888,-28.01116],[153.21336,-28.08033],[153.23244,-28.08531],[153.22989,-28.09997],[153.20085,-28.11919],[153.18393,-28.1925],[153.20778,-28.25361],[153.23284,-28.26506],[153.2796,-28.23348],[153.36473,-28.24734],[153.47695,-28.15688],[153.53465,-28.17763],[153.55218,-28.1644]]]]}},{"type":"Feature","properties":{"id":"golden-plains","name":"Golden Plains","level":2,"centroid":[143.8632,-37.8519],"bbox":[143.4406,-38.1459,144.2859,-37.5579]},"geometry":{"type":"Polygon","coordinates":[[[143.66219,-37.57239],[143.65165,-37.64704],[143.53654,-37.6483],[143.53578,-37.66669],[143.49483,-37.66087],[143.48973,-37.6468],[143.46555,-37.65427],[143.44072,-37.78484],[143.4478,-37.82139],[143.44056,-37.85942],[143.45241,-37.87326],[143.44681,-37.91001],[143.47712,-37.92435],[143.47942,-37.94084],[143.61178,-37.9588],[143.62183,-37.98185],[143.64708,-37.98721],[143.65625,-38.00748],[143.62892,-38.02339],[143.82972,-38.02235],[143.8186,-38.08014],[143.82842,-38.09218],[143.80987,-38.12769],[143.90069,-38.13853],[143.90829,-38.10452],[143.97937,-38.13027],[143.99732,-38.11598],[144.02716,-38.12315],[144.03415,-38.11371],[144.05187,-38.11764],[144.10603,-38.10051],[144.10537,-38.12473],[144.1194,-38.11128],[144.14033,-38.12217],[144.14035,-38.11038],[144.18807,-38.13535],[144.1873,-38.1459],[144.21573,-38.13641],[144.22385,-38.14566],[144.24064,-38.13487],[144.26327,-38.14077],[144.26816,-38.09282],[144.28588,-38.07573],[144.25895,-38.06489],[144.26269,-38.0437],[144.24072,-38.00854],[144.24773,-37.99132],[144.23684,-37.94237],[144.20253,-37.93824],[144.21344,-37.90143],[144.24847,-37.87377],[144.23422,-37.86665],[144.23021,-37.83385],[144.21068,-37.82498],[144.22245,-37.81019],[144.06022,-37.79576],[144.0546,-37.83228],[143.93922,-37.82364],[143.91899,-37.8108],[143.91634,-37.79253],[143.88347,-37.77808],[143.90189,-37.76634],[143.89217,-37.73297],[143.89859,-37.72377],[143.83443,-37.66502],[143.83197,-37.61872],[143.75696,-37.59446],[143.70724,-37.55786],[143.66219,-37.57239]]]}},{"type":"Feature","properties":{"id":"goomalling","name":"Goomalling","level":2,"centroid":[116.7914,-31.2349],"bbox":[116.5917,-31.5094,116.9912,-30.9604]},"geometry":{"type":"Polygon","coordinates":[[[116.99116,-31.42688],[116.98947,-31.40835],[116.97699,-31.40844],[116.97519,-31.38158],[116.97526,-31.33851],[116.98762,-31.33479],[116.96548,-31.3368],[116.9623,-31.32207],[116.94515,-31.32203],[116.93756,-31.30912],[116.94985,-31.3091],[116.94968,-31.2617],[116.9311,-31.25259],[116.94088,-31.243],[116.93719,-31.18484],[116.96584,-31.18476],[116.96582,-31.16065],[116.95446,-31.16065],[116.93799,-31.13141],[116.94819,-31.12665],[116.93119,-31.11836],[116.93124,-31.1079],[116.95999,-31.10781],[116.94628,-31.0797],[116.95312,-31.03847],[116.93959,-31.03846],[116.93505,-31.00798],[116.93499,-30.99568],[116.95026,-30.99566],[116.95022,-30.96037],[116.79227,-30.97394],[116.73077,-31.00128],[116.68181,-30.98088],[116.68254,-31.00501],[116.60049,-31.01229],[116.6005,-31.03741],[116.61291,-31.03743],[116.61282,-31.07146],[116.59707,-31.07147],[116.59708,-31.08931],[116.60877,-31.08934],[116.61649,-31.10406],[116.61648,-31.16065],[116.60171,-31.16066],[116.63693,-31.22097],[116.6012,-31.40104],[116.59171,-31.40505],[116.60408,-31.45525],[116.60024,-31.50942],[116.67459,-31.48688],[116.69996,-31.49979],[116.73732,-31.48757],[116.76273,-31.50383],[116.8188,-31.4845],[116.82915,-31.50243],[116.87182,-31.48253],[116.87763,-31.49123],[116.96583,-31.44826],[116.99103,-31.44822],[116.99116,-31.42688]]]}},{"type":"Feature","properties":{"id":"goondiwindi","name":"Goondiwindi","level":2,"centroid":[150.313,-28.4676],"bbox":[148.9196,-29.1739,151.7064,-27.7614]},"geometry":{"type":"Polygon","coordinates":[[[151.36587,-29.1739],[151.50348,-29.06799],[151.49215,-29.00299],[151.4581,-28.99877],[151.43389,-29.06796],[151.35187,-29.03281],[151.39018,-28.84055],[151.64022,-28.52414],[151.63929,-28.45285],[151.69605,-28.40511],[151.70643,-28.32612],[151.6297,-28.27422],[151.54442,-28.28747],[151.44125,-28.15174],[151.27334,-28.19232],[151.04672,-28.16706],[151.05571,-28.09395],[150.83643,-28.06513],[150.79509,-27.99253],[150.64641,-27.89506],[150.63346,-27.82552],[150.57502,-27.77927],[150.33509,-27.76137],[150.32638,-27.8087],[150.27424,-27.80274],[150.24828,-27.90771],[150.13632,-27.91044],[150.06593,-27.98548],[149.93179,-27.96714],[149.78647,-28.00629],[149.63201,-27.98709],[149.62743,-28.01445],[149.45758,-27.99293],[149.40554,-28.22859],[149.04161,-28.18592],[148.95869,-28.28837],[148.91956,-28.65693],[148.98719,-28.66352],[148.98168,-28.82028],[149.05629,-28.89974],[149.08054,-28.84199],[149.29676,-28.70974],[149.3875,-28.69616],[149.45249,-28.59484],[149.50331,-28.57436],[149.58725,-28.57336],[149.70397,-28.6339],[149.72119,-28.60941],[149.97726,-28.61355],[150.01537,-28.58053],[150.15254,-28.55018],[150.21259,-28.57429],[150.29137,-28.53729],[150.44216,-28.66428],[150.63224,-28.67708],[150.75127,-28.63424],[151.00993,-28.74093],[151.04441,-28.84388],[151.10333,-28.83657],[151.27475,-28.93856],[151.27908,-29.09914],[151.31512,-29.1657],[151.36587,-29.1739]]]}},{"type":"Feature","properties":{"id":"gosnells","name":"Gosnells","level":2,"centroid":[116.002,-32.0676],"bbox":[115.9144,-32.1312,116.0896,-32.004]},"geometry":{"type":"Polygon","coordinates":[[[116.08959,-32.08506],[116.08958,-32.07274],[116.06855,-32.07275],[116.06868,-32.05925],[116.06528,-32.05925],[116.06525,-32.05054],[116.05628,-32.05055],[116.05615,-32.04043],[116.04946,-32.04044],[116.04946,-32.03928],[116.04027,-32.03142],[116.04156,-32.03034],[116.03317,-32.02318],[116.02945,-32.02632],[116.01441,-32.01348],[116.00254,-32.0236],[115.99643,-32.01107],[115.99603,-32.01142],[115.99466,-32.00944],[115.9894,-32.01394],[115.98433,-32.00913],[115.98358,-32.00976],[115.97732,-32.00446],[115.97571,-32.00402],[115.97069,-32.00906],[115.96805,-32.00683],[115.9359,-32.03386],[115.93029,-32.05407],[115.93637,-32.05983],[115.92337,-32.06973],[115.92196,-32.07468],[115.92242,-32.07509],[115.92136,-32.07653],[115.9144,-32.10183],[115.91591,-32.11451],[115.91618,-32.11532],[115.92775,-32.10528],[115.93084,-32.10009],[115.96039,-32.12665],[115.96087,-32.12712],[115.95945,-32.12829],[115.96315,-32.13117],[115.974,-32.12363],[116.00806,-32.0933],[116.01201,-32.09055],[116.01294,-32.09435],[116.01234,-32.0972],[116.01309,-32.09736],[116.01622,-32.09489],[116.01571,-32.09331],[116.03301,-32.0932],[116.03301,-32.09473],[116.05005,-32.09551],[116.05006,-32.09821],[116.07456,-32.09817],[116.07449,-32.0882],[116.07793,-32.08876],[116.08213,-32.08694],[116.08959,-32.08708],[116.08959,-32.08506]]]}},{"type":"Feature","properties":{"id":"goulburn-mulwaree","name":"Goulburn Mulwaree","level":2,"centroid":[149.902,-34.9025],"bbox":[149.4705,-35.2563,150.3335,-34.5487]},"geometry":{"type":"Polygon","coordinates":[[[150.08295,-34.5823],[150.06344,-34.61612],[149.98319,-34.63141],[149.8821,-34.63219],[149.82987,-34.59852],[149.82407,-34.61861],[149.86013,-34.61569],[149.85503,-34.64345],[149.8172,-34.65319],[149.79315,-34.65013],[149.81375,-34.60509],[149.75173,-34.59666],[149.75673,-34.56921],[149.6996,-34.54869],[149.66024,-34.55563],[149.61806,-34.64471],[149.5572,-34.60454],[149.52361,-34.66508],[149.50004,-34.65515],[149.53355,-34.71112],[149.50791,-34.732],[149.50264,-34.83118],[149.47047,-34.85831],[149.5426,-34.87125],[149.51989,-34.89138],[149.541,-34.92489],[149.51904,-34.96615],[149.55123,-34.97556],[149.53825,-35.06856],[149.55665,-35.07115],[149.54311,-35.11079],[149.55979,-35.11551],[149.54238,-35.15242],[149.59099,-35.15673],[149.65277,-35.11562],[149.70776,-35.17499],[149.76601,-35.17099],[149.76782,-35.19616],[149.83555,-35.20698],[149.84891,-35.24645],[149.88185,-35.25628],[149.88272,-35.23531],[149.92688,-35.23748],[149.95208,-35.20962],[149.93158,-35.14999],[149.97841,-35.16623],[150.03396,-35.12977],[150.02692,-35.09556],[149.98063,-35.09502],[149.97739,-35.06611],[150.02906,-35.05365],[150.02432,-35.00321],[150.08578,-34.98897],[150.05545,-34.96636],[150.08794,-34.89511],[150.0523,-34.88173],[150.03745,-34.84386],[150.05579,-34.77087],[150.16273,-34.82305],[150.33354,-34.75238],[150.26847,-34.73166],[150.16919,-34.76918],[150.17846,-34.72811],[150.09258,-34.68042],[150.07781,-34.64112],[150.09963,-34.62725],[150.09909,-34.58451],[150.08295,-34.5823]]]}},{"type":"Feature","properties":{"id":"goyder","name":"Goyder","level":2,"centroid":[139.0166,-33.7164],"bbox":[138.6751,-34.3352,139.358,-33.0976]},"geometry":{"type":"Polygon","coordinates":[[[138.97161,-34.19363],[138.96584,-34.20182],[138.97586,-34.22706],[138.97809,-34.25438],[138.98501,-34.25361],[138.98403,-34.25844],[138.99779,-34.25593],[139.00767,-34.24291],[139.04879,-34.24509],[139.04867,-34.26732],[139.04155,-34.27349],[139.04277,-34.29103],[139.03408,-34.30672],[139.1274,-34.31501],[139.10505,-34.33002],[139.15584,-34.33519],[139.16276,-34.32711],[139.19114,-34.32139],[139.19965,-34.31211],[139.26438,-34.29582],[139.26425,-34.31935],[139.35079,-34.31933],[139.3511,-34.20917],[139.35805,-34.17543],[139.3543,-33.0976],[138.75585,-33.10137],[138.76417,-33.16491],[138.75186,-33.24393],[138.75826,-33.26217],[138.77753,-33.26865],[138.79117,-33.28163],[138.78344,-33.30903],[138.76981,-33.32613],[138.73336,-33.32657],[138.72555,-33.35188],[138.73326,-33.37183],[138.7211,-33.42896],[138.72556,-33.43919],[138.71333,-33.48297],[138.71619,-33.49782],[138.68799,-33.53801],[138.68349,-33.57307],[138.67506,-33.58933],[138.68131,-33.61774],[138.69284,-33.62318],[138.69084,-33.64472],[138.73364,-33.7711],[138.72863,-33.82073],[138.72157,-33.8371],[138.89813,-33.85449],[138.9148,-33.87391],[138.92732,-33.87861],[138.9159,-33.88141],[138.91352,-33.8966],[138.90815,-33.89877],[138.9151,-33.95511],[138.91965,-33.96562],[138.95847,-33.96643],[138.96504,-34.00468],[138.95896,-34.07367],[138.96721,-34.16058],[138.96174,-34.17531],[138.9758,-34.18369],[138.97161,-34.19363]]]}},{"type":"Feature","properties":{"id":"grant","name":"Grant","level":2,"centroid":[140.6348,-37.8359],"bbox":[140.2968,-38.0615,140.9728,-37.6102]},"geometry":{"type":"Polygon","coordinates":[[[140.97278,-37.61137],[140.67656,-37.61024],[140.6673,-37.64207],[140.67755,-37.66435],[140.67574,-37.69582],[140.68545,-37.707],[140.68626,-37.71461],[140.67934,-37.71467],[140.67991,-37.73524],[140.61694,-37.7355],[140.60972,-37.73803],[140.6095,-37.75461],[140.4765,-37.75499],[140.47611,-37.78538],[140.46987,-37.78532],[140.467,-37.80206],[140.48018,-37.81899],[140.42361,-37.83695],[140.39361,-37.8397],[140.3862,-37.8182],[140.38864,-37.79687],[140.36615,-37.75538],[140.29678,-37.75553],[140.32764,-37.80447],[140.3285,-37.81829],[140.35816,-37.85662],[140.37589,-37.89783],[140.38868,-37.90149],[140.39556,-37.9194],[140.40324,-37.91697],[140.42122,-37.931],[140.45402,-37.93583],[140.46655,-37.94973],[140.49117,-37.96086],[140.51701,-37.98995],[140.5673,-38.00858],[140.57939,-38.02969],[140.59079,-38.02432],[140.60682,-38.0277],[140.62094,-38.04024],[140.64266,-38.04144],[140.66265,-38.06147],[140.69767,-38.05966],[140.71771,-38.05167],[140.77048,-38.05969],[140.783,-38.04551],[140.80762,-38.04899],[140.83785,-38.04104],[140.87308,-38.051],[140.90014,-38.04796],[140.9658,-38.05598],[140.97278,-37.61137]],[[140.74781,-37.83612],[140.75044,-37.82985],[140.73762,-37.81576],[140.74554,-37.80014],[140.75781,-37.80407],[140.76281,-37.79428],[140.82386,-37.81382],[140.81393,-37.83329],[140.8262,-37.83722],[140.81889,-37.85167],[140.80042,-37.84595],[140.79327,-37.85507],[140.76407,-37.84939],[140.74781,-37.83612]]]}},{"type":"Feature","properties":{"id":"greater-bendigo","name":"Greater Bendigo","level":2,"centroid":[144.4397,-36.7228],"bbox":[144.0259,-37.0604,144.8536,-36.3852]},"geometry":{"type":"Polygon","coordinates":[[[144.3441,-36.38521],[144.34376,-36.48708],[144.20968,-36.48751],[144.19934,-36.52448],[144.17046,-36.52441],[144.16265,-36.56556],[144.18473,-36.61847],[144.1404,-36.61842],[144.12581,-36.66201],[144.0687,-36.66199],[144.05985,-36.73074],[144.07566,-36.74312],[144.04794,-36.79224],[144.02591,-36.89788],[144.22832,-36.92238],[144.24052,-36.95056],[144.29768,-36.95698],[144.30033,-36.94262],[144.39613,-36.9553],[144.41195,-36.92336],[144.42958,-36.94423],[144.45599,-36.93836],[144.50626,-36.97588],[144.49266,-37.05045],[144.54048,-37.06037],[144.55055,-37.05405],[144.54537,-37.01314],[144.63221,-37.00199],[144.65048,-37.01524],[144.68844,-37.01097],[144.68821,-36.99455],[144.71827,-36.9747],[144.79658,-36.96553],[144.80427,-36.92588],[144.85357,-36.88024],[144.79855,-36.83261],[144.78477,-36.78051],[144.79469,-36.75071],[144.66617,-36.7626],[144.66711,-36.72539],[144.51804,-36.72544],[144.53477,-36.68802],[144.52544,-36.65979],[144.58973,-36.59482],[144.58344,-36.5847],[144.59841,-36.57451],[144.58723,-36.55789],[144.61054,-36.55592],[144.60844,-36.52896],[144.62603,-36.52737],[144.61026,-36.51675],[144.62062,-36.48132],[144.67155,-36.4571],[144.65873,-36.44047],[144.67427,-36.42549],[144.66818,-36.40658],[144.43022,-36.41129],[144.41571,-36.39631],[144.36941,-36.40784],[144.35833,-36.38517],[144.3441,-36.38521]]]}},{"type":"Feature","properties":{"id":"greater-dandenong","name":"Greater Dandenong","level":2,"centroid":[145.1907,-38.0011],"bbox":[145.1296,-38.0777,145.2519,-37.9246]},"geometry":{"type":"Polygon","coordinates":[[[145.2292,-37.95206],[145.22581,-37.94927],[145.22604,-37.94815],[145.2243,-37.94619],[145.22299,-37.94563],[145.22239,-37.94342],[145.22091,-37.94316],[145.2208,-37.94218],[145.21937,-37.94173],[145.22027,-37.9411],[145.21908,-37.9408],[145.21964,-37.94017],[145.1925,-37.93759],[145.15673,-37.93313],[145.14337,-37.92455],[145.13969,-37.93948],[145.14009,-37.94235],[145.13659,-37.96048],[145.13194,-37.95992],[145.1296,-37.96155],[145.13269,-37.96339],[145.14017,-37.97644],[145.14592,-37.9836],[145.1393,-38.01877],[145.13352,-38.02537],[145.13777,-38.03234],[145.15028,-38.06729],[145.15523,-38.06724],[145.23959,-38.07766],[145.24685,-38.04017],[145.24683,-38.02532],[145.25186,-38.00362],[145.22733,-38.00076],[145.22866,-37.99376],[145.22653,-37.99346],[145.22726,-37.99264],[145.2277,-37.99025],[145.23011,-37.98858],[145.2309,-37.98551],[145.23205,-37.98546],[145.23232,-37.98385],[145.23177,-37.98356],[145.23254,-37.98301],[145.23264,-37.98193],[145.23185,-37.98094],[145.23314,-37.98057],[145.23249,-37.98055],[145.23286,-37.97957],[145.23426,-37.97951],[145.23418,-37.97847],[145.23495,-37.97834],[145.2346,-37.97797],[145.23496,-37.97677],[145.23551,-37.97675],[145.23569,-37.97414],[145.23286,-37.97035],[145.23364,-37.96451],[145.23242,-37.96134],[145.2337,-37.96026],[145.23407,-37.9587],[145.23359,-37.95831],[145.23406,-37.95675],[145.23364,-37.95484],[145.23219,-37.95256],[145.2292,-37.95206]]]}},{"type":"Feature","properties":{"id":"greater-geelong","name":"Greater Geelong","level":2,"centroid":[144.4614,-38.0517],"bbox":[144.2025,-38.3026,144.7202,-37.8009]},"geometry":{"type":"Polygon","coordinates":[[[144.26238,-38.14126],[144.24133,-38.23776],[144.40607,-38.25725],[144.39698,-38.29117],[144.37646,-38.30258],[144.43026,-38.28131],[144.50004,-38.29045],[144.49488,-38.28261],[144.52557,-38.27131],[144.60075,-38.28782],[144.66635,-38.20992],[144.69411,-38.19437],[144.70342,-38.20157],[144.694,-38.21704],[144.70092,-38.2196],[144.71964,-38.17324],[144.72021,-38.14662],[144.70634,-38.13016],[144.63301,-38.10738],[144.55947,-38.15419],[144.52705,-38.16027],[144.46799,-38.16283],[144.44071,-38.14777],[144.4256,-38.1238],[144.41625,-38.15542],[144.35612,-38.13839],[144.36161,-38.10512],[144.38158,-38.09734],[144.38946,-38.07664],[144.44495,-38.0918],[144.45877,-38.07723],[144.47874,-38.07668],[144.50685,-38.09149],[144.51517,-38.04604],[144.55867,-38.03753],[144.59193,-38.0052],[144.54755,-37.97186],[144.5187,-37.981],[144.49564,-37.97426],[144.47402,-37.93567],[144.48478,-37.90897],[144.48012,-37.88894],[144.42977,-37.85752],[144.40636,-37.80092],[144.39912,-37.81522],[144.36199,-37.81082],[144.3536,-37.84527],[144.32284,-37.8447],[144.29425,-37.82891],[144.29602,-37.81955],[144.26362,-37.81165],[144.22249,-37.8101],[144.21118,-37.8223],[144.23071,-37.83452],[144.23422,-37.86665],[144.24847,-37.87377],[144.21344,-37.90143],[144.20253,-37.93824],[144.23684,-37.94237],[144.24773,-37.99132],[144.24072,-38.00854],[144.26269,-38.0437],[144.25895,-38.06489],[144.28648,-38.079],[144.26816,-38.09282],[144.26238,-38.14126]]]}},{"type":"Feature","properties":{"id":"greater-geraldton","name":"Greater Geraldton","level":2,"centroid":[115.4179,-28.4399],"bbox":[114.5761,-29.0619,116.2597,-27.8179]},"geometry":{"type":"Polygon","coordinates":[[[114.61269,-28.66555],[114.61466,-28.76255],[114.57608,-28.78436],[114.82643,-29.0619],[114.88393,-29.01917],[115.14086,-29.01642],[115.20617,-28.97876],[115.20615,-29.01067],[115.34069,-29.00051],[115.37363,-28.91719],[115.59365,-28.9171],[115.62192,-28.96604],[115.63617,-28.8602],[115.88435,-28.83916],[115.88458,-28.80236],[115.95819,-28.78445],[115.99123,-28.72625],[116.05217,-28.72622],[116.08391,-28.79749],[116.23032,-28.79677],[116.23032,-28.71553],[116.16856,-28.71553],[116.16856,-28.60346],[116.2597,-28.59586],[116.25963,-28.49168],[116.22677,-28.49167],[116.22679,-28.33189],[116.16934,-28.33189],[116.16934,-28.25321],[116.04681,-28.25321],[116.04681,-28.28759],[115.95811,-28.28759],[115.93217,-28.36116],[115.99578,-28.36116],[115.99578,-28.43377],[115.80848,-28.42868],[115.80848,-28.02232],[115.85381,-28.02229],[115.8538,-28.06586],[115.91068,-28.06589],[115.90514,-27.93448],[115.37843,-27.9381],[115.37843,-27.81794],[115.31968,-27.81794],[115.31967,-27.89748],[115.3552,-27.89748],[115.35522,-27.93779],[115.32099,-27.93744],[115.32099,-28.00212],[115.40495,-28.00321],[115.40476,-28.1963],[115.41634,-28.21735],[115.49583,-28.20623],[115.43263,-28.32227],[115.26824,-28.46191],[115.19044,-28.4514],[115.21216,-28.49331],[115.08947,-28.59536],[115.06637,-28.65035],[114.76142,-28.64806],[114.7388,-28.65336],[114.73553,-28.7268],[114.69191,-28.72702],[114.66725,-28.67257],[114.61269,-28.66555]]]}},{"type":"Feature","properties":{"id":"greater-hume","name":"Greater Hume","level":2,"centroid":[147.1973,-35.7584],"bbox":[146.5019,-36.0682,147.8928,-35.4485]},"geometry":{"type":"Polygon","coordinates":[[[147.09669,-36.0406],[147.12413,-35.99441],[147.14437,-36.03775],[147.28518,-36.03943],[147.31961,-36.06106],[147.40349,-35.9438],[147.45069,-35.96079],[147.49412,-35.94354],[147.55188,-36.00408],[147.58403,-35.98463],[147.54912,-35.96454],[147.60144,-35.97911],[147.68062,-35.94421],[147.70959,-35.84107],[147.76059,-35.83974],[147.77163,-35.80734],[147.80597,-35.79903],[147.81893,-35.64933],[147.89279,-35.62107],[147.8454,-35.55459],[147.73692,-35.53101],[147.6856,-35.53418],[147.68119,-35.55666],[147.62518,-35.54617],[147.52204,-35.48211],[147.48826,-35.54565],[147.41902,-35.53359],[147.39151,-35.56361],[147.36381,-35.51386],[147.25148,-35.49108],[147.18498,-35.44846],[147.1578,-35.46915],[147.07023,-35.45295],[146.87137,-35.57585],[146.67297,-35.55526],[146.66978,-35.52027],[146.60507,-35.50575],[146.5575,-35.68655],[146.51784,-35.69678],[146.50186,-35.78365],[146.50483,-35.81805],[146.55108,-35.82037],[146.52986,-35.9183],[146.58239,-35.92932],[146.58903,-35.89501],[146.65134,-35.88001],[146.67469,-35.89473],[146.65376,-35.93002],[146.69449,-35.93554],[146.71088,-35.9628],[146.70172,-36.02971],[146.73165,-36.02371],[146.74855,-36.06065],[146.81394,-36.06825],[146.83475,-36.01562],[146.94458,-35.99361],[146.93493,-35.9475],[146.96876,-35.91388],[146.99713,-35.91894],[147.04804,-35.94516],[147.09669,-36.0406]]]}},{"type":"Feature","properties":{"id":"greater-shepparton","name":"Greater Shepparton","level":2,"centroid":[145.4152,-36.4273],"bbox":[145.032,-36.7005,145.7985,-36.154]},"geometry":{"type":"Polygon","coordinates":[[[145.79845,-36.29906],[145.63153,-36.29906],[145.63161,-36.19917],[145.26026,-36.19931],[145.2516,-36.19193],[145.25568,-36.18422],[145.24869,-36.18755],[145.24545,-36.1757],[145.23477,-36.17566],[145.23766,-36.16459],[145.22303,-36.17045],[145.229,-36.15888],[145.21636,-36.1656],[145.21207,-36.15867],[145.20847,-36.16782],[145.19436,-36.15883],[145.19855,-36.16492],[145.18903,-36.16524],[145.18766,-36.17449],[145.19591,-36.17457],[145.18099,-36.17817],[145.18256,-36.18495],[145.17248,-36.17671],[145.17286,-36.1654],[145.15715,-36.15767],[145.14624,-36.1627],[145.13794,-36.15403],[145.12993,-36.16176],[145.13872,-36.16623],[145.13687,-36.1749],[145.13108,-36.17038],[145.12762,-36.17645],[145.13199,-36.28434],[145.15032,-36.28434],[145.1503,-36.34309],[145.03196,-36.34297],[145.03198,-36.49897],[145.14977,-36.499],[145.15483,-36.55963],[145.15001,-36.5872],[145.13175,-36.58733],[145.13172,-36.67544],[145.16854,-36.67528],[145.16865,-36.69006],[145.1778,-36.68997],[145.17213,-36.69728],[145.17863,-36.70053],[145.18569,-36.68632],[145.22321,-36.68589],[145.2219,-36.67005],[145.20387,-36.66139],[145.21186,-36.66021],[145.20504,-36.65478],[145.21238,-36.64797],[145.30252,-36.64193],[145.29779,-36.63426],[145.30672,-36.63276],[145.3115,-36.6141],[145.3047,-36.61347],[145.31892,-36.61239],[145.35359,-36.55609],[145.58049,-36.55431],[145.592,-36.56328],[145.63173,-36.56329],[145.63157,-36.49903],[145.73188,-36.49902],[145.72443,-36.4246],[145.77544,-36.44374],[145.79845,-36.29906]]]}},{"type":"Feature","properties":{"id":"griffith","name":"Griffith","level":2,"centroid":[146.0231,-34.3345],"bbox":[145.7348,-34.5701,146.3114,-34.0989]},"geometry":{"type":"Polygon","coordinates":[[[145.94932,-34.55308],[145.95994,-34.55531],[145.95812,-34.55981],[145.96635,-34.56285],[145.97015,-34.55624],[145.97826,-34.56329],[145.97857,-34.55795],[145.99768,-34.5443],[146.03605,-34.57013],[146.03756,-34.56269],[146.07541,-34.56701],[146.09023,-34.4838],[146.14457,-34.50107],[146.14726,-34.48221],[146.13456,-34.48056],[146.15333,-34.40513],[146.13441,-34.39108],[146.14919,-34.38946],[146.17743,-34.37362],[146.20219,-34.37661],[146.20653,-34.3542],[146.22999,-34.37181],[146.23629,-34.33686],[146.27511,-34.34185],[146.27648,-34.33445],[146.28545,-34.33556],[146.28612,-34.34581],[146.30103,-34.34519],[146.30034,-34.33424],[146.30725,-34.33506],[146.31137,-34.31171],[146.29963,-34.28947],[146.30481,-34.2607],[146.23439,-34.25318],[146.24681,-34.18119],[146.22953,-34.18653],[146.21392,-34.18187],[146.21215,-34.19202],[146.19364,-34.19769],[146.19692,-34.17876],[146.17633,-34.17634],[146.1801,-34.15433],[146.15049,-34.15122],[146.15346,-34.13383],[146.07608,-34.12464],[146.07747,-34.13888],[146.09434,-34.14083],[146.08244,-34.14546],[146.04472,-34.14096],[146.04737,-34.1254],[146.02568,-34.12275],[146.02492,-34.12723],[145.85976,-34.1072],[145.85851,-34.11497],[145.84069,-34.1129],[145.84199,-34.10479],[145.79488,-34.09888],[145.79158,-34.11775],[145.77622,-34.11594],[145.73476,-34.36342],[145.76078,-34.36655],[145.7658,-34.33742],[145.83289,-34.34525],[145.82021,-34.41634],[145.83067,-34.41765],[145.82644,-34.44075],[145.90539,-34.43946],[145.96669,-34.45319],[145.94932,-34.55308]]]}},{"type":"Feature","properties":{"id":"gunnedah","name":"Gunnedah","level":2,"centroid":[150.1155,-31.0235],"bbox":[149.6316,-31.4534,150.5994,-30.5937]},"geometry":{"type":"Polygon","coordinates":[[[149.65858,-30.88395],[149.63156,-30.91608],[149.71045,-30.9167],[149.74202,-30.93891],[149.8237,-30.93916],[149.82717,-30.91958],[149.84677,-30.93878],[149.81978,-31.0845],[149.90478,-31.09736],[149.88083,-31.20234],[149.79588,-31.22392],[149.78858,-31.30867],[149.8131,-31.3166],[149.80489,-31.37308],[149.88526,-31.37064],[149.91297,-31.45335],[150.00226,-31.44562],[149.98668,-31.3293],[150.07884,-31.33808],[150.10338,-31.24001],[150.13466,-31.2443],[150.13832,-31.22391],[150.1653,-31.23299],[150.16097,-31.35495],[150.41767,-31.39762],[150.43462,-31.39329],[150.41949,-31.34002],[150.5057,-31.36728],[150.54702,-31.35745],[150.5994,-31.04683],[150.55182,-31.0114],[150.52227,-30.92356],[150.49178,-30.92137],[150.53022,-30.903],[150.52281,-30.84718],[150.54662,-30.85874],[150.56321,-30.82993],[150.45632,-30.77275],[150.4578,-30.69023],[150.50965,-30.66008],[150.43787,-30.59741],[150.39608,-30.59368],[150.34938,-30.63559],[150.35389,-30.66159],[150.29551,-30.67436],[150.29559,-30.73037],[150.26432,-30.76289],[150.11068,-30.7487],[150.10186,-30.80535],[150.05284,-30.80029],[150.03326,-30.74228],[150.01143,-30.73649],[149.98198,-30.7763],[149.82503,-30.75931],[149.80274,-30.80993],[149.81614,-30.83066],[149.79353,-30.82881],[149.7883,-30.85904],[149.67031,-30.86161],[149.65858,-30.88395]]]}},{"type":"Feature","properties":{"id":"gwydir","name":"Gwydir","level":2,"centroid":[150.538,-29.498],"bbox":[150.0742,-30.3231,151.0018,-28.673]},"geometry":{"type":"Polygon","coordinates":[[[150.4793,-28.67301],[150.34397,-28.82753],[150.14855,-28.88925],[150.2595,-29.01389],[150.16923,-29.49597],[150.20596,-29.48318],[150.21947,-29.49794],[150.19453,-29.51884],[150.21164,-29.52979],[150.19463,-29.62022],[150.30253,-29.73178],[150.29125,-29.8613],[150.31385,-29.8967],[150.29238,-29.99099],[150.24886,-29.99347],[150.1945,-30.0644],[150.14488,-30.08728],[150.12281,-30.06945],[150.07418,-30.10494],[150.10227,-30.19193],[150.17965,-30.20561],[150.20708,-30.25605],[150.25114,-30.23746],[150.30793,-30.25776],[150.30402,-30.2803],[150.38383,-30.32309],[150.46369,-30.25197],[150.5395,-30.32259],[150.59104,-30.28575],[150.61769,-30.29581],[150.65681,-30.27493],[150.72293,-30.29429],[150.83316,-30.19688],[150.96073,-30.18738],[150.94564,-30.16748],[150.96795,-30.11315],[150.94725,-30.07392],[151.0006,-30.07304],[151.00182,-30.01254],[150.97606,-29.99366],[150.97654,-29.9366],[150.99289,-29.94747],[150.99719,-29.93091],[150.98101,-29.90116],[150.91015,-29.90138],[150.85703,-29.83524],[150.81092,-29.83254],[150.76785,-29.78194],[150.6473,-29.7754],[150.67687,-29.75562],[150.68434,-29.68039],[150.72604,-29.63563],[150.73331,-29.56926],[150.85679,-29.51251],[150.89042,-29.41714],[150.82794,-29.41185],[150.80186,-29.32151],[150.74978,-29.26202],[150.76382,-29.2085],[150.74913,-29.13475],[150.61156,-29.00001],[150.63114,-28.94218],[150.61196,-28.88733],[150.67203,-28.79389],[150.67269,-28.74138],[150.4793,-28.67301]]]}},{"type":"Feature","properties":{"id":"gympie","name":"Gympie","level":2,"centroid":[152.4733,-26.1782],"bbox":[151.7543,-26.5977,153.1924,-25.7587]},"geometry":{"type":"Polygon","coordinates":[[[151.99771,-25.77093],[151.91289,-25.87246],[151.79043,-25.75866],[151.7568,-25.80298],[151.78528,-25.91645],[151.75434,-25.94674],[151.81448,-25.95613],[151.81156,-26.02067],[151.93904,-26.02047],[151.93527,-26.09223],[151.9846,-26.09886],[151.95221,-26.11678],[151.97606,-26.17364],[152.07968,-26.28755],[152.06385,-26.3426],[152.00918,-26.34927],[152.00408,-26.37548],[152.12109,-26.37727],[152.21314,-26.51307],[152.27809,-26.45275],[152.316,-26.48086],[152.44277,-26.46022],[152.45698,-26.58088],[152.68049,-26.5977],[152.71226,-26.54622],[152.75573,-26.54904],[152.74494,-26.49893],[152.76547,-26.4636],[152.78862,-26.47303],[152.79693,-26.41575],[152.76522,-26.36229],[152.79262,-26.35138],[152.82524,-26.22359],[152.95733,-26.18997],[152.97384,-26.13711],[153.09629,-26.15474],[153.19235,-25.93318],[153.11493,-25.92928],[153.06264,-25.80856],[153.0595,-25.9132],[153.02458,-25.90803],[153.05636,-25.93133],[153.01653,-25.99731],[152.99805,-25.9541],[153.0313,-25.93403],[153.00344,-25.93496],[153.0223,-25.86637],[153.0053,-25.88672],[152.71454,-25.83985],[152.75195,-25.88679],[152.6724,-25.93803],[152.65513,-25.98618],[152.56821,-25.92195],[152.41175,-25.866],[152.34566,-25.86314],[152.33097,-25.90702],[152.12312,-25.88578],[152.11347,-25.85705],[152.05894,-25.88624],[152.02871,-25.85023],[152.03911,-25.79055],[151.99771,-25.77093]]]}},{"type":"Feature","properties":{"id":"halls-creek","name":"Halls Creek","level":2,"centroid":[127.4517,-19.0007],"bbox":[125.9028,-21.232,129.0005,-16.7693]},"geometry":{"type":"Polygon","coordinates":[[[126.0014,-19.49858],[126.00132,-21.23202],[129.00052,-21.23199],[129.00047,-16.97932],[128.71251,-16.97953],[128.6977,-16.92347],[128.479,-16.92347],[128.479,-16.99618],[128.24286,-16.99619],[128.24286,-16.92347],[128.20249,-16.92347],[128.20251,-17.04855],[127.8592,-17.05385],[127.82142,-17.23191],[127.71287,-17.23191],[127.71287,-17.28468],[127.81504,-17.28468],[127.81464,-17.33629],[127.6519,-17.33629],[127.62145,-17.07615],[127.7153,-17.07615],[127.7153,-16.76933],[127.56421,-16.76936],[127.56421,-16.99806],[127.41292,-16.99806],[127.41292,-17.21629],[127.24721,-17.23267],[127.24721,-17.38725],[127.04647,-17.38881],[127.04647,-17.54943],[126.89133,-17.54943],[126.89134,-17.47681],[126.84655,-17.47261],[126.53941,-17.54308],[126.53941,-17.43402],[126.42776,-17.43402],[126.42776,-17.48673],[126.29714,-17.48673],[126.29506,-17.43396],[126.19405,-17.55235],[126.1434,-17.55306],[126.13217,-17.58024],[126.30845,-17.58024],[126.30845,-17.63295],[126.39201,-17.63295],[126.39201,-17.77892],[126.62254,-17.77892],[126.62254,-18.0965],[126.28275,-18.0965],[126.28275,-18.1739],[126.32459,-18.1739],[126.31552,-18.39624],[126.2547,-18.39624],[126.18308,-18.3229],[126.09751,-18.34941],[126.04832,-18.32006],[126.0333,-18.49134],[125.90279,-18.61368],[126.12129,-18.80428],[126.12071,-18.99649],[126.58196,-19.01055],[126.58196,-19.24594],[126.50493,-19.24592],[126.50484,-19.42374],[126.00176,-19.42342],[126.0014,-19.49858]]]}},{"type":"Feature","properties":{"id":"harvey","name":"Harvey","level":2,"centroid":[115.9338,-33.1504],"bbox":[115.6585,-33.3787,116.2091,-32.922]},"geometry":{"type":"Polygon","coordinates":[[[116.17996,-32.9431],[116.16525,-32.94171],[116.17323,-32.93547],[116.1719,-32.92646],[116.15065,-32.93548],[116.02163,-32.93581],[116.00034,-32.94239],[115.98935,-32.93843],[115.99347,-32.93332],[115.95639,-32.93293],[115.95135,-32.94227],[115.94269,-32.93619],[115.92443,-32.94104],[115.87456,-32.93494],[115.86805,-32.94221],[115.853,-32.93135],[115.83867,-32.93567],[115.82384,-32.92593],[115.81289,-32.9259],[115.81309,-32.9365],[115.78079,-32.93654],[115.78081,-32.93001],[115.7638,-32.92996],[115.76378,-32.92197],[115.65847,-32.93304],[115.68885,-33.12181],[115.68103,-33.27524],[115.67024,-33.30285],[115.71448,-33.31213],[115.72334,-33.29011],[115.73747,-33.30019],[115.76485,-33.29527],[115.78227,-33.3087],[115.79153,-33.30036],[115.81394,-33.30004],[115.83658,-33.31678],[115.87332,-33.32415],[115.90085,-33.31993],[115.89412,-33.34516],[115.91881,-33.37873],[115.91901,-33.34893],[115.92787,-33.34893],[115.92787,-33.34167],[115.91894,-33.33905],[115.9186,-33.28999],[115.947,-33.28984],[115.94659,-33.22173],[116.0024,-33.21081],[116.01471,-33.20175],[116.01034,-33.19021],[116.01578,-33.18295],[116.03123,-33.19118],[116.03121,-33.21295],[116.00854,-33.23192],[116.14477,-33.23187],[116.14691,-33.08487],[116.20908,-33.08504],[116.20887,-32.98419],[116.19966,-32.96706],[116.18911,-32.97132],[116.17996,-32.9431]]]}},{"type":"Feature","properties":{"id":"hawkesbury","name":"Hawkesbury","level":2,"centroid":[150.7827,-33.3407],"bbox":[150.4302,-33.6847,151.1352,-32.9968]},"geometry":{"type":"Polygon","coordinates":[[[150.87404,-33.65666],[150.93574,-33.56477],[150.88966,-33.56154],[150.89855,-33.51234],[150.92768,-33.50485],[150.89352,-33.48465],[150.87049,-33.50018],[150.87107,-33.47311],[150.90527,-33.4696],[150.89826,-33.45174],[150.87555,-33.45273],[150.90358,-33.41948],[150.95158,-33.42746],[151.00044,-33.3505],[151.08953,-33.32711],[151.08688,-33.26903],[151.10681,-33.23124],[151.09968,-33.14429],[151.13524,-33.10705],[151.08395,-33.07524],[151.05214,-33.0802],[151.03516,-33.12405],[150.88455,-33.11901],[150.84704,-33.09806],[150.85453,-33.0319],[150.83017,-33.03309],[150.80479,-33.00603],[150.76384,-33.00031],[150.74543,-33.02194],[150.68579,-32.99676],[150.6714,-33.02406],[150.6821,-33.04473],[150.7054,-33.04462],[150.72789,-33.07201],[150.61076,-33.06604],[150.60988,-33.14335],[150.58658,-33.14768],[150.58361,-33.16811],[150.55494,-33.16167],[150.55236,-33.18371],[150.52385,-33.19442],[150.54434,-33.22094],[150.52571,-33.23895],[150.5604,-33.25691],[150.55321,-33.27482],[150.57557,-33.28961],[150.55751,-33.29076],[150.56672,-33.30629],[150.55153,-33.31527],[150.58379,-33.32193],[150.59117,-33.34133],[150.52635,-33.38737],[150.4836,-33.4457],[150.48669,-33.48508],[150.4302,-33.53792],[150.46859,-33.5838],[150.51492,-33.58195],[150.54476,-33.5575],[150.56494,-33.57552],[150.56311,-33.61014],[150.61596,-33.61414],[150.60614,-33.66272],[150.65756,-33.66166],[150.65362,-33.68474],[150.69953,-33.61227],[150.78215,-33.6375],[150.8124,-33.6776],[150.85875,-33.6463],[150.87404,-33.65666]]]}},{"type":"Feature","properties":{"id":"hay","name":"Hay","level":2,"centroid":[144.5805,-34.1567],"bbox":[143.9016,-34.8511,145.2595,-33.4623]},"geometry":{"type":"Polygon","coordinates":[[[143.9457,-34.35681],[143.94289,-34.37648],[143.92475,-34.37465],[143.92388,-34.40223],[143.93916,-34.40418],[143.92556,-34.50564],[143.9411,-34.50738],[143.92367,-34.51701],[143.90164,-34.65405],[144.27524,-34.77661],[144.28318,-34.79521],[144.39041,-34.81704],[144.61982,-34.84686],[145.17829,-34.8511],[145.24076,-34.50629],[145.20645,-34.48882],[145.25946,-34.18051],[145.16266,-34.08106],[145.12376,-34.07669],[145.13443,-34.04973],[145.03472,-33.94014],[145.21456,-33.82603],[145.16254,-33.77143],[145.17463,-33.69603],[145.15469,-33.71723],[145.1023,-33.72374],[145.04404,-33.70955],[145.03861,-33.73505],[144.96515,-33.75892],[144.92755,-33.75364],[144.93426,-33.71614],[144.81181,-33.68404],[144.83426,-33.50549],[144.802,-33.51227],[144.80807,-33.47512],[144.69152,-33.4623],[144.70281,-33.50823],[144.72756,-33.52505],[144.55274,-33.48822],[144.5445,-33.52568],[144.46055,-33.5163],[144.44764,-33.60153],[144.53135,-33.61043],[144.5132,-33.72826],[144.55644,-33.73324],[144.54229,-33.88229],[144.57846,-33.88651],[144.55825,-34.02838],[144.68752,-34.04844],[144.68814,-34.06951],[144.56226,-34.12899],[144.55058,-34.17298],[144.46999,-34.22292],[144.39142,-34.21821],[144.37398,-34.239],[144.3173,-34.24641],[144.24858,-34.23058],[144.21199,-34.25229],[144.11842,-34.18922],[144.10383,-34.21494],[144.07415,-34.22063],[144.0638,-34.2731],[144.03714,-34.27317],[143.9457,-34.35681]]]}},{"type":"Feature","properties":{"id":"hepburn","name":"Hepburn","level":2,"centroid":[144.0335,-37.317],"bbox":[143.6481,-37.4863,144.419,-37.1476]},"geometry":{"type":"Polygon","coordinates":[[[143.93768,-37.47542],[144.03703,-37.48627],[144.04235,-37.46379],[144.05516,-37.47003],[144.07866,-37.46264],[144.08714,-37.44583],[144.10688,-37.44022],[144.10723,-37.4286],[144.13285,-37.43016],[144.14799,-37.41991],[144.16816,-37.42038],[144.1963,-37.40882],[144.19811,-37.42012],[144.22562,-37.42345],[144.22703,-37.4161],[144.23468,-37.41651],[144.25076,-37.42868],[144.29126,-37.43694],[144.29805,-37.43599],[144.29511,-37.42897],[144.31768,-37.4025],[144.34572,-37.41792],[144.34111,-37.42602],[144.34728,-37.43212],[144.37928,-37.43878],[144.38197,-37.39331],[144.41579,-37.39624],[144.41904,-37.36049],[144.39277,-37.35814],[144.39574,-37.33157],[144.31041,-37.29277],[144.34399,-37.22621],[144.37613,-37.20223],[144.37536,-37.19581],[144.36034,-37.19403],[144.36299,-37.17939],[144.38047,-37.17504],[144.29217,-37.16356],[144.28426,-37.208],[144.27664,-37.20905],[144.18515,-37.19534],[144.19045,-37.16613],[144.07435,-37.14765],[144.06009,-37.20772],[144.06754,-37.2104],[144.06357,-37.24949],[144.042,-37.25604],[144.03862,-37.27023],[144.03306,-37.26251],[144.00139,-37.25524],[143.99675,-37.23533],[143.95887,-37.22048],[143.94942,-37.19445],[143.87501,-37.18639],[143.85844,-37.23533],[143.82207,-37.22593],[143.8202,-37.23521],[143.76629,-37.22822],[143.7589,-37.23309],[143.72702,-37.21366],[143.71392,-37.23027],[143.6659,-37.23594],[143.64806,-37.32168],[143.86876,-37.34831],[143.8588,-37.40202],[143.8492,-37.40077],[143.84323,-37.43111],[143.85772,-37.43296],[143.84943,-37.46678],[143.93768,-37.47542]]]}},{"type":"Feature","properties":{"id":"hilltops","name":"Hilltops","level":2,"centroid":[148.4224,-34.4163],"bbox":[147.7137,-34.9072,149.131,-33.9254]},"geometry":{"type":"Polygon","coordinates":[[[147.71367,-34.16161],[147.77906,-34.20755],[147.82451,-34.34007],[148.02738,-34.34977],[148.01582,-34.41309],[148.20013,-34.49059],[148.22391,-34.54298],[148.20566,-34.55565],[148.23709,-34.58233],[148.19377,-34.5952],[148.20207,-34.69759],[148.23584,-34.70174],[148.23057,-34.74081],[148.26794,-34.74181],[148.25608,-34.77084],[148.31059,-34.86277],[148.39325,-34.86022],[148.39476,-34.90718],[148.52227,-34.90146],[148.55865,-34.85934],[148.58162,-34.80614],[148.56442,-34.70107],[148.59506,-34.61873],[148.65959,-34.61428],[148.65365,-34.54241],[148.73927,-34.56929],[148.8167,-34.55655],[148.88185,-34.60394],[148.89089,-34.64261],[148.97825,-34.63677],[148.99335,-34.52703],[149.11984,-34.35933],[149.09094,-34.29242],[149.13104,-34.27863],[149.01115,-34.14115],[149.02172,-34.05359],[149.06175,-33.99843],[149.0166,-33.98976],[149.00157,-33.92538],[148.93315,-33.98229],[148.89002,-33.93884],[148.83175,-33.94521],[148.75273,-33.99918],[148.76314,-34.03824],[148.73099,-34.07869],[148.67048,-34.09723],[148.55077,-34.01941],[148.44193,-34.0119],[148.43909,-34.07392],[148.40844,-34.07765],[148.38453,-34.13058],[148.23728,-34.05532],[148.15266,-34.05736],[148.14618,-34.0805],[148.01623,-34.02874],[148.02579,-34.1183],[147.94242,-34.09444],[147.9376,-34.11669],[147.82464,-34.11694],[147.71367,-34.16161]]]}},{"type":"Feature","properties":{"id":"hinchinbrook","name":"Hinchinbrook","level":2,"centroid":[146.123,-18.6583],"bbox":[145.7378,-18.9524,146.5081,-18.3643]},"geometry":{"type":"MultiPolygon","coordinates":[[[[146.48544,-18.61668],[146.50008,-18.63359],[146.49131,-18.66739],[146.5081,-18.62282],[146.48432,-18.56742],[146.48544,-18.61668]]],[[[146.50391,-18.54635],[146.49129,-18.53811],[146.48816,-18.55804],[146.50042,-18.56331],[146.50391,-18.54635]]],[[[145.75747,-18.39575],[145.76917,-18.40941],[145.75583,-18.40805],[145.75497,-18.43846],[145.73783,-18.45281],[145.77896,-18.49196],[145.76006,-18.51471],[145.77211,-18.52373],[145.79083,-18.50077],[145.8441,-18.59246],[145.79561,-18.57725],[145.79221,-18.60644],[145.8164,-18.61731],[145.79216,-18.76068],[145.80203,-18.77823],[145.77518,-18.81721],[145.79659,-18.84303],[145.8658,-18.86258],[145.86474,-18.87584],[145.93539,-18.88281],[145.93782,-18.85981],[145.96581,-18.87948],[145.9982,-18.87407],[146.00243,-18.90337],[146.02313,-18.9192],[146.06401,-18.90512],[146.11029,-18.93302],[146.15417,-18.9229],[146.1974,-18.94415],[146.20856,-18.91905],[146.27656,-18.95238],[146.32372,-18.92845],[146.28376,-18.88048],[146.27544,-18.82423],[146.30185,-18.70509],[146.33969,-18.62422],[146.31915,-18.64448],[146.34544,-18.55924],[146.33303,-18.52144],[146.2299,-18.48954],[146.18746,-18.53331],[146.12173,-18.50786],[146.0856,-18.40119],[146.03552,-18.38765],[145.9618,-18.39442],[145.94733,-18.36431],[145.87964,-18.40744],[145.82562,-18.40702],[145.80864,-18.37771],[145.79243,-18.40336],[145.75747,-18.39575]]]]}},{"type":"Feature","properties":{"id":"hindmarsh","name":"Hindmarsh","level":2,"centroid":[141.7328,-36.0329],"bbox":[141.2266,-36.5674,142.239,-35.4984]},"geometry":{"type":"Polygon","coordinates":[[[141.33046,-35.74852],[141.33541,-35.90512],[141.35406,-35.91295],[141.37402,-35.94366],[141.3794,-36.00481],[141.35266,-36.00825],[141.33613,-35.99786],[141.25443,-35.99682],[141.24895,-36.06351],[141.22661,-36.18767],[141.40376,-36.20628],[141.40311,-36.21174],[141.41205,-36.22141],[141.41154,-36.22887],[141.40028,-36.22777],[141.37909,-36.3597],[141.49718,-36.37215],[141.49602,-36.37927],[141.48636,-36.37822],[141.48425,-36.39145],[141.47975,-36.42726],[141.48395,-36.42767],[141.47788,-36.46485],[141.48446,-36.46555],[141.47356,-36.53105],[141.72684,-36.5577],[141.72869,-36.54445],[142.00395,-36.56744],[142.01247,-36.55574],[142.00966,-36.55191],[142.01356,-36.55103],[142.01047,-36.54841],[142.01267,-36.53885],[142.02511,-36.53168],[142.02214,-36.52795],[142.03052,-36.51739],[142.02735,-36.51298],[142.03005,-36.51114],[142.01865,-36.50215],[142.01785,-36.49456],[142.06746,-36.49307],[142.0708,-36.49635],[142.07612,-36.49286],[142.16813,-36.49248],[142.16454,-36.46959],[142.16539,-36.36627],[142.16864,-36.36585],[142.16797,-36.04047],[142.16848,-36.0338],[142.17261,-36.0338],[142.17265,-36.0187],[142.16848,-36.01839],[142.16845,-35.99785],[142.239,-35.99787],[142.23904,-35.86831],[141.99712,-35.86743],[141.99575,-35.82426],[142.01017,-35.75522],[142.00801,-35.73375],[141.99887,-35.71613],[141.99223,-35.71074],[141.99744,-35.71074],[141.99493,-35.64386],[141.9975,-35.63956],[141.99749,-35.49842],[141.49947,-35.4985],[141.49976,-35.74857],[141.33046,-35.74852]]]}},{"type":"Feature","properties":{"id":"hobart","name":"Hobart","level":2,"centroid":[147.2789,-42.8938],"bbox":[147.1958,-42.9431,147.362,-42.8446]},"geometry":{"type":"Polygon","coordinates":[[[147.19691,-42.90575],[147.23081,-42.90503],[147.23492,-42.89796],[147.23694,-42.89852],[147.23674,-42.93172],[147.25402,-42.94108],[147.26397,-42.94311],[147.26492,-42.94151],[147.26243,-42.94113],[147.26393,-42.93462],[147.27262,-42.9295],[147.27698,-42.93271],[147.27812,-42.92916],[147.28959,-42.93778],[147.29045,-42.93401],[147.29657,-42.93433],[147.30689,-42.93687],[147.30614,-42.9394],[147.30944,-42.93991],[147.31298,-42.92782],[147.34864,-42.9328],[147.34949,-42.92974],[147.36053,-42.93162],[147.36196,-42.92606],[147.35983,-42.91603],[147.36097,-42.91411],[147.35735,-42.91364],[147.35701,-42.90941],[147.34478,-42.90792],[147.33722,-42.90389],[147.33843,-42.9016],[147.33224,-42.90021],[147.33388,-42.89434],[147.33902,-42.89115],[147.33945,-42.88678],[147.33153,-42.88493],[147.34147,-42.88223],[147.3412,-42.87705],[147.33524,-42.87385],[147.33679,-42.86458],[147.33106,-42.8637],[147.32857,-42.86004],[147.31967,-42.85512],[147.32191,-42.85131],[147.32734,-42.85147],[147.32776,-42.84457],[147.31485,-42.84683],[147.31163,-42.8507],[147.29964,-42.85052],[147.28926,-42.8593],[147.28181,-42.85444],[147.27715,-42.85767],[147.27201,-42.85681],[147.27541,-42.85897],[147.27163,-42.86183],[147.27278,-42.86273],[147.26524,-42.8636],[147.26122,-42.86789],[147.24101,-42.87303],[147.22829,-42.87937],[147.23415,-42.88295],[147.23299,-42.88372],[147.19575,-42.89876],[147.19691,-42.90575]]]}},{"type":"Feature","properties":{"id":"hobsons-bay","name":"Hobsons Bay","level":2,"centroid":[144.8336,-37.8567],"bbox":[144.7517,-37.8996,144.9155,-37.8138]},"geometry":{"type":"Polygon","coordinates":[[[144.82742,-37.82282],[144.81067,-37.83286],[144.78564,-37.84454],[144.78192,-37.84416],[144.76894,-37.85118],[144.77062,-37.85538],[144.77003,-37.85826],[144.76704,-37.85777],[144.7662,-37.86474],[144.76019,-37.86675],[144.76001,-37.86906],[144.75481,-37.86955],[144.75355,-37.87647],[144.75239,-37.87645],[144.75172,-37.88665],[144.76239,-37.88866],[144.76333,-37.88357],[144.77066,-37.88409],[144.78078,-37.89413],[144.78085,-37.89919],[144.79735,-37.89964],[144.79979,-37.89881],[144.80124,-37.89495],[144.80451,-37.89434],[144.80759,-37.89137],[144.80774,-37.88063],[144.81398,-37.87538],[144.82519,-37.87093],[144.84044,-37.87143],[144.85019,-37.86402],[144.8564,-37.86335],[144.86167,-37.85983],[144.87115,-37.8595],[144.87465,-37.86171],[144.87444,-37.86358],[144.87863,-37.86807],[144.8814,-37.86567],[144.88517,-37.86829],[144.89216,-37.86759],[144.90291,-37.87274],[144.91553,-37.86553],[144.91156,-37.86205],[144.90393,-37.86172],[144.90205,-37.8543],[144.89524,-37.8487],[144.89799,-37.84763],[144.89939,-37.84964],[144.9056,-37.85172],[144.89947,-37.84882],[144.89745,-37.84412],[144.9039,-37.84999],[144.90073,-37.84836],[144.89942,-37.84562],[144.90119,-37.84713],[144.89767,-37.8436],[144.8971,-37.83633],[144.89889,-37.82886],[144.90557,-37.82287],[144.89586,-37.82178],[144.89493,-37.82699],[144.88689,-37.82257],[144.8811,-37.82528],[144.85779,-37.82443],[144.85984,-37.81382],[144.82742,-37.82282]]]}},{"type":"Feature","properties":{"id":"holdfast-bay","name":"Holdfast Bay","level":2,"centroid":[138.5232,-35.0024],"bbox":[138.5086,-35.0422,138.5378,-34.9627]},"geometry":{"type":"Polygon","coordinates":[[[138.50859,-34.96438],[138.51036,-34.96968],[138.51086,-34.97331],[138.51079,-34.97482],[138.50908,-34.9753],[138.50973,-34.97968],[138.51029,-34.98045],[138.51037,-34.98289],[138.51028,-34.98542],[138.50927,-34.98928],[138.51012,-34.99599],[138.51098,-34.9995],[138.51143,-35.00604],[138.51424,-35.0171],[138.51643,-35.02305],[138.51759,-35.03021],[138.51753,-35.03289],[138.51573,-35.03769],[138.51379,-35.04017],[138.5118,-35.04092],[138.51477,-35.04113],[138.51527,-35.04133],[138.51544,-35.04219],[138.51664,-35.04117],[138.51747,-35.04182],[138.51886,-35.04068],[138.51994,-35.04037],[138.52051,-35.04083],[138.52472,-35.0404],[138.52453,-35.03745],[138.53348,-35.03716],[138.53084,-35.00166],[138.53038,-35.00168],[138.53002,-34.99671],[138.53037,-34.99669],[138.52995,-34.99571],[138.53031,-34.99569],[138.53003,-34.99292],[138.53094,-34.99288],[138.53081,-34.99113],[138.52673,-34.99142],[138.52372,-34.98723],[138.52966,-34.98693],[138.5291,-34.97941],[138.53291,-34.97834],[138.53779,-34.97592],[138.53771,-34.97495],[138.53681,-34.97537],[138.53242,-34.9756],[138.53196,-34.97377],[138.53031,-34.97388],[138.52879,-34.97444],[138.52842,-34.97082],[138.52493,-34.97092],[138.52464,-34.96906],[138.52329,-34.96828],[138.52305,-34.96496],[138.51907,-34.96517],[138.51743,-34.96277],[138.51673,-34.96267],[138.51663,-34.96391],[138.50859,-34.96438]]]}},{"type":"Feature","properties":{"id":"hope-vale","name":"Hope Vale","level":2,"centroid":[145.194,-15.1377],"bbox":[145.031,-15.4434,145.3571,-14.832]},"geometry":{"type":"Polygon","coordinates":[[[145.23873,-15.44338],[145.25206,-15.41065],[145.28817,-15.37595],[145.29807,-15.34226],[145.28637,-15.31645],[145.3316,-15.27832],[145.3571,-15.27722],[145.33956,-15.22661],[145.31593,-15.25937],[145.26703,-15.25578],[145.23927,-15.19846],[145.23381,-15.14073],[145.28901,-15.04349],[145.35533,-14.98741],[145.35197,-14.95298],[145.34046,-14.94552],[145.29757,-14.96359],[145.28088,-14.95493],[145.21934,-14.88087],[145.23016,-14.83198],[145.18045,-14.84362],[145.14084,-14.8321],[145.12899,-14.98089],[145.16916,-14.98514],[145.16122,-15.05903],[145.13648,-15.05684],[145.13847,-15.0934],[145.16132,-15.08146],[145.16227,-15.11752],[145.1875,-15.12519],[145.17208,-15.14454],[145.12902,-15.15158],[145.08893,-15.15262],[145.0863,-15.13941],[145.08019,-15.25977],[145.03097,-15.26878],[145.03877,-15.3143],[145.061,-15.3118],[145.05789,-15.34376],[145.04088,-15.34219],[145.03124,-15.37084],[145.04332,-15.39444],[145.05013,-15.38034],[145.06506,-15.38159],[145.06368,-15.39701],[145.08047,-15.39841],[145.12061,-15.3946],[145.12376,-15.35997],[145.14877,-15.3621],[145.15098,-15.40525],[145.10178,-15.4031],[145.10045,-15.4183],[145.15522,-15.41492],[145.17208,-15.43127],[145.1848,-15.42345],[145.17738,-15.41688],[145.19796,-15.42505],[145.21485,-15.41487],[145.23873,-15.44338]],[[145.1721,-15.39479],[145.18896,-15.38495],[145.20071,-15.40753],[145.15509,-15.40564],[145.15109,-15.38205],[145.1721,-15.39479]]]}},{"type":"Feature","properties":{"id":"hornsby","name":"Hornsby","level":2,"centroid":[151.1095,-33.5726],"bbox":[150.9721,-33.7656,151.247,-33.3795]},"geometry":{"type":"Polygon","coordinates":[[[150.98879,-33.37952],[150.97207,-33.42165],[150.99028,-33.42858],[151.02912,-33.51699],[151.01137,-33.53153],[151.00869,-33.5554],[151.00642,-33.59841],[151.02381,-33.6213],[151.0324,-33.6923],[151.01131,-33.70635],[151.01684,-33.73067],[151.04695,-33.74335],[151.04896,-33.75883],[151.09792,-33.76563],[151.10537,-33.75757],[151.09235,-33.73044],[151.15841,-33.6629],[151.14945,-33.65545],[151.16393,-33.62585],[151.21311,-33.60784],[151.21383,-33.59672],[151.18632,-33.5921],[151.23276,-33.59403],[151.247,-33.57853],[151.23103,-33.56142],[151.2129,-33.57267],[151.23096,-33.53847],[151.19854,-33.54996],[151.17564,-33.51398],[151.17006,-33.53862],[151.14887,-33.53679],[151.16959,-33.5585],[151.15176,-33.55141],[151.16225,-33.57576],[151.13364,-33.57099],[151.14617,-33.58279],[151.1191,-33.5887],[151.12572,-33.60032],[151.10278,-33.58777],[151.15147,-33.5622],[151.14491,-33.54206],[151.11696,-33.54619],[151.14336,-33.5298],[151.12638,-33.53108],[151.13131,-33.51927],[151.11145,-33.50703],[151.13018,-33.50508],[151.12551,-33.51775],[151.15394,-33.5239],[151.15528,-33.49894],[151.1313,-33.49125],[151.14377,-33.49048],[151.15476,-33.46554],[151.09005,-33.48062],[151.07977,-33.44883],[151.07192,-33.46297],[151.06322,-33.44248],[151.03234,-33.42733],[151.03191,-33.40534],[150.99481,-33.39937],[150.98879,-33.37952]]]}},{"type":"Feature","properties":{"id":"horsham","name":"Horsham","level":2,"centroid":[142.1126,-36.8281],"bbox":[141.6577,-37.2236,142.5675,-36.4327]},"geometry":{"type":"Polygon","coordinates":[[[141.83768,-36.55428],[141.81613,-36.65979],[141.74084,-36.65216],[141.71779,-36.80103],[141.70064,-36.80918],[141.70659,-36.88383],[141.6688,-36.88369],[141.65767,-36.95564],[141.79231,-36.98022],[141.77062,-37.02699],[141.77617,-37.17696],[141.83616,-37.17083],[141.84054,-37.1525],[141.90888,-37.13483],[141.91106,-37.11345],[141.93559,-37.17079],[141.91278,-37.20235],[142.07968,-37.22358],[142.11449,-37.11204],[142.18754,-37.11278],[142.20626,-37.08728],[142.23505,-37.12817],[142.23513,-37.10716],[142.27117,-37.10738],[142.28843,-37.08873],[142.3082,-37.09846],[142.33305,-37.07199],[142.34471,-37.0816],[142.40693,-37.05832],[142.39104,-37.04626],[142.39592,-37.02851],[142.41094,-37.03457],[142.40496,-37.0163],[142.33504,-37.01904],[142.35152,-36.9803],[142.39466,-36.97836],[142.35826,-36.97312],[142.37872,-36.94771],[142.37511,-36.92705],[142.35808,-36.92655],[142.3741,-36.89026],[142.35269,-36.89675],[142.35276,-36.885],[142.38235,-36.88105],[142.37731,-36.86897],[142.43151,-36.88892],[142.44168,-36.86881],[142.45582,-36.9167],[142.49335,-36.89766],[142.5113,-36.91547],[142.4978,-36.94201],[142.55941,-36.94272],[142.56749,-36.87263],[142.52037,-36.8381],[142.46263,-36.73484],[142.40014,-36.69936],[142.36985,-36.64603],[142.40481,-36.44947],[142.16589,-36.43265],[142.16813,-36.49248],[142.01785,-36.49456],[142.03052,-36.51739],[142.00395,-36.56744],[141.83768,-36.55428]]]}},{"type":"Feature","properties":{"id":"hume","name":"Hume","level":2,"centroid":[144.8051,-37.5972],"bbox":[144.6324,-37.7124,144.9778,-37.4819]},"geometry":{"type":"Polygon","coordinates":[[[144.88623,-37.70774],[144.90384,-37.69406],[144.97367,-37.68954],[144.9724,-37.67696],[144.97782,-37.67639],[144.97223,-37.6593],[144.97698,-37.65822],[144.97628,-37.65007],[144.96893,-37.63854],[144.95855,-37.63441],[144.9528,-37.62319],[144.95598,-37.61677],[144.94647,-37.60741],[144.95235,-37.60681],[144.95301,-37.59641],[144.95881,-37.59113],[144.9566,-37.5825],[144.96529,-37.57353],[144.96554,-37.56022],[144.95379,-37.54505],[144.9726,-37.53527],[144.97721,-37.51372],[144.87549,-37.50211],[144.86634,-37.50685],[144.87051,-37.51552],[144.77039,-37.50179],[144.7669,-37.50501],[144.75754,-37.49483],[144.75195,-37.497],[144.72165,-37.48338],[144.71267,-37.48768],[144.71259,-37.48279],[144.70196,-37.48526],[144.70111,-37.4819],[144.69777,-37.48917],[144.69168,-37.48668],[144.68929,-37.49331],[144.67835,-37.49439],[144.67949,-37.49939],[144.65525,-37.4999],[144.64503,-37.49503],[144.63806,-37.49949],[144.63242,-37.53011],[144.72436,-37.62676],[144.743,-37.66074],[144.77205,-37.66399],[144.76844,-37.66837],[144.77699,-37.67679],[144.79782,-37.67165],[144.80114,-37.67553],[144.80476,-37.6695],[144.80632,-37.68311],[144.82049,-37.68432],[144.8206,-37.69235],[144.80974,-37.69808],[144.82466,-37.69824],[144.82881,-37.70684],[144.83505,-37.70325],[144.83812,-37.70932],[144.85943,-37.71241],[144.86075,-37.7058],[144.88623,-37.70774]]]}},{"type":"Feature","properties":{"id":"hunters-hill","name":"Hunters Hill","level":2,"centroid":[151.1535,-33.8298],"bbox":[151.1267,-33.8448,151.1803,-33.8148]},"geometry":{"type":"Polygon","coordinates":[[[151.13689,-33.81516],[151.13627,-33.81477],[151.13576,-33.81572],[151.13712,-33.81681],[151.13762,-33.8187],[151.13604,-33.81954],[151.13016,-33.82806],[151.12671,-33.83017],[151.12711,-33.83355],[151.12849,-33.83669],[151.12832,-33.84169],[151.13089,-33.84044],[151.13297,-33.84067],[151.13384,-33.84482],[151.13803,-33.84469],[151.13873,-33.84406],[151.13739,-33.84218],[151.13956,-33.84148],[151.14156,-33.84213],[151.14368,-33.84008],[151.14495,-33.84114],[151.14663,-33.84112],[151.14887,-33.83915],[151.14726,-33.8381],[151.14146,-33.83742],[151.14007,-33.83652],[151.13708,-33.83736],[151.13591,-33.83646],[151.13745,-33.83697],[151.14315,-33.83555],[151.14488,-33.8369],[151.15149,-33.83766],[151.15334,-33.83649],[151.15356,-33.83826],[151.15698,-33.83933],[151.15835,-33.84101],[151.15856,-33.84283],[151.16154,-33.84479],[151.16218,-33.84195],[151.16798,-33.84362],[151.16925,-33.84277],[151.17432,-33.84305],[151.17359,-33.83877],[151.17684,-33.83861],[151.17827,-33.83712],[151.18029,-33.83647],[151.17746,-33.83516],[151.16933,-33.8393],[151.16452,-33.83739],[151.16214,-33.83759],[151.16065,-33.83607],[151.16176,-33.83403],[151.15855,-33.83406],[151.1569,-33.83242],[151.15306,-33.83081],[151.149,-33.83188],[151.1471,-33.83036],[151.14555,-33.83035],[151.14253,-33.82701],[151.14353,-33.82665],[151.14356,-33.82525],[151.14479,-33.82636],[151.14704,-33.82543],[151.14691,-33.82002],[151.14372,-33.81794],[151.13942,-33.81851],[151.13874,-33.81588],[151.13689,-33.81516]]]}},{"type":"Feature","properties":{"id":"huon-valley","name":"Huon Valley","level":2,"centroid":[146.5656,-43.2431],"bbox":[145.9151,-43.6386,147.216,-42.8477]},"geometry":{"type":"Polygon","coordinates":[[[145.97815,-43.03916],[145.98267,-43.13484],[145.9151,-43.19413],[145.97996,-43.23479],[145.98147,-43.32109],[146.05131,-43.33662],[146.0671,-43.28934],[146.11187,-43.34838],[146.16845,-43.29104],[146.23195,-43.32386],[146.22332,-43.38907],[146.13463,-43.37653],[146.16642,-43.41874],[146.08619,-43.34202],[145.98682,-43.32931],[145.99366,-43.39424],[145.97747,-43.35556],[145.92147,-43.38128],[145.99738,-43.40693],[146.03203,-43.57132],[146.14801,-43.50147],[146.21135,-43.53403],[146.21601,-43.48555],[146.29014,-43.54465],[146.59585,-43.54356],[146.55939,-43.46487],[146.59937,-43.56192],[146.70538,-43.63336],[146.78515,-43.60028],[146.87098,-43.63861],[146.92156,-43.59922],[146.8726,-43.5897],[146.90079,-43.51594],[146.91726,-43.54628],[146.97789,-43.494],[146.94203,-43.47811],[147.0018,-43.47965],[146.90588,-43.42079],[147.01763,-43.44344],[147.05931,-43.35305],[146.9717,-43.32742],[147.10014,-43.2902],[146.94997,-43.16383],[147.05469,-43.03998],[147.00167,-43.01736],[147.05627,-43.03968],[146.98441,-43.18942],[147.06193,-43.22509],[147.09475,-43.16889],[147.08919,-43.24396],[147.16703,-43.28309],[147.21602,-43.24286],[147.17852,-43.2115],[147.20456,-43.04352],[147.11863,-43.0121],[147.15565,-42.91412],[147.00865,-42.88774],[146.8739,-42.95462],[146.65633,-42.84767],[146.64841,-42.92169],[146.45881,-43.08726],[146.2222,-43.11879],[145.97815,-43.03916]]]}},{"type":"Feature","properties":{"id":"indigo","name":"Indigo","level":2,"centroid":[146.6873,-36.2087],"bbox":[146.1773,-36.4592,147.1972,-35.9582]},"geometry":{"type":"Polygon","coordinates":[[[146.17728,-36.03403],[146.20207,-36.06942],[146.29469,-36.08752],[146.2842,-36.14225],[146.54024,-36.18326],[146.53443,-36.2314],[146.51243,-36.24665],[146.57156,-36.2536],[146.55798,-36.3287],[146.63327,-36.30144],[146.61186,-36.39614],[146.72501,-36.41869],[146.72579,-36.45921],[146.85265,-36.44258],[146.88148,-36.4543],[146.93477,-36.4083],[147.01757,-36.39268],[147.04572,-36.39485],[147.04616,-36.42733],[147.12081,-36.42498],[147.12543,-36.44788],[147.1454,-36.45066],[147.16657,-36.35931],[147.19725,-36.33995],[147.07391,-36.18951],[147.03684,-36.18479],[147.03261,-36.2051],[147.00281,-36.20722],[147.00126,-36.22896],[146.96084,-36.24469],[146.91937,-36.22212],[146.85614,-36.25793],[146.8223,-36.25741],[146.80369,-36.23533],[146.81134,-36.21818],[146.78485,-36.20011],[146.77484,-36.12753],[146.70658,-36.12573],[146.7116,-36.04596],[146.7323,-36.02418],[146.68582,-36.04056],[146.6802,-36.02236],[146.656,-36.02624],[146.65087,-36.00772],[146.61431,-35.99647],[146.61253,-35.97285],[146.58397,-35.98385],[146.56295,-35.96769],[146.54959,-35.99244],[146.50181,-35.95815],[146.49271,-35.99134],[146.46196,-35.96499],[146.44236,-35.97622],[146.42606,-35.96385],[146.3692,-36.05081],[146.3389,-36.02638],[146.32908,-36.04313],[146.28303,-36.04147],[146.2829,-36.01104],[146.27286,-36.02662],[146.25719,-36.01204],[146.21974,-36.03686],[146.17728,-36.03403]]]}},{"type":"Feature","properties":{"id":"inner-west","name":"Inner West","level":2,"centroid":[151.1545,-33.89],"bbox":[151.1123,-33.934,151.1966,-33.846]},"geometry":{"type":"Polygon","coordinates":[[[151.17935,-33.92018],[151.1767,-33.91783],[151.18127,-33.9159],[151.18159,-33.90699],[151.1778,-33.899],[151.18116,-33.89573],[151.17527,-33.883],[151.17685,-33.87827],[151.17351,-33.87112],[151.18542,-33.86818],[151.18677,-33.86342],[151.17952,-33.86648],[151.18509,-33.86213],[151.19241,-33.86057],[151.19035,-33.86016],[151.1907,-33.85878],[151.19659,-33.85938],[151.19363,-33.85427],[151.18884,-33.85674],[151.18847,-33.85453],[151.18743,-33.85541],[151.18455,-33.85363],[151.19054,-33.85236],[151.18236,-33.84913],[151.18695,-33.84686],[151.18543,-33.84598],[151.18079,-33.84773],[151.17754,-33.85173],[151.17363,-33.85353],[151.17138,-33.85277],[151.17097,-33.85488],[151.16865,-33.85503],[151.16914,-33.85799],[151.15295,-33.86638],[151.15088,-33.87225],[151.14808,-33.86986],[151.14481,-33.86966],[151.13698,-33.87313],[151.12759,-33.87428],[151.11944,-33.87097],[151.11822,-33.87669],[151.12067,-33.87702],[151.11257,-33.88663],[151.11233,-33.89558],[151.12512,-33.89567],[151.12223,-33.90633],[151.12596,-33.90755],[151.12859,-33.90471],[151.13441,-33.90574],[151.13501,-33.91315],[151.13996,-33.91626],[151.13712,-33.92127],[151.14169,-33.92279],[151.14741,-33.92112],[151.15363,-33.92304],[151.157,-33.92933],[151.15599,-33.93161],[151.16052,-33.93399],[151.16835,-33.92768],[151.1736,-33.92653],[151.17935,-33.92018]]]}},{"type":"Feature","properties":{"id":"inverell","name":"Inverell","level":2,"centroid":[151.0415,-29.4397],"bbox":[150.4795,-30.241,151.6034,-28.6384]},"geometry":{"type":"Polygon","coordinates":[[[151.60343,-29.94269],[151.59362,-29.87853],[151.56147,-29.87854],[151.54708,-29.76],[151.50477,-29.75042],[151.53269,-29.67513],[151.4752,-29.60335],[151.48833,-29.54611],[151.45593,-29.34541],[151.36587,-29.1739],[151.31512,-29.1657],[151.31801,-29.13804],[151.27908,-29.09914],[151.27417,-28.9379],[151.10333,-28.83657],[151.05228,-28.84947],[151.01049,-28.7413],[150.93843,-28.73123],[150.90744,-28.68851],[150.87407,-28.69438],[150.76716,-28.63845],[150.63224,-28.67708],[150.48564,-28.65772],[150.47953,-28.67463],[150.52056,-28.67937],[150.53872,-28.70762],[150.67269,-28.74138],[150.67203,-28.79389],[150.61196,-28.88733],[150.63114,-28.94218],[150.61156,-29.00001],[150.74913,-29.13475],[150.74978,-29.26202],[150.80186,-29.32151],[150.82794,-29.41185],[150.89042,-29.41714],[150.85679,-29.51251],[150.73331,-29.56926],[150.67687,-29.75562],[150.64756,-29.77582],[150.76785,-29.78194],[150.81092,-29.83254],[150.85703,-29.83524],[150.91015,-29.90138],[150.98101,-29.90116],[150.99719,-29.93091],[150.97654,-29.9366],[150.97606,-29.99366],[151.00182,-30.01254],[150.9912,-30.08313],[151.01494,-30.08751],[151.00874,-30.10778],[151.12367,-30.13348],[151.11722,-30.18862],[151.23582,-30.18458],[151.25661,-30.24095],[151.28039,-30.23776],[151.27939,-30.18063],[151.30516,-30.14594],[151.2532,-30.0949],[151.27693,-30.00429],[151.30475,-30.008],[151.32968,-29.96265],[151.36833,-29.96722],[151.37044,-29.93994],[151.44985,-29.99708],[151.60343,-29.94269]]]}},{"type":"Feature","properties":{"id":"ipswich","name":"Ipswich","level":2,"centroid":[152.6622,-27.6789],"bbox":[152.3828,-27.8655,152.9417,-27.4924]},"geometry":{"type":"Polygon","coordinates":[[[152.73017,-27.49561],[152.72096,-27.49236],[152.72699,-27.50625],[152.70632,-27.50664],[152.67018,-27.53926],[152.65135,-27.53302],[152.64809,-27.55087],[152.57033,-27.54513],[152.56479,-27.56929],[152.51384,-27.56628],[152.45786,-27.66278],[152.43946,-27.64987],[152.41329,-27.65737],[152.41745,-27.6737],[152.39065,-27.69776],[152.4135,-27.70093],[152.40513,-27.7491],[152.38924,-27.76974],[152.40706,-27.8055],[152.38279,-27.80722],[152.3995,-27.82007],[152.40236,-27.86369],[152.41929,-27.86546],[152.42848,-27.84046],[152.4434,-27.84476],[152.45118,-27.80199],[152.46233,-27.80255],[152.46741,-27.78312],[152.4945,-27.78341],[152.49901,-27.75826],[152.51933,-27.76116],[152.52965,-27.71693],[152.58066,-27.71912],[152.60577,-27.72497],[152.60765,-27.73709],[152.65598,-27.73829],[152.66754,-27.74996],[152.75781,-27.76726],[152.76073,-27.78529],[152.80248,-27.79836],[152.79576,-27.81542],[152.81406,-27.8262],[152.82741,-27.80964],[152.82191,-27.78496],[152.80331,-27.78557],[152.8114,-27.7549],[152.87333,-27.75344],[152.89066,-27.70358],[152.92346,-27.70767],[152.92472,-27.65772],[152.94166,-27.62648],[152.93411,-27.61385],[152.89609,-27.60197],[152.87461,-27.5792],[152.85696,-27.59691],[152.85253,-27.54194],[152.84173,-27.53086],[152.83028,-27.53541],[152.84098,-27.54506],[152.82012,-27.55593],[152.78512,-27.55033],[152.74257,-27.5662],[152.74798,-27.52722],[152.76302,-27.52119],[152.73017,-27.49561]]]}},{"type":"Feature","properties":{"id":"irwin","name":"Irwin","level":2,"centroid":[115.0456,-29.3406],"bbox":[114.8266,-29.7025,115.2645,-28.9788]},"geometry":{"type":"Polygon","coordinates":[[[115.24492,-29.68922],[115.24514,-29.63421],[115.25362,-29.63419],[115.25327,-29.24138],[115.25116,-29.24138],[115.25115,-29.23628],[115.25484,-29.22779],[115.25511,-29.20885],[115.25494,-29.1923],[115.25022,-29.19229],[115.25023,-29.17242],[115.25843,-29.17242],[115.25844,-29.15034],[115.26454,-29.15032],[115.2645,-29.0107],[115.20615,-29.01067],[115.20617,-28.97876],[115.18224,-28.99439],[115.14086,-28.99441],[115.14086,-29.01642],[115.09662,-29.01642],[115.0966,-29.01919],[114.88393,-29.01917],[114.88393,-29.02454],[114.86875,-29.02454],[114.82659,-29.06177],[114.85528,-29.09333],[114.87219,-29.11696],[114.87691,-29.1371],[114.88769,-29.15832],[114.8881,-29.17042],[114.89185,-29.17609],[114.90147,-29.21202],[114.9208,-29.25547],[114.92207,-29.27017],[114.91516,-29.27245],[114.92086,-29.27224],[114.91589,-29.27645],[114.91408,-29.27227],[114.91445,-29.2774],[114.92121,-29.28779],[114.92688,-29.31272],[114.94547,-29.33252],[114.95426,-29.35217],[114.96006,-29.37933],[114.95635,-29.39739],[114.96783,-29.41515],[114.97422,-29.43723],[114.99758,-29.49353],[114.99723,-29.51358],[114.99123,-29.52733],[114.98664,-29.53227],[114.97714,-29.55738],[114.9776,-29.58381],[114.97364,-29.60904],[114.96667,-29.62857],[114.96514,-29.65184],[114.95918,-29.66967],[114.95871,-29.68862],[114.99286,-29.68862],[114.99297,-29.70185],[115.07563,-29.7025],[115.10249,-29.70247],[115.10248,-29.6977],[115.20954,-29.69754],[115.20939,-29.68957],[115.24492,-29.68922]]]}},{"type":"Feature","properties":{"id":"isaac","name":"Isaac","level":2,"centroid":[148.1707,-22.2417],"bbox":[146.0395,-23.5525,150.302,-20.9308]},"geometry":{"type":"MultiPolygon","coordinates":[[[[150.24777,-21.67637],[150.30198,-21.6649],[150.24752,-21.61886],[150.24777,-21.67637]]],[[[147.28662,-23.35122],[147.26076,-23.21012],[148.01309,-22.65424],[148.17615,-22.79033],[148.34314,-22.7254],[148.37142,-22.79054],[148.27506,-22.87558],[148.32506,-22.94982],[148.54191,-22.87729],[148.62443,-23.14897],[148.51217,-23.28901],[148.57049,-23.37928],[148.52692,-23.55248],[148.61867,-23.53581],[148.71345,-23.35262],[148.85593,-23.36437],[148.85578,-23.26592],[149.00634,-23.16668],[148.97427,-23.09625],[149.19921,-23.0499],[149.42219,-22.84657],[149.38854,-22.616],[149.62545,-22.59771],[149.75211,-22.43637],[149.55439,-22.18731],[149.44037,-21.63127],[149.03612,-21.77132],[149.07552,-21.39006],[148.54792,-21.36781],[148.30801,-21.222],[148.2271,-20.93083],[148.00951,-20.98865],[148.09463,-21.21072],[148.02722,-21.26991],[147.76386,-21.18961],[147.82329,-21.31594],[147.63213,-21.59743],[147.43976,-21.69012],[147.21571,-21.67141],[147.13924,-21.55576],[146.90392,-21.46922],[146.83389,-21.64321],[146.49231,-21.56647],[146.4839,-21.68028],[146.39598,-21.66318],[146.3467,-21.51811],[146.09345,-21.50993],[146.06919,-21.8088],[146.21139,-21.90848],[146.20139,-22.00757],[146.03949,-22.02334],[146.10893,-22.44565],[146.45178,-22.4993],[146.40144,-22.75549],[146.5484,-22.76888],[146.56014,-22.87843],[146.75289,-22.98425],[146.88447,-23.22026],[146.85458,-23.30473],[146.97631,-23.26326],[147.28662,-23.35122]]]]}},{"type":"Feature","properties":{"id":"jerramungup","name":"Jerramungup","level":2,"centroid":[119.0918,-34.0302],"bbox":[118.6068,-34.5346,119.5768,-33.5258]},"geometry":{"type":"Polygon","coordinates":[[[118.9042,-34.46882],[118.96066,-34.45127],[119.06912,-34.4588],[119.15224,-34.4945],[119.21789,-34.49795],[119.23937,-34.51616],[119.22226,-34.53132],[119.2545,-34.53459],[119.25782,-34.51886],[119.28486,-34.51307],[119.27115,-34.46905],[119.28986,-34.45197],[119.3464,-34.44621],[119.3662,-34.46247],[119.35574,-34.47469],[119.38215,-34.48535],[119.3902,-34.45958],[119.41863,-34.45891],[119.39085,-34.41943],[119.41574,-34.37328],[119.48252,-34.37521],[119.49248,-34.39303],[119.47812,-34.40215],[119.50273,-34.41146],[119.57682,-34.38652],[119.50746,-34.35911],[119.50322,-34.29034],[119.45717,-34.28951],[119.49764,-34.28826],[119.4976,-33.80338],[119.44852,-33.80316],[119.43103,-33.76332],[119.45516,-33.74099],[119.44044,-33.71068],[119.53998,-33.57686],[119.44366,-33.5258],[119.37532,-33.61219],[119.24973,-33.57263],[119.26749,-33.65157],[119.20193,-33.63245],[119.20175,-33.70341],[118.91582,-33.70376],[118.92281,-33.77576],[118.8215,-33.77086],[118.8215,-33.78477],[118.776,-33.78477],[118.776,-33.80471],[118.71765,-33.80468],[118.71763,-33.82732],[118.74248,-33.83007],[118.63523,-33.92403],[118.61141,-33.92011],[118.6115,-33.95437],[118.65353,-33.95422],[118.65514,-34.05506],[118.63836,-34.13385],[118.61537,-34.15204],[118.611,-34.1948],[118.64475,-34.21028],[118.60684,-34.31686],[118.67903,-34.33654],[118.72986,-34.40786],[118.76256,-34.42802],[118.9042,-34.46882]]]}},{"type":"Feature","properties":{"id":"joondalup","name":"Joondalup","level":2,"centroid":[115.765,-31.7796],"bbox":[115.7066,-31.8473,115.8234,-31.712]},"geometry":{"type":"Polygon","coordinates":[[[115.82337,-31.84245],[115.82161,-31.83378],[115.81977,-31.8057],[115.81683,-31.79971],[115.81165,-31.80148],[115.8108,-31.79702],[115.80852,-31.79453],[115.80777,-31.79128],[115.8043,-31.78728],[115.79653,-31.7831],[115.7974,-31.77716],[115.79613,-31.7767],[115.7991,-31.7704],[115.79566,-31.76238],[115.78972,-31.75655],[115.78778,-31.75187],[115.79226,-31.74297],[115.77431,-31.72299],[115.77376,-31.71724],[115.76805,-31.71756],[115.74976,-31.72235],[115.74805,-31.71198],[115.70662,-31.71201],[115.70927,-31.7182],[115.71876,-31.73069],[115.72531,-31.75028],[115.72729,-31.75866],[115.72682,-31.76089],[115.72762,-31.76042],[115.72801,-31.76214],[115.72757,-31.76293],[115.72585,-31.76036],[115.72948,-31.76519],[115.73203,-31.77576],[115.73313,-31.78542],[115.73229,-31.79429],[115.72745,-31.80605],[115.7369,-31.8203],[115.73349,-31.8237],[115.73858,-31.82165],[115.73988,-31.82201],[115.74088,-31.82443],[115.73872,-31.82383],[115.73964,-31.82515],[115.73669,-31.82659],[115.73445,-31.8251],[115.73499,-31.82431],[115.73416,-31.82489],[115.73157,-31.82329],[115.73679,-31.82689],[115.74216,-31.82611],[115.74364,-31.82762],[115.74853,-31.83511],[115.75102,-31.84619],[115.75944,-31.84612],[115.76218,-31.84728],[115.76237,-31.84582],[115.76894,-31.84494],[115.80568,-31.84582],[115.81416,-31.84502],[115.82337,-31.84245]]]}},{"type":"Feature","properties":{"id":"junee","name":"Junee","level":2,"centroid":[147.6328,-34.8151],"bbox":[147.3156,-35.0972,147.9499,-34.533]},"geometry":{"type":"Polygon","coordinates":[[[147.31613,-34.90641],[147.31562,-34.93679],[147.32474,-34.93758],[147.31701,-34.94949],[147.34562,-34.95286],[147.34573,-34.94445],[147.41409,-34.95633],[147.41464,-34.96859],[147.43118,-34.97537],[147.44566,-34.96451],[147.60038,-34.98675],[147.59909,-34.99767],[147.63365,-35.00378],[147.64605,-35.04935],[147.69233,-35.05603],[147.68885,-35.07809],[147.73283,-35.06484],[147.75342,-35.07002],[147.75831,-35.08898],[147.78881,-35.09724],[147.78801,-35.08496],[147.81589,-35.08899],[147.8399,-35.06421],[147.85223,-35.018],[147.83611,-34.98138],[147.83999,-34.95831],[147.86487,-34.90532],[147.9047,-34.87379],[147.9035,-34.85548],[147.92697,-34.85226],[147.94299,-34.83506],[147.93637,-34.81473],[147.94885,-34.78896],[147.9316,-34.78659],[147.94991,-34.74392],[147.87893,-34.72537],[147.87358,-34.70714],[147.86351,-34.70585],[147.87201,-34.69645],[147.87035,-34.6354],[147.83824,-34.62086],[147.83436,-34.59222],[147.8086,-34.57807],[147.81188,-34.55884],[147.76963,-34.53304],[147.76075,-34.55344],[147.73017,-34.55347],[147.72769,-34.57196],[147.7049,-34.58191],[147.64647,-34.56602],[147.62381,-34.60669],[147.61525,-34.60572],[147.61077,-34.63068],[147.4989,-34.6131],[147.46436,-34.62529],[147.4824,-34.69555],[147.46462,-34.75472],[147.42437,-34.79459],[147.41198,-34.7952],[147.40833,-34.8416],[147.38505,-34.8466],[147.39621,-34.85277],[147.39298,-34.86995],[147.37176,-34.86849],[147.35829,-34.8974],[147.31613,-34.90641]]]}},{"type":"Feature","properties":{"id":"kalamunda","name":"Kalamunda","level":2,"centroid":[116.1328,-32.004],"bbox":[115.9772,-32.0855,116.2884,-31.9225]},"geometry":{"type":"Polygon","coordinates":[[[116.28493,-32.08294],[116.285,-32.06209],[116.28837,-32.06085],[116.2737,-32.05048],[116.27256,-32.04251],[116.26036,-32.03346],[116.25418,-32.02082],[116.24582,-32.02176],[116.23755,-32.01573],[116.23556,-32.00965],[116.22304,-31.99841],[116.21865,-31.99958],[116.22121,-31.99599],[116.21177,-31.9935],[116.21237,-31.98913],[116.20923,-31.9889],[116.20647,-31.98146],[116.19705,-31.97707],[116.19033,-31.97905],[116.19346,-31.9767],[116.18919,-31.973],[116.19103,-31.97124],[116.18284,-31.96807],[116.17732,-31.96981],[116.17656,-31.96514],[116.17012,-31.96942],[116.17146,-31.9622],[116.16514,-31.95666],[116.13547,-31.94798],[116.13716,-31.94239],[116.12536,-31.93744],[116.11995,-31.93964],[116.11701,-31.93573],[116.10838,-31.93622],[116.10311,-31.94615],[116.08107,-31.94942],[116.07553,-31.93893],[116.06512,-31.93408],[116.06081,-31.92609],[116.05185,-31.93298],[116.04383,-31.93129],[116.04039,-31.94007],[115.99335,-31.92246],[115.99541,-31.92824],[115.98106,-31.94358],[115.98748,-31.94904],[115.97724,-32.00443],[115.9894,-32.01394],[115.99466,-32.00944],[116.00254,-32.0236],[116.01441,-32.01348],[116.02945,-32.02632],[116.03317,-32.02318],[116.04946,-32.04044],[116.05615,-32.04043],[116.05628,-32.05055],[116.06525,-32.05054],[116.06855,-32.07275],[116.08958,-32.07274],[116.08959,-32.08506],[116.12414,-32.08262],[116.12411,-32.08509],[116.18021,-32.08547],[116.1802,-32.0793],[116.18809,-32.0793],[116.18808,-32.07023],[116.19234,-32.07023],[116.19086,-32.08293],[116.28493,-32.08294]]]}},{"type":"Feature","properties":{"id":"kalgoorlie-boulder","name":"Kalgoorlie-Boulder","level":2,"centroid":[124.9237,-30.7763],"bbox":[120.8455,-31.4105,129.0019,-30.1421]},"geometry":{"type":"Polygon","coordinates":[[[129.00192,-30.30544],[127.81772,-30.30755],[127.35028,-30.30543],[127.35027,-30.14335],[126.00142,-30.15287],[125.59272,-30.1534],[124.50143,-30.14214],[123.00144,-30.14215],[122.81702,-30.14236],[122.81703,-30.14373],[122.5699,-30.14216],[122.4079,-30.14215],[122.4079,-30.14424],[122.32026,-30.14458],[122.32024,-30.1427],[122.01005,-30.14343],[122.01008,-30.14534],[121.84255,-30.14545],[121.5943,-30.14521],[121.4367,-30.14481],[121.18357,-30.14379],[120.84549,-30.16078],[120.84587,-30.44814],[121.07048,-30.44815],[121.18209,-30.58604],[121.24293,-30.66064],[121.30138,-30.73539],[121.32963,-30.77237],[121.36177,-30.80636],[121.36553,-30.8108],[121.40137,-30.85461],[121.53497,-31.0171],[121.53496,-31.08967],[121.56023,-31.08967],[121.56023,-31.07877],[121.59398,-31.07878],[121.59402,-31.18126],[121.67253,-31.18118],[121.80453,-31.18057],[122.24519,-31.18068],[122.38067,-31.18053],[122.39965,-31.18032],[122.39909,-31.38699],[122.69785,-31.38797],[123.00773,-31.38819],[123.41739,-31.38734],[123.47834,-31.38755],[123.5804,-31.3876],[124.00867,-31.38707],[124.19761,-31.38639],[124.51775,-31.38458],[125.09127,-31.37936],[125.09128,-31.41049],[125.60908,-31.41048],[125.60908,-31.37935],[126.00144,-31.38108],[126.23705,-31.38162],[126.57277,-31.38158],[126.81932,-31.38099],[127.16712,-31.37934],[127.16712,-31.26588],[127.4395,-31.26588],[127.4395,-31.23251],[127.75797,-31.23251],[127.75797,-31.21312],[128.05853,-31.21311],[128.05853,-31.36058],[129.00193,-31.36058],[129.00192,-30.30544]]]}},{"type":"Feature","properties":{"id":"kangaroo-island","name":"Kangaroo Island","level":2,"centroid":[137.3326,-35.8197],"bbox":[136.5329,-36.075,138.1323,-35.5644]},"geometry":{"type":"Polygon","coordinates":[[[137.9211,-35.71953],[137.89491,-35.72503],[137.89254,-35.75793],[137.85382,-35.7942],[137.77736,-35.78443],[137.75838,-35.80603],[137.81477,-35.82202],[137.79667,-35.83427],[137.77241,-35.82278],[137.75463,-35.84308],[137.74609,-35.80093],[137.80346,-35.75759],[137.78034,-35.72392],[137.69627,-35.73978],[137.57792,-35.72566],[137.6057,-35.67875],[137.64418,-35.6542],[137.64122,-35.63888],[137.58065,-35.64161],[137.56912,-35.61973],[137.60679,-35.59099],[137.62668,-35.59715],[137.63341,-35.56442],[137.56438,-35.57111],[137.51882,-35.59552],[137.49101,-35.57975],[137.44694,-35.59621],[137.32134,-35.5781],[137.20347,-35.6247],[137.1412,-35.62975],[137.06966,-35.66914],[136.78367,-35.7002],[136.69727,-35.73945],[136.58744,-35.74884],[136.56392,-35.84952],[136.53295,-35.87654],[136.58175,-35.95084],[136.66563,-35.97573],[136.70844,-36.03691],[136.70524,-36.06405],[136.7271,-36.04506],[136.81675,-36.03883],[136.85405,-36.01656],[136.91546,-36.04356],[136.99729,-36.01732],[137.1026,-36.01816],[137.13095,-36.03397],[137.16269,-36.02473],[137.18978,-35.99706],[137.18086,-35.98397],[137.2095,-35.97397],[137.37103,-35.9984],[137.46094,-36.07495],[137.53598,-36.02585],[137.60265,-36.00928],[137.62045,-35.97858],[137.59818,-35.94268],[137.61199,-35.9131],[137.6603,-35.88489],[137.72612,-35.87673],[137.7411,-35.8531],[137.87427,-35.87056],[137.91114,-35.85978],[138.04083,-35.90426],[138.13227,-35.84529],[138.12573,-35.80234],[138.07696,-35.79588],[138.04501,-35.74221],[137.9211,-35.71953]]]}},{"type":"Feature","properties":{"id":"karoonda-east-murray","name":"Karoonda East Murray","level":2,"centroid":[140.0248,-34.9284],"bbox":[139.6196,-35.2918,140.4301,-34.5651]},"geometry":{"type":"Polygon","coordinates":[[[139.61991,-34.96691],[139.61992,-35.05473],[139.62243,-35.06421],[139.61992,-35.06848],[139.61961,-35.2187],[139.89424,-35.21863],[139.89418,-35.29094],[140.25322,-35.29181],[140.25374,-35.23785],[140.25293,-35.10784],[140.43008,-35.10773],[140.42966,-34.87017],[140.36723,-34.87001],[140.36759,-34.69451],[140.1771,-34.69467],[140.1772,-34.6614],[140.18025,-34.66057],[140.18799,-34.66073],[140.18818,-34.56511],[140.15409,-34.56509],[140.10168,-34.57548],[140.06424,-34.57545],[140.0642,-34.59964],[139.99638,-34.61404],[139.99327,-34.6159],[139.96766,-34.62045],[139.96543,-34.61927],[139.95514,-34.61884],[139.94641,-34.61657],[139.9287,-34.61362],[139.92508,-34.61348],[139.92242,-34.61446],[139.91438,-34.61441],[139.90912,-34.61355],[139.89878,-34.6101],[139.88365,-34.60806],[139.85773,-34.6122],[139.84443,-34.61227],[139.84115,-34.61298],[139.8195,-34.61091],[139.80007,-34.61125],[139.77797,-34.6092],[139.76787,-34.60901],[139.75884,-34.60694],[139.75889,-34.63835],[139.75946,-34.63842],[139.75901,-34.7403],[139.7597,-34.86751],[139.63374,-34.86733],[139.63554,-34.87114],[139.64341,-34.87882],[139.64436,-34.88316],[139.63995,-34.88616],[139.63305,-34.88681],[139.63479,-34.89194],[139.63365,-34.89143],[139.63111,-34.89288],[139.6297,-34.89261],[139.62971,-34.89197],[139.62377,-34.89303],[139.6199,-34.89601],[139.61991,-34.96691]]]}},{"type":"Feature","properties":{"id":"karratha","name":"Karratha","level":2,"centroid":[116.8962,-21.0756],"bbox":[115.5882,-21.7275,118.2043,-20.4236]},"geometry":{"type":"MultiPolygon","coordinates":[[[[118.06954,-21.29646],[118.01571,-21.08053],[118.20426,-21.08052],[118.18578,-20.80426],[118.00943,-20.82524],[117.92923,-20.79421],[117.9292,-20.67415],[117.68044,-20.66659],[117.65632,-20.71546],[117.64574,-20.66169],[117.34971,-20.77897],[117.17195,-20.70058],[117.18236,-20.59179],[116.91691,-20.74091],[116.78618,-20.685],[116.84909,-20.52166],[116.64248,-20.70471],[116.68476,-20.75045],[116.63063,-20.71072],[116.44348,-20.8227],[116.49487,-20.85097],[116.39904,-20.82217],[116.29951,-20.88863],[116.2046,-20.83374],[116.14615,-21.01271],[115.92105,-21.07682],[115.8444,-21.25291],[115.70315,-21.27945],[115.58818,-21.3818],[115.88788,-21.40934],[116.00827,-21.58015],[116.00827,-21.53129],[116.11255,-21.53129],[116.17474,-21.31726],[116.79799,-21.33679],[116.798,-21.21173],[117.0182,-21.21172],[117.0182,-21.16262],[117.11348,-21.16259],[117.0883,-21.25248],[117.14801,-21.25248],[117.14801,-21.18428],[117.29323,-21.18428],[117.22053,-21.30795],[117.54661,-21.30795],[117.54661,-21.15127],[117.70162,-21.15127],[117.70163,-21.37149],[117.92407,-21.37149],[117.92407,-21.48221],[117.98298,-21.48221],[117.98298,-21.7275],[118.10956,-21.7275],[118.06954,-21.29646]]],[[[116.59667,-20.68888],[116.58669,-20.73273],[116.648,-20.68233],[116.59667,-20.68888]]],[[[116.82409,-20.4979],[116.87366,-20.51091],[116.88571,-20.42362],[116.82409,-20.4979]]]]}},{"type":"Feature","properties":{"id":"katanning","name":"Katanning","level":2,"centroid":[117.6391,-33.6247],"bbox":[117.3271,-33.7882,117.9511,-33.4612]},"geometry":{"type":"Polygon","coordinates":[[[117.90824,-33.77667],[117.94637,-33.77698],[117.95113,-33.62524],[117.94951,-33.59856],[117.93884,-33.60125],[117.9431,-33.49959],[117.93772,-33.49181],[117.91027,-33.48757],[117.90748,-33.46547],[117.89722,-33.46194],[117.86306,-33.46122],[117.85613,-33.47834],[117.83073,-33.47222],[117.82442,-33.47818],[117.7518,-33.47843],[117.74533,-33.48525],[117.67735,-33.48315],[117.67425,-33.46473],[117.6598,-33.46504],[117.65984,-33.48315],[117.64441,-33.48322],[117.64824,-33.50524],[117.63958,-33.50524],[117.63959,-33.52311],[117.61399,-33.52209],[117.61442,-33.52881],[117.59231,-33.53092],[117.57632,-33.54325],[117.57632,-33.55292],[117.56548,-33.55292],[117.56547,-33.56338],[117.50826,-33.56344],[117.50744,-33.59528],[117.48542,-33.59478],[117.4849,-33.61303],[117.4717,-33.61278],[117.45775,-33.62723],[117.4239,-33.62755],[117.42392,-33.64846],[117.33308,-33.64834],[117.3279,-33.69357],[117.33908,-33.72256],[117.34063,-33.75613],[117.32855,-33.75613],[117.32709,-33.77465],[117.33783,-33.7867],[117.39989,-33.78437],[117.39988,-33.77436],[117.41313,-33.77876],[117.41975,-33.7713],[117.46111,-33.77183],[117.46111,-33.78717],[117.51599,-33.78823],[117.53967,-33.78735],[117.54001,-33.77777],[117.55754,-33.77352],[117.5763,-33.77671],[117.5763,-33.76861],[117.60714,-33.76862],[117.61255,-33.77526],[117.82934,-33.77862],[117.82933,-33.77105],[117.8384,-33.77104],[117.83946,-33.77684],[117.90824,-33.77667]]]}},{"type":"Feature","properties":{"id":"katherine","name":"Katherine","level":2,"centroid":[132.1742,-14.65],"bbox":[131.6599,-15.1143,132.6885,-14.1858]},"geometry":{"type":"Polygon","coordinates":[[[132.03818,-14.19859],[132.02636,-14.18576],[132.0137,-14.19656],[131.96422,-14.19247],[131.9321,-14.21642],[131.91898,-14.23932],[131.90291,-14.2426],[131.87791,-14.2646],[131.86939,-14.29454],[131.84753,-14.31173],[131.81036,-14.32243],[131.78912,-14.35503],[131.77452,-14.34975],[131.75182,-14.36163],[131.72113,-14.36052],[131.68908,-14.39014],[131.67968,-14.38879],[131.67442,-14.39962],[131.65991,-14.40323],[131.67698,-14.45159],[131.67399,-14.50418],[131.70767,-14.55439],[131.69493,-14.56942],[131.71386,-14.59401],[131.70125,-14.61965],[131.70476,-14.65682],[131.72837,-14.66395],[131.89167,-14.66339],[131.89166,-15.06773],[132.0925,-15.06733],[132.09191,-15.11433],[132.60496,-15.11432],[132.60498,-14.69639],[132.6363,-14.64666],[132.66692,-14.65927],[132.67268,-14.67509],[132.68851,-14.68095],[132.68848,-14.50299],[132.58504,-14.50299],[132.58471,-14.41523],[132.49379,-14.41524],[132.49378,-14.44684],[132.48121,-14.43305],[132.4681,-14.44113],[132.45744,-14.43672],[132.43232,-14.40839],[132.44575,-14.36141],[132.40532,-14.33019],[132.41739,-14.35607],[132.40494,-14.37492],[132.38514,-14.37439],[132.38508,-14.36087],[132.33698,-14.38156],[132.27961,-14.37122],[132.21953,-14.39631],[132.16837,-14.35235],[132.13556,-14.3479],[132.07817,-14.29262],[132.06481,-14.25928],[132.04158,-14.23194],[132.03818,-14.19859]]]}},{"type":"Feature","properties":{"id":"kellerberrin","name":"Kellerberrin","level":2,"centroid":[117.8056,-31.577],"bbox":[117.5699,-31.8311,118.0413,-31.323]},"geometry":{"type":"Polygon","coordinates":[[[117.9815,-31.70084],[117.96939,-31.70092],[117.96575,-31.58158],[117.98531,-31.58618],[117.9853,-31.58129],[118.00992,-31.58002],[118.03907,-31.56247],[118.04131,-31.4892],[118.02928,-31.48921],[118.03564,-31.48624],[118.03563,-31.46582],[118.00919,-31.46564],[118.00918,-31.45224],[118.00203,-31.45225],[118.00769,-31.40669],[118.03347,-31.40663],[118.03343,-31.36138],[118.01527,-31.33392],[117.99248,-31.323],[117.98443,-31.33544],[117.97308,-31.33003],[117.97308,-31.33706],[117.839,-31.33378],[117.839,-31.34394],[117.79219,-31.33987],[117.79099,-31.35232],[117.76193,-31.37228],[117.76193,-31.37928],[117.75305,-31.37927],[117.75252,-31.39032],[117.68114,-31.39206],[117.68115,-31.38462],[117.66959,-31.38462],[117.6696,-31.37824],[117.62201,-31.37832],[117.62197,-31.39067],[117.60439,-31.39069],[117.60444,-31.42629],[117.60995,-31.42629],[117.60997,-31.44439],[117.61633,-31.44638],[117.61637,-31.47234],[117.61148,-31.47234],[117.61161,-31.5038],[117.61993,-31.5038],[117.61888,-31.52318],[117.6136,-31.52318],[117.61588,-31.606],[117.62672,-31.6727],[117.61786,-31.6727],[117.61787,-31.68394],[117.60413,-31.69463],[117.59913,-31.72877],[117.60731,-31.76273],[117.59538,-31.81586],[117.57014,-31.81303],[117.56994,-31.8295],[117.58721,-31.83105],[117.59786,-31.82195],[117.64866,-31.81389],[117.68186,-31.82337],[117.72294,-31.80994],[117.74899,-31.8204],[117.79393,-31.81139],[117.87886,-31.81154],[117.87924,-31.82857],[117.99208,-31.82868],[117.99195,-31.70865],[117.98158,-31.70873],[117.9815,-31.70084]]]}},{"type":"Feature","properties":{"id":"kempsey","name":"Kempsey","level":2,"centroid":[152.6803,-30.9055],"bbox":[152.2698,-31.3105,153.0907,-30.5006]},"geometry":{"type":"Polygon","coordinates":[[[152.29572,-30.93102],[152.28431,-30.94911],[152.29415,-30.97307],[152.26983,-30.99913],[152.34336,-31.03993],[152.33106,-31.05726],[152.33656,-31.10522],[152.38263,-31.16511],[152.45584,-31.15582],[152.51968,-31.16712],[152.56166,-31.12954],[152.59615,-31.12377],[152.64966,-31.15452],[152.69032,-31.13983],[152.70695,-31.1515],[152.70596,-31.18071],[152.72797,-31.17627],[152.75166,-31.1947],[152.73031,-31.22399],[152.81811,-31.22774],[152.81537,-31.243],[152.82936,-31.24506],[152.81479,-31.28269],[152.96664,-31.31048],[152.96074,-31.23298],[152.98425,-31.18664],[152.97737,-31.17142],[153.05573,-31.07862],[153.06639,-31.04744],[153.04205,-31.0434],[153.03976,-30.99913],[153.09072,-30.92155],[153.07602,-30.8782],[153.03719,-30.88247],[153.01375,-30.86077],[152.99895,-30.76146],[152.96943,-30.79496],[152.92037,-30.81463],[152.92351,-30.83384],[152.89298,-30.88008],[152.8128,-30.92365],[152.76286,-30.92475],[152.73285,-30.86439],[152.70816,-30.85831],[152.69246,-30.87645],[152.66489,-30.86259],[152.68335,-30.81316],[152.64307,-30.79629],[152.58939,-30.71874],[152.55642,-30.69914],[152.53933,-30.61793],[152.50048,-30.56655],[152.39686,-30.50056],[152.38642,-30.52958],[152.31173,-30.60018],[152.3693,-30.65889],[152.35841,-30.6842],[152.37584,-30.73986],[152.34386,-30.79189],[152.31704,-30.79262],[152.28679,-30.82986],[152.29572,-30.93102]]]}},{"type":"Feature","properties":{"id":"kent","name":"Kent","level":2,"centroid":[118.6701,-33.5394],"bbox":[117.9075,-33.8047,119.4328,-33.2742]},"geometry":{"type":"Polygon","coordinates":[[[117.90748,-33.46547],[117.91027,-33.48757],[117.9431,-33.49959],[117.9485,-33.7876],[117.97098,-33.78759],[117.97117,-33.76751],[117.9895,-33.76753],[117.98947,-33.78747],[118.0021,-33.77159],[118.05522,-33.7716],[118.05506,-33.78727],[118.12172,-33.7752],[118.20992,-33.79721],[118.2334,-33.79722],[118.23342,-33.77908],[118.29454,-33.77214],[118.52385,-33.78644],[118.52384,-33.76814],[118.69386,-33.77637],[118.69387,-33.80466],[118.776,-33.80471],[118.776,-33.78477],[118.8215,-33.78477],[118.8215,-33.77086],[118.92281,-33.77576],[118.91582,-33.70376],[119.20175,-33.70341],[119.20193,-33.63245],[119.26749,-33.65157],[119.24973,-33.57263],[119.37532,-33.61219],[119.43281,-33.54017],[119.13475,-33.54017],[119.13503,-33.32293],[119.11877,-33.30889],[119.02126,-33.30847],[119.01683,-33.32759],[118.90115,-33.30318],[118.88905,-33.28702],[118.80755,-33.33176],[118.74737,-33.27417],[118.67951,-33.3324],[118.6324,-33.28685],[118.59841,-33.30269],[118.59845,-33.33879],[118.55312,-33.3443],[118.45343,-33.34126],[118.46048,-33.32156],[118.35451,-33.3325],[118.35448,-33.31615],[118.33266,-33.31617],[118.26095,-33.31795],[118.261,-33.33839],[118.24211,-33.3365],[118.24483,-33.36776],[118.04552,-33.36785],[118.04551,-33.35228],[118.0233,-33.35227],[118.006,-33.36949],[117.96756,-33.36951],[117.98027,-33.38779],[117.95792,-33.40832],[117.92873,-33.4056],[117.92999,-33.47095],[117.90748,-33.46547]]]}},{"type":"Feature","properties":{"id":"kentish","name":"Kentish","level":2,"centroid":[146.1777,-41.4634],"bbox":[145.8528,-41.6846,146.5025,-41.2421]},"geometry":{"type":"Polygon","coordinates":[[[145.85284,-41.46585],[145.85302,-41.58301],[145.95134,-41.68465],[146.02685,-41.57696],[146.17297,-41.60175],[146.17415,-41.61621],[146.18637,-41.61829],[146.18901,-41.60982],[146.17888,-41.60255],[146.18189,-41.5897],[146.1741,-41.58876],[146.1773,-41.57686],[146.19335,-41.57217],[146.18535,-41.57125],[146.19857,-41.52277],[146.18747,-41.51946],[146.18883,-41.513],[146.22935,-41.48786],[146.35315,-41.5086],[146.49415,-41.51475],[146.49399,-41.48854],[146.46654,-41.47596],[146.45773,-41.48217],[146.45748,-41.47492],[146.4471,-41.4726],[146.45375,-41.46908],[146.44977,-41.45873],[146.4678,-41.45474],[146.46315,-41.44792],[146.46851,-41.43755],[146.45921,-41.42704],[146.46807,-41.42003],[146.46835,-41.40533],[146.48354,-41.4054],[146.5025,-41.38935],[146.45979,-41.34724],[146.45969,-41.32015],[146.44681,-41.31501],[146.44445,-41.29782],[146.35893,-41.28419],[146.35753,-41.27262],[146.37011,-41.26679],[146.34948,-41.24213],[146.32338,-41.25493],[146.32113,-41.27185],[146.26569,-41.26558],[146.23614,-41.27827],[146.22617,-41.27155],[146.19645,-41.29074],[146.20345,-41.29754],[146.19692,-41.29562],[146.19426,-41.303],[146.2031,-41.30395],[146.20504,-41.31183],[146.1847,-41.31627],[146.17698,-41.34126],[146.13479,-41.36257],[146.13517,-41.36849],[146.11426,-41.37166],[146.11373,-41.37817],[146.12071,-41.37747],[146.11745,-41.38425],[146.08526,-41.42099],[146.09469,-41.44401],[146.08721,-41.45813],[145.95407,-41.45179],[145.85284,-41.46585]]]}},{"type":"Feature","properties":{"id":"kiama","name":"Kiama","level":2,"centroid":[150.7327,-34.6956],"bbox":[150.5999,-34.7922,150.8655,-34.5989]},"geometry":{"type":"Polygon","coordinates":[[[150.60396,-34.65187],[150.59986,-34.67074],[150.73466,-34.68906],[150.73069,-34.71841],[150.73693,-34.7383],[150.73449,-34.74915],[150.75071,-34.75166],[150.75425,-34.76553],[150.78134,-34.79217],[150.81013,-34.77326],[150.81755,-34.77369],[150.82514,-34.78249],[150.8229,-34.77315],[150.8285,-34.76918],[150.82791,-34.76171],[150.83701,-34.75453],[150.83221,-34.75113],[150.83615,-34.74609],[150.8333,-34.73863],[150.84604,-34.72543],[150.84622,-34.71697],[150.85154,-34.71376],[150.84999,-34.70359],[150.85602,-34.70053],[150.85196,-34.69744],[150.85717,-34.69508],[150.85443,-34.69015],[150.86095,-34.68813],[150.8551,-34.67639],[150.86471,-34.67163],[150.85677,-34.67118],[150.85491,-34.66064],[150.86548,-34.64888],[150.85982,-34.64891],[150.85571,-34.64211],[150.86199,-34.62851],[150.84896,-34.61431],[150.8384,-34.61156],[150.8497,-34.62739],[150.84801,-34.63514],[150.84312,-34.63693],[150.8451,-34.63096],[150.83544,-34.6332],[150.83248,-34.63901],[150.81965,-34.64032],[150.81522,-34.63682],[150.81371,-34.64151],[150.79828,-34.64221],[150.79928,-34.62957],[150.79301,-34.62872],[150.79588,-34.6146],[150.78813,-34.61349],[150.79018,-34.60225],[150.76829,-34.59894],[150.76664,-34.60675],[150.76,-34.60594],[150.75814,-34.61301],[150.70046,-34.60496],[150.69853,-34.60074],[150.69043,-34.60826],[150.66826,-34.60953],[150.667,-34.61915],[150.63474,-34.62646],[150.62403,-34.64375],[150.60396,-34.65187]]]}},{"type":"Feature","properties":{"id":"kimba","name":"Kimba","level":2,"centroid":[136.1457,-32.9667],"bbox":[135.4804,-33.3312,136.8109,-32.6022]},"geometry":{"type":"Polygon","coordinates":[[[136.67098,-33.32753],[136.81065,-33.32701],[136.81094,-33.12393],[136.59836,-33.12455],[136.5986,-32.99509],[136.59483,-32.99869],[136.58519,-32.99691],[136.57052,-33.0051],[136.5773,-33.00846],[136.57613,-33.01767],[136.58581,-33.02537],[136.5098,-33.02508],[136.51006,-32.95001],[136.49646,-32.93812],[136.47854,-32.90691],[136.45775,-32.90689],[136.46121,-32.88101],[136.45299,-32.88105],[136.43865,-32.86229],[136.43877,-32.85464],[136.42432,-32.85349],[136.39181,-32.82589],[136.36989,-32.82572],[136.37033,-32.81127],[136.31386,-32.82458],[136.26214,-32.82043],[136.25364,-32.81503],[136.25324,-32.74214],[136.20611,-32.74259],[136.20362,-32.63091],[136.19809,-32.62156],[136.18675,-32.62195],[136.18622,-32.61389],[136.01615,-32.61187],[135.94128,-32.62738],[135.84174,-32.62452],[135.8348,-32.60718],[135.8242,-32.60222],[135.71653,-32.60251],[135.70442,-32.63492],[135.69525,-32.69904],[135.79174,-32.70253],[135.78233,-32.79744],[135.74316,-32.78757],[135.73712,-32.78098],[135.71299,-32.78116],[135.71293,-32.76633],[135.48045,-32.76724],[135.48084,-32.91196],[135.57157,-32.91151],[135.57168,-32.93641],[135.59613,-32.93626],[135.5902,-32.91142],[135.6531,-32.91112],[135.65326,-33.05635],[136.0013,-33.05426],[136.00126,-33.13342],[135.96021,-33.13456],[135.9615,-33.16772],[135.93564,-33.19119],[135.92577,-33.20564],[135.91087,-33.21416],[135.88665,-33.24474],[135.88486,-33.33124],[136.67098,-33.32753]]]}},{"type":"Feature","properties":{"id":"king-island","name":"King Island","level":2,"centroid":[143.9858,-39.8687],"bbox":[143.8338,-40.158,144.1378,-39.5794]},"geometry":{"type":"Polygon","coordinates":[[[143.85287,-39.75232],[143.8502,-39.77024],[143.86303,-39.7896],[143.85908,-39.81615],[143.86718,-39.83347],[143.85414,-39.85124],[143.86036,-39.85661],[143.84421,-39.87685],[143.84714,-39.89444],[143.83528,-39.90225],[143.83959,-39.91054],[143.83377,-39.92135],[143.84453,-39.92321],[143.83766,-39.93334],[143.84375,-39.94157],[143.87966,-39.96796],[143.89299,-40.01092],[143.88404,-40.02818],[143.88837,-40.05659],[143.85801,-40.06465],[143.87091,-40.07992],[143.87528,-40.11675],[143.90443,-40.12138],[143.90841,-40.12804],[143.90084,-40.13937],[143.91596,-40.14346],[143.92565,-40.15796],[143.92977,-40.14611],[143.92105,-40.13407],[143.9497,-40.11291],[143.96264,-40.10913],[143.97109,-40.11672],[143.98967,-40.09823],[144.02696,-40.09485],[144.05088,-40.07408],[144.04933,-40.06768],[144.06299,-40.06302],[144.06274,-40.06921],[144.07039,-40.05143],[144.09389,-40.05224],[144.10546,-40.04436],[144.10082,-40.02878],[144.11625,-40.01813],[144.11356,-40.00803],[144.12802,-39.99323],[144.13776,-39.93099],[144.11096,-39.91324],[144.10466,-39.88561],[144.10711,-39.86467],[144.12792,-39.82213],[144.11163,-39.79958],[144.10166,-39.76334],[144.10997,-39.67094],[144.05148,-39.62545],[144.0126,-39.60883],[144.00539,-39.59662],[143.9844,-39.60097],[143.94795,-39.5794],[143.93544,-39.59484],[143.92421,-39.59527],[143.93462,-39.6382],[143.92227,-39.66944],[143.89133,-39.69831],[143.84433,-39.71509],[143.85468,-39.73751],[143.85287,-39.75232]]]}},{"type":"Feature","properties":{"id":"kingborough","name":"Kingborough","level":2,"centroid":[147.2652,-43.2071],"bbox":[147.0971,-43.5162,147.4332,-42.898]},"geometry":{"type":"MultiPolygon","coordinates":[[[[147.30062,-43.1711],[147.37897,-43.17603],[147.38328,-43.2069],[147.34116,-43.21907],[147.35789,-43.25579],[147.31764,-43.29476],[147.29086,-43.24178],[147.21279,-43.38234],[147.1791,-43.35254],[147.17988,-43.45829],[147.09715,-43.41235],[147.13751,-43.49337],[147.18284,-43.48885],[147.20201,-43.41915],[147.22726,-43.41256],[147.24198,-43.4257],[147.20144,-43.43686],[147.24587,-43.44038],[147.24657,-43.49272],[147.29472,-43.51615],[147.32721,-43.49709],[147.33792,-43.42324],[147.38196,-43.37177],[147.36702,-43.35028],[147.33444,-43.36772],[147.32229,-43.30402],[147.38027,-43.25059],[147.43019,-43.25212],[147.43319,-43.22835],[147.35736,-43.06365],[147.30664,-43.11355],[147.32841,-43.13099],[147.36116,-43.11356],[147.35807,-43.13749],[147.28212,-43.14432],[147.29608,-43.15703],[147.27619,-43.16687],[147.30062,-43.1711]]],[[[147.15037,-42.91334],[147.14334,-42.99328],[147.11863,-43.0121],[147.20456,-43.04352],[147.17302,-43.06234],[147.1949,-43.19221],[147.17852,-43.2115],[147.21602,-43.24286],[147.17379,-43.24778],[147.16712,-43.2831],[147.21949,-43.28102],[147.26098,-43.2235],[147.24639,-43.1223],[147.30124,-43.08789],[147.25565,-43.07315],[147.26555,-43.0251],[147.28494,-43.00829],[147.31406,-43.05946],[147.34429,-43.05167],[147.31484,-42.97414],[147.33856,-42.97442],[147.3609,-42.9326],[147.25429,-42.94116],[147.23492,-42.89796],[147.15037,-42.91334]]]]}},{"type":"Feature","properties":{"id":"kingston-sa","name":"Kingston (SA)","level":2,"centroid":[140.051,-36.6408],"bbox":[139.6702,-37.0328,140.4318,-36.2487]},"geometry":{"type":"Polygon","coordinates":[[[139.67074,-36.24873],[139.68421,-36.2698],[139.69543,-36.29101],[139.70933,-36.31245],[139.7158,-36.3274],[139.73813,-36.36934],[139.75748,-36.41068],[139.76998,-36.43275],[139.78293,-36.4588],[139.80014,-36.49894],[139.83195,-36.58735],[139.84988,-36.64334],[139.86117,-36.68709],[139.86353,-36.7185],[139.86199,-36.76806],[139.85823,-36.7905],[139.854,-36.80466],[139.85008,-36.8249],[139.8429,-36.83956],[139.83637,-36.84902],[139.82566,-36.85749],[139.8188,-36.86851],[139.80827,-36.87721],[139.79978,-36.88098],[139.7875,-36.8946],[139.77901,-36.89931],[139.76694,-36.90238],[139.74816,-36.90941],[139.741,-36.9144],[139.7324,-36.9168],[139.71747,-36.92963],[139.69917,-36.93924],[139.69606,-36.93423],[139.69776,-36.93774],[139.69639,-36.93875],[139.69628,-36.94048],[139.68048,-36.94253],[139.67592,-36.94204],[139.67411,-36.94458],[139.67315,-36.95046],[139.67108,-36.95278],[139.67017,-36.95845],[139.67611,-36.96684],[139.68452,-36.97469],[139.69329,-36.98157],[139.70567,-36.98896],[139.71192,-36.99446],[139.71889,-36.99834],[139.73062,-37.00932],[139.74243,-37.02413],[139.74346,-37.02839],[139.74246,-37.03278],[140.08453,-37.03245],[140.08499,-36.89406],[140.25167,-36.894],[140.25219,-36.68933],[140.43145,-36.68997],[140.43182,-36.46644],[140.04629,-36.46657],[140.04606,-36.45156],[140.04853,-36.44546],[140.04632,-36.44073],[140.04687,-36.25392],[139.67074,-36.24873]]]}},{"type":"Feature","properties":{"id":"kingston-vic","name":"Kingston (Vic.)","level":2,"centroid":[145.0953,-38.0045],"bbox":[145.0344,-38.085,145.1563,-37.924]},"geometry":{"type":"Polygon","coordinates":[[[145.0517,-37.98681],[145.0555,-37.98774],[145.06166,-37.99053],[145.06602,-37.99307],[145.07208,-37.99735],[145.08112,-38.0058],[145.08449,-38.01054],[145.08415,-38.01114],[145.08493,-38.01036],[145.08452,-38.01129],[145.08607,-38.01079],[145.08762,-38.01201],[145.09062,-38.01494],[145.09583,-38.02136],[145.10296,-38.03256],[145.10803,-38.04205],[145.11279,-38.05196],[145.11704,-38.06292],[145.11982,-38.07287],[145.11959,-38.07321],[145.12536,-38.07105],[145.12562,-38.07164],[145.12306,-38.07229],[145.11986,-38.07375],[145.12279,-38.08499],[145.12445,-38.08474],[145.12384,-38.08215],[145.12697,-38.08169],[145.12797,-38.08181],[145.13175,-38.08381],[145.13627,-38.08244],[145.13862,-38.08313],[145.14155,-38.08246],[145.14867,-38.0834],[145.14879,-38.08034],[145.14982,-38.07504],[145.15464,-38.07565],[145.15626,-38.06738],[145.15028,-38.06729],[145.14942,-38.06395],[145.13777,-38.03234],[145.13529,-38.02771],[145.13352,-38.02537],[145.13863,-38.01995],[145.1393,-38.01877],[145.14592,-37.9836],[145.14381,-37.98153],[145.14017,-37.97644],[145.13269,-37.96339],[145.13119,-37.96217],[145.1296,-37.96155],[145.13045,-37.9605],[145.13194,-37.95992],[145.13659,-37.96048],[145.14009,-37.94235],[145.14005,-37.93975],[145.13969,-37.93948],[145.14129,-37.93132],[145.08248,-37.92398],[145.07954,-37.93874],[145.03438,-37.93299],[145.03653,-37.93558],[145.03645,-37.93846],[145.03774,-37.94237],[145.05527,-37.96766],[145.0517,-37.98681]]]}},{"type":"Feature","properties":{"id":"knox","name":"Knox","level":2,"centroid":[145.2692,-37.8989],"bbox":[145.1909,-37.9648,145.3476,-37.833]},"geometry":{"type":"Polygon","coordinates":[[[145.29319,-37.96485],[145.29988,-37.93145],[145.30387,-37.93342],[145.29869,-37.91168],[145.29273,-37.90721],[145.29556,-37.9051],[145.29453,-37.90033],[145.30502,-37.9057],[145.30926,-37.90396],[145.30947,-37.89947],[145.31388,-37.90162],[145.32425,-37.89945],[145.31618,-37.89488],[145.31611,-37.89248],[145.31167,-37.89275],[145.30991,-37.88962],[145.30454,-37.88797],[145.30412,-37.88154],[145.30623,-37.88118],[145.3085,-37.87105],[145.30215,-37.8642],[145.31646,-37.8627],[145.31672,-37.86485],[145.32422,-37.86705],[145.33319,-37.86155],[145.33599,-37.86312],[145.33417,-37.85797],[145.33663,-37.85617],[145.34045,-37.85715],[145.33946,-37.85857],[145.34347,-37.86232],[145.34758,-37.85861],[145.33616,-37.85104],[145.33213,-37.85101],[145.33283,-37.84742],[145.30867,-37.84266],[145.29353,-37.83405],[145.28147,-37.83303],[145.27876,-37.83578],[145.25652,-37.83579],[145.23206,-37.84006],[145.21577,-37.83857],[145.21021,-37.84577],[145.20972,-37.85131],[145.20586,-37.85418],[145.20753,-37.8561],[145.20079,-37.85858],[145.20101,-37.86211],[145.19417,-37.86626],[145.19086,-37.87896],[145.20075,-37.89441],[145.20835,-37.89903],[145.20337,-37.90332],[145.20587,-37.91056],[145.20278,-37.91918],[145.20643,-37.93117],[145.2112,-37.9357],[145.21833,-37.93675],[145.21937,-37.94173],[145.2292,-37.95206],[145.23326,-37.94188],[145.27963,-37.94758],[145.28356,-37.95513],[145.28991,-37.95759],[145.28904,-37.96293],[145.29319,-37.96485]]]}},{"type":"Feature","properties":{"id":"kojonup","name":"Kojonup","level":2,"centroid":[117.0398,-33.9254],"bbox":[116.72,-34.2179,117.3595,-33.633]},"geometry":{"type":"Polygon","coordinates":[[[116.84245,-34.20887],[116.89499,-34.21789],[116.94864,-34.20805],[116.94865,-34.18361],[116.98297,-34.18359],[116.98297,-34.19521],[117.07035,-34.18387],[117.07036,-34.15627],[117.15027,-34.15785],[117.15039,-34.14186],[117.20359,-34.14279],[117.25958,-34.10539],[117.33919,-34.08865],[117.34133,-34.05668],[117.35736,-34.03672],[117.32875,-34.02355],[117.3451,-34.02332],[117.3451,-33.98325],[117.35955,-33.98324],[117.33461,-33.97631],[117.35724,-33.94922],[117.34353,-33.94953],[117.32656,-33.89394],[117.31683,-33.8939],[117.31694,-33.87741],[117.32674,-33.87742],[117.32389,-33.81955],[117.33855,-33.81955],[117.3269,-33.81056],[117.32713,-33.76099],[117.34063,-33.75613],[117.3279,-33.69357],[117.33308,-33.64834],[117.23947,-33.65493],[117.1931,-33.63298],[117.16896,-33.64293],[117.10352,-33.63595],[117.09334,-33.64496],[117.09115,-33.6331],[116.98679,-33.63326],[116.98681,-33.66947],[116.80968,-33.67349],[116.80969,-33.68703],[116.78527,-33.69784],[116.75678,-33.67149],[116.73198,-33.68051],[116.78828,-33.72404],[116.77264,-33.7371],[116.78255,-33.76507],[116.77046,-33.85882],[116.77634,-33.92239],[116.74756,-33.94941],[116.71997,-33.94947],[116.71996,-33.96055],[116.72958,-33.98083],[116.74852,-33.97864],[116.74498,-34.01498],[116.75975,-34.05156],[116.78225,-34.05151],[116.77961,-34.11153],[116.80631,-34.11153],[116.79371,-34.1221],[116.84223,-34.14047],[116.84245,-34.20887]]]}},{"type":"Feature","properties":{"id":"kondinin","name":"Kondinin","level":2,"centroid":[119.0247,-32.4843],"bbox":[118.0397,-32.7652,120.0097,-32.2034]},"geometry":{"type":"Polygon","coordinates":[[[118.03975,-32.48699],[118.05416,-32.49304],[118.05101,-32.53411],[118.1483,-32.52549],[118.15707,-32.5503],[118.18705,-32.55032],[118.18705,-32.56085],[118.20204,-32.56085],[118.20204,-32.54904],[118.21923,-32.55266],[118.21927,-32.57056],[118.23817,-32.57055],[118.22534,-32.58786],[118.28512,-32.5747],[118.34489,-32.58447],[118.37946,-32.56108],[118.38029,-32.56945],[118.5664,-32.57683],[118.88584,-32.56582],[118.8899,-32.59878],[118.92397,-32.59871],[118.92392,-32.58316],[119.00345,-32.59016],[119.21483,-32.57913],[119.23523,-32.59262],[119.25133,-32.56829],[119.30871,-32.56755],[119.34674,-32.5478],[119.38099,-32.58473],[119.4542,-32.58834],[119.4542,-32.5769],[119.51929,-32.57854],[119.54828,-32.55744],[119.73821,-32.76519],[120.00972,-32.76518],[120.00971,-32.20358],[119.17905,-32.20344],[119.16141,-32.21456],[118.91411,-32.21373],[118.91412,-32.23745],[118.85994,-32.24112],[118.79697,-32.2299],[118.74435,-32.24591],[118.61519,-32.25195],[118.62379,-32.2775],[118.51021,-32.27416],[118.40321,-32.28674],[118.32154,-32.28625],[118.32154,-32.27173],[118.19489,-32.27941],[118.18524,-32.28141],[118.1855,-32.32156],[118.20351,-32.3371],[118.20348,-32.35817],[118.16916,-32.35815],[118.16961,-32.37968],[118.12296,-32.39321],[118.10066,-32.41215],[118.10415,-32.42122],[118.08529,-32.41409],[118.09294,-32.47495],[118.04224,-32.47495],[118.03975,-32.48699]]]}},{"type":"Feature","properties":{"id":"koorda","name":"Koorda","level":2,"centroid":[117.4073,-30.6041],"bbox":[117.2111,-31.0021,117.6036,-30.2061]},"geometry":{"type":"Polygon","coordinates":[[[117.24432,-30.46575],[117.24171,-30.4979],[117.23381,-30.49986],[117.23384,-30.52811],[117.24523,-30.52808],[117.24538,-30.62319],[117.23802,-30.62319],[117.23808,-30.66136],[117.24754,-30.66507],[117.24833,-30.68972],[117.25777,-30.68971],[117.25777,-30.70279],[117.2416,-30.70269],[117.24181,-30.75723],[117.21174,-30.7956],[117.21109,-30.8058],[117.27458,-30.80658],[117.27825,-31.00208],[117.35488,-31.00186],[117.36085,-30.99396],[117.35763,-30.98828],[117.36427,-30.98912],[117.36012,-30.98556],[117.36551,-30.98482],[117.36023,-30.98226],[117.36604,-30.98166],[117.36329,-30.97766],[117.37733,-30.97798],[117.3857,-30.97174],[117.3744,-30.96605],[117.38145,-30.96162],[117.38479,-30.96817],[117.43834,-30.96335],[117.43825,-30.9751],[117.49339,-30.98384],[117.49561,-30.96945],[117.51441,-30.97076],[117.51816,-30.97937],[117.5251,-30.97177],[117.53413,-30.97214],[117.53245,-30.96773],[117.5468,-30.95357],[117.57452,-30.96056],[117.58347,-30.95383],[117.58526,-30.95856],[117.58939,-30.9552],[117.59606,-30.95922],[117.59598,-30.91889],[117.58378,-30.9189],[117.58376,-30.90257],[117.58794,-30.90256],[117.58797,-30.88648],[117.5984,-30.88648],[117.59828,-30.70114],[117.60359,-30.69527],[117.60343,-30.20612],[117.42233,-30.20618],[117.42927,-30.20944],[117.41655,-30.20992],[117.42126,-30.21744],[117.40165,-30.21814],[117.39938,-30.22602],[117.25098,-30.22634],[117.25044,-30.39032],[117.24656,-30.39031],[117.24347,-30.40865],[117.24349,-30.42691],[117.24971,-30.42692],[117.24967,-30.46273],[117.24432,-30.46575]]]}},{"type":"Feature","properties":{"id":"kowanyama","name":"Kowanyama","level":2,"centroid":[141.8092,-15.2774],"bbox":[141.4841,-15.5691,142.1342,-14.9856]},"geometry":{"type":"Polygon","coordinates":[[[142.09313,-15.19024],[142.12582,-15.10029],[142.13421,-14.98558],[142.08625,-15.0459],[142.05942,-15.06782],[142.0364,-15.0707],[142.00362,-15.08783],[141.99282,-15.08431],[141.95289,-15.09422],[141.93387,-15.11362],[141.91922,-15.10993],[141.87129,-15.12554],[141.84383,-15.12486],[141.78969,-15.14614],[141.75611,-15.13594],[141.75103,-15.14406],[141.72424,-15.1391],[141.72448,-15.11772],[141.71013,-15.11818],[141.72044,-15.11496],[141.71849,-15.10771],[141.70231,-15.10837],[141.69484,-15.09863],[141.68589,-15.10923],[141.67391,-15.10996],[141.65132,-15.08151],[141.65066,-15.06891],[141.64495,-15.07057],[141.62966,-15.10528],[141.63933,-15.13087],[141.63552,-15.14966],[141.59204,-15.19607],[141.58027,-15.19874],[141.58597,-15.2017],[141.58104,-15.20805],[141.5756,-15.20539],[141.57972,-15.23645],[141.5696,-15.29216],[141.54512,-15.33253],[141.52823,-15.39756],[141.48412,-15.49599],[141.48975,-15.4987],[141.49799,-15.48481],[141.50933,-15.49366],[141.49346,-15.50617],[141.49258,-15.51526],[141.5028,-15.50575],[141.50448,-15.52068],[141.5282,-15.52678],[141.52228,-15.51071],[141.54937,-15.51084],[141.56084,-15.51867],[141.55628,-15.53811],[141.55657,-15.52998],[141.5631,-15.53474],[141.57183,-15.52035],[141.57937,-15.52607],[141.58368,-15.51872],[141.62745,-15.54398],[141.97258,-15.56913],[141.99534,-15.45347],[141.9441,-15.40412],[141.9403,-15.39065],[141.95646,-15.38017],[141.967,-15.35579],[142.02454,-15.3788],[142.09313,-15.19024]]]}},{"type":"Feature","properties":{"id":"ku-ring-gai","name":"Ku-ring-gai","level":2,"centroid":[151.1486,-33.727],"bbox":[151.09,-33.7944,151.2072,-33.6596]},"geometry":{"type":"Polygon","coordinates":[[[151.10537,-33.76117],[151.11685,-33.7613],[151.11929,-33.76285],[151.11994,-33.76845],[151.1257,-33.7725],[151.13289,-33.77307],[151.13244,-33.775],[151.13685,-33.77601],[151.13929,-33.77473],[151.13971,-33.78229],[151.14277,-33.78113],[151.14482,-33.78555],[151.14889,-33.78741],[151.14695,-33.78829],[151.14868,-33.7944],[151.15246,-33.7904],[151.15677,-33.7921],[151.17153,-33.79108],[151.20725,-33.7788],[151.20643,-33.77541],[151.20212,-33.77317],[151.20259,-33.77029],[151.19848,-33.76819],[151.1983,-33.76225],[151.19131,-33.75772],[151.19579,-33.75401],[151.19386,-33.75022],[151.18839,-33.74363],[151.18036,-33.74074],[151.18256,-33.73239],[151.18712,-33.72838],[151.19174,-33.72828],[151.18775,-33.72064],[151.19142,-33.70269],[151.18853,-33.69856],[151.17457,-33.69679],[151.17384,-33.69181],[151.1657,-33.68586],[151.17185,-33.67753],[151.16718,-33.6732],[151.16868,-33.6674],[151.16151,-33.65959],[151.15772,-33.66371],[151.15428,-33.66367],[151.15541,-33.66703],[151.14877,-33.6698],[151.14693,-33.67466],[151.13804,-33.67807],[151.1363,-33.68227],[151.13777,-33.68439],[151.12878,-33.68968],[151.1233,-33.68942],[151.11626,-33.71026],[151.10833,-33.7183],[151.10656,-33.72757],[151.10079,-33.7304],[151.09235,-33.73044],[151.09002,-33.73541],[151.09218,-33.74093],[151.0908,-33.74454],[151.0935,-33.74778],[151.09859,-33.74852],[151.10059,-33.75483],[151.10536,-33.75753],[151.10537,-33.76117]]]}},{"type":"Feature","properties":{"id":"kulin","name":"Kulin","level":2,"centroid":[118.7724,-32.7661],"bbox":[117.8462,-33.0455,119.6987,-32.4868]},"geometry":{"type":"Polygon","coordinates":[[[117.84618,-32.60165],[117.88788,-32.84604],[117.92188,-32.9364],[117.91376,-33.04411],[117.93184,-33.04546],[118.0448,-33.03917],[118.0563,-33.02904],[118.04605,-33.01139],[118.06139,-33.01139],[118.06138,-32.98913],[118.09034,-32.9873],[118.09032,-32.97124],[118.21977,-32.98765],[118.21976,-32.95019],[118.35691,-32.94347],[118.37933,-32.84695],[118.44152,-32.83408],[118.44149,-32.80191],[118.4963,-32.81409],[118.49628,-32.79482],[118.55031,-32.79153],[118.56219,-32.81932],[118.58849,-32.7573],[118.76843,-32.75792],[118.79035,-32.77402],[118.79309,-32.7629],[118.85949,-32.76282],[118.85953,-32.77571],[118.88507,-32.77567],[118.89894,-32.74234],[118.94994,-32.74137],[118.96502,-32.75315],[119.08019,-32.744],[119.3265,-32.77004],[119.58009,-32.76471],[119.5801,-32.7502],[119.65135,-32.75019],[119.69871,-32.71788],[119.54828,-32.55744],[119.51929,-32.57854],[119.4542,-32.5769],[119.4542,-32.58834],[119.38099,-32.58473],[119.34674,-32.5478],[119.30871,-32.56755],[119.25133,-32.56829],[119.23523,-32.59262],[119.21483,-32.57913],[118.92392,-32.58316],[118.92397,-32.59871],[118.8899,-32.59878],[118.88584,-32.56582],[118.5664,-32.57683],[118.37946,-32.56108],[118.34489,-32.58447],[118.28512,-32.5747],[118.22534,-32.58786],[118.23817,-32.57055],[118.21927,-32.57056],[118.21923,-32.55266],[118.15707,-32.5503],[118.1483,-32.52549],[118.05101,-32.53411],[118.05416,-32.49304],[118.01923,-32.48676],[118.01549,-32.56487],[117.90694,-32.56756],[117.90651,-32.60226],[117.84618,-32.60165]]]}},{"type":"Feature","properties":{"id":"kwinana","name":"Kwinana","level":2,"centroid":[115.8278,-32.2339],"bbox":[115.7549,-32.2876,115.9008,-32.1802]},"geometry":{"type":"Polygon","coordinates":[[[115.77493,-32.18138],[115.77466,-32.19315],[115.77266,-32.20038],[115.76656,-32.21083],[115.75995,-32.21784],[115.75665,-32.22324],[115.75571,-32.22365],[115.75587,-32.22533],[115.75515,-32.22586],[115.75569,-32.22719],[115.75686,-32.22717],[115.75836,-32.22943],[115.76001,-32.2378],[115.7585,-32.2448],[115.75617,-32.24774],[115.7564,-32.24932],[115.75491,-32.25141],[115.75573,-32.25196],[115.75729,-32.25005],[115.78225,-32.25001],[115.78234,-32.24909],[115.78534,-32.24907],[115.78524,-32.26905],[115.78842,-32.26934],[115.78834,-32.27707],[115.79472,-32.28254],[115.79615,-32.28549],[115.79855,-32.28671],[115.80772,-32.28684],[115.811,-32.28757],[115.8131,-32.28714],[115.82413,-32.28062],[115.84245,-32.27241],[115.84661,-32.27197],[115.85282,-32.27268],[115.87753,-32.27979],[115.88178,-32.27553],[115.87952,-32.26994],[115.88112,-32.26768],[115.88449,-32.26716],[115.88566,-32.26604],[115.88373,-32.26178],[115.8857,-32.26138],[115.88711,-32.25872],[115.88708,-32.24457],[115.88678,-32.2432],[115.88453,-32.24074],[115.88419,-32.20878],[115.88282,-32.20477],[115.88535,-32.20394],[115.88965,-32.20525],[115.89293,-32.2051],[115.89714,-32.20207],[115.89869,-32.19412],[115.90075,-32.19309],[115.90069,-32.18201],[115.89856,-32.18023],[115.78613,-32.18097],[115.78613,-32.18043],[115.77493,-32.18138]]]}},{"type":"Feature","properties":{"id":"kyogle","name":"Kyogle","level":2,"centroid":[152.7798,-28.6461],"bbox":[152.3758,-29.0228,153.1838,-28.2695]},"geometry":{"type":"Polygon","coordinates":[[[152.68897,-29.02278],[152.74483,-28.99358],[152.75048,-28.9133],[152.78616,-28.92671],[152.81981,-28.90373],[152.82089,-28.88281],[152.84642,-28.88866],[152.88761,-28.8193],[152.95252,-28.80145],[152.90633,-28.71318],[153.08262,-28.73139],[153.09188,-28.63642],[153.12283,-28.62364],[153.11818,-28.59796],[153.14294,-28.58895],[153.13795,-28.57227],[153.1583,-28.57363],[153.18378,-28.52234],[153.1511,-28.50884],[153.13405,-28.45886],[153.14392,-28.4389],[153.12073,-28.43325],[153.12813,-28.40638],[153.11228,-28.40059],[153.10855,-28.35631],[152.93427,-28.33764],[152.88043,-28.3098],[152.75095,-28.36387],[152.66752,-28.31169],[152.63975,-28.31217],[152.61425,-28.26946],[152.59679,-28.31354],[152.62761,-28.32679],[152.62859,-28.34854],[152.57644,-28.41559],[152.56128,-28.46989],[152.52735,-28.4959],[152.53376,-28.51304],[152.44047,-28.53031],[152.45794,-28.56852],[152.44017,-28.57627],[152.44283,-28.60337],[152.40578,-28.62164],[152.41392,-28.63229],[152.37577,-28.70211],[152.40623,-28.70417],[152.40912,-28.72416],[152.47437,-28.7311],[152.47255,-28.74695],[152.49643,-28.7369],[152.48033,-28.78025],[152.51104,-28.77973],[152.51827,-28.7947],[152.543,-28.78376],[152.53921,-28.81492],[152.55718,-28.82369],[152.53721,-28.84773],[152.57332,-28.8638],[152.54815,-28.90879],[152.58057,-28.91312],[152.57964,-28.9314],[152.54559,-28.9363],[152.55852,-28.99006],[152.66459,-29.00451],[152.66186,-29.01988],[152.68897,-29.02278]]]}},{"type":"Feature","properties":{"id":"lachlan","name":"Lachlan","level":2,"centroid":[146.8755,-32.8],"bbox":[146.054,-33.6071,147.6971,-31.9928]},"geometry":{"type":"Polygon","coordinates":[[[147.40349,-33.52743],[147.42609,-33.43449],[147.48041,-33.44172],[147.51468,-33.26333],[147.46483,-33.22741],[147.3088,-33.20705],[147.30808,-33.10437],[147.38854,-33.1394],[147.4053,-33.03748],[147.55498,-33.04818],[147.54662,-32.99843],[147.60426,-32.76268],[147.5984,-32.73861],[147.56837,-32.73537],[147.57764,-32.67563],[147.55371,-32.67297],[147.58153,-32.60455],[147.55061,-32.59724],[147.56087,-32.45591],[147.61152,-32.44117],[147.6971,-32.36494],[147.68713,-32.31174],[147.4991,-32.21285],[147.47799,-32.12312],[147.41658,-32.03987],[147.32578,-31.9928],[147.2929,-31.99521],[147.26662,-32.0658],[147.19843,-32.11029],[147.19424,-32.06822],[147.07091,-32.15084],[147.14327,-32.22783],[147.04491,-32.29301],[147.00121,-32.28754],[146.99652,-32.31688],[146.89785,-32.20476],[146.76659,-32.29018],[146.86996,-32.40563],[146.807,-32.44747],[146.72079,-32.39546],[146.67594,-32.33299],[146.52804,-32.36839],[146.70496,-33.03225],[146.6448,-33.03126],[146.59361,-33.08613],[146.47408,-33.1105],[146.45999,-33.19726],[146.3877,-33.23578],[146.37636,-33.19559],[146.30804,-33.18749],[146.29059,-33.22731],[146.24774,-33.21912],[146.23534,-33.24103],[146.13742,-33.22733],[146.1312,-33.26122],[146.08367,-33.29032],[146.05397,-33.47575],[146.09515,-33.60312],[146.44081,-33.52084],[146.44563,-33.56386],[146.80889,-33.60714],[146.82042,-33.52816],[147.24278,-33.5918],[147.24588,-33.5719],[147.32037,-33.56779],[147.35836,-33.52533],[147.40349,-33.52743]]]}},{"type":"Feature","properties":{"id":"lake-grace","name":"Lake Grace","level":2,"centroid":[119.4206,-33.129],"bbox":[118.2597,-33.5402,120.5815,-32.7179]},"geometry":{"type":"Polygon","coordinates":[[[118.35448,-33.31615],[118.35451,-33.3325],[118.46048,-33.32156],[118.45343,-33.34126],[118.55312,-33.3443],[118.59845,-33.33879],[118.59841,-33.30269],[118.6324,-33.28685],[118.67951,-33.3324],[118.74737,-33.27417],[118.80755,-33.33176],[118.88905,-33.28702],[118.90115,-33.30318],[119.01683,-33.32759],[119.02126,-33.30847],[119.11877,-33.30889],[119.13503,-33.32293],[119.13475,-33.54017],[119.43281,-33.54017],[119.67834,-33.329],[119.77044,-33.38946],[119.80567,-33.35062],[119.85307,-33.34501],[120.0027,-33.2539],[120.00268,-33.23789],[119.97937,-33.2379],[119.97222,-33.1676],[120.06119,-33.11921],[120.02753,-33.08041],[120.217,-33.07487],[120.2552,-32.99519],[120.58149,-32.76519],[119.73821,-32.76519],[119.69871,-32.71788],[119.65135,-32.75019],[119.5801,-32.7502],[119.58009,-32.76471],[119.3265,-32.77004],[118.94994,-32.74137],[118.89894,-32.74234],[118.88507,-32.77567],[118.58849,-32.7573],[118.56219,-32.81932],[118.55031,-32.79153],[118.49628,-32.79482],[118.4963,-32.81409],[118.44149,-32.80191],[118.44152,-32.83408],[118.37933,-32.84695],[118.35691,-32.94347],[118.27897,-32.93986],[118.29259,-33.05683],[118.27581,-33.05165],[118.25969,-33.08864],[118.2844,-33.13518],[118.27399,-33.25093],[118.32024,-33.24535],[118.32024,-33.26506],[118.35337,-33.28017],[118.35448,-33.31615]]]}},{"type":"Feature","properties":{"id":"lake-macquarie","name":"Lake Macquarie","level":2,"centroid":[151.5347,-33.0375],"bbox":[151.3315,-33.2028,151.7379,-32.8723]},"geometry":{"type":"MultiPolygon","coordinates":[[[[151.5272,-33.15665],[151.52728,-33.13905],[151.50985,-33.13771],[151.51964,-33.12645],[151.56874,-33.11417],[151.54844,-33.08855],[151.52479,-33.1075],[151.50952,-33.10251],[151.51246,-33.09001],[151.53404,-33.08553],[151.55394,-33.06089],[151.6139,-33.08189],[151.58076,-33.06845],[151.58594,-33.0472],[151.60007,-33.05933],[151.60005,-33.04113],[151.57733,-33.03287],[151.59357,-33.02672],[151.61966,-33.04794],[151.59771,-32.99723],[151.58409,-32.99611],[151.61675,-33.00566],[151.62107,-32.97625],[151.60808,-32.96609],[151.64408,-32.97531],[151.62828,-33.01548],[151.65753,-33.03647],[151.6389,-33.05512],[151.64955,-33.06283],[151.64072,-33.08515],[151.66113,-33.08382],[151.66886,-33.05193],[151.73092,-33.00593],[151.73792,-32.96293],[151.68392,-32.94834],[151.68789,-32.92704],[151.6368,-32.91933],[151.64084,-32.89766],[151.60675,-32.89245],[151.60938,-32.88026],[151.54112,-32.87226],[151.53681,-32.90044],[151.51382,-32.9234],[151.51673,-32.96655],[151.46403,-32.96791],[151.44756,-32.99278],[151.38625,-33.00631],[151.37384,-33.03835],[151.3411,-33.04335],[151.33155,-33.06134],[151.37895,-33.0997],[151.39,-33.16991],[151.41096,-33.19413],[151.45512,-33.20283],[151.49053,-33.1868],[151.51219,-33.19429],[151.52766,-33.17995],[151.5272,-33.15665]]],[[[151.63055,-33.17708],[151.63017,-33.15376],[151.66575,-33.0869],[151.64063,-33.09588],[151.63562,-33.0692],[151.59592,-33.16324],[151.63055,-33.17708]]]]}},{"type":"Feature","properties":{"id":"lane-cove","name":"Lane Cove","level":2,"centroid":[151.1703,-33.823],"bbox":[151.1423,-33.8431,151.1983,-33.803]},"geometry":{"type":"Polygon","coordinates":[[[151.14416,-33.80298],[151.14469,-33.8063],[151.1423,-33.80806],[151.14341,-33.81055],[151.14318,-33.81293],[151.14524,-33.81534],[151.14472,-33.8169],[151.14864,-33.81886],[151.14955,-33.82443],[151.14894,-33.82597],[151.14551,-33.82786],[151.14582,-33.82895],[151.14975,-33.82943],[151.15218,-33.82846],[151.15065,-33.82346],[151.15204,-33.82183],[151.15222,-33.82391],[151.15425,-33.82653],[151.15391,-33.82852],[151.15566,-33.82967],[151.15939,-33.83029],[151.15983,-33.82705],[151.16408,-33.8284],[151.16603,-33.82736],[151.16524,-33.82888],[151.16149,-33.83026],[151.16103,-33.83142],[151.16378,-33.8326],[151.16471,-33.83424],[151.16751,-33.83429],[151.16899,-33.83606],[151.17364,-33.83351],[151.17047,-33.83086],[151.1731,-33.82818],[151.17483,-33.82833],[151.17943,-33.83265],[151.18037,-33.83229],[151.17996,-33.83052],[151.18164,-33.82951],[151.18188,-33.83335],[151.18437,-33.83606],[151.17939,-33.84036],[151.18112,-33.84224],[151.18279,-33.84128],[151.1876,-33.84311],[151.18503,-33.8388],[151.18636,-33.83792],[151.18747,-33.83462],[151.18905,-33.83362],[151.18918,-33.83116],[151.19258,-33.8292],[151.19272,-33.82797],[151.19573,-33.8279],[151.19536,-33.82635],[151.19827,-33.82508],[151.19563,-33.82324],[151.19045,-33.82475],[151.18821,-33.8245],[151.18219,-33.81785],[151.17861,-33.81632],[151.17548,-33.81202],[151.1795,-33.80732],[151.17928,-33.80545],[151.17203,-33.8077],[151.14416,-33.80298]]]}},{"type":"Feature","properties":{"id":"latrobe-tas","name":"Latrobe (Tas.)","level":2,"centroid":[146.5549,-41.2352],"bbox":[146.3478,-41.3779,146.7621,-41.0925]},"geometry":{"type":"Polygon","coordinates":[[[146.34783,-41.243],[146.37011,-41.26679],[146.35893,-41.28419],[146.44445,-41.29782],[146.44681,-41.31501],[146.45969,-41.32015],[146.45979,-41.34724],[146.48946,-41.37794],[146.54558,-41.36738],[146.54822,-41.35499],[146.58993,-41.36173],[146.58086,-41.34686],[146.58958,-41.33478],[146.61748,-41.33789],[146.61995,-41.32446],[146.70359,-41.33268],[146.70518,-41.29777],[146.71844,-41.30593],[146.76206,-41.28716],[146.69563,-41.17026],[146.69569,-41.13293],[146.65842,-41.11028],[146.65299,-41.0925],[146.63338,-41.12571],[146.56197,-41.15453],[146.56688,-41.16378],[146.60959,-41.15844],[146.59503,-41.16436],[146.60788,-41.16858],[146.58477,-41.16788],[146.57836,-41.18467],[146.59549,-41.20931],[146.58787,-41.21426],[146.60923,-41.21203],[146.59504,-41.25064],[146.6068,-41.25935],[146.59392,-41.25142],[146.59618,-41.21972],[146.58504,-41.20508],[146.56517,-41.25102],[146.57299,-41.23933],[146.5611,-41.23844],[146.57573,-41.22016],[146.56241,-41.1973],[146.57299,-41.18913],[146.55364,-41.17147],[146.54038,-41.17912],[146.562,-41.16737],[146.54178,-41.15504],[146.54572,-41.12954],[146.5319,-41.11842],[146.49328,-41.14938],[146.40665,-41.17015],[146.39459,-41.20535],[146.37626,-41.21125],[146.40049,-41.23343],[146.36819,-41.2274],[146.37112,-41.21739],[146.34859,-41.22615],[146.34783,-41.243]]]}},{"type":"Feature","properties":{"id":"latrobe-vic","name":"Latrobe (Vic.)","level":2,"centroid":[146.4606,-38.2539],"bbox":[146.2105,-38.5363,146.7107,-37.9715]},"geometry":{"type":"Polygon","coordinates":[[[146.23019,-38.32172],[146.25096,-38.33136],[146.24353,-38.35611],[146.21051,-38.37038],[146.24087,-38.37916],[146.2232,-38.43994],[146.27219,-38.44641],[146.26959,-38.45687],[146.23551,-38.46024],[146.26257,-38.47098],[146.25476,-38.4961],[146.2918,-38.5001],[146.29055,-38.52791],[146.31332,-38.51955],[146.34436,-38.53633],[146.36821,-38.53324],[146.38029,-38.49751],[146.4239,-38.48249],[146.42473,-38.47227],[146.48279,-38.45586],[146.4892,-38.43927],[146.49155,-38.44705],[146.56524,-38.42928],[146.6023,-38.33431],[146.59773,-38.31053],[146.62186,-38.29293],[146.63238,-38.25841],[146.65691,-38.24042],[146.65503,-38.22507],[146.68094,-38.21242],[146.71069,-38.16514],[146.70202,-38.14906],[146.69705,-38.15661],[146.63849,-38.14615],[146.6054,-38.16311],[146.57122,-38.1534],[146.61616,-38.0687],[146.65106,-38.07336],[146.66238,-38.05751],[146.62435,-38.04923],[146.65557,-37.99677],[146.63824,-37.99552],[146.62722,-37.97146],[146.59068,-37.97455],[146.56699,-38.03068],[146.56951,-38.05809],[146.53479,-38.05694],[146.52792,-38.08424],[146.47572,-38.0753],[146.47898,-38.10379],[146.42441,-38.09653],[146.42628,-38.12983],[146.395,-38.13882],[146.36135,-38.10708],[146.3286,-38.1198],[146.2904,-38.1105],[146.25608,-38.14336],[146.24827,-38.17248],[146.22333,-38.17787],[146.22752,-38.20247],[146.21605,-38.21917],[146.24666,-38.23262],[146.29134,-38.22717],[146.23019,-38.32172]]]}},{"type":"Feature","properties":{"id":"launceston","name":"Launceston","level":2,"centroid":[147.3124,-41.3211],"bbox":[146.9767,-41.5562,147.6481,-41.0861]},"geometry":{"type":"Polygon","coordinates":[[[147.59058,-41.38084],[147.49954,-41.29775],[147.39346,-41.27151],[147.38799,-41.25433],[147.34186,-41.25233],[147.28975,-41.27765],[147.28062,-41.22724],[147.29791,-41.1994],[147.2622,-41.19116],[147.2684,-41.1125],[147.24344,-41.11005],[147.24814,-41.09076],[147.21258,-41.08607],[147.20426,-41.11639],[147.14623,-41.13555],[147.12989,-41.1994],[147.11024,-41.19591],[147.00042,-41.2585],[147.01376,-41.28357],[146.97666,-41.30311],[146.98765,-41.31416],[147.04217,-41.31966],[147.04577,-41.33658],[147.0724,-41.33068],[147.0826,-41.34464],[147.0752,-41.35415],[147.08894,-41.35366],[147.07528,-41.35453],[147.07977,-41.36682],[147.12787,-41.41094],[147.11805,-41.42014],[147.12702,-41.43213],[147.15467,-41.416],[147.17321,-41.43449],[147.14594,-41.4172],[147.13048,-41.43951],[147.12124,-41.44363],[147.12786,-41.43775],[147.11891,-41.42615],[147.11288,-41.44367],[147.1018,-41.44259],[147.11537,-41.45516],[147.10335,-41.46586],[147.1401,-41.48301],[147.12601,-41.4905],[147.13636,-41.50127],[147.16937,-41.49288],[147.19803,-41.51015],[147.22229,-41.49361],[147.23607,-41.51091],[147.23078,-41.51989],[147.26271,-41.53004],[147.30283,-41.52041],[147.31279,-41.52938],[147.34676,-41.51203],[147.388,-41.55606],[147.40646,-41.55617],[147.47615,-41.51804],[147.50654,-41.53043],[147.53993,-41.50744],[147.57891,-41.51358],[147.64806,-41.47841],[147.62737,-41.45146],[147.62873,-41.42816],[147.61583,-41.42639],[147.61926,-41.40921],[147.60636,-41.40744],[147.59058,-41.38084]]]}},{"type":"Feature","properties":{"id":"laverton","name":"Laverton","level":2,"centroid":[125.2732,-27.9379],"bbox":[121.5445,-29.2212,129.0019,-26.6547]},"geometry":{"type":"Polygon","coordinates":[[[129.00186,-26.745],[123.04675,-26.74548],[123.04675,-26.68193],[122.96389,-26.68193],[122.96389,-26.6547],[122.68917,-26.65467],[122.68917,-26.7128],[122.46098,-26.7128],[122.46098,-26.82837],[122.06556,-26.82838],[122.06555,-26.80677],[121.77906,-26.80677],[121.77907,-27.29024],[121.64898,-27.29024],[121.64898,-27.31475],[121.60321,-27.31475],[121.60321,-27.356],[121.58692,-27.356],[121.58694,-27.6398],[121.66423,-27.63984],[121.66419,-27.68095],[121.77394,-27.68095],[121.77394,-27.60547],[121.89502,-27.60549],[121.89503,-27.57781],[121.98476,-27.57784],[121.98475,-27.78782],[121.88792,-27.78782],[121.88793,-28.0648],[121.95883,-28.0648],[121.9608,-28.47849],[121.79646,-28.47846],[121.79646,-28.45486],[121.54454,-28.45491],[121.54466,-28.58413],[121.59384,-28.58413],[121.59384,-28.61255],[121.60984,-28.61255],[121.60984,-28.59156],[121.65817,-28.59156],[121.65817,-28.61259],[121.78784,-28.61259],[121.78785,-28.72875],[121.8386,-28.72875],[121.8496,-28.86158],[121.91003,-28.86158],[121.90981,-28.92243],[121.94447,-28.92236],[121.94467,-29.03315],[122.38834,-29.03218],[122.40476,-29.04841],[122.39438,-29.08827],[122.4092,-29.09484],[122.41307,-29.08244],[122.4124,-29.09645],[122.42119,-29.08229],[122.40457,-29.10059],[122.47401,-29.22117],[122.47401,-29.19277],[122.74652,-29.19277],[122.74652,-29.10205],[122.76755,-29.10205],[122.76755,-29.02978],[129.0019,-29.03306],[129.00186,-26.745]]]}},{"type":"Feature","properties":{"id":"leeton","name":"Leeton","level":2,"centroid":[146.2698,-34.5296],"bbox":[146.0228,-34.725,146.5167,-34.3342]},"geometry":{"type":"Polygon","coordinates":[[[146.02822,-34.56566],[146.02283,-34.59447],[146.03035,-34.59876],[146.03213,-34.58856],[146.0489,-34.57783],[146.04327,-34.58799],[146.06144,-34.59038],[146.0596,-34.59766],[146.07114,-34.60829],[146.08571,-34.60798],[146.09751,-34.6324],[146.12939,-34.62792],[146.13145,-34.61991],[146.15274,-34.62849],[146.17091,-34.60915],[146.18437,-34.6108],[146.18952,-34.62501],[146.21174,-34.6237],[146.22663,-34.61123],[146.21876,-34.67506],[146.33241,-34.68899],[146.34487,-34.6993],[146.37616,-34.69473],[146.4104,-34.70601],[146.42522,-34.7],[146.42698,-34.70792],[146.46622,-34.72499],[146.48741,-34.70899],[146.51673,-34.55358],[146.51029,-34.55277],[146.51421,-34.53112],[146.47057,-34.52554],[146.47873,-34.48021],[146.47313,-34.47524],[146.48178,-34.47629],[146.48269,-34.46307],[146.43889,-34.45519],[146.44122,-34.44259],[146.40028,-34.44159],[146.40008,-34.4225],[146.38762,-34.42099],[146.39696,-34.38671],[146.38679,-34.38544],[146.39067,-34.34489],[146.30034,-34.33424],[146.30103,-34.34519],[146.28612,-34.34581],[146.28545,-34.33556],[146.27648,-34.33445],[146.27511,-34.34185],[146.23629,-34.33686],[146.22999,-34.37181],[146.20653,-34.3542],[146.20219,-34.37661],[146.17743,-34.37362],[146.13441,-34.39108],[146.15333,-34.40513],[146.13456,-34.48056],[146.14726,-34.48221],[146.14457,-34.50107],[146.09023,-34.4838],[146.07541,-34.56701],[146.02822,-34.56566]]]}},{"type":"Feature","properties":{"id":"leonora","name":"Leonora","level":2,"centroid":[121.2595,-28.3942],"bbox":[120.045,-29.4982,122.474,-27.2902]},"geometry":{"type":"Polygon","coordinates":[[[121.64898,-27.29024],[120.0584,-27.29026],[120.0747,-27.61261],[120.15751,-27.61261],[120.15429,-28.04759],[120.19618,-28.04719],[120.19619,-28.29113],[120.04499,-28.29113],[120.0452,-28.46399],[120.45042,-28.46402],[120.45039,-28.51592],[120.62316,-28.51598],[120.62311,-28.61018],[120.76054,-28.61019],[120.76054,-28.7717],[120.68809,-28.7717],[120.68804,-28.9365],[120.83759,-28.93654],[120.8375,-29.05665],[121.18475,-29.05522],[121.18475,-29.11296],[121.38458,-29.11296],[121.38459,-29.18468],[121.69788,-29.17787],[121.69788,-29.12509],[121.78008,-29.12509],[121.78008,-29.18464],[121.88198,-29.18569],[121.88165,-29.31153],[122.06448,-29.31153],[122.06448,-29.45311],[122.16323,-29.4531],[122.16323,-29.49821],[122.28781,-29.49821],[122.2882,-29.44521],[122.36977,-29.44533],[122.36976,-29.35376],[122.47402,-29.35376],[122.47401,-29.22117],[122.42119,-29.08229],[122.39438,-29.08827],[122.40476,-29.04841],[121.94467,-29.03315],[121.94447,-28.92236],[121.90981,-28.92243],[121.91003,-28.86158],[121.8496,-28.86158],[121.8386,-28.72875],[121.78785,-28.72875],[121.78784,-28.61259],[121.59384,-28.61255],[121.59384,-28.58413],[121.54466,-28.58413],[121.54454,-28.45491],[121.9608,-28.47849],[121.95883,-28.0648],[121.88793,-28.0648],[121.88792,-27.78782],[121.98475,-27.78782],[121.98476,-27.57784],[121.77394,-27.60547],[121.77394,-27.68095],[121.66419,-27.68095],[121.66423,-27.63984],[121.58694,-27.6398],[121.58692,-27.356],[121.64898,-27.29024]]]}},{"type":"Feature","properties":{"id":"light","name":"Light","level":2,"centroid":[138.8437,-34.412],"bbox":[138.56,-34.6304,139.1274,-34.1935]},"geometry":{"type":"Polygon","coordinates":[[[138.63019,-34.62874],[138.64643,-34.63044],[138.66868,-34.61298],[138.72283,-34.61226],[138.7464,-34.57169],[138.75574,-34.58814],[138.75164,-34.5782],[138.77333,-34.56059],[138.79027,-34.56274],[138.79406,-34.55109],[138.82691,-34.57034],[138.83206,-34.55446],[138.85161,-34.55743],[138.86054,-34.54866],[138.87417,-34.57414],[138.90016,-34.56829],[138.92423,-34.58369],[138.94715,-34.54418],[138.93661,-34.53883],[138.97823,-34.4904],[138.96971,-34.48629],[138.9782,-34.46637],[138.97322,-34.4499],[139.00198,-34.4585],[139.05764,-34.42447],[139.10127,-34.41167],[139.09377,-34.40099],[139.09835,-34.3855],[139.11226,-34.37889],[139.11678,-34.35171],[139.10486,-34.33033],[139.1274,-34.31501],[139.03408,-34.30672],[139.04879,-34.24509],[139.00767,-34.24291],[138.98403,-34.25844],[138.96584,-34.20182],[138.97161,-34.19363],[138.83838,-34.19348],[138.83582,-34.21241],[138.82818,-34.21176],[138.84087,-34.22098],[138.83901,-34.23168],[138.82723,-34.23827],[138.83969,-34.29656],[138.77943,-34.29827],[138.78649,-34.33669],[138.76139,-34.36521],[138.73972,-34.36161],[138.72997,-34.37057],[138.70645,-34.35823],[138.68748,-34.36614],[138.66714,-34.36101],[138.62619,-34.39321],[138.57384,-34.39749],[138.55996,-34.41465],[138.57139,-34.43269],[138.56775,-34.44901],[138.62979,-34.47481],[138.63019,-34.62874]]]}},{"type":"Feature","properties":{"id":"lismore","name":"Lismore","level":2,"centroid":[153.2635,-28.7936],"bbox":[153.0773,-29.0713,153.4496,-28.5158]},"geometry":{"type":"Polygon","coordinates":[[[153.44964,-28.75503],[153.42779,-28.73859],[153.40673,-28.74305],[153.41216,-28.72058],[153.40065,-28.69859],[153.40775,-28.68614],[153.4241,-28.69337],[153.41604,-28.67138],[153.43035,-28.66099],[153.41164,-28.64103],[153.4127,-28.61864],[153.37309,-28.61396],[153.37895,-28.58222],[153.32858,-28.54084],[153.2914,-28.54156],[153.28263,-28.51597],[153.25544,-28.52714],[153.24723,-28.5158],[153.1838,-28.52221],[153.1583,-28.57363],[153.13795,-28.57227],[153.14294,-28.58895],[153.11818,-28.59796],[153.12283,-28.62364],[153.10107,-28.62164],[153.08255,-28.66799],[153.08818,-28.70359],[153.07732,-28.7461],[153.10872,-28.76347],[153.1112,-28.775],[153.14787,-28.78391],[153.13855,-28.81454],[153.18764,-28.84625],[153.17313,-28.92234],[153.22509,-28.9283],[153.24185,-28.94692],[153.24697,-28.93114],[153.26942,-28.94422],[153.26367,-28.95195],[153.27343,-28.95232],[153.30055,-28.99452],[153.26912,-29.01115],[153.28547,-29.02404],[153.279,-29.03628],[153.30694,-29.06066],[153.33203,-29.0406],[153.33762,-29.07132],[153.37868,-29.05817],[153.37549,-29.02721],[153.39994,-28.99897],[153.41942,-29.01733],[153.43497,-29.00606],[153.37554,-28.95388],[153.38865,-28.9167],[153.36253,-28.8917],[153.37966,-28.85112],[153.3963,-28.843],[153.38192,-28.80007],[153.40225,-28.7851],[153.4268,-28.7945],[153.42449,-28.78373],[153.44284,-28.77917],[153.44964,-28.75503]]]}},{"type":"Feature","properties":{"id":"litchfield","name":"Litchfield","level":2,"centroid":[131.127,-12.502],"bbox":[130.859,-12.8613,131.3949,-12.1427]},"geometry":{"type":"Polygon","coordinates":[[[131.20303,-12.86135],[131.21334,-12.80308],[131.2825,-12.75352],[131.27313,-12.70567],[131.36798,-12.64784],[131.39491,-12.50776],[131.3233,-12.45342],[131.33811,-12.43482],[131.30132,-12.42424],[131.3276,-12.385],[131.27145,-12.33185],[131.29446,-12.29796],[131.27159,-12.23816],[131.24819,-12.2223],[131.21438,-12.23713],[131.22501,-12.28503],[131.23205,-12.26678],[131.20598,-12.27038],[131.19336,-12.23772],[131.22205,-12.22717],[131.17009,-12.17399],[131.12544,-12.18258],[131.1132,-12.15504],[131.06534,-12.1668],[131.0453,-12.14267],[130.99464,-12.18605],[131.03047,-12.2315],[131.01299,-12.32327],[131.02846,-12.30549],[131.06097,-12.33212],[131.02978,-12.3256],[131.02983,-12.34639],[131.05506,-12.34778],[131.00893,-12.35637],[131.01878,-12.37164],[130.98281,-12.34186],[130.93688,-12.34298],[130.93822,-12.40959],[130.92268,-12.40991],[130.92343,-12.43308],[131.01324,-12.48712],[131.01434,-12.52722],[130.93898,-12.55407],[130.92263,-12.50924],[130.90805,-12.54073],[130.90362,-12.51328],[130.85899,-12.5076],[130.90143,-12.55625],[130.87783,-12.55242],[130.88466,-12.57478],[130.95333,-12.59685],[130.96686,-12.62977],[130.8823,-12.60619],[130.90819,-12.65642],[130.89523,-12.68246],[130.88927,-12.64822],[130.88921,-12.85954],[131.03875,-12.86038],[131.03876,-12.81582],[131.06869,-12.81586],[131.20303,-12.86135]]]}},{"type":"Feature","properties":{"id":"lithgow","name":"Lithgow","level":2,"centroid":[150.1814,-33.3205],"bbox":[149.7519,-33.7604,150.6108,-32.8807]},"geometry":{"type":"Polygon","coordinates":[[[149.86961,-33.51988],[149.87886,-33.5456],[149.89772,-33.53985],[149.88919,-33.56538],[149.93761,-33.5643],[149.93728,-33.59175],[149.97423,-33.61513],[149.98444,-33.68841],[149.96261,-33.71389],[149.98259,-33.74242],[150.03123,-33.76037],[150.0634,-33.71433],[150.09581,-33.73913],[150.18007,-33.74586],[150.21242,-33.72122],[150.17917,-33.72212],[150.18109,-33.7044],[150.20763,-33.7085],[150.27076,-33.62292],[150.21219,-33.55854],[150.25068,-33.55803],[150.25682,-33.49429],[150.33101,-33.52251],[150.35486,-33.48575],[150.44667,-33.48178],[150.48234,-33.38271],[150.59063,-33.34259],[150.55153,-33.31527],[150.57557,-33.28961],[150.52571,-33.23895],[150.54434,-33.22094],[150.52383,-33.19456],[150.60988,-33.14335],[150.61082,-33.06624],[150.52007,-33.03489],[150.39385,-33.03917],[150.34385,-32.88794],[150.28001,-32.92024],[150.17247,-32.88067],[150.07513,-32.88068],[150.04677,-32.90859],[150.0113,-32.90685],[150.0175,-33.00355],[149.93117,-32.99921],[149.92294,-33.02929],[149.94669,-33.04534],[149.92214,-33.12908],[149.896,-33.14572],[149.80732,-33.09495],[149.76512,-33.12312],[149.75193,-33.17733],[149.82846,-33.22361],[149.80811,-33.25347],[149.83637,-33.25737],[149.83229,-33.32368],[149.91372,-33.37712],[149.90192,-33.43806],[149.92218,-33.4778],[149.90714,-33.51033],[149.86961,-33.51988]]]}},{"type":"Feature","properties":{"id":"liverpool","name":"Liverpool","level":2,"centroid":[150.8059,-33.9525],"bbox":[150.6177,-34.0411,150.994,-33.864]},"geometry":{"type":"Polygon","coordinates":[[[150.81512,-33.96785],[150.82119,-33.97616],[150.82839,-33.9735],[150.84446,-33.98445],[150.88683,-33.95818],[150.90075,-33.9654],[150.91325,-33.96475],[150.90783,-33.99034],[150.91256,-34.00027],[150.90151,-34.00721],[150.90677,-34.01774],[150.89291,-34.0195],[150.89209,-34.00487],[150.88853,-34.00553],[150.88645,-34.03126],[150.89535,-34.03525],[150.94809,-34.04106],[150.9517,-34.02347],[150.9684,-34.02582],[150.98063,-34.01711],[150.98444,-33.99867],[150.99125,-33.99296],[150.9884,-33.97702],[150.99402,-33.97169],[150.98116,-33.9649],[150.98281,-33.95571],[150.9662,-33.9436],[150.96868,-33.93093],[150.97905,-33.92915],[150.97407,-33.91025],[150.96011,-33.90461],[150.96621,-33.90014],[150.92795,-33.90739],[150.91729,-33.90388],[150.90778,-33.91417],[150.90372,-33.9086],[150.85714,-33.89437],[150.86463,-33.88346],[150.85218,-33.88339],[150.83977,-33.87473],[150.79542,-33.88085],[150.69827,-33.86403],[150.69051,-33.87226],[150.6925,-33.88316],[150.63953,-33.87632],[150.63453,-33.90223],[150.6489,-33.91706],[150.63921,-33.92971],[150.61768,-33.92963],[150.62709,-33.93538],[150.61795,-33.95289],[150.62323,-33.96023],[150.63261,-33.95341],[150.63612,-33.95818],[150.65089,-33.95941],[150.664,-33.94718],[150.70016,-33.94664],[150.70132,-33.9403],[150.72572,-33.93887],[150.82257,-33.95198],[150.81512,-33.96785]]]}},{"type":"Feature","properties":{"id":"liverpool-plains","name":"Liverpool Plains","level":2,"centroid":[150.42,-31.4702],"bbox":[149.8409,-31.8582,150.9991,-31.0822]},"geometry":{"type":"Polygon","coordinates":[[[149.91297,-31.45335],[149.88292,-31.45198],[149.86696,-31.53726],[149.90441,-31.53688],[149.91476,-31.55951],[149.89292,-31.59254],[149.90107,-31.62441],[149.8409,-31.61609],[149.86558,-31.63798],[149.86631,-31.67895],[149.90667,-31.70723],[149.96555,-31.70096],[149.98413,-31.72792],[150.02827,-31.6852],[150.07508,-31.73986],[150.15171,-31.76592],[150.19943,-31.82364],[150.29372,-31.84886],[150.33458,-31.82542],[150.44309,-31.85475],[150.48627,-31.8311],[150.54658,-31.85823],[150.7234,-31.83855],[150.71708,-31.79758],[150.75988,-31.78226],[150.80229,-31.73319],[150.84902,-31.73052],[150.86583,-31.69929],[150.88655,-31.70214],[150.91406,-31.64784],[150.99912,-31.63501],[150.99506,-31.57557],[150.92064,-31.51312],[150.86551,-31.41771],[150.81636,-31.40143],[150.81989,-31.36288],[150.77343,-31.33413],[150.79466,-31.30558],[150.77804,-31.30291],[150.78469,-31.26858],[150.76711,-31.24717],[150.78069,-31.23636],[150.74981,-31.23442],[150.75467,-31.21008],[150.69172,-31.17834],[150.61515,-31.08551],[150.59238,-31.08223],[150.57144,-31.2082],[150.58554,-31.2176],[150.56047,-31.22526],[150.58376,-31.22846],[150.57366,-31.28137],[150.55041,-31.27806],[150.5433,-31.36286],[150.41949,-31.34002],[150.43462,-31.39329],[150.41767,-31.39762],[150.16097,-31.35495],[150.14865,-31.30383],[150.1653,-31.23299],[150.13832,-31.22391],[150.13466,-31.2443],[150.10338,-31.24001],[150.07884,-31.33808],[149.98668,-31.3293],[150.00226,-31.44562],[149.91297,-31.45335]]]}},{"type":"Feature","properties":{"id":"livingstone","name":"Livingstone","level":2,"centroid":[150.1198,-22.7848],"bbox":[149.3682,-23.5169,150.8714,-22.0528]},"geometry":{"type":"MultiPolygon","coordinates":[[[[150.47208,-22.28585],[150.48563,-22.35001],[150.5608,-22.29497],[150.4894,-22.20664],[150.47208,-22.28585]]],[[[149.86185,-22.16967],[149.86974,-22.22629],[149.9186,-22.20499],[149.90769,-22.0528],[149.86185,-22.16967]]],[[[149.67263,-23.08205],[149.8232,-22.98092],[149.99581,-23.08718],[150.06479,-23.03503],[150.16242,-23.14562],[150.21584,-23.10824],[150.38438,-23.14264],[150.34212,-23.24611],[150.42199,-23.24546],[150.44992,-23.33974],[150.57748,-23.25696],[150.61307,-23.34227],[150.57111,-23.39908],[150.63797,-23.51687],[150.87143,-23.48093],[150.75933,-23.30039],[150.82983,-23.25511],[150.74968,-23.12936],[150.83516,-22.68419],[150.77774,-22.63895],[150.78395,-22.52915],[150.75886,-22.62669],[150.70726,-22.63618],[150.72483,-22.56314],[150.67956,-22.57344],[150.64427,-22.47427],[150.72394,-22.51859],[150.75333,-22.44628],[150.66714,-22.34653],[150.66634,-22.45409],[150.62734,-22.44166],[150.6458,-22.34549],[150.56195,-22.31675],[150.52996,-22.40241],[150.59003,-22.46405],[150.53308,-22.45001],[150.60782,-22.50083],[150.55247,-22.48398],[150.59757,-22.55942],[150.54857,-22.61708],[150.49179,-22.52141],[150.17743,-22.36048],[150.04423,-22.12545],[149.95594,-22.1853],[149.91287,-22.34267],[150.04676,-22.66105],[149.80897,-22.38156],[149.66012,-22.50123],[149.62545,-22.59771],[149.38854,-22.616],[149.44854,-22.74074],[149.36818,-22.87692],[149.4793,-23.11033],[149.67263,-23.08205]]]]}},{"type":"Feature","properties":{"id":"lockhart","name":"Lockhart","level":2,"centroid":[146.7932,-35.3215],"bbox":[146.3542,-35.575,147.2321,-35.068]},"geometry":{"type":"Polygon","coordinates":[[[146.60507,-35.50575],[146.66978,-35.52027],[146.66233,-35.54775],[146.67297,-35.55526],[146.79616,-35.57499],[146.79767,-35.56628],[146.88838,-35.57323],[146.89091,-35.56047],[146.95547,-35.52306],[146.99119,-35.51683],[146.99391,-35.48927],[147.01661,-35.49387],[147.04018,-35.48419],[147.07125,-35.46059],[147.07023,-35.45295],[147.10526,-35.45273],[147.13241,-35.46789],[147.1578,-35.46915],[147.16389,-35.43873],[147.17857,-35.44178],[147.18565,-35.43149],[147.17653,-35.43032],[147.179,-35.41741],[147.16668,-35.41582],[147.18143,-35.3892],[147.17959,-35.37979],[147.1655,-35.37803],[147.16824,-35.36356],[147.17762,-35.36476],[147.19774,-35.3273],[147.21388,-35.34466],[147.21531,-35.33712],[147.23068,-35.33891],[147.23211,-35.30498],[147.1853,-35.29075],[147.14096,-35.25408],[147.14932,-35.18086],[147.0582,-35.16916],[147.0508,-35.1872],[147.03233,-35.18781],[146.99051,-35.17465],[146.93553,-35.17104],[146.93023,-35.1616],[146.85608,-35.18069],[146.85961,-35.17256],[146.84378,-35.17659],[146.84297,-35.14993],[146.83245,-35.14834],[146.8283,-35.13265],[146.77031,-35.09728],[146.76153,-35.07643],[146.68848,-35.06797],[146.66093,-35.08972],[146.62522,-35.10066],[146.61499,-35.11452],[146.56463,-35.1186],[146.38926,-35.23172],[146.3864,-35.24738],[146.41366,-35.25053],[146.40381,-35.30444],[146.39247,-35.30298],[146.38877,-35.32284],[146.37295,-35.32099],[146.35423,-35.38778],[146.3808,-35.40568],[146.39152,-35.43041],[146.43119,-35.47498],[146.5401,-35.48716],[146.60507,-35.50575]]]}},{"type":"Feature","properties":{"id":"lockhart-river","name":"Lockhart River","level":2,"centroid":[143.2397,-13.0185],"bbox":[142.8835,-13.4855,143.596,-12.5514]},"geometry":{"type":"MultiPolygon","coordinates":[[[[143.59596,-13.41386],[143.5818,-13.37565],[143.54011,-13.35292],[143.52693,-13.32736],[143.52181,-13.17883],[143.50216,-13.12426],[143.51458,-13.00812],[143.51221,-12.96121],[143.49773,-12.94911],[143.54408,-12.84292],[143.47451,-12.86539],[143.44935,-12.84892],[143.40513,-12.86779],[143.40142,-12.90051],[143.39022,-12.88505],[143.35716,-12.89749],[143.36189,-12.79122],[143.32932,-12.7704],[143.33221,-12.79199],[143.31951,-12.7916],[143.29961,-12.77235],[143.31449,-12.83678],[143.28247,-12.8337],[143.23478,-12.87276],[143.21884,-12.77605],[143.18861,-12.73511],[143.21366,-12.7096],[143.22275,-12.64671],[143.20182,-12.64469],[143.17393,-12.5939],[143.18637,-12.55142],[143.17637,-12.57061],[143.16268,-12.55643],[143.11505,-12.5753],[143.08693,-12.56534],[143.06973,-12.61195],[143.0762,-12.64007],[143.04228,-12.66356],[143.02812,-12.69777],[142.92168,-12.69996],[142.93264,-12.77386],[142.88352,-12.80681],[142.91661,-12.83811],[142.91807,-12.86201],[142.95085,-12.87823],[142.95809,-12.94689],[142.89359,-12.99284],[142.9805,-13.12044],[143.05716,-13.12518],[143.10965,-13.15043],[143.25165,-13.13822],[143.24112,-13.25108],[143.3439,-13.24809],[143.32004,-13.28957],[143.35328,-13.28399],[143.391,-13.3351],[143.36447,-13.40265],[143.32035,-13.43766],[143.31674,-13.48552],[143.49754,-13.45152],[143.49538,-13.42546],[143.5191,-13.44133],[143.53531,-13.42126],[143.59596,-13.41386]]],[[[143.28575,-12.82366],[143.30892,-12.81853],[143.27712,-12.78068],[143.28575,-12.82366]]]]}},{"type":"Feature","properties":{"id":"lockyer-valley","name":"Lockyer Valley","level":2,"centroid":[152.2304,-27.6814],"bbox":[151.9421,-27.9775,152.5187,-27.3852]},"geometry":{"type":"Polygon","coordinates":[[[152.51384,-27.56628],[152.51866,-27.55201],[152.49243,-27.55116],[152.49935,-27.51168],[152.47411,-27.5079],[152.47733,-27.47881],[152.37338,-27.40197],[152.31543,-27.39878],[152.31001,-27.42928],[152.29426,-27.42734],[152.29131,-27.4002],[152.26287,-27.41614],[152.26098,-27.39261],[152.19283,-27.38522],[152.19754,-27.40928],[152.1796,-27.40723],[152.16163,-27.44667],[152.08944,-27.39696],[152.06988,-27.40371],[152.05381,-27.39202],[152.0548,-27.41257],[152.01685,-27.4221],[152.01946,-27.4487],[151.96393,-27.4709],[151.9696,-27.49477],[151.95666,-27.51912],[151.96399,-27.52941],[151.97006,-27.51801],[151.99847,-27.52526],[151.98824,-27.53597],[152.00471,-27.54853],[151.9962,-27.58074],[152.01676,-27.57971],[151.97425,-27.60925],[151.97802,-27.62121],[151.94815,-27.61756],[151.94209,-27.63206],[151.95612,-27.64959],[151.984,-27.64717],[152.00151,-27.70255],[152.03405,-27.70292],[152.03183,-27.71625],[152.07653,-27.72917],[152.08532,-27.75997],[152.10477,-27.74563],[152.10126,-27.76519],[152.13937,-27.77969],[152.13047,-27.78376],[152.14909,-27.80661],[152.13794,-27.81394],[152.1531,-27.83628],[152.15123,-27.87662],[152.1759,-27.88739],[152.18846,-27.92416],[152.21491,-27.94513],[152.26989,-27.96902],[152.29744,-27.95609],[152.38228,-27.96562],[152.39469,-27.97752],[152.41588,-27.94461],[152.40072,-27.82474],[152.38279,-27.80722],[152.40706,-27.8055],[152.38924,-27.76974],[152.4135,-27.70093],[152.39157,-27.69082],[152.41745,-27.6737],[152.42084,-27.65223],[152.45786,-27.66278],[152.51384,-27.56628]]]}},{"type":"Feature","properties":{"id":"loddon","name":"Loddon","level":2,"centroid":[143.8295,-36.4034],"bbox":[143.3152,-36.9008,144.3438,-35.9059]},"geometry":{"type":"Polygon","coordinates":[[[143.3152,-36.47693],[143.33391,-36.51239],[143.42124,-36.55711],[143.43851,-36.61457],[143.48635,-36.62572],[143.5012,-36.6753],[143.46067,-36.73251],[143.46336,-36.75534],[143.66964,-36.72369],[143.67787,-36.81426],[143.75886,-36.84293],[143.75685,-36.86778],[143.84639,-36.88046],[143.86249,-36.90085],[143.8921,-36.89392],[143.8917,-36.88189],[144.02591,-36.89788],[144.04794,-36.79224],[144.07566,-36.74312],[144.05985,-36.73074],[144.0687,-36.66199],[144.12581,-36.66201],[144.1404,-36.61842],[144.18473,-36.61847],[144.16265,-36.56556],[144.17046,-36.52441],[144.19934,-36.52448],[144.20968,-36.48751],[144.34376,-36.48708],[144.33184,-36.3277],[144.28173,-36.32771],[144.26687,-36.22586],[144.28924,-36.12917],[144.31873,-36.09658],[144.30394,-36.06129],[144.31648,-36.04419],[144.27995,-36.01327],[144.29141,-35.98441],[144.26006,-35.94899],[144.26312,-35.93138],[144.18729,-35.90756],[144.185,-35.94668],[143.92257,-35.9528],[143.91847,-35.9374],[143.86172,-35.93487],[143.874,-35.91606],[143.7284,-35.90585],[143.72825,-35.93247],[143.61783,-35.93484],[143.61806,-35.9694],[143.47569,-35.97529],[143.48221,-36.10169],[143.5116,-36.10133],[143.51355,-36.17326],[143.53666,-36.17403],[143.53172,-36.20333],[143.56874,-36.22223],[143.50804,-36.26497],[143.51396,-36.29507],[143.48214,-36.29504],[143.47851,-36.37612],[143.43887,-36.3684],[143.44508,-36.44603],[143.43051,-36.46945],[143.41217,-36.46765],[143.40679,-36.49993],[143.3152,-36.47693]]]}},{"type":"Feature","properties":{"id":"logan","name":"Logan","level":2,"centroid":[153.0448,-27.7636],"bbox":[152.7993,-27.9355,153.2903,-27.5917]},"geometry":{"type":"Polygon","coordinates":[[[152.94166,-27.62648],[152.92472,-27.65772],[152.93156,-27.66613],[152.92346,-27.70767],[152.89066,-27.70358],[152.88279,-27.74735],[152.87333,-27.75344],[152.836,-27.75573],[152.82926,-27.74677],[152.80804,-27.75864],[152.80331,-27.78557],[152.82191,-27.78496],[152.82741,-27.80964],[152.81637,-27.81362],[152.81406,-27.8262],[152.80405,-27.82485],[152.79933,-27.83911],[152.81714,-27.84829],[152.81946,-27.86542],[152.83502,-27.86982],[152.8813,-27.84822],[152.89738,-27.85759],[152.93096,-27.83984],[152.94576,-27.8428],[152.95196,-27.85764],[152.9426,-27.86206],[152.94714,-27.89637],[152.95966,-27.92135],[152.98258,-27.92411],[152.98462,-27.91188],[153.0127,-27.92062],[153.01747,-27.9001],[153.03149,-27.90254],[153.03098,-27.91571],[153.04856,-27.92382],[153.04742,-27.93554],[153.08489,-27.93341],[153.10632,-27.91143],[153.09767,-27.8994],[153.11159,-27.8832],[153.10215,-27.87926],[153.10423,-27.86801],[153.13402,-27.86276],[153.13767,-27.85231],[153.15771,-27.85932],[153.15085,-27.85004],[153.16906,-27.84196],[153.18319,-27.82032],[153.16901,-27.80057],[153.19299,-27.78002],[153.18639,-27.77534],[153.19797,-27.7641],[153.20125,-27.74001],[153.2326,-27.72384],[153.21283,-27.71479],[153.23354,-27.711],[153.23432,-27.69402],[153.27346,-27.69799],[153.29035,-27.68818],[153.28098,-27.68316],[153.28068,-27.65799],[153.17385,-27.63424],[153.18357,-27.61281],[153.15575,-27.59169],[153.10584,-27.59317],[153.09147,-27.6263],[153.09546,-27.64514],[153.03774,-27.66037],[152.99691,-27.65419],[152.94166,-27.62648]]]}},{"type":"Feature","properties":{"id":"longreach","name":"Longreach","level":2,"centroid":[143.8591,-23.876],"bbox":[142.8087,-25.2555,144.9094,-22.4966]},"geometry":{"type":"Polygon","coordinates":[[[143.6141,-22.53869],[143.47972,-22.67177],[143.40013,-22.67032],[143.39739,-22.72861],[143.29949,-22.72347],[143.2435,-22.89009],[143.1082,-22.99748],[143.00639,-22.9894],[142.97949,-23.13677],[143.0696,-23.23899],[142.85155,-23.3473],[142.80871,-23.63706],[142.95005,-23.70788],[142.93409,-23.86716],[143.06902,-23.87853],[143.04006,-24.13435],[143.10382,-24.13822],[143.1002,-24.26822],[143.29799,-24.27803],[143.37461,-24.12035],[143.46298,-24.10126],[143.63676,-24.11822],[143.63023,-24.17554],[143.74419,-24.18648],[143.69361,-24.44048],[143.76957,-24.44597],[143.757,-24.54694],[143.72032,-24.50821],[143.53543,-24.64225],[143.60611,-24.73236],[143.42843,-24.8721],[143.5592,-25.0118],[143.6103,-24.95315],[143.66424,-25.01652],[143.8946,-24.80286],[144.25335,-25.11685],[144.19603,-25.16539],[144.22499,-25.25547],[144.46174,-25.03232],[144.48183,-25.07817],[144.62755,-24.96753],[144.70059,-24.20985],[144.78922,-24.22008],[144.80347,-24.06721],[144.8834,-24.00688],[144.79525,-23.99863],[144.82559,-23.69701],[144.77553,-23.69131],[144.79517,-23.51919],[144.86941,-23.52417],[144.87077,-23.36346],[144.9094,-23.34883],[144.9046,-23.11473],[144.85237,-23.10886],[144.86441,-23.00687],[144.47496,-22.96237],[144.59261,-22.69478],[144.50018,-22.65918],[144.50339,-22.60729],[143.94071,-22.59245],[143.88765,-22.49656],[143.77611,-22.56394],[143.6141,-22.53869]]]}},{"type":"Feature","properties":{"id":"lower-eyre-peninsula","name":"Lower Eyre Peninsula","level":2,"centroid":[135.5721,-34.472],"bbox":[135.1092,-35.0054,136.035,-33.9386]},"geometry":{"type":"Polygon","coordinates":[[[135.21688,-33.94021],[135.28113,-34.07024],[135.27901,-34.12129],[135.24124,-34.15012],[135.30503,-34.18587],[135.35132,-34.28421],[135.35894,-34.41869],[135.39532,-34.49393],[135.38924,-34.59505],[135.42225,-34.60144],[135.39635,-34.59306],[135.4222,-34.54884],[135.39145,-34.53401],[135.40509,-34.50722],[135.41036,-34.53882],[135.44579,-34.53717],[135.4317,-34.60342],[135.47297,-34.61664],[135.44314,-34.60054],[135.45808,-34.58643],[135.51677,-34.61295],[135.36576,-34.64208],[135.39897,-34.62756],[135.29759,-34.55228],[135.31626,-34.52065],[135.35391,-34.52205],[135.22139,-34.49862],[135.20633,-34.42929],[135.13899,-34.50328],[135.1092,-34.58822],[135.22017,-34.54401],[135.27268,-34.56536],[135.34221,-34.63026],[135.32503,-34.68636],[135.37971,-34.6871],[135.47435,-34.74409],[135.60451,-34.87865],[135.61926,-34.94464],[135.6846,-34.94585],[135.71246,-34.86525],[135.76338,-34.85669],[135.84706,-34.88088],[135.85519,-34.92641],[135.92888,-34.94828],[135.94714,-35.00537],[136.00272,-34.98578],[135.96008,-34.85426],[136.01579,-34.7942],[135.99559,-34.72552],[135.98188,-34.78413],[135.9564,-34.75713],[135.8935,-34.80558],[135.78577,-34.80953],[135.8394,-34.74552],[135.82134,-34.70843],[135.8555,-34.68758],[135.86291,-34.63224],[135.9042,-34.61659],[135.93742,-34.64901],[135.90213,-34.59257],[135.93142,-34.52952],[135.972,-34.505],[136.02188,-34.51616],[136.03496,-34.47736],[135.77738,-34.47733],[135.77769,-33.93856],[135.21688,-33.94021]]]}},{"type":"Feature","properties":{"id":"loxton-waikerie","name":"Loxton Waikerie","level":2,"centroid":[140.2831,-34.4756],"bbox":[139.6006,-35.0193,140.9656,-33.9319]},"geometry":{"type":"Polygon","coordinates":[[[140.96355,-34.32278],[140.57311,-34.32856],[140.57611,-34.34573],[140.55192,-34.34535],[140.57949,-34.37302],[140.59683,-34.36636],[140.59383,-34.39028],[140.56182,-34.3988],[140.58797,-34.4278],[140.56568,-34.44735],[140.51571,-34.45346],[140.48248,-34.40374],[140.48742,-34.38303],[140.44742,-34.37968],[140.43115,-34.39736],[140.39908,-34.35958],[140.36686,-34.2804],[140.39806,-34.26309],[140.38556,-34.25025],[140.39479,-34.23936],[140.34505,-34.21869],[140.36426,-34.19987],[140.33883,-34.18235],[140.34984,-34.16759],[140.33024,-34.15491],[140.29338,-34.1868],[140.25568,-34.16943],[140.21621,-34.17406],[140.21625,-34.05517],[140.05526,-34.05714],[140.05326,-33.95965],[139.99712,-33.94853],[139.98361,-33.93192],[139.98004,-33.9443],[139.91666,-33.94396],[139.91656,-34.00787],[139.90086,-34.02427],[139.85742,-34.02435],[139.85759,-34.1587],[139.65925,-34.15919],[139.62387,-34.26519],[139.64532,-34.2992],[139.61775,-34.32991],[139.63006,-34.36295],[139.60062,-34.47643],[139.75698,-34.47682],[139.76787,-34.60901],[139.96766,-34.62045],[140.0642,-34.59964],[140.06424,-34.57545],[140.18818,-34.56511],[140.1771,-34.69467],[140.36759,-34.69451],[140.36723,-34.87001],[140.42966,-34.87017],[140.42992,-35.01926],[140.59457,-35.01816],[140.6073,-35.00333],[140.79597,-34.98665],[140.8405,-35.00789],[140.96563,-35.00824],[140.96355,-34.32278]]]}},{"type":"Feature","properties":{"id":"macdonnell","name":"MacDonnell","level":2,"centroid":[133.4998,-24.4263],"bbox":[129.0005,-25.9986,137.9991,-22.8539]},"geometry":{"type":"Polygon","coordinates":[[[137.99876,-23.87195],[136.61087,-23.88694],[135.99757,-24.1988],[135.90677,-24.0153],[135.86717,-23.97434],[135.85506,-23.93534],[135.80199,-23.89227],[135.77632,-23.83013],[135.72641,-23.78551],[135.66001,-23.75918],[135.65996,-23.49467],[135.4209,-23.49666],[135.42385,-23.61836],[135.37763,-23.61673],[135.28702,-23.55216],[135.26572,-23.55242],[135.26575,-23.50699],[135.19446,-23.37532],[135.0493,-23.37474],[134.95159,-23.3094],[134.95159,-23.48603],[134.71587,-23.48597],[134.71578,-23.45948],[134.59882,-23.4438],[134.59874,-23.55421],[134.46082,-23.55425],[134.44229,-23.56506],[134.44194,-23.5977],[134.12571,-23.59757],[134.12554,-23.09901],[133.88166,-23.09947],[133.8353,-23.04717],[133.83535,-23.01867],[132.30513,-23.01824],[132.30513,-22.85393],[132.06734,-22.85393],[132.06738,-22.91205],[131.89017,-22.91206],[131.89019,-23.0171],[129.00052,-23.0209],[129.00058,-25.99859],[137.99906,-25.99685],[137.99876,-23.87195]],[[133.81154,-23.69564],[133.8108,-23.63049],[133.91951,-23.63049],[133.91952,-23.66479],[133.94042,-23.66481],[133.94043,-23.75569],[133.92017,-23.76417],[133.9207,-23.78101],[133.94044,-23.78099],[133.94043,-23.83148],[133.88328,-23.83152],[133.87192,-23.79202],[133.8455,-23.81345],[133.75631,-23.8134],[133.75722,-23.78293],[133.72598,-23.77609],[133.72599,-23.74754],[133.81172,-23.72456],[133.81154,-23.69564]],[[130.93047,-25.26523],[130.93048,-25.14855],[131.00965,-25.14855],[131.00965,-25.26522],[130.93047,-25.26523]]]}},{"type":"Feature","properties":{"id":"macedon-ranges","name":"Macedon Ranges","level":2,"centroid":[144.6158,-37.3334],"bbox":[144.3104,-37.5677,144.9212,-37.0991]},"geometry":{"type":"Polygon","coordinates":[[[144.37928,-37.43878],[144.41694,-37.44661],[144.4264,-37.45887],[144.45021,-37.45064],[144.47047,-37.42878],[144.45932,-37.49709],[144.4699,-37.50757],[144.46912,-37.52123],[144.45921,-37.54638],[144.67165,-37.56771],[144.63242,-37.53011],[144.64503,-37.49503],[144.67949,-37.49939],[144.70111,-37.4819],[144.75754,-37.49483],[144.7669,-37.50501],[144.87051,-37.51552],[144.86773,-37.50339],[144.88363,-37.50481],[144.90506,-37.46853],[144.89177,-37.46088],[144.90144,-37.43621],[144.89512,-37.42439],[144.90284,-37.42324],[144.89851,-37.40751],[144.92124,-37.36327],[144.91509,-37.36241],[144.9178,-37.34797],[144.89216,-37.34517],[144.88514,-37.33464],[144.84922,-37.3223],[144.8558,-37.28546],[144.82522,-37.28405],[144.82905,-37.23566],[144.81668,-37.23018],[144.82008,-37.21919],[144.80346,-37.21206],[144.76885,-37.22073],[144.70382,-37.21295],[144.7161,-37.20878],[144.71026,-37.15953],[144.72655,-37.15961],[144.73522,-37.1265],[144.71627,-37.11796],[144.71537,-37.10032],[144.69131,-37.10789],[144.60223,-37.10723],[144.57393,-37.09912],[144.54193,-37.11357],[144.54477,-37.12266],[144.52674,-37.15079],[144.52728,-37.17729],[144.36735,-37.15726],[144.38051,-37.17525],[144.36299,-37.17939],[144.36034,-37.19403],[144.37613,-37.20223],[144.34399,-37.22621],[144.31041,-37.29277],[144.39574,-37.33157],[144.39277,-37.35814],[144.41904,-37.36049],[144.41579,-37.39624],[144.38197,-37.39331],[144.37928,-37.43878]]]}},{"type":"Feature","properties":{"id":"mackay","name":"Mackay","level":2,"centroid":[148.818,-21.1032],"bbox":[148.1513,-21.7713,149.4846,-20.435]},"geometry":{"type":"MultiPolygon","coordinates":[[[[149.06695,-20.52595],[149.10469,-20.48116],[149.08327,-20.43499],[149.03655,-20.50373],[149.06695,-20.52595]]],[[[149.44037,-21.63127],[149.4846,-21.5317],[149.4434,-21.59335],[149.43782,-21.55377],[149.37363,-21.53507],[149.3958,-21.49309],[149.35007,-21.50936],[149.3396,-21.47454],[149.29717,-21.5113],[149.27426,-21.47848],[149.33823,-21.42691],[149.27637,-21.40071],[149.3173,-21.39271],[149.29867,-21.27328],[149.25588,-21.2447],[149.17925,-21.28467],[149.21517,-21.14534],[149.15282,-21.143],[149.22276,-21.14768],[149.22704,-21.06278],[149.08881,-20.97567],[149.01739,-20.99343],[149.04612,-20.903],[148.91507,-20.89196],[148.88483,-20.84876],[148.84461,-20.87558],[148.8389,-20.82453],[148.79509,-20.81252],[148.8408,-20.7911],[148.73081,-20.71664],[148.72717,-20.63299],[148.64949,-20.55433],[148.58973,-20.60087],[148.55622,-20.58035],[148.57041,-20.62417],[148.52677,-20.65375],[148.49108,-20.62165],[148.45701,-20.73706],[148.36112,-20.80742],[148.1654,-20.77113],[148.15133,-20.84865],[148.32874,-21.11441],[148.29206,-21.15166],[148.34721,-21.25726],[148.42895,-21.29905],[148.47034,-21.27389],[148.55639,-21.37057],[148.68627,-21.37684],[148.70019,-21.34388],[148.7629,-21.39475],[148.90217,-21.40529],[149.03197,-21.35376],[149.07552,-21.39006],[149.08641,-21.4904],[148.99408,-21.71914],[149.03612,-21.77132],[149.06585,-21.73286],[149.17424,-21.77079],[149.26322,-21.74033],[149.38477,-21.62477],[149.44037,-21.63127]]]]}},{"type":"Feature","properties":{"id":"maitland","name":"Maitland","level":2,"centroid":[151.5714,-32.708],"bbox":[151.3991,-32.8103,151.7437,-32.6057]},"geometry":{"type":"Polygon","coordinates":[[[151.62357,-32.81032],[151.62861,-32.78982],[151.63868,-32.79672],[151.64531,-32.79678],[151.64682,-32.78957],[151.65716,-32.79847],[151.70576,-32.80508],[151.7071,-32.80079],[151.69547,-32.78915],[151.71654,-32.7838],[151.74365,-32.75687],[151.73798,-32.75297],[151.72845,-32.76001],[151.72149,-32.74575],[151.72516,-32.7355],[151.71465,-32.73692],[151.6873,-32.72701],[151.66998,-32.74162],[151.64469,-32.72174],[151.64627,-32.70559],[151.63366,-32.70183],[151.6285,-32.70525],[151.61108,-32.6916],[151.60382,-32.67917],[151.60776,-32.67272],[151.59625,-32.66498],[151.59357,-32.65605],[151.59573,-32.65147],[151.6028,-32.65355],[151.60492,-32.62985],[151.50456,-32.61533],[151.50549,-32.61066],[151.49873,-32.61461],[151.49048,-32.6081],[151.47344,-32.60569],[151.47082,-32.61816],[151.45118,-32.61547],[151.45247,-32.60864],[151.44587,-32.60774],[151.44086,-32.61561],[151.43082,-32.61534],[151.43395,-32.62423],[151.42456,-32.64583],[151.40322,-32.66099],[151.39907,-32.68643],[151.40281,-32.69105],[151.40051,-32.70283],[151.4147,-32.72053],[151.42348,-32.72353],[151.42045,-32.73936],[151.44593,-32.74284],[151.44951,-32.72578],[151.46686,-32.72812],[151.46296,-32.74674],[151.4946,-32.75173],[151.48944,-32.77534],[151.52523,-32.77706],[151.52061,-32.79851],[151.53774,-32.80112],[151.54166,-32.78291],[151.6108,-32.79218],[151.60768,-32.80797],[151.62357,-32.81032]]]}},{"type":"Feature","properties":{"id":"mandurah","name":"Mandurah","level":2,"centroid":[115.6974,-32.6287],"bbox":[115.6068,-32.8019,115.788,-32.4556]},"geometry":{"type":"MultiPolygon","coordinates":[[[[115.70287,-32.78281],[115.7028,-32.77495],[115.69273,-32.76768],[115.69663,-32.75427],[115.6835,-32.75061],[115.68401,-32.74325],[115.67753,-32.73691],[115.67937,-32.73188],[115.67261,-32.72806],[115.66927,-32.71149],[115.6716,-32.70029],[115.65547,-32.67228],[115.65676,-32.66114],[115.64706,-32.648],[115.64871,-32.63498],[115.64212,-32.62925],[115.64102,-32.61849],[115.64517,-32.60818],[115.64921,-32.61029],[115.65451,-32.60106],[115.67286,-32.59389],[115.666,-32.58641],[115.67111,-32.57516],[115.71762,-32.5576],[115.71578,-32.55343],[115.71423,-32.55634],[115.71615,-32.53299],[115.70724,-32.52683],[115.71055,-32.52055],[115.70176,-32.51783],[115.66786,-32.56547],[115.63284,-32.59429],[115.6313,-32.60282],[115.62782,-32.59953],[115.62943,-32.6055],[115.60995,-32.66024],[115.60679,-32.68098],[115.62863,-32.7934],[115.65035,-32.79339],[115.65035,-32.80184],[115.66497,-32.80186],[115.66544,-32.79733],[115.6712,-32.79738],[115.66729,-32.78272],[115.70287,-32.78281]]],[[[115.74783,-32.45563],[115.74633,-32.47554],[115.73693,-32.50383],[115.72387,-32.51991],[115.71138,-32.52375],[115.71681,-32.52966],[115.72094,-32.52721],[115.71907,-32.56519],[115.72325,-32.56787],[115.75365,-32.56415],[115.76132,-32.57034],[115.76074,-32.57468],[115.76568,-32.56752],[115.75389,-32.55864],[115.76523,-32.54822],[115.76533,-32.54253],[115.77459,-32.54353],[115.77377,-32.53042],[115.77836,-32.52805],[115.78499,-32.50861],[115.78262,-32.49646],[115.78804,-32.46547],[115.78445,-32.45561],[115.74783,-32.45563]]]]}},{"type":"Feature","properties":{"id":"manjimup","name":"Manjimup","level":2,"centroid":[116.2657,-34.5949],"bbox":[115.6745,-35.0607,116.8568,-34.1291]},"geometry":{"type":"Polygon","coordinates":[[[116.48479,-34.15909],[116.41914,-34.15991],[116.41915,-34.20178],[116.32147,-34.20177],[116.3139,-34.177],[116.25304,-34.17473],[116.26883,-34.14925],[116.2463,-34.13157],[115.94179,-34.12906],[115.94439,-34.16156],[115.90903,-34.16629],[115.87814,-34.21314],[115.87612,-34.29692],[115.84248,-34.29893],[115.82215,-34.33628],[115.79834,-34.32948],[115.78106,-34.35341],[115.82519,-34.41499],[115.76616,-34.45875],[115.67451,-34.4854],[115.95381,-34.72781],[116.00193,-34.84229],[116.13706,-34.84473],[116.25074,-34.87604],[116.43634,-34.97403],[116.48167,-35.01614],[116.53286,-35.00443],[116.57231,-35.033],[116.61032,-35.03327],[116.62974,-35.06069],[116.70721,-35.02894],[116.74542,-35.03739],[116.7358,-35.01983],[116.75419,-35.00137],[116.8217,-34.98911],[116.80176,-34.97003],[116.82692,-34.95301],[116.78014,-34.92975],[116.78224,-34.89986],[116.74106,-34.90397],[116.72611,-34.88552],[116.81054,-34.82518],[116.79698,-34.79832],[116.83808,-34.76263],[116.83707,-34.69925],[116.85682,-34.68252],[116.78482,-34.65327],[116.81575,-34.6236],[116.79341,-34.59583],[116.81104,-34.57648],[116.78576,-34.55212],[116.80415,-34.47646],[116.7634,-34.44431],[116.66903,-34.41908],[116.67776,-34.37353],[116.69758,-34.37008],[116.70792,-34.27885],[116.6918,-34.27955],[116.69254,-34.25439],[116.66724,-34.25758],[116.66724,-34.225],[116.51419,-34.22614],[116.52323,-34.15546],[116.48479,-34.15909]]]}},{"type":"Feature","properties":{"id":"manningham","name":"Manningham","level":2,"centroid":[145.1805,-37.7571],"bbox":[145.0671,-37.8118,145.2939,-37.7025]},"geometry":{"type":"Polygon","coordinates":[[[145.06712,-37.78092],[145.07833,-37.77685],[145.09532,-37.77942],[145.1097,-37.79478],[145.12412,-37.79875],[145.13283,-37.79533],[145.18389,-37.8061],[145.18503,-37.80121],[145.21354,-37.81175],[145.21721,-37.79087],[145.23597,-37.79007],[145.24058,-37.76475],[145.28958,-37.76281],[145.28972,-37.75267],[145.28167,-37.74257],[145.28352,-37.73252],[145.29394,-37.72288],[145.29329,-37.70952],[145.28911,-37.70896],[145.29245,-37.70254],[145.28274,-37.70855],[145.28697,-37.71492],[145.2836,-37.71884],[145.28129,-37.71381],[145.27236,-37.71584],[145.27577,-37.71004],[145.26794,-37.70329],[145.26824,-37.70747],[145.25481,-37.71006],[145.24867,-37.72072],[145.24324,-37.71894],[145.24249,-37.72542],[145.23552,-37.72029],[145.24208,-37.73605],[145.22888,-37.73162],[145.22991,-37.73872],[145.22022,-37.73612],[145.20542,-37.74173],[145.20248,-37.73749],[145.21536,-37.73192],[145.20164,-37.73035],[145.19743,-37.74134],[145.19188,-37.73799],[145.19395,-37.73183],[145.1818,-37.72974],[145.17749,-37.73845],[145.15538,-37.73394],[145.13315,-37.7428],[145.12298,-37.74041],[145.12027,-37.74809],[145.12606,-37.75106],[145.1129,-37.75524],[145.09804,-37.74895],[145.09158,-37.75431],[145.08261,-37.75136],[145.08186,-37.75623],[145.07729,-37.75566],[145.08057,-37.75786],[145.07312,-37.75851],[145.07921,-37.76226],[145.07153,-37.76714],[145.0767,-37.77339],[145.06954,-37.77212],[145.06712,-37.78092]]]}},{"type":"Feature","properties":{"id":"mansfield","name":"Mansfield","level":2,"centroid":[146.1497,-37.2413],"bbox":[145.6524,-37.6294,146.6471,-36.8532]},"geometry":{"type":"Polygon","coordinates":[[[146.43584,-37.61803],[146.64705,-37.16315],[146.33573,-36.95297],[146.15287,-36.88791],[146.15061,-36.87413],[146.12493,-36.88454],[146.06828,-36.86207],[146.05856,-36.90775],[146.01006,-36.85316],[145.96516,-36.87531],[145.95378,-36.90477],[145.92907,-36.9046],[145.92484,-36.92575],[145.86074,-36.87856],[145.86072,-36.91034],[145.79054,-36.93242],[145.65742,-36.93624],[145.65238,-36.96908],[145.68634,-36.98518],[145.70655,-37.03924],[145.75932,-37.05511],[145.81112,-37.10685],[145.89046,-37.12119],[145.88258,-37.15424],[145.85364,-37.14351],[145.87708,-37.16822],[145.84525,-37.17373],[145.87081,-37.17428],[145.86135,-37.19254],[145.90096,-37.19423],[145.96491,-37.23111],[145.97003,-37.26398],[145.97593,-37.2413],[146.00215,-37.22862],[146.01655,-37.23969],[146.01696,-37.27888],[146.0696,-37.3432],[146.05434,-37.3668],[146.14363,-37.46769],[146.1468,-37.5164],[146.1871,-37.5359],[146.20444,-37.59913],[146.25568,-37.61035],[146.2988,-37.59106],[146.36791,-37.62941],[146.39405,-37.60399],[146.43584,-37.61803]],[[146.42121,-37.10242],[146.49064,-37.10215],[146.5139,-37.11953],[146.50999,-37.10648],[146.54807,-37.10182],[146.53077,-37.11473],[146.54001,-37.12355],[146.50864,-37.13431],[146.51445,-37.15011],[146.43204,-37.16488],[146.41411,-37.14653],[146.43963,-37.11937],[146.39549,-37.11076],[146.42121,-37.10242]]]}},{"type":"Feature","properties":{"id":"mapoon","name":"Mapoon","level":2,"centroid":[141.9727,-12.172],"bbox":[141.7254,-12.3917,142.22,-11.9523]},"geometry":{"type":"MultiPolygon","coordinates":[[[[142.07552,-12.2791],[142.08236,-12.28803],[142.11158,-12.30023],[142.11345,-12.31174],[142.10671,-12.32057],[142.11345,-12.33143],[142.10393,-12.34556],[142.12389,-12.36724],[142.1195,-12.37082],[142.12036,-12.38731],[142.1294,-12.38827],[142.12878,-12.39173],[142.22005,-12.27843],[142.07552,-12.2791]]],[[[141.9942,-12.05964],[141.96696,-12.04242],[141.95799,-12.04231],[141.93131,-12.07278],[141.93076,-12.11515],[141.94895,-12.1499],[141.92451,-12.16808],[141.96107,-12.1804],[141.96762,-12.15254],[141.94931,-12.08569],[141.96827,-12.06576],[141.98626,-12.05921],[142.00409,-12.12807],[142.01129,-12.12175],[142.0059,-12.09305],[142.02192,-12.08063],[142.04639,-12.11247],[142.04257,-12.06337],[142.07088,-12.04011],[142.06493,-12.0073],[142.1036,-11.98343],[142.07446,-11.98619],[142.05975,-11.98206],[142.04507,-11.98619],[142.03764,-12.03281],[142.02022,-12.07017],[142.02348,-12.0752],[142.00321,-12.07393],[141.9942,-12.05964]]],[[[141.91336,-12.16434],[141.92785,-12.16099],[141.94494,-12.14536],[141.92542,-12.12241],[141.91603,-12.07429],[141.91781,-12.04134],[141.88651,-11.98502],[141.89262,-11.96968],[141.90903,-11.95545],[141.88469,-11.95235],[141.85045,-11.98444],[141.83527,-12.01539],[141.81433,-12.04084],[141.73924,-12.21053],[141.72545,-12.22934],[141.7472,-12.22335],[141.76992,-12.22982],[141.77817,-12.2212],[141.78542,-12.23273],[141.80377,-12.2403],[141.84919,-12.24077],[141.84869,-12.19393],[141.91336,-12.16434]]]]}},{"type":"Feature","properties":{"id":"maralinga-tjarutja","name":"Maralinga Tjarutja","level":2,"centroid":[131.0042,-29.4398],"bbox":[129.0019,-30.7637,133.0065,-28.1159]},"geometry":{"type":"Polygon","coordinates":[[[129.00188,-28.1159],[129.00193,-30.76367],[129.50976,-30.70851],[129.50901,-30.70311],[129.51734,-30.70224],[129.51809,-30.70765],[130.39591,-30.61202],[130.39428,-30.60122],[130.41611,-30.59875],[130.41775,-30.60955],[131.62887,-30.46631],[131.79838,-30.46318],[131.84643,-30.45366],[131.87824,-30.4632],[131.90857,-30.46359],[131.967,-30.47553],[131.99385,-30.4672],[132.01625,-30.47091],[132.02778,-30.46849],[132.07259,-30.47849],[132.09196,-30.47243],[132.11056,-30.48192],[132.12171,-30.48049],[132.13511,-30.48525],[132.15539,-30.49794],[132.17688,-30.50418],[132.20016,-30.50082],[132.23385,-30.50581],[132.24783,-30.50442],[132.26701,-30.49744],[132.35559,-30.48576],[132.4023,-30.48628],[132.41271,-30.48236],[132.43814,-30.48221],[132.47916,-30.48588],[132.49304,-30.492],[132.54974,-30.49543],[132.58654,-30.50635],[132.62056,-30.50899],[132.6349,-30.51379],[132.65886,-30.51684],[132.66009,-30.51338],[132.66609,-30.51497],[132.66485,-30.51844],[132.69113,-30.52428],[132.70717,-30.53586],[132.71982,-30.54002],[132.73041,-30.5429],[132.74497,-30.54015],[132.76507,-30.54989],[132.77897,-30.55202],[132.78511,-30.54882],[132.80855,-30.55388],[132.81771,-30.56192],[132.84787,-30.57315],[132.90845,-30.57218],[132.94765,-30.56352],[133.0058,-30.56948],[133.00648,-30.48699],[133.00279,-30.48676],[132.99386,-28.11736],[132.00215,-28.12001],[129.00188,-28.1159]]]}},{"type":"Feature","properties":{"id":"maranoa","name":"Maranoa","level":2,"centroid":[148.4315,-26.3887],"bbox":[147.0314,-27.8959,149.8316,-24.8815]},"geometry":{"type":"Polygon","coordinates":[[[149.49559,-27.75388],[149.45787,-27.36784],[149.67921,-27.07471],[149.61558,-27.04154],[149.66817,-27.01534],[149.59151,-26.80831],[149.68422,-26.7737],[149.66718,-26.60625],[149.72763,-26.47033],[149.6855,-26.4649],[149.83157,-26.31746],[149.15539,-26.30841],[149.21808,-26.05345],[149.13534,-26.04443],[149.03139,-25.76966],[148.90073,-25.76008],[149.06135,-25.62793],[148.98565,-25.61344],[149.02432,-25.55979],[148.93805,-25.45858],[148.7259,-25.40084],[148.74526,-25.27971],[148.66632,-25.31084],[148.30558,-25.21228],[147.97323,-24.88152],[147.76587,-25.03374],[147.65922,-25.00445],[147.65521,-25.2308],[147.55427,-25.21905],[147.54122,-25.31161],[147.35921,-25.2907],[147.39311,-25.35415],[147.28548,-25.64049],[147.17933,-25.62922],[147.16016,-25.78104],[147.25863,-25.79203],[147.28157,-25.91562],[147.4547,-25.98038],[147.44413,-26.13422],[147.35933,-26.15556],[147.30504,-26.52754],[147.21633,-26.52774],[147.20579,-26.96745],[147.06435,-26.95636],[147.0314,-27.08289],[147.09663,-27.09974],[147.03994,-27.47531],[147.06327,-27.56623],[147.1429,-27.57497],[147.10966,-27.89591],[147.56092,-27.84466],[147.64866,-27.62557],[147.91586,-27.62893],[147.91789,-27.5878],[148.09628,-27.66945],[148.18199,-27.61166],[148.28445,-27.68332],[148.41473,-27.59721],[148.73944,-27.69316],[148.72482,-27.5792],[149.00282,-27.63317],[149.0416,-27.58238],[149.49559,-27.75388]]]}},{"type":"Feature","properties":{"id":"mareeba","name":"Mareeba","level":2,"centroid":[143.924,-17.1293],"bbox":[142.1744,-18.2161,145.6736,-16.0425]},"geometry":{"type":"Polygon","coordinates":[[[145.61708,-16.71586],[145.51793,-16.67499],[145.52986,-16.62341],[145.44717,-16.64353],[145.40415,-16.51225],[145.29573,-16.53675],[145.13363,-16.28627],[145.02105,-16.22087],[144.99227,-16.31649],[144.83929,-16.36445],[144.7172,-16.25133],[144.67884,-16.33259],[144.57574,-16.28971],[144.50934,-16.3537],[144.41521,-16.3499],[144.34448,-16.28577],[144.24716,-16.34383],[144.09728,-16.13026],[143.874,-16.10609],[143.75807,-16.16533],[143.63837,-16.07649],[143.52804,-16.09428],[143.39023,-16.04252],[143.22309,-16.10751],[142.71095,-16.07936],[142.74223,-16.11201],[142.69899,-16.1732],[142.63723,-16.13241],[142.59615,-16.19065],[142.50804,-16.97215],[142.42143,-17.08743],[142.54069,-17.17551],[142.4016,-17.35525],[142.34059,-17.28622],[142.17441,-17.43314],[142.36781,-17.50756],[142.50992,-17.6622],[142.79256,-17.64747],[142.9806,-17.54495],[143.17211,-17.56047],[143.25504,-17.5128],[143.52355,-17.6555],[143.67849,-17.61005],[143.97639,-17.68083],[143.97064,-17.75601],[144.14254,-17.95434],[144.34157,-17.94529],[144.45594,-18.05526],[144.47176,-18.01204],[144.60362,-18.04688],[144.75196,-18.21612],[144.76231,-18.12952],[144.86366,-18.11289],[144.86802,-17.90094],[144.99438,-17.60648],[145.22429,-17.52859],[145.25863,-17.41295],[145.4203,-17.33178],[145.39531,-17.08931],[145.5132,-17.1698],[145.63299,-17.07752],[145.67364,-16.89405],[145.61708,-16.71586]]]}},{"type":"Feature","properties":{"id":"maribyrnong","name":"Maribyrnong","level":2,"centroid":[144.8779,-37.7914],"bbox":[144.8392,-37.827,144.9165,-37.7558]},"geometry":{"type":"Polygon","coordinates":[[[144.85588,-37.81487],[144.85984,-37.81382],[144.85779,-37.82443],[144.87094,-37.82422],[144.8811,-37.82528],[144.8812,-37.82471],[144.88431,-37.8246],[144.88689,-37.82257],[144.88812,-37.8231],[144.88896,-37.82465],[144.89308,-37.82553],[144.89493,-37.82699],[144.89586,-37.82178],[144.90557,-37.82287],[144.90664,-37.82101],[144.90558,-37.81276],[144.90823,-37.80459],[144.91099,-37.80009],[144.91278,-37.79956],[144.91481,-37.80022],[144.9165,-37.798],[144.91348,-37.79536],[144.90334,-37.79136],[144.90273,-37.78938],[144.90399,-37.78457],[144.89811,-37.78075],[144.89721,-37.77943],[144.89587,-37.77304],[144.898,-37.77103],[144.90211,-37.76942],[144.90165,-37.76544],[144.89818,-37.76464],[144.89373,-37.76573],[144.8895,-37.76209],[144.885,-37.76163],[144.88417,-37.7598],[144.88565,-37.75642],[144.88233,-37.75583],[144.87788,-37.7594],[144.87241,-37.76235],[144.8706,-37.76617],[144.87442,-37.76906],[144.87438,-37.77096],[144.87284,-37.77223],[144.8714,-37.77276],[144.86513,-37.77229],[144.86453,-37.77385],[144.86066,-37.77613],[144.85777,-37.77576],[144.85283,-37.77333],[144.85136,-37.77022],[144.85075,-37.77342],[144.84822,-37.7731],[144.8448,-37.79354],[144.84392,-37.7951],[144.84181,-37.79633],[144.84252,-37.7973],[144.83923,-37.79692],[144.84461,-37.80386],[144.85588,-37.81487]]]}},{"type":"Feature","properties":{"id":"marion","name":"Marion","level":2,"centroid":[138.5309,-35.0259],"bbox":[138.4857,-35.0933,138.5762,-34.9584]},"geometry":{"type":"Polygon","coordinates":[[[138.5118,-35.04092],[138.50847,-35.04405],[138.50501,-35.05204],[138.50255,-35.06064],[138.49683,-35.07042],[138.49528,-35.07455],[138.496,-35.07594],[138.49575,-35.08029],[138.49396,-35.08279],[138.49369,-35.08438],[138.48569,-35.09088],[138.48941,-35.09099],[138.49284,-35.09331],[138.49558,-35.0906],[138.49756,-35.09088],[138.53363,-35.08906],[138.5336,-35.08864],[138.53862,-35.08886],[138.54118,-35.08765],[138.54358,-35.08507],[138.55387,-35.07151],[138.55464,-35.06942],[138.55523,-35.06448],[138.55883,-35.06141],[138.55986,-35.05983],[138.55943,-35.05023],[138.56106,-35.04487],[138.56085,-35.04271],[138.55949,-35.03966],[138.56052,-35.03674],[138.55852,-35.03401],[138.55643,-35.03251],[138.55613,-35.03105],[138.55887,-35.02646],[138.56288,-35.02336],[138.57618,-35.01101],[138.57231,-34.95845],[138.53339,-34.97815],[138.5291,-34.97941],[138.52966,-34.98693],[138.52372,-34.98723],[138.52673,-34.99142],[138.53081,-34.99113],[138.53094,-34.99288],[138.53003,-34.99292],[138.53031,-34.99569],[138.52995,-34.99571],[138.53037,-34.99669],[138.53002,-34.99671],[138.53038,-35.00168],[138.53084,-35.00166],[138.53348,-35.03716],[138.52453,-35.03745],[138.52472,-35.0404],[138.52051,-35.04083],[138.51994,-35.04037],[138.51747,-35.04182],[138.51664,-35.04117],[138.51544,-35.04219],[138.51477,-35.04113],[138.5118,-35.04092]]]}},{"type":"Feature","properties":{"id":"maroondah","name":"Maroondah","level":2,"centroid":[145.266,-37.8029],"bbox":[145.2133,-37.8439,145.3187,-37.7618]},"geometry":{"type":"Polygon","coordinates":[[[145.31798,-37.84391],[145.31873,-37.84027],[145.31873,-37.83171],[145.31681,-37.81815],[145.30429,-37.82152],[145.30914,-37.79541],[145.30858,-37.79534],[145.30884,-37.79399],[145.30791,-37.79393],[145.307,-37.79241],[145.30779,-37.79166],[145.3073,-37.79076],[145.30862,-37.78955],[145.30569,-37.78922],[145.30633,-37.78562],[145.30527,-37.78434],[145.30547,-37.78312],[145.30742,-37.78367],[145.30596,-37.7799],[145.30789,-37.77755],[145.30702,-37.77657],[145.30346,-37.77574],[145.29735,-37.77037],[145.29724,-37.76926],[145.30035,-37.76738],[145.29591,-37.76639],[145.29644,-37.76344],[145.27821,-37.76183],[145.27193,-37.76309],[145.26859,-37.76598],[145.26539,-37.76691],[145.25768,-37.765],[145.25382,-37.76628],[145.24058,-37.76475],[145.23597,-37.79007],[145.22272,-37.78893],[145.22212,-37.7923],[145.22026,-37.79256],[145.21721,-37.79087],[145.21341,-37.81224],[145.21335,-37.84101],[145.21457,-37.8394],[145.21712,-37.8381],[145.2228,-37.83786],[145.23206,-37.84006],[145.23328,-37.83944],[145.23703,-37.83957],[145.23874,-37.83858],[145.25054,-37.83767],[145.25652,-37.83579],[145.25883,-37.83664],[145.26154,-37.836],[145.26707,-37.83703],[145.26982,-37.83589],[145.27876,-37.83578],[145.28056,-37.83328],[145.28163,-37.83302],[145.29353,-37.83405],[145.30886,-37.84174],[145.30867,-37.84266],[145.31798,-37.84391]]]}},{"type":"Feature","properties":{"id":"mckinlay","name":"McKinlay","level":2,"centroid":[141.6745,-20.5941],"bbox":[140.7394,-22.0529,142.6096,-19.1353]},"geometry":{"type":"Polygon","coordinates":[[[140.92145,-19.13534],[140.99735,-19.25831],[140.97505,-19.32935],[141.03979,-19.49463],[140.94245,-19.64015],[140.74937,-19.62903],[140.73943,-19.66689],[140.82154,-19.70875],[140.81836,-19.75928],[140.88635,-19.76392],[140.89932,-19.93203],[140.7835,-20.02348],[140.99704,-20.22355],[140.90849,-20.29915],[141.08125,-20.31384],[141.01359,-20.42959],[141.07785,-20.64518],[140.96077,-20.63409],[140.94962,-20.74293],[140.8314,-20.87367],[140.86472,-21.09907],[140.80496,-21.19446],[140.88246,-21.22501],[140.80014,-21.41958],[140.95926,-21.62547],[140.85478,-21.93445],[140.91256,-21.93826],[140.88241,-22.04802],[140.9809,-22.05289],[140.99384,-21.89385],[141.48326,-21.94716],[141.50784,-21.75045],[141.58316,-21.75596],[141.58002,-21.79318],[142.04871,-21.81598],[142.07345,-21.52344],[142.03761,-21.52004],[142.08028,-21.48832],[142.06402,-21.38013],[142.13765,-21.32368],[142.04724,-21.22456],[142.24986,-21.23618],[142.20308,-20.98753],[142.2919,-20.9949],[142.35488,-20.79642],[142.36337,-20.71986],[142.30988,-20.71468],[142.3807,-20.33398],[142.3359,-20.33035],[142.37598,-19.59994],[142.60224,-19.62005],[142.60956,-19.54776],[142.6045,-19.40302],[142.1679,-19.38319],[142.15963,-19.45508],[142.03434,-19.44272],[141.75298,-19.30477],[141.69213,-19.35728],[141.64161,-19.30685],[141.41162,-19.31359],[141.41848,-19.24288],[140.92145,-19.13534]]]}},{"type":"Feature","properties":{"id":"meander-valley","name":"Meander Valley","level":2,"centroid":[146.5457,-41.6495],"bbox":[145.9513,-41.9745,147.1401,-41.3245]},"geometry":{"type":"Polygon","coordinates":[[[146.76931,-41.72667],[146.77748,-41.68217],[146.85464,-41.68406],[146.89548,-41.66495],[146.92576,-41.68128],[146.9893,-41.58472],[147.06491,-41.57611],[147.05489,-41.56541],[147.09458,-41.53775],[147.06816,-41.52341],[147.1401,-41.48301],[147.08464,-41.44689],[147.06553,-41.45888],[147.03047,-41.42568],[146.99401,-41.44342],[146.99614,-41.4318],[146.93431,-41.40848],[146.91026,-41.37782],[146.87283,-41.3912],[146.78338,-41.37819],[146.69751,-41.35524],[146.70359,-41.33268],[146.61995,-41.32446],[146.61748,-41.33789],[146.58958,-41.33478],[146.58086,-41.34686],[146.58993,-41.36173],[146.54822,-41.35499],[146.54558,-41.36738],[146.49479,-41.37787],[146.5024,-41.38967],[146.46835,-41.40533],[146.45921,-41.42704],[146.4678,-41.45474],[146.44977,-41.45873],[146.44717,-41.47296],[146.49399,-41.48854],[146.49415,-41.51475],[146.22935,-41.48786],[146.18883,-41.513],[146.19857,-41.52277],[146.19335,-41.57217],[146.1741,-41.58876],[146.18637,-41.61829],[146.17297,-41.60175],[146.02685,-41.57696],[145.95134,-41.68465],[146.05049,-41.97454],[146.31382,-41.92589],[146.35113,-41.90718],[146.34535,-41.89101],[146.36186,-41.88529],[146.39126,-41.82654],[146.35021,-41.77614],[146.38483,-41.76039],[146.39073,-41.7437],[146.50341,-41.73091],[146.623,-41.75767],[146.62799,-41.73692],[146.64729,-41.74674],[146.64946,-41.73044],[146.69118,-41.73287],[146.7148,-41.71388],[146.72245,-41.7189],[146.71012,-41.73109],[146.72596,-41.73943],[146.74487,-41.71808],[146.76931,-41.72667]]]}},{"type":"Feature","properties":{"id":"meekatharra","name":"Meekatharra","level":2,"centroid":[118.9998,-25.3032],"bbox":[117.2081,-27.3131,120.7914,-23.2933]},"geometry":{"type":"Polygon","coordinates":[[[117.62625,-23.79269],[117.62622,-23.89057],[117.80835,-23.8906],[117.8301,-23.97233],[117.81903,-24.37493],[117.6654,-24.37493],[117.67832,-24.53437],[117.61856,-24.53436],[117.61854,-24.69437],[117.87103,-24.70708],[117.87103,-24.78328],[117.72104,-24.78328],[117.72105,-24.85492],[117.79387,-24.85491],[117.79388,-25.21458],[117.7362,-25.21458],[117.75717,-25.39208],[117.37101,-25.36678],[117.37303,-25.5837],[117.24703,-25.60741],[117.20815,-25.94902],[117.37106,-25.94905],[117.37109,-26.02312],[117.2081,-26.02317],[117.20813,-26.10023],[117.34913,-26.09198],[117.34914,-26.26912],[117.47671,-26.26912],[117.47673,-26.35955],[117.6212,-26.35954],[117.62159,-26.77596],[117.97326,-26.77597],[117.9992,-26.99265],[118.58893,-27.01579],[118.5753,-27.227],[118.80101,-27.22685],[118.80094,-27.31284],[119.0244,-27.31306],[119.1857,-27.27469],[119.23656,-27.06282],[119.33954,-26.86377],[119.58343,-26.57767],[119.80465,-26.44028],[119.80803,-26.37078],[120.00789,-26.02702],[120.11886,-25.75439],[120.08505,-25.33854],[120.13701,-25.23239],[120.2022,-25.19206],[120.05532,-24.84495],[120.04286,-24.70737],[120.09249,-24.54013],[120.06666,-24.493],[120.49307,-23.8662],[120.61002,-23.81234],[120.76154,-23.60899],[120.79141,-23.4403],[118.42605,-23.44038],[118.42605,-23.31509],[118.079,-23.29327],[118.079,-23.37496],[117.71599,-23.37835],[117.71599,-23.43777],[117.63666,-23.43777],[117.6582,-23.53288],[117.74385,-23.53288],[117.74385,-23.61801],[117.7144,-23.74],[117.62625,-23.74002],[117.62625,-23.79269]]]}},{"type":"Feature","properties":{"id":"melbourne","name":"Melbourne","level":2,"centroid":[144.9442,-37.813],"bbox":[144.8971,-37.8507,144.9914,-37.7754]},"geometry":{"type":"Polygon","coordinates":[[[144.89837,-37.84119],[144.89917,-37.84038],[144.9021,-37.84438],[144.90722,-37.84951],[144.90298,-37.83945],[144.90649,-37.83936],[144.90631,-37.84168],[144.91264,-37.84999],[144.91733,-37.84745],[144.91247,-37.84098],[144.91525,-37.83949],[144.91543,-37.83861],[144.91328,-37.83402],[144.91817,-37.83223],[144.92342,-37.8281],[144.93437,-37.82601],[144.9423,-37.82586],[144.95706,-37.82839],[144.96186,-37.8281],[144.96585,-37.83147],[144.97133,-37.82988],[144.97181,-37.83227],[144.97549,-37.83607],[144.98065,-37.85021],[144.98421,-37.85065],[144.99136,-37.80972],[144.97319,-37.80791],[144.97572,-37.79303],[144.9684,-37.79225],[144.96952,-37.78561],[144.96359,-37.78499],[144.964,-37.78242],[144.9629,-37.78139],[144.96259,-37.77913],[144.96148,-37.77818],[144.93877,-37.77543],[144.93768,-37.77717],[144.93796,-37.77788],[144.93708,-37.77776],[144.93874,-37.78084],[144.94037,-37.78761],[144.93821,-37.78897],[144.92131,-37.78745],[144.91359,-37.77938],[144.90824,-37.78252],[144.90695,-37.78453],[144.90634,-37.78739],[144.90497,-37.78714],[144.90426,-37.7887],[144.90272,-37.78964],[144.90359,-37.79158],[144.91348,-37.79536],[144.91605,-37.79723],[144.91651,-37.79835],[144.91481,-37.80022],[144.91278,-37.79956],[144.91099,-37.80009],[144.90823,-37.80459],[144.90644,-37.80884],[144.90547,-37.81348],[144.90654,-37.82158],[144.89965,-37.82792],[144.89741,-37.8314],[144.89713,-37.83751],[144.89837,-37.84119]]]}},{"type":"Feature","properties":{"id":"melton","name":"Melton","level":2,"centroid":[144.6229,-37.6814],"bbox":[144.4777,-37.8105,144.7682,-37.5524]},"geometry":{"type":"Polygon","coordinates":[[[144.74648,-37.66302],[144.7423,-37.66002],[144.72436,-37.62676],[144.71518,-37.62082],[144.70091,-37.6054],[144.67165,-37.56771],[144.56111,-37.55242],[144.55574,-37.5571],[144.55614,-37.55915],[144.55138,-37.56111],[144.54241,-37.57382],[144.53913,-37.57429],[144.53861,-37.58367],[144.53435,-37.58839],[144.5364,-37.58942],[144.52755,-37.59824],[144.52832,-37.60193],[144.5258,-37.60092],[144.5227,-37.60459],[144.52791,-37.61413],[144.52729,-37.61832],[144.51929,-37.62794],[144.52165,-37.62922],[144.51982,-37.62958],[144.51905,-37.63569],[144.52095,-37.63986],[144.51943,-37.63889],[144.51673,-37.64293],[144.51669,-37.64704],[144.51934,-37.64832],[144.51727,-37.65066],[144.51837,-37.65816],[144.52067,-37.6608],[144.51903,-37.66456],[144.52113,-37.66593],[144.5192,-37.66616],[144.52025,-37.66812],[144.51529,-37.66826],[144.51861,-37.67028],[144.51594,-37.67176],[144.51847,-37.67276],[144.51731,-37.67447],[144.51527,-37.67268],[144.51207,-37.67559],[144.51792,-37.69234],[144.51455,-37.69767],[144.51939,-37.70615],[144.50207,-37.70851],[144.49565,-37.70436],[144.49059,-37.70568],[144.47768,-37.781],[144.53269,-37.78726],[144.5488,-37.79713],[144.56758,-37.79888],[144.57757,-37.80412],[144.57742,-37.8069],[144.58236,-37.80144],[144.57819,-37.79939],[144.58877,-37.79312],[144.75098,-37.81045],[144.75827,-37.75541],[144.75643,-37.75427],[144.75724,-37.7482],[144.76289,-37.73982],[144.76816,-37.70972],[144.75199,-37.70564],[144.75836,-37.68092],[144.74442,-37.66306],[144.74648,-37.66302]]]}},{"type":"Feature","properties":{"id":"melville","name":"Melville","level":2,"centroid":[115.8341,-32.0436],"bbox":[115.7762,-32.0855,115.8921,-32.0016]},"geometry":{"type":"Polygon","coordinates":[[[115.86142,-32.04578],[115.85989,-32.0453],[115.85965,-32.04097],[115.85348,-32.03306],[115.85263,-32.0273],[115.85486,-32.02356],[115.85102,-32.02096],[115.85046,-32.01918],[115.85109,-32.01339],[115.85266,-32.01143],[115.85195,-32.01006],[115.84834,-32.00876],[115.84733,-32.00479],[115.84585,-32.00394],[115.84618,-32.00165],[115.84164,-32.00252],[115.84017,-32.00506],[115.83693,-32.00657],[115.83273,-32.00552],[115.82873,-32.00646],[115.82915,-32.01375],[115.8269,-32.02125],[115.82433,-32.02426],[115.8165,-32.02852],[115.8125,-32.02872],[115.81224,-32.02667],[115.81543,-32.02564],[115.81509,-32.02353],[115.81336,-32.02231],[115.80609,-32.01877],[115.79794,-32.01683],[115.78672,-32.01094],[115.78546,-32.01856],[115.77986,-32.02427],[115.77766,-32.0284],[115.77617,-32.02881],[115.77627,-32.04703],[115.77954,-32.04709],[115.77959,-32.0549],[115.7936,-32.05488],[115.79363,-32.05663],[115.80322,-32.05642],[115.80321,-32.07468],[115.81587,-32.0745],[115.81729,-32.07722],[115.82279,-32.07409],[115.82602,-32.07403],[115.83514,-32.07967],[115.84922,-32.07865],[115.84901,-32.08158],[115.8669,-32.08139],[115.86686,-32.08546],[115.87563,-32.08212],[115.89212,-32.08223],[115.88152,-32.0724],[115.8876,-32.06739],[115.88485,-32.06648],[115.87959,-32.06715],[115.87069,-32.06627],[115.87265,-32.06029],[115.87319,-32.04516],[115.86868,-32.04506],[115.86499,-32.04761],[115.86134,-32.04726],[115.86142,-32.04578]]]}},{"type":"Feature","properties":{"id":"menzies","name":"Menzies","level":2,"centroid":[123.7188,-29.3847],"bbox":[118.4357,-30.3054,129.0019,-28.464]},"geometry":{"type":"Polygon","coordinates":[[[129.0019,-29.03306],[127.35027,-29.03896],[126.36245,-29.03332],[124.01648,-29.03498],[122.88471,-29.03335],[122.88415,-29.02978],[122.76755,-29.02978],[122.76755,-29.10205],[122.74652,-29.10205],[122.74652,-29.19277],[122.47401,-29.19277],[122.47402,-29.35376],[122.36976,-29.35376],[122.36977,-29.44533],[122.2882,-29.44521],[122.28781,-29.49821],[122.16323,-29.49821],[122.16323,-29.4531],[122.06448,-29.45311],[122.06448,-29.31153],[121.88165,-29.31153],[121.88165,-29.27658],[121.87849,-29.27662],[121.88198,-29.18569],[121.78008,-29.18464],[121.78008,-29.12509],[121.69788,-29.12509],[121.69788,-29.17787],[121.52928,-29.17787],[121.52928,-29.18459],[121.38459,-29.18468],[121.38458,-29.11296],[121.18475,-29.11296],[121.18475,-29.05522],[120.8375,-29.05665],[120.83759,-28.93654],[120.68804,-28.9365],[120.68809,-28.7717],[120.76054,-28.7717],[120.76054,-28.61019],[120.62311,-28.61018],[120.62316,-28.51598],[120.45039,-28.51592],[120.45042,-28.46402],[119.80262,-28.46408],[119.80262,-28.8478],[119.77577,-28.84781],[119.77579,-28.91511],[119.66305,-29.11297],[119.34442,-29.11092],[119.20065,-29.29093],[118.72035,-29.29227],[118.72035,-29.10691],[118.43575,-29.10508],[118.43571,-29.27936],[118.50322,-29.61242],[119.08087,-29.82041],[120.00968,-30.1611],[120.84549,-30.16078],[121.18357,-30.14379],[124.50143,-30.14214],[125.59272,-30.1534],[127.35027,-30.14335],[127.35028,-30.30543],[129.00192,-30.30544],[129.0019,-29.03306]]]}},{"type":"Feature","properties":{"id":"merredin","name":"Merredin","level":2,"centroid":[118.3851,-31.4605],"bbox":[117.9657,-31.7832,118.8044,-31.1377]},"geometry":{"type":"Polygon","coordinates":[[[118.37836,-31.78132],[118.70838,-31.78325],[118.70846,-31.77418],[118.72115,-31.77407],[118.72113,-31.76506],[118.73388,-31.76504],[118.73402,-31.75771],[118.78991,-31.75754],[118.73893,-31.69557],[118.80444,-31.69553],[118.80434,-31.61841],[118.75512,-31.61844],[118.75508,-31.55534],[118.67555,-31.55541],[118.67555,-31.54967],[118.65211,-31.54967],[118.64335,-31.53815],[118.63107,-31.545],[118.61794,-31.52773],[118.60189,-31.53669],[118.50183,-31.40468],[118.51331,-31.27078],[118.50524,-31.13771],[118.43347,-31.13972],[118.39298,-31.15307],[118.35201,-31.15086],[118.3175,-31.21248],[118.30929,-31.21078],[118.31942,-31.22861],[118.29695,-31.23758],[118.29695,-31.24497],[118.28268,-31.24497],[118.28266,-31.2633],[118.17946,-31.26327],[118.18736,-31.2702],[118.11209,-31.27748],[118.12017,-31.31901],[118.07727,-31.33348],[118.01527,-31.33392],[118.03343,-31.36138],[118.03347,-31.40663],[118.00769,-31.40669],[118.00203,-31.45225],[118.00918,-31.45224],[118.00919,-31.46564],[118.03563,-31.46582],[118.03564,-31.48624],[118.02928,-31.48921],[118.04131,-31.4892],[118.03907,-31.56247],[118.00992,-31.58002],[117.98531,-31.58618],[117.96575,-31.58158],[117.96939,-31.70092],[118.01929,-31.70051],[118.02721,-31.71479],[118.05321,-31.71477],[118.05321,-31.72002],[118.11075,-31.71992],[118.1131,-31.71342],[118.16453,-31.70317],[118.16651,-31.71019],[118.23561,-31.69643],[118.37815,-31.69649],[118.37836,-31.78132]]]}},{"type":"Feature","properties":{"id":"mid-murray","name":"Mid Murray","level":2,"centroid":[139.4164,-34.4156],"bbox":[138.9751,-35.0305,139.8576,-33.8006]},"geometry":{"type":"Polygon","coordinates":[[[138.97513,-34.89481],[139.17177,-35.00592],[139.17936,-34.98082],[139.32702,-34.98127],[139.36687,-35.03053],[139.39143,-35.02998],[139.39144,-35.02384],[139.46568,-35.02391],[139.46587,-34.96686],[139.61991,-34.96691],[139.6199,-34.89601],[139.64436,-34.88316],[139.63374,-34.86733],[139.7597,-34.86751],[139.75698,-34.47682],[139.60062,-34.47643],[139.63006,-34.36295],[139.61694,-34.35165],[139.61775,-34.32991],[139.64532,-34.2992],[139.6324,-34.28781],[139.64022,-34.27767],[139.62387,-34.26519],[139.64102,-34.23695],[139.63387,-34.21348],[139.65925,-34.15919],[139.85759,-34.1587],[139.85708,-33.8753],[139.69924,-33.87518],[139.69999,-33.80058],[139.35594,-33.803],[139.35805,-34.17543],[139.35079,-34.31933],[139.26425,-34.31935],[139.26438,-34.29582],[139.19965,-34.31211],[139.15584,-34.33519],[139.10505,-34.33002],[139.11678,-34.35171],[139.1142,-34.37317],[139.09377,-34.40099],[139.10766,-34.41291],[139.11196,-34.43877],[139.17193,-34.48335],[139.15646,-34.49356],[139.15495,-34.50862],[139.13491,-34.50866],[139.11177,-34.53572],[139.09625,-34.58052],[139.10622,-34.59357],[139.10101,-34.61288],[139.10314,-34.62062],[139.16263,-34.62111],[139.15799,-34.64748],[139.16895,-34.70731],[139.1581,-34.70575],[139.1507,-34.76851],[139.08701,-34.75923],[139.03889,-34.82243],[139.0019,-34.83237],[139.00948,-34.86467],[138.98943,-34.87899],[138.97517,-34.87756],[138.97513,-34.89481]]]}},{"type":"Feature","properties":{"id":"mid-coast","name":"Mid-Coast","level":2,"centroid":[152.1037,-32.0718],"bbox":[151.4029,-32.7012,152.8044,-31.4424]},"geometry":{"type":"Polygon","coordinates":[[[151.85769,-32.61359],[151.9569,-32.61526],[151.99336,-32.66874],[152.04299,-32.67967],[152.06147,-32.64999],[152.07154,-32.68932],[152.1219,-32.65774],[152.1295,-32.68566],[152.20505,-32.70121],[152.19568,-32.64791],[152.33564,-32.52707],[152.53979,-32.44359],[152.51632,-32.40849],[152.5517,-32.3346],[152.5237,-32.2944],[152.57088,-32.21562],[152.50889,-32.17238],[152.51282,-32.11694],[152.6088,-31.94713],[152.75456,-31.84506],[152.73679,-31.80922],[152.80444,-31.72811],[152.59484,-31.69518],[152.50172,-31.6609],[152.50292,-31.63713],[152.40722,-31.66819],[152.35287,-31.65169],[152.34843,-31.6163],[152.30838,-31.62467],[152.34927,-31.57631],[152.33475,-31.51551],[152.28129,-31.52408],[152.25477,-31.48716],[152.19824,-31.53818],[152.17697,-31.4565],[152.14755,-31.44239],[152.16409,-31.51713],[151.91278,-31.47669],[151.91576,-31.51005],[151.75335,-31.5143],[151.8025,-31.57385],[151.75675,-31.60174],[151.75687,-31.63815],[151.53565,-31.59607],[151.5177,-31.76928],[151.59404,-31.78959],[151.58493,-31.8375],[151.46913,-31.89693],[151.44157,-31.95183],[151.45473,-31.99597],[151.40289,-32.04143],[151.64834,-32.10056],[151.72964,-32.2374],[151.76105,-32.26446],[151.80853,-32.24651],[151.82115,-32.31313],[151.84996,-32.3256],[151.8429,-32.41038],[151.90226,-32.41881],[151.9187,-32.44803],[151.85769,-32.61359]]]}},{"type":"Feature","properties":{"id":"mid-western","name":"Mid-Western","level":2,"centroid":[149.7673,-32.5975],"bbox":[149.1732,-33.1368,150.3614,-32.0581]},"geometry":{"type":"Polygon","coordinates":[[[149.77198,-33.11584],[149.80821,-33.09488],[149.91383,-33.13683],[149.94669,-33.04534],[149.93054,-33.00015],[150.017,-33.00415],[150.00045,-32.96506],[150.02495,-32.90096],[150.17264,-32.88068],[150.28001,-32.92024],[150.36143,-32.86809],[150.34125,-32.79377],[150.27544,-32.74751],[150.32017,-32.64791],[150.22767,-32.61233],[150.26605,-32.57771],[150.23684,-32.57403],[150.22718,-32.45616],[150.26741,-32.44943],[150.31934,-32.3882],[150.2668,-32.3769],[150.255,-32.3028],[150.18929,-32.35003],[150.16525,-32.32002],[150.05404,-32.35095],[150.02173,-32.30425],[150.07024,-32.18849],[150.02777,-32.20597],[150.00113,-32.16157],[149.96076,-32.18186],[149.93232,-32.11922],[149.84519,-32.11696],[149.79524,-32.09271],[149.79567,-32.05808],[149.75082,-32.11981],[149.60281,-32.12695],[149.57324,-32.08641],[149.50031,-32.07321],[149.47972,-32.10878],[149.41503,-32.09554],[149.41328,-32.17552],[149.37311,-32.18991],[149.33517,-32.28508],[149.21312,-32.29701],[149.17653,-32.34979],[149.17321,-32.4019],[149.25708,-32.39927],[149.28492,-32.43413],[149.25514,-32.44771],[149.2612,-32.48483],[149.29743,-32.4956],[149.23134,-32.60561],[149.30321,-32.67149],[149.27742,-32.6954],[149.28159,-32.81844],[149.21296,-32.82439],[149.2245,-32.91431],[149.26607,-32.89937],[149.28187,-32.92364],[149.2329,-32.99843],[149.28048,-33.0082],[149.27409,-33.04421],[149.33494,-33.06743],[149.38362,-32.99175],[149.45709,-32.94869],[149.49655,-32.98028],[149.64811,-32.99316],[149.65084,-33.06902],[149.77198,-33.11584]]]}},{"type":"Feature","properties":{"id":"mildura","name":"Mildura","level":2,"centroid":[141.853,-34.8646],"bbox":[140.9631,-35.7486,142.743,-33.9806]},"geometry":{"type":"Polygon","coordinates":[[[142.47043,-34.59133],[142.46499,-34.56179],[142.45163,-34.58425],[142.3677,-34.53043],[142.39995,-34.52228],[142.37495,-34.51527],[142.39469,-34.49347],[142.35958,-34.49877],[142.38417,-34.47808],[142.35334,-34.46957],[142.35098,-34.39662],[142.3962,-34.33724],[142.28388,-34.32655],[142.28614,-34.29652],[142.2359,-34.30696],[142.22797,-34.18945],[142.16615,-34.18291],[142.14871,-34.14874],[142.08278,-34.17353],[142.07564,-34.13141],[142.02959,-34.12613],[142.03847,-34.10006],[141.93406,-34.13824],[141.90351,-34.11114],[141.87663,-34.1374],[141.73147,-34.09094],[141.71902,-34.11488],[141.67746,-34.10121],[141.61854,-34.15627],[141.58391,-34.15195],[141.60329,-34.19122],[141.51008,-34.21647],[141.49497,-34.1546],[141.44455,-34.168],[141.35899,-34.11071],[141.32494,-34.13877],[141.24181,-34.0613],[141.18624,-34.09196],[141.15312,-34.05451],[141.09424,-34.05064],[141.08922,-34.07668],[141.03434,-34.03572],[141.02327,-34.05969],[140.96369,-33.98064],[140.96311,-35.74852],[141.49976,-35.74857],[141.49947,-35.4985],[141.99749,-35.49842],[141.99748,-35.46349],[142.16686,-35.47843],[142.16851,-35.44985],[142.20684,-35.45008],[142.17365,-35.37586],[142.1951,-35.31314],[142.28942,-35.29085],[142.61593,-35.30388],[142.61147,-35.19435],[142.73452,-35.19807],[142.74297,-35.11502],[142.69715,-35.11453],[142.69737,-34.88692],[142.51862,-34.8639],[142.51606,-34.66433],[142.473,-34.67019],[142.48378,-34.63664],[142.4523,-34.63309],[142.47043,-34.59133]]]}},{"type":"Feature","properties":{"id":"mingenew","name":"Mingenew","level":2,"centroid":[115.5012,-29.1451],"bbox":[115.2502,-29.3732,115.7523,-28.9171]},"geometry":{"type":"Polygon","coordinates":[[[115.2645,-29.0107],[115.26454,-29.15032],[115.25844,-29.15034],[115.25843,-29.17242],[115.25023,-29.17242],[115.25022,-29.19229],[115.25494,-29.1923],[115.25493,-29.19976],[115.25431,-29.19976],[115.25428,-29.20885],[115.25511,-29.20885],[115.25484,-29.22779],[115.25267,-29.22967],[115.25262,-29.23628],[115.25115,-29.23628],[115.25116,-29.24138],[115.25327,-29.24138],[115.25331,-29.36473],[115.29821,-29.36252],[115.29821,-29.36572],[115.30645,-29.36572],[115.30645,-29.36109],[115.35448,-29.34603],[115.44594,-29.34588],[115.44595,-29.34738],[115.57148,-29.34715],[115.57148,-29.35742],[115.60403,-29.35741],[115.60295,-29.35621],[115.62928,-29.35622],[115.62933,-29.35563],[115.63963,-29.35213],[115.65065,-29.37316],[115.66326,-29.36626],[115.66322,-29.3562],[115.74988,-29.35622],[115.74971,-29.28833],[115.75206,-29.28852],[115.75228,-29.21571],[115.67364,-29.21584],[115.67339,-29.06985],[115.73534,-29.069],[115.73531,-29.03539],[115.67145,-29.03543],[115.67145,-29.0245],[115.65954,-29.03122],[115.65953,-29.02996],[115.65301,-29.02996],[115.65301,-29.02892],[115.64681,-29.02892],[115.64678,-29.00874],[115.62193,-29.00876],[115.62192,-28.96604],[115.60391,-28.96605],[115.60391,-28.9497],[115.59369,-28.94971],[115.59365,-28.9171],[115.37363,-28.91719],[115.37366,-28.94806],[115.3407,-28.94808],[115.34069,-29.00051],[115.26451,-29.00052],[115.2645,-29.0107]]]}},{"type":"Feature","properties":{"id":"mitcham","name":"Mitcham","level":2,"centroid":[138.6222,-35.0069],"bbox":[138.563,-35.0504,138.6814,-34.9633]},"geometry":{"type":"Polygon","coordinates":[[[138.67535,-34.97447],[138.67313,-34.97346],[138.67151,-34.97433],[138.67049,-34.97169],[138.67137,-34.96791],[138.6685,-34.96703],[138.65244,-34.97282],[138.64802,-34.96559],[138.64408,-34.96331],[138.57299,-34.96725],[138.57618,-35.01101],[138.56297,-35.02328],[138.56363,-35.02963],[138.57006,-35.03248],[138.57226,-35.03502],[138.57071,-35.03606],[138.57125,-35.03799],[138.58432,-35.0369],[138.58655,-35.03805],[138.58746,-35.04052],[138.59027,-35.04097],[138.59506,-35.04571],[138.59665,-35.04567],[138.59905,-35.04939],[138.6024,-35.04908],[138.60366,-35.04762],[138.60953,-35.05045],[138.6124,-35.04674],[138.61525,-35.04713],[138.62187,-35.04308],[138.62396,-35.04313],[138.62618,-35.03962],[138.62359,-35.03635],[138.62979,-35.03179],[138.63214,-35.0321],[138.63454,-35.03494],[138.64154,-35.03722],[138.64297,-35.03623],[138.65158,-35.03646],[138.6525,-35.03543],[138.65523,-35.03762],[138.65628,-35.03638],[138.66013,-35.03772],[138.66323,-35.03649],[138.66318,-35.03506],[138.66481,-35.03653],[138.66552,-35.03451],[138.67,-35.03314],[138.67139,-35.03068],[138.67545,-35.0314],[138.67587,-35.0294],[138.67164,-35.02599],[138.67559,-35.01559],[138.68139,-35.00744],[138.67708,-35.00731],[138.68003,-35.00041],[138.67609,-34.99997],[138.67761,-34.99899],[138.67525,-34.99065],[138.67123,-34.98947],[138.67376,-34.98526],[138.67081,-34.98474],[138.66941,-34.98578],[138.66518,-34.98165],[138.67535,-34.97447]]]}},{"type":"Feature","properties":{"id":"mitchell","name":"Mitchell","level":2,"centroid":[144.9855,-37.1754],"bbox":[144.5413,-37.5154,145.4296,-36.8355]},"geometry":{"type":"Polygon","coordinates":[[[144.54435,-37.06022],[144.54132,-37.1148],[144.57393,-37.09912],[144.71537,-37.10032],[144.73522,-37.1265],[144.70382,-37.21295],[144.81236,-37.21391],[144.82905,-37.23566],[144.82522,-37.28405],[144.8558,-37.28546],[144.84922,-37.3223],[144.9178,-37.34797],[144.89512,-37.42439],[144.90512,-37.46829],[144.88082,-37.50223],[144.99193,-37.51538],[145.00724,-37.50217],[144.98697,-37.49987],[145.00077,-37.44237],[145.0729,-37.45054],[145.11108,-37.40174],[145.1413,-37.42824],[145.15456,-37.41287],[145.18651,-37.42215],[145.18557,-37.4438],[145.22228,-37.47259],[145.26563,-37.41934],[145.25652,-37.36795],[145.27138,-37.36805],[145.27936,-37.33237],[145.25187,-37.30494],[145.19539,-37.29411],[145.18065,-37.2644],[145.16301,-37.27761],[145.17721,-37.23592],[145.16381,-37.21576],[145.24114,-37.17697],[145.23044,-37.13324],[145.27891,-37.14305],[145.2883,-37.09959],[145.36621,-37.09762],[145.39274,-37.07627],[145.3928,-37.04374],[145.4296,-37.02057],[145.4259,-36.99912],[145.37294,-36.97527],[145.30398,-37.016],[145.28617,-36.99414],[145.29234,-36.95216],[145.23479,-36.90993],[145.20983,-36.94434],[145.1269,-36.94154],[145.12131,-36.89397],[145.08702,-36.86898],[144.93325,-36.83547],[144.94403,-36.85714],[144.82239,-36.8997],[144.79658,-36.96553],[144.71827,-36.9747],[144.68844,-37.01097],[144.54537,-37.01314],[144.54435,-37.06022]]]}},{"type":"Feature","properties":{"id":"moira","name":"Moira","level":2,"centroid":[145.539,-36.0505],"bbox":[144.8315,-36.2991,146.2466,-35.802]},"geometry":{"type":"Polygon","coordinates":[[[145.36017,-35.86181],[145.25836,-35.85063],[145.24618,-35.83031],[145.15364,-35.84307],[145.15881,-35.83077],[145.11423,-35.82052],[144.97094,-35.86096],[144.95743,-35.96088],[144.92362,-35.98894],[144.98688,-36.06428],[144.94952,-36.08296],[144.86327,-36.05914],[144.83151,-36.10483],[144.90386,-36.0778],[144.93925,-36.11353],[144.96013,-36.10689],[144.98143,-36.12702],[144.99532,-36.11459],[145.01532,-36.16135],[145.02867,-36.14803],[145.06224,-36.17119],[145.09107,-36.15773],[145.12791,-36.18311],[145.13794,-36.15403],[145.18256,-36.18495],[145.19436,-36.15883],[145.22758,-36.1586],[145.26026,-36.19931],[145.63161,-36.19917],[145.63153,-36.29906],[146.03094,-36.299],[146.03691,-36.25505],[146.13143,-36.25511],[146.13106,-36.18678],[146.23668,-36.19054],[146.24655,-36.17687],[146.22885,-36.1671],[146.24132,-36.13325],[146.20453,-36.12576],[146.21645,-36.09732],[146.19613,-36.08464],[146.1981,-36.04443],[146.17923,-36.05135],[146.17388,-36.01971],[146.13154,-36.01953],[146.13532,-36.00266],[146.09221,-36.02125],[146.03149,-35.9947],[145.97208,-36.01573],[145.94575,-35.9838],[145.95372,-35.96154],[145.92801,-35.97393],[145.9027,-35.95248],[145.81004,-35.99135],[145.77822,-35.96023],[145.71677,-35.95058],[145.72631,-35.9423],[145.69733,-35.93649],[145.69819,-35.92096],[145.67387,-35.92588],[145.62033,-35.88387],[145.62635,-35.86275],[145.60114,-35.87499],[145.56284,-35.81344],[145.53877,-35.8218],[145.5357,-35.80199],[145.52166,-35.81864],[145.47213,-35.80922],[145.36017,-35.86181]]]}},{"type":"Feature","properties":{"id":"monash","name":"Monash","level":2,"centroid":[145.1471,-37.8965],"bbox":[145.0742,-37.9396,145.2201,-37.8533]},"geometry":{"type":"Polygon","coordinates":[[[145.09217,-37.87187],[145.08823,-37.89296],[145.08411,-37.89179],[145.08104,-37.88836],[145.07819,-37.88714],[145.07417,-37.90813],[145.08524,-37.90949],[145.08248,-37.92398],[145.14162,-37.93136],[145.14337,-37.92455],[145.15673,-37.93313],[145.1925,-37.93759],[145.2201,-37.93958],[145.21833,-37.93675],[145.21571,-37.93716],[145.21406,-37.93561],[145.2112,-37.9357],[145.20945,-37.93395],[145.21044,-37.93353],[145.20642,-37.93115],[145.20682,-37.92802],[145.20543,-37.92778],[145.20483,-37.92603],[145.20529,-37.92243],[145.20278,-37.91918],[145.20408,-37.91611],[145.20337,-37.91512],[145.20558,-37.91224],[145.20484,-37.91076],[145.20587,-37.91056],[145.20521,-37.90533],[145.20337,-37.90332],[145.20735,-37.90155],[145.20687,-37.90061],[145.20835,-37.89903],[145.20729,-37.89867],[145.20689,-37.89662],[145.20175,-37.89547],[145.19917,-37.89209],[145.20026,-37.89136],[145.19504,-37.88732],[145.19599,-37.88618],[145.19432,-37.88569],[145.19548,-37.88491],[145.19455,-37.88447],[145.19534,-37.88324],[145.19087,-37.88057],[145.19205,-37.8793],[145.19086,-37.87897],[145.19199,-37.87766],[145.19125,-37.87684],[145.19266,-37.87571],[145.19182,-37.87445],[145.1934,-37.87422],[145.19218,-37.87163],[145.19327,-37.87156],[145.19513,-37.86691],[145.19417,-37.86626],[145.19571,-37.86516],[145.09512,-37.85334],[145.09217,-37.87187]]]}},{"type":"Feature","properties":{"id":"moonee-valley","name":"Moonee Valley","level":2,"centroid":[144.8933,-37.7494],"bbox":[144.8461,-37.7896,144.9404,-37.7092]},"geometry":{"type":"Polygon","coordinates":[[[144.85136,-37.77022],[144.85266,-37.77322],[144.85851,-37.77598],[144.86125,-37.77591],[144.86513,-37.77229],[144.87263,-37.77233],[144.87442,-37.76906],[144.8706,-37.76617],[144.87256,-37.7621],[144.88164,-37.75602],[144.88509,-37.75596],[144.88475,-37.7615],[144.8895,-37.76209],[144.89373,-37.76573],[144.90178,-37.76562],[144.90211,-37.76942],[144.89586,-37.77325],[144.89772,-37.78035],[144.90399,-37.78457],[144.90272,-37.78964],[144.90634,-37.78739],[144.90824,-37.78252],[144.91359,-37.77938],[144.92131,-37.78745],[144.93821,-37.78897],[144.94037,-37.78761],[144.9365,-37.77572],[144.93845,-37.77155],[144.93523,-37.77061],[144.93787,-37.76861],[144.93841,-37.76091],[144.93424,-37.76054],[144.933,-37.75885],[144.9349,-37.75322],[144.93055,-37.75365],[144.92672,-37.75145],[144.92921,-37.74758],[144.92856,-37.7457],[144.93473,-37.74391],[144.93012,-37.74017],[144.92825,-37.73479],[144.92432,-37.73239],[144.92473,-37.72893],[144.92255,-37.72882],[144.91822,-37.72413],[144.91459,-37.72381],[144.91247,-37.72091],[144.9106,-37.72191],[144.90937,-37.71736],[144.90562,-37.71724],[144.90462,-37.71575],[144.90232,-37.71668],[144.903,-37.71442],[144.89822,-37.70918],[144.8882,-37.71087],[144.87127,-37.72066],[144.84614,-37.74734],[144.8496,-37.75459],[144.84836,-37.75989],[144.85388,-37.76247],[144.8541,-37.76537],[144.85136,-37.77022]]]}},{"type":"Feature","properties":{"id":"moora","name":"Moora","level":2,"centroid":[116.2099,-30.5122],"bbox":[115.8761,-30.8613,116.5436,-30.1631]},"geometry":{"type":"Polygon","coordinates":[[[115.8762,-30.19567],[115.87613,-30.31797],[115.89882,-30.31795],[115.89478,-30.43376],[115.91092,-30.43383],[115.91086,-30.4575],[115.92491,-30.45756],[115.9248,-30.47218],[115.93315,-30.47223],[115.93317,-30.49478],[115.9022,-30.49472],[115.90222,-30.5234],[115.88753,-30.52339],[115.88739,-30.55132],[115.9019,-30.55133],[115.90184,-30.58299],[115.92099,-30.58299],[115.92304,-30.61695],[115.9071,-30.61494],[115.90701,-30.65551],[115.92666,-30.65557],[115.93748,-30.68818],[115.93411,-30.84589],[115.99442,-30.84587],[115.99437,-30.83417],[116.00748,-30.83415],[116.01414,-30.85501],[116.12442,-30.84835],[116.12365,-30.86123],[116.1984,-30.8613],[116.19387,-30.82931],[116.20757,-30.8293],[116.20759,-30.74441],[116.40111,-30.74395],[116.40107,-30.72111],[116.54358,-30.72052],[116.54285,-30.59946],[116.51148,-30.59812],[116.51077,-30.48902],[116.49894,-30.48907],[116.51437,-30.48503],[116.51433,-30.46496],[116.50323,-30.46398],[116.50935,-30.26829],[116.46639,-30.26831],[116.46646,-30.29446],[116.44944,-30.29452],[116.44943,-30.28045],[116.38347,-30.2811],[116.38343,-30.26123],[116.31205,-30.26136],[116.31202,-30.2434],[116.297,-30.24333],[116.29697,-30.20587],[116.35377,-30.20583],[116.35373,-30.18611],[116.2957,-30.1862],[116.29572,-30.16313],[116.26358,-30.16307],[116.2636,-30.19135],[116.1857,-30.19122],[116.17625,-30.20246],[116.15223,-30.19998],[116.15225,-30.18358],[116.12,-30.17765],[115.99211,-30.18435],[115.97899,-30.18421],[115.97896,-30.17578],[115.87626,-30.17595],[115.8762,-30.19567]]]}},{"type":"Feature","properties":{"id":"moorabool","name":"Moorabool","level":2,"centroid":[144.2195,-37.6333],"bbox":[143.8827,-37.864,144.5562,-37.4025]},"geometry":{"type":"Polygon","coordinates":[[[143.8827,-37.7142],[143.89859,-37.72377],[143.89217,-37.73297],[143.90342,-37.75168],[143.90112,-37.76781],[143.88347,-37.77808],[143.91634,-37.79253],[143.91899,-37.8108],[143.93922,-37.82364],[144.0546,-37.83228],[144.06022,-37.79576],[144.12939,-37.79752],[144.26362,-37.81165],[144.29602,-37.81955],[144.29425,-37.82891],[144.32284,-37.8447],[144.35331,-37.84529],[144.36199,-37.81082],[144.39912,-37.81522],[144.40636,-37.80092],[144.42106,-37.82034],[144.42182,-37.84657],[144.44407,-37.86402],[144.44899,-37.83705],[144.46685,-37.83908],[144.49059,-37.70568],[144.51931,-37.70635],[144.51207,-37.67559],[144.52113,-37.66593],[144.5227,-37.60459],[144.55623,-37.55889],[144.45769,-37.54457],[144.46912,-37.52123],[144.45932,-37.49709],[144.46757,-37.42791],[144.45021,-37.45064],[144.4264,-37.45887],[144.41694,-37.44661],[144.34728,-37.43212],[144.34572,-37.41792],[144.31768,-37.4025],[144.29126,-37.43694],[144.23468,-37.41651],[144.19811,-37.42012],[144.1963,-37.40882],[144.13285,-37.43016],[144.10723,-37.4286],[144.10688,-37.44022],[144.08714,-37.44583],[144.07866,-37.46264],[144.04235,-37.46379],[144.03703,-37.48627],[143.93789,-37.47419],[143.93194,-37.53488],[143.9507,-37.55985],[143.93667,-37.57506],[143.9048,-37.58238],[143.89584,-37.60754],[143.91335,-37.62675],[143.91453,-37.6451],[143.93587,-37.65056],[143.91387,-37.66026],[143.94873,-37.6733],[143.94415,-37.69409],[143.93824,-37.70917],[143.8827,-37.7142]]]}},{"type":"Feature","properties":{"id":"morawa","name":"Morawa","level":2,"centroid":[116.0564,-29.0352],"bbox":[115.6219,-29.3442,116.491,-28.7262]},"geometry":{"type":"Polygon","coordinates":[[[115.62192,-28.96604],[115.62193,-29.00876],[115.64678,-29.00874],[115.64681,-29.02892],[115.65954,-29.03122],[115.67145,-29.0245],[115.67145,-29.03543],[115.73531,-29.03539],[115.73534,-29.069],[115.67339,-29.06985],[115.67364,-29.21584],[115.75228,-29.21571],[115.75206,-29.28852],[115.85345,-29.28807],[115.85347,-29.34416],[115.9179,-29.3441],[115.91874,-29.32451],[116.1197,-29.32394],[116.1178,-29.28708],[116.2533,-29.27748],[116.2585,-29.27427],[116.27356,-29.27427],[116.27355,-29.26263],[116.29222,-29.26262],[116.29222,-29.26627],[116.31399,-29.25977],[116.38635,-29.25932],[116.38564,-29.19513],[116.49092,-29.19399],[116.49096,-29.09388],[116.38205,-29.09388],[116.38201,-29.01598],[116.34593,-29.01599],[116.34589,-28.95228],[116.23505,-28.95233],[116.23499,-28.92195],[116.21186,-28.922],[116.21158,-28.89106],[116.18017,-28.89112],[116.18014,-28.87529],[116.15682,-28.87646],[116.15677,-28.8468],[116.08765,-28.8469],[116.08715,-28.8365],[116.08399,-28.8365],[116.08156,-28.75831],[116.05216,-28.75653],[116.05217,-28.72622],[115.99123,-28.72625],[115.99123,-28.75655],[115.95807,-28.75655],[115.95819,-28.78445],[115.92506,-28.78447],[115.92509,-28.80234],[115.88458,-28.80236],[115.88435,-28.83916],[115.81159,-28.83917],[115.81138,-28.8514],[115.68585,-28.85153],[115.68584,-28.86017],[115.63617,-28.8602],[115.63617,-28.93735],[115.62501,-28.93735],[115.62192,-28.96604]]]}},{"type":"Feature","properties":{"id":"moree-plains","name":"Moree Plains","level":2,"centroid":[149.5777,-29.3211],"bbox":[148.6762,-30.1049,150.4793,-28.5372]},"geometry":{"type":"Polygon","coordinates":[[[150.4793,-28.67301],[150.38617,-28.6331],[150.35058,-28.57504],[150.29007,-28.53718],[150.21259,-28.57429],[150.15254,-28.55018],[149.89965,-28.62219],[149.86213,-28.6024],[149.72119,-28.60941],[149.678,-28.635],[149.56893,-28.57151],[149.4558,-28.59269],[149.3875,-28.69616],[149.35858,-28.68405],[149.29676,-28.70974],[149.18863,-28.7751],[149.1792,-28.80302],[149.13957,-28.80672],[149.12788,-28.83552],[149.08069,-28.84187],[149.03161,-28.95687],[148.97147,-28.97844],[148.94182,-29.02463],[148.89822,-29.01998],[148.82527,-29.06703],[148.79703,-29.14035],[148.80874,-29.17759],[148.76594,-29.19195],[148.72269,-29.31566],[148.69656,-29.32615],[148.68372,-29.38865],[148.71579,-29.42082],[148.67619,-29.50976],[148.90118,-29.47523],[148.87992,-29.62915],[149.08884,-29.71253],[149.08282,-29.74925],[149.55152,-29.81739],[149.64722,-29.77492],[149.65885,-29.80598],[149.70682,-29.82121],[149.72147,-29.77863],[149.75897,-29.78348],[149.75272,-29.82362],[149.78904,-29.83763],[149.78974,-29.87641],[149.91052,-29.88471],[149.89938,-29.92106],[149.92367,-29.96255],[150.03049,-29.98807],[150.07418,-30.10494],[150.12281,-30.06945],[150.16112,-30.08137],[150.2501,-29.9926],[150.29286,-29.99052],[150.31385,-29.8967],[150.29125,-29.8613],[150.30253,-29.73178],[150.19463,-29.62022],[150.21164,-29.52979],[150.19453,-29.51884],[150.21947,-29.49794],[150.16923,-29.49597],[150.2595,-29.01389],[150.14855,-28.88925],[150.34397,-28.82753],[150.4793,-28.67301]]]}},{"type":"Feature","properties":{"id":"moreland","name":"Moreland","level":2,"centroid":[144.9374,-37.7356],"bbox":[144.8862,-37.7802,144.9885,-37.6909]},"geometry":{"type":"Polygon","coordinates":[[[144.88847,-37.71077],[144.89822,-37.70918],[144.903,-37.71442],[144.90232,-37.71668],[144.90462,-37.71575],[144.90562,-37.71724],[144.90937,-37.71736],[144.9106,-37.72191],[144.91247,-37.72091],[144.91459,-37.72381],[144.91822,-37.72413],[144.92255,-37.72882],[144.92476,-37.72897],[144.92432,-37.73239],[144.92825,-37.73479],[144.93012,-37.74017],[144.93473,-37.74391],[144.92856,-37.7457],[144.92921,-37.74758],[144.92672,-37.75145],[144.93055,-37.75365],[144.9349,-37.75322],[144.933,-37.75885],[144.93424,-37.76054],[144.93841,-37.76091],[144.93787,-37.76861],[144.93523,-37.77061],[144.93845,-37.77155],[144.93635,-37.7741],[144.93708,-37.77776],[144.93877,-37.77543],[144.97812,-37.7802],[144.97889,-37.77529],[144.98852,-37.77639],[144.98446,-37.77122],[144.98557,-37.7662],[144.98146,-37.76282],[144.98317,-37.76155],[144.97925,-37.75421],[144.98182,-37.75209],[144.98016,-37.74629],[144.98202,-37.7455],[144.97897,-37.74272],[144.98298,-37.73577],[144.98527,-37.72136],[144.97819,-37.72035],[144.97944,-37.71971],[144.97812,-37.71669],[144.98087,-37.7146],[144.97702,-37.71364],[144.97901,-37.71248],[144.97712,-37.7102],[144.98083,-37.70735],[144.97855,-37.70472],[144.98252,-37.70294],[144.97958,-37.70063],[144.98069,-37.69809],[144.97866,-37.69709],[144.97874,-37.69434],[144.97606,-37.69502],[144.97291,-37.69252],[144.97056,-37.69273],[144.97136,-37.69093],[144.91901,-37.69468],[144.90492,-37.69385],[144.88623,-37.70774],[144.88847,-37.71077]]]}},{"type":"Feature","properties":{"id":"moreton-bay","name":"Moreton Bay","level":2,"centroid":[152.9288,-27.1097],"bbox":[152.6513,-27.4224,153.2063,-26.7971]},"geometry":{"type":"MultiPolygon","coordinates":[[[[153.14711,-26.93729],[153.08704,-26.95186],[153.07706,-26.97942],[153.13256,-27.03627],[153.16532,-27.09907],[153.19629,-27.09697],[153.20631,-27.07265],[153.14711,-26.93729]]],[[[153.06622,-27.28126],[153.07863,-27.26449],[153.05388,-27.23018],[153.07572,-27.22797],[153.07753,-27.26263],[153.10786,-27.2617],[153.11493,-27.19176],[153.08933,-27.20619],[153.03803,-27.19692],[153.03044,-27.17567],[153.06668,-27.11103],[153.14361,-27.07443],[153.09891,-27.06395],[153.11265,-27.05414],[153.10265,-27.03505],[153.04277,-26.96945],[152.97559,-26.98467],[152.91727,-26.95469],[152.85802,-26.9562],[152.87545,-26.91351],[152.85425,-26.89459],[152.86948,-26.87286],[152.79192,-26.82726],[152.7795,-26.79712],[152.75308,-26.79734],[152.74861,-26.81643],[152.67922,-26.79986],[152.66648,-26.83946],[152.68986,-26.89145],[152.66082,-26.90991],[152.68745,-26.91372],[152.65127,-26.95532],[152.6852,-26.96571],[152.70351,-27.02479],[152.69516,-27.05902],[152.67768,-27.05695],[152.68712,-27.08236],[152.67651,-27.08998],[152.73447,-27.10233],[152.73934,-27.15092],[152.68121,-27.26272],[152.70431,-27.29274],[152.75361,-27.295],[152.74885,-27.33229],[152.77189,-27.34318],[152.76001,-27.36388],[152.77463,-27.40102],[152.86115,-27.42236],[152.89723,-27.41727],[152.91695,-27.39417],[152.94882,-27.40872],[152.97625,-27.40148],[152.99727,-27.30206],[153.06622,-27.28126]]]]}},{"type":"Feature","properties":{"id":"mornington","name":"Mornington","level":2,"centroid":[139.4099,-16.7651],"bbox":[139.0939,-17.1394,139.7258,-16.3908]},"geometry":{"type":"MultiPolygon","coordinates":[[[[139.13711,-16.80458],[139.09393,-16.81337],[139.09473,-16.84309],[139.15047,-16.82425],[139.13711,-16.80458]]],[[[139.48468,-17.11838],[139.57799,-17.09354],[139.49448,-16.97961],[139.49014,-17.04456],[139.46164,-17.02525],[139.39412,-17.08296],[139.43456,-17.13944],[139.4299,-17.10433],[139.48076,-17.08462],[139.48468,-17.11838]]],[[[139.23212,-17.0241],[139.20735,-17.00332],[139.21469,-17.03639],[139.26568,-17.05827],[139.23212,-17.0241]]],[[[139.72579,-16.4947],[139.71773,-16.45013],[139.70119,-16.47531],[139.72579,-16.4947]]],[[[139.19503,-16.66192],[139.22927,-16.73268],[139.31306,-16.73022],[139.3739,-16.68633],[139.37586,-16.64202],[139.45127,-16.66625],[139.43915,-16.63068],[139.46535,-16.6291],[139.47308,-16.58315],[139.45309,-16.56949],[139.50629,-16.57784],[139.51433,-16.54514],[139.47503,-16.52622],[139.53034,-16.51759],[139.56083,-16.48026],[139.54664,-16.46052],[139.59412,-16.55533],[139.65723,-16.51939],[139.71154,-16.53221],[139.70162,-16.48627],[139.60529,-16.40348],[139.55092,-16.3908],[139.4654,-16.44606],[139.30709,-16.46214],[139.16047,-16.60982],[139.16153,-16.66517],[139.19503,-16.66192]]],[[[139.18265,-16.69837],[139.17961,-16.67181],[139.14596,-16.69192],[139.14136,-16.75407],[139.18476,-16.73363],[139.18265,-16.69837]]],[[[139.45608,-16.67348],[139.4458,-16.70638],[139.47767,-16.67944],[139.45608,-16.67348]]]]}},{"type":"Feature","properties":{"id":"mornington-peninsula","name":"Mornington Peninsula","level":2,"centroid":[144.9566,-38.3314],"bbox":[144.6515,-38.4993,145.2617,-38.1635]},"geometry":{"type":"Polygon","coordinates":[[[145.21577,-38.20064],[145.18182,-38.19905],[145.15907,-38.18156],[145.15239,-38.19447],[145.12876,-38.20007],[145.10208,-38.16591],[145.08829,-38.16354],[145.06169,-38.20119],[145.04496,-38.21339],[145.03243,-38.21266],[145.0317,-38.22356],[145.02551,-38.22649],[145.02562,-38.25334],[145.00132,-38.27086],[144.98284,-38.2964],[144.99445,-38.30508],[144.98663,-38.31835],[144.92318,-38.34924],[144.85094,-38.36873],[144.81558,-38.36867],[144.77455,-38.35946],[144.74573,-38.34007],[144.73901,-38.3246],[144.68023,-38.30521],[144.66721,-38.30813],[144.65145,-38.30273],[144.74175,-38.35393],[144.83858,-38.43031],[144.88666,-38.4772],[144.88806,-38.49928],[144.89466,-38.49144],[144.91116,-38.48924],[144.91865,-38.497],[144.93742,-38.49707],[144.94882,-38.48854],[144.97664,-38.49032],[145.01101,-38.47965],[145.03127,-38.48707],[145.02514,-38.47532],[145.04716,-38.43377],[145.07639,-38.42543],[145.07933,-38.41582],[145.09615,-38.40249],[145.13411,-38.3902],[145.23464,-38.40951],[145.21776,-38.39394],[145.2152,-38.3831],[145.18399,-38.37457],[145.19641,-38.36657],[145.21093,-38.37866],[145.22191,-38.37787],[145.21347,-38.3659],[145.21879,-38.34759],[145.19285,-38.32449],[145.20052,-38.3117],[145.19297,-38.29645],[145.19999,-38.29306],[145.20621,-38.30379],[145.22303,-38.30645],[145.22566,-38.27241],[145.26174,-38.24241],[145.25331,-38.23567],[145.25423,-38.2236],[145.22655,-38.21894],[145.21545,-38.20872],[145.21577,-38.20064]]]}},{"type":"Feature","properties":{"id":"mosman","name":"Mosman","level":2,"centroid":[151.2486,-33.8284],"bbox":[151.2284,-33.8535,151.2689,-33.8033]},"geometry":{"type":"Polygon","coordinates":[[[151.23106,-33.81675],[151.23291,-33.81832],[151.22838,-33.83758],[151.23173,-33.8378],[151.23285,-33.8364],[151.23292,-33.83804],[151.23139,-33.83971],[151.23339,-33.84425],[151.23635,-33.83975],[151.23738,-33.83956],[151.23688,-33.84489],[151.23854,-33.84444],[151.23937,-33.84576],[151.24161,-33.84559],[151.24383,-33.8468],[151.24487,-33.85252],[151.24661,-33.85349],[151.24792,-33.85185],[151.24694,-33.84996],[151.24809,-33.84624],[151.24669,-33.84549],[151.24616,-33.84266],[151.25238,-33.84454],[151.25432,-33.84403],[151.25426,-33.84204],[151.25255,-33.84092],[151.25298,-33.83914],[151.26122,-33.83794],[151.2607,-33.82997],[151.26384,-33.83014],[151.26536,-33.82804],[151.26829,-33.82801],[151.26888,-33.82704],[151.26635,-33.82358],[151.26347,-33.82448],[151.26323,-33.82584],[151.25663,-33.82647],[151.25537,-33.82826],[151.25251,-33.82718],[151.25141,-33.8242],[151.25305,-33.82297],[151.25188,-33.82276],[151.25146,-33.82131],[151.25198,-33.81993],[151.25336,-33.81951],[151.25307,-33.81686],[151.25194,-33.81543],[151.24937,-33.81536],[151.24717,-33.81254],[151.2471,-33.81036],[151.24872,-33.80786],[151.24595,-33.80334],[151.24544,-33.80773],[151.24418,-33.80978],[151.24112,-33.80809],[151.23782,-33.80805],[151.23646,-33.81085],[151.23512,-33.81156],[151.23919,-33.81546],[151.23908,-33.81687],[151.23405,-33.81581],[151.23353,-33.81691],[151.23172,-33.816],[151.23106,-33.81675]]]}},{"type":"Feature","properties":{"id":"mosman-park","name":"Mosman Park","level":2,"centroid":[115.7661,-32.0142],"bbox":[115.7509,-32.0251,115.7814,-32.0033]},"geometry":{"type":"Polygon","coordinates":[[[115.75129,-32.01611],[115.75134,-32.01661],[115.751,-32.01895],[115.75088,-32.02159],[115.75237,-32.0217],[115.75304,-32.02146],[115.75355,-32.02151],[115.75382,-32.02133],[115.75603,-32.02149],[115.75751,-32.02116],[115.75812,-32.02202],[115.75834,-32.0219],[115.75858,-32.02271],[115.75814,-32.0229],[115.75889,-32.02402],[115.76066,-32.02346],[115.76201,-32.02267],[115.76459,-32.02233],[115.76632,-32.02243],[115.76673,-32.02283],[115.76765,-32.02327],[115.76926,-32.02351],[115.77141,-32.02448],[115.77379,-32.02505],[115.77643,-32.02282],[115.77764,-32.02108],[115.77856,-32.02037],[115.77907,-32.01949],[115.77979,-32.01885],[115.78014,-32.01797],[115.7814,-32.01643],[115.78113,-32.01605],[115.77917,-32.01493],[115.77592,-32.01275],[115.77535,-32.01222],[115.77479,-32.01207],[115.77414,-32.01122],[115.77171,-32.00972],[115.77149,-32.00866],[115.77149,-32.00816],[115.77172,-32.00753],[115.77152,-32.00677],[115.77158,-32.00612],[115.77207,-32.00416],[115.77264,-32.00335],[115.77178,-32.00334],[115.76968,-32.00338],[115.76951,-32.00352],[115.76951,-32.00428],[115.76868,-32.00429],[115.76868,-32.00411],[115.76717,-32.00424],[115.76717,-32.0039],[115.76633,-32.00384],[115.76228,-32.00384],[115.76228,-32.00396],[115.7614,-32.00396],[115.76139,-32.00381],[115.75926,-32.00382],[115.75685,-32.00746],[115.7555,-32.00999],[115.75468,-32.01207],[115.75341,-32.0161],[115.75129,-32.01611]]]}},{"type":"Feature","properties":{"id":"mount-alexander","name":"Mount Alexander","level":2,"centroid":[144.1882,-37.0761],"bbox":[143.8306,-37.2702,144.5459,-36.8819]},"geometry":{"type":"Polygon","coordinates":[[[143.94942,-37.19445],[143.95887,-37.22048],[143.99675,-37.23533],[144.00139,-37.25524],[144.03306,-37.26251],[144.03862,-37.27023],[144.042,-37.25604],[144.06357,-37.24949],[144.06754,-37.2104],[144.06009,-37.20772],[144.07435,-37.14765],[144.19045,-37.16613],[144.18515,-37.19534],[144.27664,-37.20905],[144.28426,-37.208],[144.29217,-37.16356],[144.37448,-37.17316],[144.36735,-37.15726],[144.52728,-37.17729],[144.52674,-37.15079],[144.54503,-37.12191],[144.53043,-37.10029],[144.54268,-37.08822],[144.53692,-37.06988],[144.54586,-37.06325],[144.49266,-37.05045],[144.50626,-36.97588],[144.4911,-36.96161],[144.48934,-36.97141],[144.45599,-36.93836],[144.43812,-36.9356],[144.42958,-36.94423],[144.41195,-36.92336],[144.3977,-36.93527],[144.39613,-36.9553],[144.30033,-36.94262],[144.29768,-36.95698],[144.24052,-36.95056],[144.22832,-36.92238],[143.8917,-36.88189],[143.8921,-36.89392],[143.8664,-36.90124],[143.86298,-36.91551],[143.84655,-36.92795],[143.85989,-36.94995],[143.83642,-36.96326],[143.83064,-36.98072],[143.88425,-36.98631],[143.88229,-36.99856],[143.8997,-37.00054],[143.89571,-37.02356],[143.97345,-37.02936],[144.01323,-37.06905],[144.01206,-37.07681],[143.98554,-37.08728],[143.97991,-37.09927],[143.97197,-37.09155],[143.96464,-37.10076],[143.96289,-37.12931],[143.95519,-37.13988],[143.96295,-37.14871],[143.96266,-37.17652],[143.94942,-37.19445]]]}},{"type":"Feature","properties":{"id":"mount-barker","name":"Mount Barker","level":2,"centroid":[138.8694,-35.0697],"bbox":[138.6947,-35.2433,139.044,-34.896]},"geometry":{"type":"Polygon","coordinates":[[[138.69471,-35.12065],[138.70422,-35.15201],[138.7134,-35.1537],[138.69726,-35.17945],[138.69629,-35.21055],[138.74031,-35.23825],[138.77451,-35.2433],[138.78498,-35.22853],[138.78298,-35.21376],[138.79479,-35.2144],[138.80583,-35.19826],[138.82872,-35.20558],[138.8331,-35.19236],[138.85667,-35.1964],[138.85827,-35.18454],[138.87735,-35.18376],[138.88742,-35.15966],[138.89491,-35.15661],[138.89206,-35.14555],[138.91752,-35.13745],[138.92995,-35.1469],[138.95549,-35.11288],[138.98063,-35.11989],[138.98105,-35.12765],[139.00311,-35.12658],[139.00364,-35.13221],[139.02739,-35.1388],[139.04404,-35.1116],[139.02902,-35.06147],[139.03739,-35.02112],[139.03124,-35.00183],[139.0412,-34.97661],[139.01938,-34.95261],[139.03496,-34.92867],[138.97295,-34.89601],[138.96605,-34.91479],[138.97135,-34.92342],[138.96079,-34.93219],[138.96338,-34.95178],[138.95217,-34.97994],[138.89863,-34.99419],[138.89635,-35.00371],[138.87629,-35.01029],[138.86455,-35.02691],[138.85586,-35.02511],[138.85024,-35.03164],[138.83938,-35.01577],[138.82519,-35.02153],[138.80885,-35.00318],[138.79475,-35.0072],[138.78762,-35.01231],[138.78878,-35.02473],[138.77876,-35.02704],[138.77496,-35.03954],[138.75562,-35.05426],[138.75996,-35.06704],[138.75091,-35.07279],[138.75086,-35.06745],[138.73739,-35.06864],[138.73747,-35.07907],[138.72687,-35.08276],[138.71906,-35.07942],[138.72013,-35.09799],[138.71214,-35.11102],[138.7164,-35.11459],[138.69471,-35.12065]]]}},{"type":"Feature","properties":{"id":"mount-gambier","name":"Mount Gambier","level":2,"centroid":[140.7819,-37.8247],"bbox":[140.7376,-37.8551,140.8262,-37.7943]},"geometry":{"type":"Polygon","coordinates":[[[140.74781,-37.83612],[140.75573,-37.84497],[140.76394,-37.84922],[140.76407,-37.84939],[140.77205,-37.84932],[140.77323,-37.85004],[140.77462,-37.85039],[140.77631,-37.85116],[140.77704,-37.85141],[140.77901,-37.85162],[140.78013,-37.85142],[140.78026,-37.85136],[140.78075,-37.85109],[140.78146,-37.8513],[140.7815,-37.85121],[140.78227,-37.85145],[140.78308,-37.8519],[140.79327,-37.85507],[140.7932,-37.85003],[140.79294,-37.84919],[140.79473,-37.84973],[140.79806,-37.85077],[140.80042,-37.84595],[140.80733,-37.8481],[140.81889,-37.85167],[140.82377,-37.84202],[140.8262,-37.83722],[140.81406,-37.83332],[140.81393,-37.83329],[140.82145,-37.81853],[140.82386,-37.81382],[140.81159,-37.8099],[140.80851,-37.8089],[140.78988,-37.80296],[140.76281,-37.79428],[140.75781,-37.80407],[140.74554,-37.80014],[140.74423,-37.80269],[140.74127,-37.80853],[140.74074,-37.80986],[140.74063,-37.80983],[140.73762,-37.81576],[140.74247,-37.82111],[140.74261,-37.82127],[140.75017,-37.82961],[140.75044,-37.82985],[140.74973,-37.83225],[140.7489,-37.83488],[140.74859,-37.83548],[140.74781,-37.83612]]]}},{"type":"Feature","properties":{"id":"mount-isa","name":"Mount Isa","level":2,"centroid":[139.0143,-19.7466],"bbox":[137.9956,-21.315,140.0329,-18.1783]},"geometry":{"type":"Polygon","coordinates":[[[139.55327,-20.90098],[139.72339,-20.90583],[139.74339,-20.6666],[139.79857,-20.67054],[139.80042,-20.63173],[139.90914,-20.62312],[139.8633,-20.49852],[139.87823,-20.43598],[140.0329,-20.53523],[140.0231,-20.4364],[139.94347,-20.39557],[139.94466,-20.29897],[139.98169,-20.26508],[139.97071,-20.21299],[139.73327,-20.23313],[139.73175,-20.1849],[139.7803,-20.18849],[139.80611,-19.80798],[139.72871,-19.79353],[139.72604,-19.84791],[139.51417,-19.82331],[139.53273,-19.72459],[139.47002,-19.71929],[139.48624,-19.43564],[139.51431,-19.43809],[139.51602,-19.29193],[139.5414,-19.29368],[139.5508,-19.16672],[139.20485,-19.13944],[139.20859,-19.08444],[139.15787,-19.04076],[139.22383,-18.91495],[139.15714,-18.87517],[139.04867,-18.96452],[138.9846,-18.90445],[139.07693,-18.86708],[138.98688,-18.76957],[138.91621,-18.83026],[138.76839,-18.67284],[138.70287,-18.73394],[138.73423,-18.75126],[138.6856,-18.84098],[138.62874,-18.84028],[138.60434,-18.81649],[138.52881,-18.88195],[138.47471,-18.82505],[138.31273,-18.81794],[138.31589,-18.78467],[138.19252,-18.77739],[138.23761,-18.19472],[137.99561,-18.17828],[137.99708,-21.19426],[138.15982,-21.20363],[138.17809,-20.99827],[138.34239,-20.99836],[138.31558,-21.02107],[138.41961,-21.12929],[138.36422,-21.1767],[138.49016,-21.31306],[138.53005,-21.31497],[138.68491,-21.14702],[138.74383,-21.12345],[139.04098,-20.86449],[139.12892,-20.9602],[139.39665,-20.96771],[139.39551,-20.89291],[139.55327,-20.90098]]]}},{"type":"Feature","properties":{"id":"mount-magnet","name":"Mount Magnet","level":2,"centroid":[117.9666,-28.2908],"bbox":[117.2215,-29.0067,118.7116,-27.5749]},"geometry":{"type":"Polygon","coordinates":[[[117.3409,-27.68699],[117.28377,-27.68696],[117.28376,-27.75958],[117.3691,-27.75961],[117.3691,-27.81044],[117.2215,-27.81044],[117.25007,-27.83429],[117.24084,-28.14999],[117.26594,-28.14999],[117.26595,-28.24793],[117.34192,-28.24792],[117.34192,-28.31581],[117.42415,-28.31581],[117.42415,-28.40695],[117.46999,-28.40695],[117.46999,-28.46455],[117.55622,-28.46455],[117.55622,-28.693],[117.76019,-28.69299],[117.76032,-28.78547],[117.79125,-28.78547],[117.79125,-28.75644],[117.95919,-28.75643],[117.95919,-28.69243],[118.00411,-28.69243],[118.0041,-28.65704],[118.08645,-28.65704],[118.08646,-28.74779],[118.04529,-28.74779],[118.04218,-28.80586],[118.07655,-28.96106],[118.28387,-28.95154],[118.28387,-29.00673],[118.44888,-28.98044],[118.44854,-28.72983],[118.54317,-28.54506],[118.57258,-28.54507],[118.57258,-28.47246],[118.44793,-28.4618],[118.44793,-28.31258],[118.57258,-28.30314],[118.57238,-28.16172],[118.51909,-28.16172],[118.51909,-28.13498],[118.71163,-28.13497],[118.71163,-28.00609],[118.64993,-28.00609],[118.63176,-27.76116],[118.28854,-27.79896],[118.00574,-27.76345],[118.00574,-27.82567],[117.96501,-27.82567],[117.96501,-27.74035],[117.84861,-27.74035],[117.84861,-27.70085],[117.68425,-27.70087],[117.68426,-27.78792],[117.61898,-27.78792],[117.61898,-27.6427],[117.67454,-27.64271],[117.67456,-27.57828],[117.56718,-27.5749],[117.5672,-27.68701],[117.43293,-27.68702],[117.43292,-27.75962],[117.38574,-27.75963],[117.38577,-27.687],[117.3409,-27.68699]]]}},{"type":"Feature","properties":{"id":"mount-marshall","name":"Mount Marshall","level":2,"centroid":[118.0011,-30.2938],"bbox":[117.4943,-30.9752,118.5079,-29.6124]},"geometry":{"type":"Polygon","coordinates":[[[117.55345,-30.20613],[117.60343,-30.20612],[117.5984,-30.88648],[117.58376,-30.90257],[117.59606,-30.95922],[117.68659,-30.95349],[117.70111,-30.97259],[117.75473,-30.97518],[117.75413,-30.95156],[117.79264,-30.95883],[117.92282,-30.94159],[117.92283,-30.96209],[118.0625,-30.96058],[118.06251,-30.92777],[118.08167,-30.92778],[118.05261,-30.85903],[118.0609,-30.84153],[118.08554,-30.84153],[118.08554,-30.81969],[118.10334,-30.81969],[118.10353,-30.77986],[118.12129,-30.77985],[118.12128,-30.76188],[118.14201,-30.76187],[118.14197,-30.70753],[118.11491,-30.67402],[118.11495,-30.64835],[118.07459,-30.64829],[118.07457,-30.5949],[118.11674,-30.59918],[118.11679,-30.57831],[118.16003,-30.56598],[118.14991,-30.2033],[118.50793,-30.20329],[118.50322,-29.61242],[117.69524,-29.61242],[117.72165,-29.65464],[117.70326,-29.67548],[117.60347,-29.64404],[117.57597,-29.61793],[117.58144,-29.63589],[117.56757,-29.63591],[117.55061,-29.70439],[117.5694,-29.73715],[117.55057,-29.74768],[117.56954,-29.75615],[117.50943,-29.77669],[117.49431,-29.87588],[117.50931,-29.88441],[117.63487,-29.84528],[117.66612,-29.86965],[117.6712,-29.89794],[117.66449,-29.92898],[117.63692,-29.95018],[117.56752,-29.94883],[117.52216,-29.92649],[117.50498,-29.94082],[117.52916,-29.96646],[117.52965,-30.12221],[117.54269,-30.15046],[117.52227,-30.16215],[117.5332,-30.16223],[117.55345,-30.20613]]]}},{"type":"Feature","properties":{"id":"mount-remarkable","name":"Mount Remarkable","level":2,"centroid":[138.1713,-32.7181],"bbox":[137.9025,-33.1131,138.4401,-32.3231]},"geometry":{"type":"Polygon","coordinates":[[[137.92302,-32.49459],[137.92295,-32.66],[137.93088,-32.66002],[137.94264,-32.69344],[137.94099,-32.71439],[137.94376,-32.72558],[137.94302,-32.73453],[137.95569,-32.76773],[137.95552,-32.78134],[137.96524,-32.80584],[137.90246,-32.80566],[137.90351,-32.81729],[137.91158,-32.84272],[137.91235,-32.85354],[137.91608,-32.85703],[137.92643,-32.88022],[137.93817,-32.92977],[137.94005,-32.94823],[137.9515,-32.97504],[137.95664,-32.98138],[137.95519,-32.98914],[137.95835,-32.98942],[137.95209,-33.006],[137.96431,-33.01647],[137.97152,-33.01574],[137.98303,-33.02014],[137.98882,-33.01907],[138.00315,-33.02497],[138.02009,-33.03739],[138.04595,-33.08669],[138.04502,-33.09085],[138.04084,-33.08984],[138.0411,-33.09327],[138.03604,-33.09634],[138.03926,-33.10114],[138.03064,-33.09836],[138.02435,-33.10242],[138.02467,-33.10582],[138.03296,-33.10691],[138.03636,-33.10295],[138.04013,-33.10484],[138.19613,-33.10395],[138.20032,-33.11129],[138.21073,-33.11313],[138.21301,-33.10389],[138.29305,-33.10201],[138.43946,-33.10308],[138.44014,-32.32323],[138.39251,-32.3231],[138.39119,-32.32582],[138.34315,-32.324],[138.34306,-32.41516],[138.15716,-32.41482],[138.15669,-32.52705],[138.12466,-32.51445],[138.1076,-32.50393],[138.08855,-32.51038],[138.08373,-32.50627],[138.07137,-32.5047],[138.0706,-32.50636],[138.00751,-32.50676],[138.00625,-32.49714],[137.92302,-32.49459]]]}},{"type":"Feature","properties":{"id":"moyne","name":"Moyne","level":2,"centroid":[142.4628,-38.1877],"bbox":[141.8197,-38.6098,143.1058,-37.7655]},"geometry":{"type":"Polygon","coordinates":[[[142.61472,-37.8103],[142.55255,-37.80132],[142.53071,-37.84303],[142.46669,-37.83491],[142.45014,-37.91842],[142.40901,-37.89815],[142.41361,-37.93222],[142.21408,-37.93442],[142.13387,-37.9565],[142.03137,-37.94818],[141.96005,-37.97319],[141.82645,-37.93572],[141.83475,-38.0101],[141.81974,-38.03902],[141.86939,-38.11309],[141.85087,-38.17438],[141.86956,-38.2643],[141.97834,-38.29816],[142.14572,-38.39146],[142.18881,-38.39473],[142.24491,-38.39645],[142.26153,-38.36457],[142.35364,-38.35012],[142.42236,-38.37238],[142.42899,-38.31439],[142.50989,-38.31254],[142.51897,-38.35862],[142.55636,-38.35962],[142.57009,-38.38848],[142.62096,-38.38859],[142.60902,-38.45013],[142.87827,-38.60976],[142.86999,-38.56776],[142.83273,-38.53795],[142.85809,-38.50003],[142.89963,-38.48677],[142.84737,-38.48073],[142.87982,-38.3062],[142.82696,-38.31447],[142.81461,-38.29839],[142.84453,-38.19673],[142.89073,-38.19435],[142.89582,-38.12324],[143.01938,-38.13599],[142.99215,-38.07974],[143.02617,-38.05806],[143.01342,-38.0458],[143.05044,-38.00489],[143.03649,-37.99138],[143.05187,-37.96342],[143.08302,-37.94729],[143.07406,-37.92899],[143.09776,-37.90713],[143.07386,-37.8861],[143.10124,-37.88295],[143.07954,-37.86382],[143.10583,-37.83353],[143.03138,-37.81451],[143.03526,-37.79276],[143.00725,-37.76554],[142.87941,-37.83657],[142.87947,-37.80843],[142.86141,-37.80644],[142.70174,-37.8347],[142.61472,-37.8103]]]}},{"type":"Feature","properties":{"id":"mukinbudin","name":"Mukinbudin","level":2,"centroid":[118.2863,-30.6367],"bbox":[118.0526,-31.0702,118.5199,-30.2033]},"geometry":{"type":"Polygon","coordinates":[[[118.05882,-30.96058],[118.05881,-31.00094],[118.07983,-31.00092],[118.07984,-31.04895],[118.10408,-31.04895],[118.10408,-31.03805],[118.15638,-31.01756],[118.16447,-31.03344],[118.18278,-31.02653],[118.18407,-31.03075],[118.20248,-31.02657],[118.20369,-31.0179],[118.20729,-31.01774],[118.2212,-31.00232],[118.22597,-31.00167],[118.22379,-31.00642],[118.24862,-31.05635],[118.25669,-31.05865],[118.27486,-31.04355],[118.34766,-31.07018],[118.35253,-31.04879],[118.35837,-31.04879],[118.35837,-31.04092],[118.3768,-31.04174],[118.43543,-31.02574],[118.43543,-31.00303],[118.43007,-31.00102],[118.43543,-30.98458],[118.43542,-30.93712],[118.50539,-30.93706],[118.51995,-30.49252],[118.51972,-30.31518],[118.51499,-30.30451],[118.50792,-30.24677],[118.50793,-30.20329],[118.14991,-30.2033],[118.14981,-30.46422],[118.16007,-30.49544],[118.16003,-30.56598],[118.13954,-30.56596],[118.13957,-30.57835],[118.11679,-30.57831],[118.11674,-30.59918],[118.09963,-30.59442],[118.07457,-30.5949],[118.07459,-30.64829],[118.11495,-30.64835],[118.11491,-30.67402],[118.13242,-30.68904],[118.13241,-30.70752],[118.14197,-30.70753],[118.14201,-30.76187],[118.12128,-30.76188],[118.12129,-30.77985],[118.10353,-30.77986],[118.10334,-30.81969],[118.08554,-30.81969],[118.08554,-30.84153],[118.0609,-30.84153],[118.0609,-30.85903],[118.05261,-30.85903],[118.08167,-30.92778],[118.06251,-30.92777],[118.0625,-30.96058],[118.05882,-30.96058]]]}},{"type":"Feature","properties":{"id":"mundaring","name":"Mundaring","level":2,"centroid":[116.215,-31.8845],"bbox":[116.0148,-32.0626,116.4151,-31.7065]},"geometry":{"type":"Polygon","coordinates":[[[116.28889,-32.06214],[116.32347,-32.06255],[116.32375,-32.02343],[116.30257,-32.02319],[116.30281,-32.00502],[116.40908,-32.01231],[116.41514,-31.90932],[116.34619,-31.90678],[116.34612,-31.85643],[116.35832,-31.8386],[116.35829,-31.81947],[116.37099,-31.81334],[116.33783,-31.80561],[116.35621,-31.78361],[116.34523,-31.77998],[116.34584,-31.76266],[116.33819,-31.76269],[116.33815,-31.75352],[116.34802,-31.74844],[116.34724,-31.70656],[116.29802,-31.70654],[116.27263,-31.72125],[116.27473,-31.73847],[116.26298,-31.76145],[116.27999,-31.76154],[116.28163,-31.75508],[116.2819,-31.81969],[116.2629,-31.81974],[116.26286,-31.82703],[116.2115,-31.82722],[116.21161,-31.82204],[116.19674,-31.82202],[116.19637,-31.83839],[116.07679,-31.83841],[116.07676,-31.86319],[116.05875,-31.86761],[116.05233,-31.88175],[116.02325,-31.88581],[116.02322,-31.89346],[116.03814,-31.89827],[116.04697,-31.90991],[116.02324,-31.90075],[116.0148,-31.91073],[116.0432,-31.93295],[116.06081,-31.92609],[116.07923,-31.94888],[116.10311,-31.94615],[116.10829,-31.93626],[116.11701,-31.93573],[116.16514,-31.95666],[116.17012,-31.96942],[116.17633,-31.96514],[116.17792,-31.97003],[116.18728,-31.96876],[116.19033,-31.97905],[116.2069,-31.98176],[116.21177,-31.9935],[116.22121,-31.99599],[116.21865,-31.99958],[116.24034,-32.01799],[116.25418,-32.02082],[116.2737,-32.05048],[116.28889,-32.06214]]]}},{"type":"Feature","properties":{"id":"murchison","name":"Murchison","level":2,"centroid":[116.4121,-27.0088],"bbox":[115.2025,-28.4338,117.6216,-25.5838]},"geometry":{"type":"Polygon","coordinates":[[[117.62158,-26.6261],[117.6212,-26.35954],[117.47673,-26.35955],[117.47671,-26.26912],[117.34914,-26.26912],[117.34913,-26.09198],[117.20813,-26.10023],[117.2081,-26.02317],[117.37109,-26.02312],[117.37106,-25.94905],[117.20815,-25.94902],[117.24705,-25.63672],[116.50183,-25.5838],[116.46578,-25.68436],[115.70459,-25.68439],[115.70459,-25.73342],[115.61493,-25.73339],[115.61491,-25.8277],[115.4715,-25.86602],[115.51579,-26.27716],[115.4066,-26.27716],[115.40662,-26.78556],[115.31154,-26.78556],[115.31878,-27.21608],[115.21371,-27.21608],[115.20254,-27.49496],[115.22886,-27.53891],[115.40349,-27.56481],[115.39899,-27.69255],[115.32961,-27.69254],[115.37843,-27.9381],[115.90514,-27.93448],[115.91068,-28.06589],[115.80848,-28.02232],[115.80848,-28.42868],[115.99578,-28.43377],[115.99578,-28.36116],[115.93217,-28.33395],[115.95811,-28.28759],[116.04681,-28.28759],[116.0326,-28.19875],[116.24037,-28.18423],[116.24037,-28.11975],[116.05328,-28.11975],[116.05327,-28.01277],[116.16829,-28.0485],[116.16837,-27.77445],[116.40478,-27.7511],[116.40481,-27.64704],[116.45359,-27.6042],[116.56892,-27.60422],[116.58577,-27.67018],[116.73994,-27.67025],[116.71709,-27.26812],[116.82931,-27.26812],[116.82932,-27.40433],[116.86896,-27.40433],[116.86895,-27.30512],[117.03267,-27.30512],[117.03267,-27.1744],[117.25598,-27.1744],[117.25598,-27.26521],[117.33399,-27.26523],[117.29401,-26.80492],[117.3467,-26.70021],[117.41171,-26.70022],[117.41173,-26.77103],[117.54106,-26.77091],[117.54106,-26.62611],[117.62158,-26.6261]]]}},{"type":"Feature","properties":{"id":"murray","name":"Murray","level":2,"centroid":[115.9654,-32.6239],"bbox":[115.6664,-32.8032,116.2645,-32.4446]},"geometry":{"type":"Polygon","coordinates":[[[116.25969,-32.49809],[116.25969,-32.45865],[115.99071,-32.4545],[115.97604,-32.46079],[115.97618,-32.46946],[115.91047,-32.46941],[115.91048,-32.4549],[115.85776,-32.45487],[115.85774,-32.44456],[115.83152,-32.44457],[115.82749,-32.45814],[115.78445,-32.45561],[115.78499,-32.50861],[115.77445,-32.54384],[115.76533,-32.54253],[115.75384,-32.55897],[115.76578,-32.56778],[115.75994,-32.5747],[115.76626,-32.58157],[115.7629,-32.59076],[115.77734,-32.59493],[115.77065,-32.61777],[115.77546,-32.62443],[115.76731,-32.62701],[115.77364,-32.63601],[115.7448,-32.64656],[115.72141,-32.63194],[115.71791,-32.64024],[115.70414,-32.64374],[115.67689,-32.61644],[115.66636,-32.61572],[115.66718,-32.63457],[115.68471,-32.65336],[115.68606,-32.6829],[115.69736,-32.6906],[115.71391,-32.72887],[115.71025,-32.74134],[115.72685,-32.75333],[115.72582,-32.78182],[115.71285,-32.77325],[115.71503,-32.79391],[115.75953,-32.79072],[115.75261,-32.80167],[115.80448,-32.78646],[115.81475,-32.79789],[115.94896,-32.79138],[115.94891,-32.78379],[115.96978,-32.77205],[115.96889,-32.76178],[115.98055,-32.77376],[116.00089,-32.77941],[115.99878,-32.76057],[116.01554,-32.75519],[116.04404,-32.76232],[116.0726,-32.75591],[116.08266,-32.77262],[116.10997,-32.7739],[116.10473,-32.78155],[116.11388,-32.78932],[116.17803,-32.78939],[116.17823,-32.80323],[116.18753,-32.8032],[116.18759,-32.78173],[116.22585,-32.79186],[116.22599,-32.75589],[116.20599,-32.75542],[116.20636,-32.67519],[116.26452,-32.67507],[116.25969,-32.49809]]]}},{"type":"Feature","properties":{"id":"murray-bridge","name":"Murray Bridge","level":2,"centroid":[139.3197,-35.2002],"bbox":[139.0194,-35.4717,139.6199,-34.9287]},"geometry":{"type":"Polygon","coordinates":[[[139.14472,-35.47169],[139.32783,-35.41725],[139.33193,-35.40406],[139.34355,-35.39604],[139.36622,-35.36465],[139.38797,-35.34779],[139.3877,-35.33467],[139.37935,-35.31972],[139.38339,-35.30855],[139.39459,-35.30118],[139.42826,-35.29636],[139.45439,-35.27959],[139.45637,-35.26765],[139.45001,-35.25378],[139.40014,-35.21738],[139.36125,-35.19691],[139.36532,-35.1878],[139.35845,-35.18308],[139.61993,-35.18295],[139.61991,-34.96691],[139.46587,-34.96686],[139.46568,-35.02391],[139.39144,-35.02384],[139.39143,-35.02998],[139.36687,-35.03053],[139.36004,-35.01593],[139.33005,-34.99062],[139.32702,-34.98127],[139.17936,-34.98082],[139.18027,-34.99217],[139.17334,-34.99589],[139.17177,-35.00592],[139.03496,-34.92867],[139.01938,-34.95261],[139.02851,-34.95703],[139.02892,-34.96729],[139.03796,-34.96971],[139.03496,-34.97071],[139.0412,-34.97661],[139.03674,-34.99531],[139.03124,-35.00183],[139.03739,-35.02112],[139.03108,-35.03337],[139.03336,-35.04034],[139.02902,-35.06147],[139.0336,-35.06435],[139.03183,-35.07366],[139.0381,-35.08463],[139.03683,-35.0954],[139.04239,-35.09687],[139.04404,-35.1116],[139.02743,-35.13877],[139.03635,-35.14033],[139.03789,-35.14619],[139.06669,-35.16592],[139.06644,-35.21485],[139.08608,-35.21662],[139.10762,-35.23235],[139.15832,-35.25347],[139.14472,-35.47169]]]}},{"type":"Feature","properties":{"id":"murray-river","name":"Murray River","level":2,"centroid":[144.3404,-35.2308],"bbox":[143.3213,-36.1299,145.3595,-34.3317]},"geometry":{"type":"Polygon","coordinates":[[[143.35257,-34.85822],[143.3213,-34.88872],[143.32209,-35.03671],[143.39468,-35.19236],[143.47149,-35.21928],[143.56393,-35.20261],[143.59087,-35.28165],[143.56217,-35.3375],[143.63125,-35.3955],[143.68423,-35.36817],[143.76381,-35.39223],[143.76286,-35.42305],[143.85879,-35.47996],[143.97011,-35.50006],[143.98987,-35.55465],[144.10502,-35.59077],[144.26783,-35.75371],[144.34892,-35.76696],[144.40793,-35.904],[144.58328,-36.03901],[144.61548,-36.03158],[144.61755,-36.07711],[144.63275,-36.04808],[144.68872,-36.06127],[144.68425,-36.09552],[144.77798,-36.12991],[144.86327,-36.05914],[144.9812,-36.07286],[144.92581,-35.97496],[144.95743,-35.96088],[144.9708,-35.86104],[145.04972,-35.83366],[145.24618,-35.83031],[145.35946,-35.86436],[145.34301,-35.71169],[145.13428,-35.6735],[144.99598,-35.58305],[144.89513,-35.57126],[144.89084,-35.48762],[144.65232,-35.39447],[144.59652,-35.33097],[144.43388,-35.25963],[144.43256,-35.21689],[144.38981,-35.19309],[144.25658,-35.18456],[144.05406,-35.10725],[144.13686,-35.04448],[144.14942,-34.73978],[143.90111,-34.65373],[143.9411,-34.50738],[143.9457,-34.35681],[143.91174,-34.33165],[143.7551,-34.3963],[143.64591,-34.53848],[143.62772,-34.68937],[143.54165,-34.73172],[143.5148,-34.80397],[143.49101,-34.9724],[143.47343,-34.90677],[143.35257,-34.85822]]]}},{"type":"Feature","properties":{"id":"murrindindi","name":"Murrindindi","level":2,"centroid":[145.6745,-37.2851],"bbox":[145.163,-37.6242,146.186,-36.946]},"geometry":{"type":"Polygon","coordinates":[[[145.65006,-36.94597],[145.53185,-36.95904],[145.52888,-36.99382],[145.49937,-36.99204],[145.48942,-37.02317],[145.42771,-37.00601],[145.37215,-37.09404],[145.2883,-37.09959],[145.27891,-37.14305],[145.23044,-37.13324],[145.24114,-37.17697],[145.16381,-37.21576],[145.17721,-37.23592],[145.16301,-37.27761],[145.18065,-37.2644],[145.19539,-37.29411],[145.25187,-37.30494],[145.27936,-37.33237],[145.27138,-37.36805],[145.25652,-37.36795],[145.26563,-37.41934],[145.22228,-37.47259],[145.25672,-37.49197],[145.2517,-37.51063],[145.29439,-37.49857],[145.34738,-37.54412],[145.41823,-37.52638],[145.46992,-37.55766],[145.53148,-37.55685],[145.5626,-37.59323],[145.59987,-37.56606],[145.67586,-37.62418],[145.73735,-37.59398],[145.73825,-37.56658],[145.80919,-37.56438],[145.82633,-37.52812],[145.87323,-37.52498],[145.88161,-37.49215],[145.8897,-37.53224],[146.18601,-37.53481],[146.15412,-37.52879],[146.14363,-37.46769],[146.06436,-37.38514],[146.0696,-37.3432],[146.01696,-37.27888],[146.01655,-37.23969],[145.97593,-37.2413],[145.97003,-37.26398],[145.96491,-37.23111],[145.86135,-37.19254],[145.87081,-37.17428],[145.84525,-37.17373],[145.87708,-37.16822],[145.85364,-37.14351],[145.88258,-37.15424],[145.89046,-37.12119],[145.81112,-37.10685],[145.75932,-37.05511],[145.70655,-37.03924],[145.65006,-36.94597]]]}},{"type":"Feature","properties":{"id":"murrumbidgee","name":"Murrumbidgee","level":2,"centroid":[145.7029,-35.0109],"bbox":[145.178,-35.5869,146.2278,-34.435]},"geometry":{"type":"Polygon","coordinates":[[[146.00765,-35.58693],[146.06485,-35.32259],[145.99296,-35.3111],[145.98716,-35.2849],[145.95995,-35.28261],[145.96977,-35.27086],[145.95739,-35.26371],[145.99503,-35.21027],[146.02432,-35.21832],[146.01981,-35.20344],[146.03996,-35.19856],[146.0097,-35.16668],[146.00645,-35.13323],[146.03033,-35.05462],[146.05808,-35.03286],[146.06101,-34.94164],[146.08092,-34.91837],[146.06899,-34.91584],[146.07485,-34.89817],[146.15239,-34.90169],[146.17437,-34.79062],[146.19799,-34.788],[146.22777,-34.61196],[146.18908,-34.625],[146.17091,-34.60915],[146.15274,-34.62849],[146.09751,-34.6324],[146.08571,-34.60798],[146.04327,-34.58799],[146.0489,-34.57783],[146.02298,-34.59461],[146.02822,-34.56566],[145.99768,-34.5443],[145.97826,-34.56329],[145.88954,-34.55629],[145.85451,-34.57983],[145.83405,-34.55376],[145.79712,-34.56339],[145.7488,-34.52727],[145.69967,-34.5198],[145.68389,-34.49608],[145.69691,-34.46903],[145.63391,-34.47373],[145.61957,-34.45355],[145.60489,-34.47162],[145.55929,-34.44248],[145.52471,-34.45079],[145.50126,-34.43697],[145.48564,-34.45593],[145.45938,-34.44389],[145.44386,-34.46843],[145.43381,-34.43969],[145.41451,-34.44946],[145.40951,-34.43495],[145.39076,-34.4666],[145.35954,-34.44265],[145.34605,-34.46054],[145.31623,-34.45594],[145.33002,-34.47442],[145.25561,-34.4804],[145.17796,-34.851],[145.59837,-34.85739],[145.48452,-35.51198],[145.72146,-35.54936],[145.73787,-35.5377],[145.79366,-35.54443],[145.79192,-35.55568],[146.00765,-35.58693]]]}},{"type":"Feature","properties":{"id":"murweh","name":"Murweh","level":2,"centroid":[146.6046,-26.1326],"bbox":[145.2548,-27.5366,147.9543,-24.7287]},"geometry":{"type":"Polygon","coordinates":[[[145.46235,-25.50363],[145.4128,-26.02321],[145.35522,-26.1603],[145.29977,-26.15445],[145.30993,-26.46019],[145.35862,-26.46548],[145.25483,-27.0401],[145.79531,-27.06141],[145.80703,-26.97576],[146.22896,-27.01108],[146.22095,-27.082],[146.46122,-27.1048],[146.45292,-27.1745],[146.60498,-27.19304],[146.58483,-27.32873],[146.66936,-27.3374],[146.63998,-27.49073],[147.06054,-27.53658],[147.09663,-27.09974],[147.03015,-27.09226],[147.04921,-27.01121],[147.06435,-26.95636],[147.20579,-26.96745],[147.21633,-26.52774],[147.30504,-26.52754],[147.35933,-26.15556],[147.45136,-26.08131],[147.4547,-25.98038],[147.28157,-25.91562],[147.25863,-25.79203],[147.16016,-25.78104],[147.17933,-25.62922],[147.28548,-25.64049],[147.39311,-25.35415],[147.35921,-25.2907],[147.54122,-25.31161],[147.55427,-25.21905],[147.65521,-25.2308],[147.65922,-25.00445],[147.78079,-25.02641],[147.95429,-24.88886],[147.91956,-24.82478],[147.746,-24.72868],[147.48363,-24.87697],[147.3221,-24.87046],[147.23787,-24.98629],[147.06395,-24.99057],[147.09336,-25.06912],[147.00738,-25.07524],[147.0012,-25.15321],[146.73722,-25.35777],[146.75823,-25.1882],[146.57539,-25.17426],[146.50976,-25.33511],[146.21595,-25.2744],[146.17233,-25.58832],[145.97115,-25.56895],[145.9386,-25.48758],[145.94526,-25.72073],[145.74603,-25.69181],[145.74925,-25.61582],[145.67395,-25.60856],[145.58409,-25.7547],[145.49256,-25.74628],[145.54983,-25.50958],[145.46235,-25.50363]]]}},{"type":"Feature","properties":{"id":"muswellbrook","name":"Muswellbrook","level":2,"centroid":[150.6949,-32.4881],"bbox":[150.2265,-32.8459,151.1633,-32.1303]},"geometry":{"type":"Polygon","coordinates":[[[150.3626,-32.8459],[150.4213,-32.82061],[150.44163,-32.79331],[150.4618,-32.79437],[150.49414,-32.75192],[150.5568,-32.7584],[150.61098,-32.71309],[150.66929,-32.70261],[150.68198,-32.63251],[150.74457,-32.64131],[150.77358,-32.49825],[150.80006,-32.50161],[150.77814,-32.47377],[150.80193,-32.46595],[150.8351,-32.48612],[150.8546,-32.45072],[150.88307,-32.47019],[150.89803,-32.39707],[150.98132,-32.41276],[150.98421,-32.39759],[151.01787,-32.40205],[151.02861,-32.34461],[151.04553,-32.34676],[151.0481,-32.33232],[151.09961,-32.33556],[151.08926,-32.32272],[151.10957,-32.28164],[151.16331,-32.25721],[151.16039,-32.20459],[151.06605,-32.16574],[151.04473,-32.17734],[151.03182,-32.16646],[151.01591,-32.17755],[150.87253,-32.17638],[150.87495,-32.20012],[150.49858,-32.13027],[150.50953,-32.15504],[150.49102,-32.17054],[150.48654,-32.24],[150.52993,-32.33178],[150.55781,-32.33016],[150.55263,-32.34541],[150.51464,-32.3694],[150.51188,-32.34424],[150.49287,-32.35223],[150.4693,-32.32192],[150.43874,-32.32214],[150.42027,-32.34706],[150.39366,-32.3337],[150.38648,-32.38011],[150.34224,-32.38515],[150.32291,-32.40878],[150.27992,-32.42192],[150.25417,-32.45789],[150.22646,-32.45887],[150.24761,-32.48318],[150.23684,-32.57403],[150.26605,-32.57771],[150.25948,-32.5977],[150.22767,-32.61233],[150.32017,-32.64791],[150.27544,-32.74751],[150.34123,-32.79374],[150.3626,-32.8459]]]}},{"type":"Feature","properties":{"id":"nambucca-valley","name":"Nambucca Valley","level":2,"centroid":[152.7103,-30.7067],"bbox":[152.4003,-30.9247,153.0204,-30.4887]},"geometry":{"type":"Polygon","coordinates":[[[152.40026,-30.50093],[152.41091,-30.51076],[152.43349,-30.51513],[152.47366,-30.55237],[152.50048,-30.56655],[152.50429,-30.58773],[152.53933,-30.61793],[152.53641,-30.6338],[152.55478,-30.67409],[152.55036,-30.68571],[152.55642,-30.69914],[152.58939,-30.71874],[152.59169,-30.73253],[152.60875,-30.74288],[152.64136,-30.78279],[152.64307,-30.79629],[152.65806,-30.79962],[152.66524,-30.81233],[152.68335,-30.81316],[152.68156,-30.83495],[152.66503,-30.86275],[152.69246,-30.87645],[152.70806,-30.8734],[152.70816,-30.85831],[152.73285,-30.86439],[152.76286,-30.92475],[152.8128,-30.92365],[152.85218,-30.90575],[152.87066,-30.88294],[152.89298,-30.88008],[152.90586,-30.8505],[152.92351,-30.83384],[152.9168,-30.82445],[152.92037,-30.81463],[152.94865,-30.79705],[152.96943,-30.79496],[152.97387,-30.77535],[153.00082,-30.75834],[153.0016,-30.74844],[152.98961,-30.73752],[152.98872,-30.71755],[152.99771,-30.67838],[153.02037,-30.64757],[153.01012,-30.61545],[153.01687,-30.56517],[152.88766,-30.55655],[152.8886,-30.55136],[152.86336,-30.54462],[152.86514,-30.53534],[152.85743,-30.54628],[152.83979,-30.5425],[152.84139,-30.53247],[152.81785,-30.52959],[152.81626,-30.53964],[152.73197,-30.52261],[152.67192,-30.532],[152.66217,-30.53935],[152.6303,-30.53956],[152.49811,-30.5191],[152.40831,-30.48872],[152.40026,-30.50093]]]}},{"type":"Feature","properties":{"id":"nannup","name":"Nannup","level":2,"centroid":[115.6741,-34.1346],"bbox":[115.3371,-34.4854,116.011,-33.7839]},"geometry":{"type":"Polygon","coordinates":[[[115.3371,-34.31483],[115.43844,-34.35241],[115.47887,-34.38173],[115.52141,-34.39757],[115.54227,-34.41423],[115.54087,-34.42307],[115.55878,-34.41509],[115.57787,-34.42207],[115.67451,-34.4854],[115.72504,-34.46227],[115.77291,-34.45531],[115.77512,-34.44237],[115.79182,-34.44059],[115.81221,-34.41434],[115.82519,-34.41499],[115.83021,-34.4074],[115.80869,-34.39869],[115.78106,-34.35341],[115.79274,-34.35272],[115.78711,-34.34269],[115.79417,-34.34256],[115.79834,-34.32948],[115.82215,-34.33628],[115.82038,-34.33103],[115.83713,-34.31928],[115.84248,-34.29893],[115.86711,-34.30452],[115.87612,-34.29692],[115.87814,-34.21314],[115.89039,-34.21315],[115.89742,-34.19008],[115.90593,-34.19009],[115.90903,-34.16629],[115.94439,-34.16156],[115.94179,-34.12906],[116.01079,-34.13582],[116.01102,-34.08586],[115.97978,-34.08564],[115.97972,-33.99765],[115.9458,-33.99762],[115.94584,-33.96397],[115.93578,-33.9612],[115.94057,-33.89156],[115.90192,-33.88539],[115.88393,-33.84273],[115.86591,-33.85525],[115.8176,-33.85413],[115.81772,-33.83695],[115.83693,-33.83703],[115.83763,-33.79107],[115.8133,-33.79119],[115.81333,-33.78392],[115.80693,-33.78389],[115.80683,-33.79768],[115.73628,-33.79668],[115.73618,-33.81156],[115.66961,-33.8118],[115.53602,-33.91388],[115.4196,-33.91983],[115.41513,-33.97583],[115.38996,-34.00048],[115.40422,-34.05004],[115.3914,-34.0791],[115.40292,-34.09325],[115.40182,-34.15647],[115.33721,-34.16006],[115.3371,-34.31483]]]}},{"type":"Feature","properties":{"id":"napranum","name":"Napranum","level":2,"centroid":[142.0805,-12.5887],"bbox":[141.5914,-12.9428,142.5695,-12.2347]},"geometry":{"type":"MultiPolygon","coordinates":[[[[141.87012,-12.87363],[141.82711,-12.87397],[141.80099,-12.91377],[141.84689,-12.94277],[141.87012,-12.87363]]],[[[142.18515,-12.61154],[142.09537,-12.68531],[141.96399,-12.71104],[142.00053,-12.77548],[142.01391,-12.73835],[142.05014,-12.74247],[142.06942,-12.78734],[142.10884,-12.74073],[142.16806,-12.76528],[142.19577,-12.63847],[142.5657,-12.66178],[142.56948,-12.61663],[142.48652,-12.48579],[142.40589,-12.51956],[142.26202,-12.36733],[142.13147,-12.40266],[142.11158,-12.30023],[142.07552,-12.2791],[142.0406,-12.27925],[142.04127,-12.49839],[141.99647,-12.57255],[141.96708,-12.57035],[141.96325,-12.53322],[141.90998,-12.57532],[141.94103,-12.56069],[142.00404,-12.60055],[142.02768,-12.57466],[142.17104,-12.56265],[142.18515,-12.61154]]],[[[141.76503,-12.80933],[141.75307,-12.83137],[141.80075,-12.8359],[141.80324,-12.74736],[141.76503,-12.80933]]],[[[141.84919,-12.24077],[141.71484,-12.2347],[141.59144,-12.56407],[141.65734,-12.44165],[141.7763,-12.46643],[141.84099,-12.3837],[141.84486,-12.33313],[141.72965,-12.30738],[141.84612,-12.31873],[141.84919,-12.24077]]],[[[141.70202,-12.51956],[141.81989,-12.60145],[141.89368,-12.59145],[141.87235,-12.55974],[141.87332,-12.58836],[141.79577,-12.57591],[141.71852,-12.49925],[141.73745,-12.48005],[141.70202,-12.51956]]],[[[141.64281,-12.57419],[141.69811,-12.545],[141.65321,-12.52111],[141.65406,-12.46149],[141.64281,-12.57419]]]]}},{"type":"Feature","properties":{"id":"naracoorte-lucindale","name":"Naracoorte Lucindale","level":2,"centroid":[140.5279,-36.9954],"bbox":[140.0839,-37.3218,140.972,-36.669]},"geometry":{"type":"Polygon","coordinates":[[[140.96891,-36.66896],[140.8666,-36.66914],[140.61211,-36.66896],[140.61184,-36.67585],[140.61178,-36.68735],[140.61218,-36.69235],[140.61192,-36.69249],[140.54867,-36.69263],[140.5469,-36.69061],[140.5357,-36.69063],[140.51661,-36.69449],[140.48604,-36.6924],[140.48595,-36.69247],[140.48694,-36.69458],[140.48407,-36.69492],[140.48403,-36.6947],[140.45691,-36.6982],[140.43143,-36.70242],[140.43145,-36.68997],[140.42203,-36.68975],[140.42207,-36.68994],[140.39962,-36.68987],[140.39906,-36.68943],[140.3966,-36.6894],[140.37762,-36.6894],[140.37762,-36.6898],[140.25219,-36.68933],[140.25182,-36.87483],[140.25135,-36.87498],[140.25169,-36.88036],[140.25167,-36.894],[140.08499,-36.89406],[140.08444,-37.05466],[140.08433,-37.05466],[140.08413,-37.07694],[140.08385,-37.17595],[140.22798,-37.17596],[140.23001,-37.17612],[140.24288,-37.17614],[140.24319,-37.25618],[140.24337,-37.2662],[140.24366,-37.3197],[140.24353,-37.32125],[140.32894,-37.32156],[140.4747,-37.32142],[140.61005,-37.32182],[140.6119,-37.30969],[140.612,-37.18993],[140.61217,-37.17918],[140.61201,-37.17602],[140.7933,-37.17766],[140.97155,-37.17853],[140.97199,-37.06654],[140.97189,-37.03606],[140.97163,-37.00875],[140.97143,-37.00631],[140.97078,-36.92735],[140.96996,-36.85663],[140.9693,-36.82442],[140.96901,-36.79315],[140.96877,-36.73423],[140.96859,-36.73424],[140.96891,-36.66896]]]}},{"type":"Feature","properties":{"id":"narembeen","name":"Narembeen","level":2,"centroid":[118.69,-32.0221],"bbox":[118.1949,-32.2867,119.1852,-31.7575]},"geometry":{"type":"Polygon","coordinates":[[[118.20829,-32.23079],[118.20831,-32.24956],[118.19485,-32.24958],[118.19489,-32.27941],[118.32154,-32.27173],[118.32154,-32.28625],[118.33864,-32.28623],[118.33863,-32.28138],[118.35044,-32.28574],[118.40321,-32.28674],[118.47054,-32.28533],[118.5053,-32.27946],[118.51021,-32.27416],[118.62379,-32.2775],[118.62375,-32.26263],[118.61521,-32.26265],[118.61519,-32.25195],[118.74435,-32.24591],[118.74435,-32.24215],[118.76079,-32.24215],[118.79697,-32.2299],[118.81657,-32.23529],[118.85993,-32.23435],[118.85994,-32.24112],[118.91412,-32.23745],[118.91411,-32.21373],[119.16141,-32.21456],[119.17905,-32.20344],[119.08755,-32.10036],[119.18518,-32.10035],[119.18516,-32.08186],[119.17595,-32.08186],[119.17595,-32.01373],[119.13475,-32.01372],[119.13471,-31.97157],[119.09162,-31.97579],[119.09161,-31.96291],[118.97933,-31.96796],[118.92042,-31.91526],[118.78991,-31.75754],[118.73402,-31.75771],[118.73388,-31.76504],[118.72113,-31.76506],[118.72115,-31.77407],[118.70846,-31.77418],[118.70838,-31.78325],[118.37836,-31.78132],[118.37848,-31.80216],[118.37002,-31.80219],[118.36999,-31.85363],[118.3444,-31.8537],[118.34437,-31.87367],[118.31712,-31.87374],[118.31821,-31.98386],[118.29379,-31.98386],[118.2939,-32.02376],[118.26356,-32.02378],[118.26816,-32.06358],[118.24467,-32.06385],[118.24483,-32.08138],[118.22751,-32.08156],[118.22742,-32.08927],[118.21668,-32.08935],[118.21655,-32.09932],[118.20667,-32.09934],[118.20829,-32.23079]]]}},{"type":"Feature","properties":{"id":"narrabri","name":"Narrabri","level":2,"centroid":[149.6022,-30.3278],"bbox":[148.8107,-30.9063,150.3938,-29.7492]},"geometry":{"type":"Polygon","coordinates":[[[148.81073,-30.67359],[148.92276,-30.62428],[148.94829,-30.65465],[148.96971,-30.61941],[149.02566,-30.60561],[149.05246,-30.63975],[149.04778,-30.71322],[149.11973,-30.71623],[149.12196,-30.79752],[149.15491,-30.78485],[149.20744,-30.90631],[149.31123,-30.86351],[149.49522,-30.89285],[149.51849,-30.86323],[149.65858,-30.88395],[149.67031,-30.86161],[149.7883,-30.85904],[149.82503,-30.75931],[149.98198,-30.7763],[150.01143,-30.73649],[150.05284,-30.80029],[150.10186,-30.80535],[150.11068,-30.7487],[150.26432,-30.76289],[150.29559,-30.73037],[150.29551,-30.67436],[150.33738,-30.67449],[150.38782,-30.61818],[150.35888,-30.5666],[150.39377,-30.54705],[150.35475,-30.52822],[150.34932,-30.41495],[150.28324,-30.43083],[150.19075,-30.36459],[150.16707,-30.22853],[150.08937,-30.17166],[150.03049,-29.98807],[149.92367,-29.96255],[149.91052,-29.88471],[149.78974,-29.87641],[149.78904,-29.83763],[149.75272,-29.82362],[149.75897,-29.78348],[149.72147,-29.77863],[149.70682,-29.82121],[149.64722,-29.77492],[149.55152,-29.81739],[149.08282,-29.74925],[149.048,-29.95347],[149.09431,-29.9593],[149.08121,-30.03448],[149.05513,-30.09245],[149.02036,-30.12932],[148.99329,-30.11738],[148.98145,-30.16782],[148.94282,-30.18781],[148.92962,-30.31327],[148.9161,-30.34195],[148.88507,-30.32567],[148.81073,-30.67359]]]}},{"type":"Feature","properties":{"id":"narrandera","name":"Narrandera","level":2,"centroid":[146.532,-34.5911],"bbox":[146.1524,-35.0984,146.9116,-34.0837]},"geometry":{"type":"Polygon","coordinates":[[[146.46461,-34.09638],[146.35949,-34.08373],[146.32865,-34.26354],[146.30481,-34.2607],[146.29963,-34.28947],[146.31137,-34.31171],[146.30725,-34.33506],[146.39067,-34.34489],[146.38679,-34.38544],[146.39696,-34.38671],[146.38762,-34.42099],[146.40008,-34.4225],[146.40028,-34.44159],[146.44122,-34.44259],[146.43889,-34.45519],[146.48269,-34.46307],[146.48178,-34.47629],[146.47313,-34.47524],[146.47873,-34.48021],[146.47057,-34.52554],[146.51421,-34.53112],[146.51029,-34.55277],[146.51673,-34.55358],[146.48741,-34.70899],[146.46579,-34.72499],[146.42698,-34.70792],[146.42522,-34.7],[146.4104,-34.70601],[146.37616,-34.69473],[146.34487,-34.6993],[146.33241,-34.68899],[146.21876,-34.67506],[146.19799,-34.788],[146.17437,-34.79062],[146.15239,-34.90169],[146.19246,-34.92361],[146.23354,-34.87342],[146.25803,-34.88684],[146.27952,-34.88533],[146.31632,-34.90372],[146.36901,-34.91463],[146.67205,-35.05991],[146.69085,-35.05589],[146.68848,-35.06797],[146.76153,-35.07643],[146.77031,-35.09728],[146.77879,-35.09839],[146.80889,-34.98504],[146.77908,-34.93963],[146.78448,-34.92405],[146.8437,-34.89881],[146.83282,-34.89328],[146.84159,-34.88105],[146.82926,-34.87753],[146.84633,-34.84447],[146.91157,-34.48258],[146.79176,-34.47229],[146.82303,-34.31084],[146.71875,-34.2981],[146.72905,-34.23676],[146.62388,-34.22472],[146.63541,-34.15117],[146.59153,-34.14011],[146.5855,-34.14626],[146.45821,-34.13292],[146.46461,-34.09638]]]}},{"type":"Feature","properties":{"id":"narrogin","name":"Narrogin","level":2,"centroid":[117.2637,-32.9969],"bbox":[116.9517,-33.1899,117.5758,-32.804]},"geometry":{"type":"Polygon","coordinates":[[[116.95171,-32.86164],[116.95432,-32.9312],[116.98241,-32.94286],[116.97636,-33.01032],[117.00674,-33.00335],[116.99838,-33.08659],[117.01701,-33.09001],[117.01834,-33.13849],[117.02978,-33.14499],[117.02682,-33.16934],[117.01273,-33.1719],[117.01302,-33.18992],[117.10773,-33.17883],[117.12765,-33.16417],[117.15258,-33.16845],[117.15324,-33.15632],[117.17647,-33.15088],[117.18682,-33.16005],[117.19417,-33.14788],[117.2353,-33.1518],[117.26421,-33.14134],[117.26409,-33.1311],[117.27845,-33.1418],[117.28142,-33.12397],[117.35751,-33.12441],[117.36283,-33.10324],[117.3943,-33.1124],[117.41696,-33.10779],[117.41696,-33.12324],[117.43098,-33.12324],[117.43862,-33.10278],[117.50539,-33.10216],[117.50968,-33.07207],[117.56392,-33.06311],[117.55731,-33.03182],[117.56803,-33.03407],[117.57576,-33.02176],[117.56115,-33.0154],[117.56115,-33.00031],[117.57205,-33.00031],[117.56537,-32.98404],[117.57272,-32.98404],[117.56572,-32.94277],[117.57209,-32.88684],[117.56327,-32.88686],[117.56323,-32.87472],[117.48649,-32.87336],[117.47829,-32.83906],[117.42214,-32.83587],[117.42219,-32.81683],[117.41056,-32.81685],[117.41058,-32.80397],[117.38978,-32.804],[117.38108,-32.83904],[117.33863,-32.84959],[117.33862,-32.85866],[117.28775,-32.874],[117.22108,-32.86631],[117.21402,-32.87154],[117.22108,-32.89496],[117.19655,-32.89495],[117.2055,-32.89069],[117.20555,-32.86251],[117.18645,-32.86252],[117.18875,-32.87084],[117.01816,-32.87735],[117.01817,-32.86991],[116.95171,-32.86164]]]}},{"type":"Feature","properties":{"id":"narromine","name":"Narromine","level":2,"centroid":[147.9757,-32.2328],"bbox":[147.4947,-32.6921,148.4567,-31.7736]},"geometry":{"type":"Polygon","coordinates":[[[148.40493,-32.62356],[148.42079,-32.59073],[148.39199,-32.52976],[148.40939,-32.48218],[148.38005,-32.42641],[148.4076,-32.39737],[148.37887,-32.39357],[148.40213,-32.28163],[148.39823,-32.25736],[148.37572,-32.25676],[148.36417,-32.23592],[148.3598,-32.20254],[148.37897,-32.21122],[148.40459,-32.17364],[148.45667,-32.14313],[148.41411,-32.13546],[148.41914,-32.10418],[148.40588,-32.10213],[148.40711,-32.07053],[148.42106,-32.0551],[148.43694,-32.06082],[148.44078,-32.03919],[148.41631,-32.02528],[148.43941,-32.01709],[148.3998,-31.99937],[148.34335,-31.93675],[148.3015,-31.79244],[148.27421,-31.78638],[148.27643,-31.77359],[148.17939,-31.82785],[148.18702,-31.82056],[148.14183,-31.79881],[148.06653,-31.8641],[148.04808,-31.9003],[148.02601,-31.87115],[147.94737,-31.86678],[147.85271,-31.9334],[147.83675,-31.92729],[147.79407,-31.96889],[147.80411,-31.98498],[147.78727,-31.98415],[147.78438,-31.99999],[147.74626,-31.98936],[147.7245,-32.02615],[147.49472,-32.18874],[147.4991,-32.21285],[147.53909,-32.2396],[147.68713,-32.31174],[147.68449,-32.342],[147.7197,-32.39617],[147.77238,-32.42328],[147.90508,-32.43198],[147.90529,-32.46057],[147.96539,-32.49899],[147.96405,-32.51884],[148.0037,-32.56418],[148.09135,-32.60451],[148.12804,-32.68279],[148.26305,-32.69209],[148.26447,-32.67823],[148.34715,-32.67575],[148.36112,-32.62245],[148.40493,-32.62356]]]}},{"type":"Feature","properties":{"id":"nedlands","name":"Nedlands","level":2,"centroid":[115.7852,-31.9746],"bbox":[115.7528,-32.005,115.8175,-31.9442]},"geometry":{"type":"Polygon","coordinates":[[[115.75397,-31.9514],[115.7543,-31.95483],[115.75426,-31.97382],[115.75282,-31.98197],[115.76685,-31.982],[115.76697,-31.97371],[115.7717,-31.97386],[115.7717,-31.9703],[115.77333,-31.96995],[115.77695,-31.96994],[115.77938,-31.969],[115.79159,-31.96901],[115.79107,-31.98643],[115.79032,-31.98647],[115.78834,-31.98864],[115.79266,-31.98879],[115.79267,-31.99161],[115.78694,-31.9915],[115.78722,-31.99323],[115.78674,-31.99488],[115.7872,-31.99551],[115.78736,-31.99683],[115.78989,-31.99956],[115.7909,-32.00132],[115.79152,-32.00459],[115.79203,-32.005],[115.79764,-32.00341],[115.80311,-32.00308],[115.80617,-32.00244],[115.8096,-32.00096],[115.81131,-31.9994],[115.81213,-31.99778],[115.81323,-31.99398],[115.81618,-31.99172],[115.81751,-31.99014],[115.81629,-31.98949],[115.81457,-31.98729],[115.81453,-31.98026],[115.81389,-31.97724],[115.81184,-31.97768],[115.81138,-31.97575],[115.81349,-31.97536],[115.81347,-31.97057],[115.81197,-31.97057],[115.81195,-31.9689],[115.81101,-31.9689],[115.81101,-31.96722],[115.81386,-31.96714],[115.81389,-31.96442],[115.80299,-31.9644],[115.80201,-31.96399],[115.8051,-31.96036],[115.80755,-31.95626],[115.80566,-31.95644],[115.80509,-31.95604],[115.80492,-31.95285],[115.80415,-31.95127],[115.80414,-31.94424],[115.79178,-31.94423],[115.79178,-31.94776],[115.78768,-31.94792],[115.78768,-31.94976],[115.77588,-31.94976],[115.77589,-31.96274],[115.76338,-31.96264],[115.76197,-31.95479],[115.75397,-31.9514]]]}},{"type":"Feature","properties":{"id":"newcastle","name":"Newcastle","level":2,"centroid":[151.7084,-32.8762],"bbox":[151.6068,-32.9628,151.8101,-32.7896]},"geometry":{"type":"MultiPolygon","coordinates":[[[[151.60938,-32.88026],[151.60675,-32.89245],[151.64084,-32.89766],[151.6368,-32.91933],[151.68789,-32.92704],[151.68392,-32.94834],[151.72906,-32.95507],[151.72812,-32.95938],[151.73578,-32.96282],[151.79103,-32.93008],[151.79299,-32.9228],[151.80297,-32.91619],[151.78552,-32.92551],[151.76351,-32.92445],[151.75916,-32.91525],[151.76147,-32.90765],[151.76425,-32.92205],[151.77026,-32.91632],[151.77698,-32.92355],[151.76803,-32.89487],[151.73384,-32.87763],[151.74445,-32.87661],[151.77461,-32.88957],[151.77373,-32.90134],[151.77731,-32.90217],[151.78418,-32.88768],[151.78074,-32.87434],[151.77546,-32.87237],[151.77976,-32.86661],[151.77441,-32.85666],[151.74652,-32.85362],[151.72817,-32.8469],[151.72622,-32.83812],[151.69646,-32.83293],[151.69662,-32.84785],[151.70172,-32.85006],[151.70085,-32.84646],[151.70962,-32.85461],[151.71817,-32.87187],[151.73321,-32.87763],[151.71184,-32.87104],[151.70443,-32.85468],[151.6903,-32.84168],[151.69073,-32.82796],[151.68247,-32.81788],[151.70576,-32.80508],[151.65716,-32.79847],[151.64682,-32.78957],[151.64531,-32.79678],[151.62861,-32.78982],[151.60938,-32.88026]]],[[[151.79396,-32.8757],[151.79329,-32.88219],[151.78888,-32.88333],[151.79395,-32.88286],[151.7932,-32.88641],[151.77774,-32.91088],[151.78328,-32.91997],[151.79154,-32.91545],[151.78805,-32.90637],[151.79341,-32.89328],[151.81012,-32.87821],[151.79396,-32.8757]]]]}},{"type":"Feature","properties":{"id":"ngaanyatjarraku","name":"Ngaanyatjarraku","level":2,"centroid":[126.8349,-25.0941],"bbox":[124.668,-26.7478,129.0019,-23.4403]},"geometry":{"type":"Polygon","coordinates":[[[129.00185,-25.9986],[129.00058,-25.99859],[129.00054,-23.4403],[128.4838,-23.44141],[127.81594,-23.4403],[126.00134,-23.44907],[125.4892,-23.44642],[125.0395,-23.4436],[124.78533,-23.44144],[124.66803,-23.4403],[124.66804,-26.745],[125.00905,-26.7459],[125.75642,-26.745],[127.14857,-26.74499],[128.32885,-26.7478],[128.60007,-26.74706],[129.00186,-26.745],[129.00185,-25.9986]]]}},{"type":"Feature","properties":{"id":"nillumbik","name":"Nillumbik","level":2,"centroid":[145.2171,-37.6146],"bbox":[145.0677,-37.7415,145.3664,-37.4877]},"geometry":{"type":"Polygon","coordinates":[[[145.13568,-37.7409],[145.15461,-37.73398],[145.17772,-37.7384],[145.1818,-37.72974],[145.19395,-37.73183],[145.19743,-37.74134],[145.20164,-37.73035],[145.21543,-37.73215],[145.20447,-37.74155],[145.22977,-37.73874],[145.22888,-37.73162],[145.24321,-37.73516],[145.23511,-37.72059],[145.24249,-37.72542],[145.2678,-37.70331],[145.27577,-37.71004],[145.27236,-37.71584],[145.28345,-37.71887],[145.287,-37.70316],[145.3027,-37.7167],[145.32192,-37.7076],[145.31706,-37.69199],[145.33104,-37.69215],[145.3356,-37.68208],[145.33037,-37.67192],[145.35389,-37.6439],[145.35845,-37.62747],[145.35258,-37.61539],[145.36642,-37.54511],[145.34134,-37.54346],[145.32851,-37.52912],[145.30478,-37.52193],[145.31384,-37.51555],[145.29707,-37.51368],[145.29439,-37.49857],[145.27631,-37.49648],[145.26447,-37.50133],[145.26245,-37.51189],[145.2517,-37.51063],[145.25672,-37.49197],[145.23932,-37.48773],[145.2356,-37.50354],[145.22635,-37.50869],[145.23548,-37.51008],[145.23443,-37.51724],[145.19675,-37.52371],[145.19401,-37.53045],[145.20679,-37.53191],[145.20552,-37.5392],[145.17992,-37.53643],[145.165,-37.55799],[145.14444,-37.57029],[145.13577,-37.61992],[145.10875,-37.6312],[145.10966,-37.63896],[145.10156,-37.64032],[145.1078,-37.65822],[145.0839,-37.66913],[145.08907,-37.67421],[145.08437,-37.68028],[145.10203,-37.68194],[145.10191,-37.68722],[145.0677,-37.68685],[145.09213,-37.69523],[145.14371,-37.68261],[145.14036,-37.70125],[145.12803,-37.70229],[145.13779,-37.71795],[145.13568,-37.7409]]]}},{"type":"Feature","properties":{"id":"noosa","name":"Noosa","level":2,"centroid":[152.9415,-26.3182],"bbox":[152.763,-26.4994,153.1199,-26.1371]},"geometry":{"type":"Polygon","coordinates":[[[152.78921,-26.46944],[152.8043,-26.4715],[152.81334,-26.49731],[152.82697,-26.49939],[152.83507,-26.48816],[152.86934,-26.47419],[152.87085,-26.46546],[152.88193,-26.46927],[152.89241,-26.45499],[152.91296,-26.44746],[152.92017,-26.45269],[152.92185,-26.44304],[152.94502,-26.44459],[152.94626,-26.43716],[152.96499,-26.44028],[152.96639,-26.43203],[152.99553,-26.43217],[153.02443,-26.44539],[153.04814,-26.44246],[153.05016,-26.4309],[153.06091,-26.43242],[153.06409,-26.43861],[153.05642,-26.44347],[153.05541,-26.45325],[153.08017,-26.45802],[153.07661,-26.4648],[153.08017,-26.46661],[153.06981,-26.48093],[153.08298,-26.48256],[153.08063,-26.49556],[153.09557,-26.49856],[153.11995,-26.37924],[153.10772,-26.3769],[153.0929,-26.38639],[153.08043,-26.38125],[153.0661,-26.35524],[153.06125,-26.32386],[153.07019,-26.25253],[153.09629,-26.15474],[152.97384,-26.13711],[152.97188,-26.16481],[152.96513,-26.18025],[152.94406,-26.19679],[152.9226,-26.19874],[152.92285,-26.20925],[152.90371,-26.20715],[152.90305,-26.21137],[152.89737,-26.21067],[152.89627,-26.21918],[152.89126,-26.21847],[152.87644,-26.20124],[152.85303,-26.19844],[152.85005,-26.21839],[152.83092,-26.21611],[152.82524,-26.22359],[152.82536,-26.24822],[152.79718,-26.32488],[152.79262,-26.35138],[152.77089,-26.34384],[152.763,-26.37491],[152.77071,-26.37261],[152.769,-26.39391],[152.77912,-26.39531],[152.77869,-26.40355],[152.78934,-26.40352],[152.79693,-26.41575],[152.79322,-26.41725],[152.79112,-26.43199],[152.79537,-26.43237],[152.78921,-26.46944]]]}},{"type":"Feature","properties":{"id":"north-burnett","name":"North Burnett","level":2,"centroid":[151.3216,-25.2444],"bbox":[150.3697,-26.0967,152.2736,-24.3921]},"geometry":{"type":"Polygon","coordinates":[[[150.43675,-25.60638],[150.65417,-25.65977],[150.64413,-25.78619],[150.6987,-25.85574],[150.67276,-25.96957],[150.76364,-25.98159],[150.78982,-26.04891],[150.84957,-26.05639],[150.91407,-26.00408],[150.98399,-26.00779],[151.01589,-26.07721],[151.07876,-26.09666],[151.11436,-26.09078],[151.10999,-26.04281],[151.29856,-26.07346],[151.34001,-26.01179],[151.47313,-26.00197],[151.51948,-25.85495],[151.615,-25.85422],[151.65738,-25.91215],[151.7618,-25.93729],[151.7568,-25.80298],[151.79199,-25.75755],[151.92861,-25.8676],[152.04414,-25.61511],[152.09067,-25.63632],[152.17944,-25.52309],[152.26977,-25.52189],[152.27361,-25.43129],[152.02556,-25.27316],[151.88058,-25.36033],[151.86116,-25.30196],[151.93136,-25.17515],[151.90187,-25.14144],[151.82355,-25.18682],[151.74291,-25.07385],[151.64955,-25.116],[151.54394,-25.09568],[151.56457,-25.04972],[151.52391,-24.9608],[151.57635,-24.89227],[151.5502,-24.8356],[151.43371,-24.83552],[151.42904,-24.70254],[151.34819,-24.72849],[151.33607,-24.64539],[151.19474,-24.64253],[151.23019,-24.62791],[151.2293,-24.5277],[151.16161,-24.55003],[151.16916,-24.47903],[151.0296,-24.39214],[150.99224,-24.41122],[150.9726,-24.57629],[150.82624,-24.55474],[150.81913,-24.60394],[150.91113,-24.6504],[150.87399,-24.72112],[150.65586,-24.69313],[150.58653,-24.73146],[150.60598,-24.79851],[150.53959,-24.96068],[150.57881,-25.11241],[150.55748,-25.16162],[150.47168,-25.19046],[150.36966,-25.4761],[150.4023,-25.59835],[150.43675,-25.60638]]]}},{"type":"Feature","properties":{"id":"north-sydney","name":"North Sydney","level":2,"centroid":[151.2104,-33.8342],"bbox":[151.1877,-33.8527,151.233,-33.8157]},"geometry":{"type":"Polygon","coordinates":[[[151.18905,-33.83362],[151.18769,-33.84025],[151.18958,-33.84093],[151.19037,-33.83765],[151.19226,-33.83886],[151.19249,-33.83715],[151.19448,-33.83858],[151.19353,-33.84783],[151.19822,-33.84718],[151.19485,-33.84441],[151.19752,-33.84371],[151.19904,-33.84115],[151.2005,-33.84261],[151.19992,-33.84467],[151.20238,-33.84641],[151.20373,-33.85057],[151.2042,-33.84899],[151.20624,-33.8489],[151.20629,-33.84577],[151.20711,-33.84412],[151.20817,-33.84416],[151.20927,-33.84507],[151.20973,-33.84849],[151.21189,-33.85079],[151.2128,-33.85113],[151.21369,-33.8496],[151.21879,-33.85269],[151.22037,-33.84917],[151.21946,-33.84748],[151.21525,-33.84505],[151.21863,-33.84503],[151.2152,-33.84106],[151.21626,-33.84039],[151.21874,-33.84214],[151.21958,-33.84145],[151.22146,-33.84245],[151.22306,-33.84606],[151.22472,-33.84658],[151.22486,-33.83926],[151.22734,-33.84471],[151.23303,-33.84861],[151.23118,-33.84697],[151.22991,-33.84284],[151.2305,-33.84081],[151.22838,-33.83758],[151.23291,-33.81832],[151.23106,-33.81675],[151.22896,-33.81738],[151.22592,-33.82234],[151.224,-33.82144],[151.2258,-33.81858],[151.21947,-33.81898],[151.22002,-33.8177],[151.21907,-33.81689],[151.21409,-33.81574],[151.20843,-33.81926],[151.20632,-33.81897],[151.20588,-33.82042],[151.20259,-33.81996],[151.20212,-33.82224],[151.19476,-33.82209],[151.19499,-33.82331],[151.19827,-33.82508],[151.19536,-33.82635],[151.19573,-33.8279],[151.19272,-33.82797],[151.19258,-33.8292],[151.18921,-33.83112],[151.18905,-33.83362]]]}},{"type":"Feature","properties":{"id":"northam","name":"Northam","level":2,"centroid":[116.6496,-31.699],"bbox":[116.3378,-31.9134,116.9615,-31.4845]},"geometry":{"type":"Polygon","coordinates":[[[116.85517,-31.48955],[116.82915,-31.50243],[116.8188,-31.4845],[116.76273,-31.50383],[116.73732,-31.48757],[116.69996,-31.49979],[116.6506,-31.48805],[116.60022,-31.50804],[116.58955,-31.51651],[116.59593,-31.55105],[116.57953,-31.55954],[116.58677,-31.57194],[116.49135,-31.6142],[116.5117,-31.64023],[116.48848,-31.65069],[116.51848,-31.68598],[116.4759,-31.69632],[116.46293,-31.67831],[116.44332,-31.68681],[116.42696,-31.67188],[116.41793,-31.6758],[116.42324,-31.70195],[116.34798,-31.70924],[116.34802,-31.74844],[116.33819,-31.76269],[116.35621,-31.78361],[116.33783,-31.80561],[116.37099,-31.81334],[116.35829,-31.81947],[116.34612,-31.85643],[116.34619,-31.90678],[116.52115,-31.91344],[116.55665,-31.88579],[116.51519,-31.838],[116.5095,-31.81843],[116.52295,-31.81048],[116.57419,-31.80961],[116.74793,-31.72867],[116.75422,-31.73968],[116.77606,-31.72726],[116.78564,-31.74328],[116.81218,-31.73169],[116.82695,-31.75636],[116.85561,-31.74398],[116.87291,-31.76522],[116.87417,-31.73743],[116.92382,-31.7169],[116.90389,-31.69938],[116.93627,-31.69411],[116.94377,-31.70695],[116.9531,-31.70296],[116.94356,-31.6907],[116.96146,-31.68297],[116.94626,-31.67481],[116.94347,-31.64733],[116.87489,-31.53372],[116.86226,-31.53898],[116.84495,-31.52567],[116.86035,-31.5192],[116.85517,-31.48955]]]}},{"type":"Feature","properties":{"id":"northampton","name":"Northampton","level":2,"centroid":[114.6843,-27.8282],"bbox":[113.9652,-28.5439,115.4035,-27.1125]},"geometry":{"type":"Polygon","coordinates":[[[115.31968,-27.81794],[115.32954,-27.81606],[115.32961,-27.69254],[115.39899,-27.69255],[115.40349,-27.56481],[115.3048,-27.56317],[115.3048,-27.53896],[115.22886,-27.53891],[115.22886,-27.49496],[115.20254,-27.49496],[115.20253,-27.38703],[115.2292,-27.38703],[115.2292,-27.30313],[114.45729,-27.28318],[114.45729,-27.22818],[114.28259,-27.22818],[114.28175,-27.20134],[114.23053,-27.20134],[114.23053,-27.11247],[114.06787,-27.11248],[114.06787,-27.22994],[113.9652,-27.22994],[114.10306,-27.49938],[114.16303,-27.7064],[114.16635,-27.66662],[114.17347,-27.65887],[114.16999,-27.67464],[114.18168,-27.6803],[114.12631,-27.76875],[114.1051,-27.84948],[114.17477,-28.11015],[114.23953,-28.18683],[114.32251,-28.23175],[114.4054,-28.33547],[114.433,-28.39423],[114.46565,-28.40729],[114.45479,-28.41061],[114.56004,-28.54386],[114.58322,-28.52056],[114.63066,-28.53729],[114.62724,-28.49577],[114.67885,-28.48092],[114.67956,-28.4374],[114.72411,-28.43733],[114.72407,-28.42189],[114.74251,-28.42188],[114.74646,-28.39485],[114.78205,-28.37248],[114.796,-28.33874],[114.79603,-28.27551],[114.79173,-28.26279],[114.7694,-28.26278],[114.76943,-28.21704],[114.98396,-28.21685],[114.98935,-28.16872],[115.02089,-28.1609],[115.05889,-27.95299],[115.12898,-27.93758],[115.25182,-27.93717],[115.25935,-27.81794],[115.31968,-27.81794]]]}},{"type":"Feature","properties":{"id":"northern-areas","name":"Northern Areas","level":2,"centroid":[138.4775,-33.3007],"bbox":[138.1637,-33.6591,138.7912,-32.9423]},"geometry":{"type":"Polygon","coordinates":[[[138.69748,-33.65865],[138.68991,-33.63818],[138.69284,-33.62318],[138.68131,-33.61774],[138.67506,-33.58933],[138.67875,-33.57444],[138.68349,-33.57307],[138.68799,-33.53801],[138.71619,-33.49782],[138.71333,-33.48297],[138.72179,-33.45206],[138.72029,-33.4435],[138.72556,-33.43919],[138.7211,-33.42896],[138.72514,-33.4232],[138.72473,-33.40406],[138.72949,-33.39858],[138.73241,-33.38383],[138.72962,-33.37811],[138.73326,-33.37183],[138.7275,-33.36713],[138.72555,-33.35188],[138.73346,-33.32648],[138.76981,-33.32613],[138.78344,-33.30903],[138.79117,-33.28163],[138.77753,-33.26865],[138.75826,-33.26217],[138.75186,-33.24393],[138.7528,-33.21339],[138.76417,-33.16491],[138.75585,-33.10137],[138.69789,-33.10175],[138.70703,-33.07793],[138.72147,-33.07056],[138.72067,-32.94233],[138.4392,-32.9433],[138.43946,-33.10308],[138.21301,-33.10389],[138.21073,-33.11313],[138.20032,-33.11129],[138.19613,-33.10395],[138.16374,-33.10404],[138.17028,-33.12847],[138.16733,-33.13314],[138.16772,-33.18322],[138.17734,-33.19179],[138.17734,-33.19785],[138.18395,-33.20006],[138.18322,-33.208],[138.17748,-33.21141],[138.1877,-33.22028],[138.19673,-33.21617],[138.20338,-33.22489],[138.20825,-33.24254],[138.20517,-33.2467],[138.20699,-33.26232],[138.21236,-33.26432],[138.21321,-33.27124],[138.22122,-33.27327],[138.22691,-33.28478],[138.25898,-33.28629],[138.25879,-33.47297],[138.38891,-33.47443],[138.39785,-33.49368],[138.4033,-33.62603],[138.55066,-33.62588],[138.5445,-33.65913],[138.69748,-33.65865]]]}},{"type":"Feature","properties":{"id":"northern-beaches","name":"Northern Beaches","level":2,"centroid":[151.2519,-33.6976],"bbox":[151.1608,-33.8231,151.343,-33.5722]},"geometry":{"type":"Polygon","coordinates":[[[151.20294,-33.77355],[151.22476,-33.78374],[151.23079,-33.77271],[151.23515,-33.80339],[151.25049,-33.80028],[151.26111,-33.81792],[151.27513,-33.80999],[151.26582,-33.79839],[151.28176,-33.79873],[151.29109,-33.80804],[151.28558,-33.81889],[151.30173,-33.82306],[151.30741,-33.80707],[151.28787,-33.79193],[151.30253,-33.76816],[151.3032,-33.74681],[151.29138,-33.74665],[151.31772,-33.74197],[151.3002,-33.72704],[151.3079,-33.70351],[151.29321,-33.72142],[151.28256,-33.71351],[151.27473,-33.72365],[151.2697,-33.71497],[151.29373,-33.71452],[151.31527,-33.69637],[151.30979,-33.68634],[151.34303,-33.6245],[151.32547,-33.59782],[151.33026,-33.57842],[151.3159,-33.60188],[151.33215,-33.62335],[151.31607,-33.61418],[151.30102,-33.65051],[151.31203,-33.66673],[151.30105,-33.66727],[151.28478,-33.64419],[151.26982,-33.65624],[151.28267,-33.63664],[151.27042,-33.63152],[151.30286,-33.62053],[151.30443,-33.60318],[151.29252,-33.60532],[151.31083,-33.5801],[151.30179,-33.5733],[151.28479,-33.57221],[151.27299,-33.58896],[151.25015,-33.58796],[151.26263,-33.59771],[151.25195,-33.59806],[151.25673,-33.60543],[151.24355,-33.59443],[151.2197,-33.59943],[151.22888,-33.61816],[151.21851,-33.60909],[151.17313,-33.62648],[151.16078,-33.65079],[151.17185,-33.67753],[151.1657,-33.68586],[151.19142,-33.70269],[151.19174,-33.72828],[151.18033,-33.74057],[151.20294,-33.77355]]]}},{"type":"Feature","properties":{"id":"northern-grampians","name":"Northern Grampians","level":2,"centroid":[142.8715,-36.8503],"bbox":[142.2351,-37.2938,143.5079,-36.4067]},"geometry":{"type":"Polygon","coordinates":[[[143.09554,-37.15556],[143.08709,-36.97722],[143.1052,-36.97877],[143.08992,-36.96292],[143.10699,-36.90438],[143.47198,-36.93682],[143.46739,-36.91147],[143.50792,-36.87872],[143.50778,-36.81025],[143.45959,-36.74658],[143.50215,-36.65798],[143.48625,-36.62565],[143.43838,-36.61442],[143.42124,-36.55711],[143.33379,-36.51227],[143.28562,-36.40667],[143.14739,-36.40974],[143.13312,-36.4494],[143.0449,-36.44316],[143.05744,-36.4682],[143.01984,-36.48272],[142.79866,-36.45955],[142.78943,-36.4959],[142.73191,-36.49772],[142.7317,-36.55081],[142.81638,-36.57232],[142.81641,-36.59424],[142.7141,-36.72102],[142.73155,-36.76135],[142.4712,-36.76148],[142.57124,-36.87938],[142.55941,-36.94272],[142.4978,-36.94201],[142.5113,-36.91547],[142.49335,-36.89766],[142.45582,-36.9167],[142.44168,-36.86881],[142.43151,-36.88892],[142.37731,-36.86897],[142.35276,-36.885],[142.3741,-36.89026],[142.35808,-36.92655],[142.37872,-36.94771],[142.35826,-36.97312],[142.39466,-36.97836],[142.35152,-36.9803],[142.33504,-37.01904],[142.40496,-37.0163],[142.39104,-37.04626],[142.40693,-37.05832],[142.23513,-37.10716],[142.24102,-37.14991],[142.51252,-37.29385],[142.59894,-37.29289],[142.5808,-37.27265],[142.59823,-37.2244],[142.54278,-37.1574],[142.76654,-37.14209],[142.83789,-37.19163],[142.95398,-37.20777],[142.96129,-37.16702],[143.04892,-37.18974],[143.06694,-37.14735],[143.09554,-37.15556]]]}},{"type":"Feature","properties":{"id":"northern-midlands","name":"Northern Midlands","level":2,"centroid":[147.4578,-41.8787],"bbox":[146.7693,-42.2788,148.1462,-41.4785]},"geometry":{"type":"Polygon","coordinates":[[[147.64794,-41.47848],[147.50654,-41.53043],[147.4604,-41.52205],[147.40646,-41.55617],[147.34676,-41.51203],[147.26271,-41.53004],[147.22229,-41.49361],[147.19803,-41.51015],[147.1292,-41.49386],[147.06816,-41.52341],[147.09458,-41.53775],[147.06491,-41.57611],[146.9893,-41.58472],[146.92576,-41.68128],[146.89548,-41.66495],[146.77748,-41.68217],[146.76931,-41.72667],[146.8229,-41.7021],[146.85047,-41.75209],[146.81786,-41.75958],[146.86856,-41.79123],[146.85422,-41.81228],[146.97488,-41.84317],[146.99974,-41.89847],[147.08164,-41.93962],[147.14,-41.93901],[147.16405,-41.91643],[147.23285,-42.07634],[147.27894,-42.11873],[147.25649,-42.12158],[147.25944,-42.16526],[147.33456,-42.12342],[147.40735,-42.14065],[147.4489,-42.11698],[147.54666,-42.18094],[147.56813,-42.22998],[147.6732,-42.23984],[147.71206,-42.27313],[147.83059,-42.27883],[147.88223,-42.2135],[147.8892,-42.14315],[147.8396,-42.04778],[147.88459,-41.87647],[147.96737,-41.85682],[148.02199,-41.87383],[148.03991,-41.84387],[148.14623,-41.82476],[148.11898,-41.79711],[148.13717,-41.76496],[148.05033,-41.73771],[148.04085,-41.77649],[147.92102,-41.76068],[147.92011,-41.80276],[147.82647,-41.77745],[147.80651,-41.75181],[147.78338,-41.76099],[147.76367,-41.74118],[147.79433,-41.71933],[147.75775,-41.65728],[147.79334,-41.65044],[147.78948,-41.60769],[147.75332,-41.5542],[147.71368,-41.54876],[147.64794,-41.47848]]]}},{"type":"Feature","properties":{"id":"northern-peninsula-area","name":"Northern Peninsula Area","level":2,"centroid":[142.3548,-10.9719],"bbox":[142.1004,-11.2241,142.6093,-10.7197]},"geometry":{"type":"MultiPolygon","coordinates":[[[[142.5327,-10.84306],[142.55796,-10.82175],[142.56646,-10.79531],[142.57858,-10.79577],[142.60928,-10.74901],[142.58107,-10.72479],[142.57386,-10.7328],[142.55456,-10.71967],[142.52931,-10.7358],[142.56263,-10.76153],[142.53273,-10.82533],[142.5327,-10.84306]]],[[[142.10056,-10.98781],[142.11609,-10.99512],[142.10042,-10.98543],[142.11162,-10.96776],[142.10114,-10.97384],[142.10056,-10.98781]]],[[[142.4016,-10.99853],[142.42944,-10.98207],[142.42187,-10.96422],[142.43377,-10.96714],[142.42847,-10.97548],[142.43637,-10.98087],[142.4399,-10.97454],[142.45361,-10.97918],[142.42865,-10.95419],[142.428,-10.91444],[142.48137,-10.80621],[142.46151,-10.78897],[142.47222,-10.77857],[142.48964,-10.77889],[142.51472,-10.7532],[142.51709,-10.73862],[142.50161,-10.73829],[142.50298,-10.72904],[142.42386,-10.7274],[142.41179,-10.77186],[142.41692,-10.7895],[142.39827,-10.80246],[142.38921,-10.82963],[142.36652,-10.84598],[142.35369,-10.88172],[142.31502,-10.91514],[142.31324,-10.90113],[142.28469,-10.91792],[142.24935,-10.9095],[142.21662,-10.92256],[142.2222,-10.93246],[142.21506,-10.94226],[142.22965,-10.9477],[142.1671,-11.00372],[142.12945,-10.96238],[142.12594,-10.98136],[142.15729,-11.12176],[142.14751,-11.13829],[142.13928,-11.20253],[142.12526,-11.2241],[142.37258,-11.19666],[142.3548,-11.15224],[142.37183,-11.11996],[142.36543,-11.04332],[142.39247,-11.01997],[142.4016,-10.99853]]]]}},{"type":"Feature","properties":{"id":"norwood-payneham-and-st-peters","name":"Norwood Payneham and St Peters","level":2,"centroid":[138.6356,-34.908],"bbox":[138.6128,-34.933,138.6583,-34.883]},"geometry":{"type":"Polygon","coordinates":[[[138.62357,-34.92789],[138.64148,-34.92697],[138.64194,-34.93297],[138.65078,-34.93259],[138.6498,-34.92056],[138.64102,-34.921],[138.64052,-34.91479],[138.6583,-34.9139],[138.65654,-34.88947],[138.65693,-34.88873],[138.64781,-34.88301],[138.64771,-34.88377],[138.64741,-34.88429],[138.64665,-34.88459],[138.64434,-34.88487],[138.64334,-34.88578],[138.64157,-34.88582],[138.64034,-34.88683],[138.63949,-34.88805],[138.6382,-34.88826],[138.63708,-34.88726],[138.63611,-34.88704],[138.63493,-34.88744],[138.63234,-34.88893],[138.63003,-34.88937],[138.62831,-34.89003],[138.62776,-34.89057],[138.62782,-34.89172],[138.62691,-34.8925],[138.62684,-34.89356],[138.62662,-34.89375],[138.62601,-34.89383],[138.62306,-34.89313],[138.62205,-34.89328],[138.62153,-34.89359],[138.62126,-34.89415],[138.62145,-34.89467],[138.62225,-34.89491],[138.62269,-34.89543],[138.62271,-34.89584],[138.62216,-34.89636],[138.62174,-34.89638],[138.62042,-34.89555],[138.61978,-34.89541],[138.61807,-34.89566],[138.61792,-34.89608],[138.6183,-34.89725],[138.61845,-34.89955],[138.61875,-34.90043],[138.61833,-34.901],[138.61758,-34.90124],[138.61683,-34.90114],[138.61624,-34.90091],[138.61521,-34.89969],[138.61459,-34.89956],[138.6139,-34.89969],[138.61391,-34.89999],[138.61442,-34.9008],[138.61475,-34.90337],[138.61529,-34.90521],[138.61502,-34.90618],[138.61438,-34.90701],[138.61426,-34.90742],[138.61434,-34.9085],[138.61419,-34.90886],[138.61366,-34.90933],[138.61283,-34.90949],[138.61573,-34.92258],[138.623,-34.92777],[138.62357,-34.92789]]]}},{"type":"Feature","properties":{"id":"nungarin","name":"Nungarin","level":2,"centroid":[118.2171,-31.1371],"bbox":[117.9288,-31.3371,118.5054,-30.9371]},"geometry":{"type":"Polygon","coordinates":[[[118.01527,-31.33392],[118.07727,-31.33348],[118.12017,-31.31901],[118.11209,-31.27748],[118.18736,-31.2702],[118.17946,-31.26327],[118.28266,-31.2633],[118.28268,-31.24497],[118.29695,-31.24497],[118.29695,-31.23758],[118.31942,-31.22861],[118.30929,-31.21078],[118.3175,-31.21248],[118.35201,-31.15086],[118.39298,-31.15307],[118.43347,-31.13972],[118.50524,-31.13771],[118.50539,-30.93706],[118.43542,-30.93712],[118.43007,-31.00102],[118.43543,-31.00303],[118.43543,-31.02574],[118.35837,-31.04092],[118.34766,-31.07018],[118.27486,-31.04355],[118.25669,-31.05865],[118.24862,-31.05635],[118.22597,-31.00167],[118.20369,-31.0179],[118.20248,-31.02657],[118.16447,-31.03344],[118.15638,-31.01756],[118.10408,-31.03805],[118.10408,-31.04895],[118.07984,-31.04895],[118.03302,-31.07804],[118.03303,-31.08478],[118.02037,-31.08479],[118.00272,-31.10986],[117.99996,-31.13724],[117.99115,-31.13268],[117.99116,-31.14357],[118.00081,-31.14356],[117.99723,-31.17005],[117.96625,-31.22671],[117.98509,-31.23324],[117.9851,-31.24061],[117.95501,-31.24061],[117.95557,-31.28176],[117.93389,-31.26883],[117.9288,-31.27663],[117.95683,-31.295],[117.93813,-31.31336],[117.94441,-31.31636],[117.9344,-31.33385],[117.97308,-31.33706],[117.97308,-31.33003],[117.98443,-31.33544],[117.99248,-31.323],[118.01527,-31.33392]]]}},{"type":"Feature","properties":{"id":"oberon","name":"Oberon","level":2,"centroid":[149.8179,-33.8453],"bbox":[149.3947,-34.2059,150.2412,-33.4847]},"geometry":{"type":"Polygon","coordinates":[[[149.39469,-33.99755],[149.45516,-34.02952],[149.46469,-34.01036],[149.51316,-34.032],[149.55089,-34.09367],[149.57893,-34.0927],[149.60368,-34.12304],[149.62043,-34.10559],[149.68253,-34.19919],[149.75675,-34.18669],[149.79687,-34.20592],[149.93712,-34.16919],[149.94973,-34.12505],[149.93158,-34.1163],[149.92894,-34.0791],[150.00704,-34.08516],[150.0165,-34.1123],[150.06923,-34.13144],[150.08546,-34.12055],[150.12505,-34.14917],[150.10901,-34.08489],[150.14566,-34.07135],[150.14495,-34.04362],[150.24121,-33.95202],[150.21477,-33.93635],[150.17556,-33.94517],[150.15597,-33.89389],[150.18522,-33.88039],[150.16606,-33.86504],[150.18539,-33.83769],[150.16874,-33.79512],[150.19172,-33.75015],[150.09581,-33.73913],[150.0634,-33.71433],[150.03123,-33.76037],[149.98419,-33.74337],[149.96261,-33.71389],[149.98736,-33.65596],[149.97408,-33.61492],[149.93715,-33.59156],[149.93778,-33.56442],[149.88947,-33.56561],[149.89772,-33.53985],[149.87886,-33.5456],[149.86883,-33.51961],[149.79282,-33.54752],[149.77204,-33.52183],[149.74418,-33.54176],[149.66377,-33.48474],[149.62389,-33.49298],[149.61331,-33.56007],[149.6448,-33.55388],[149.65877,-33.59918],[149.71546,-33.61604],[149.70996,-33.64456],[149.68157,-33.68402],[149.6308,-33.66714],[149.61176,-33.70812],[149.57615,-33.71513],[149.57064,-33.74381],[149.49962,-33.74801],[149.48358,-33.84633],[149.43716,-33.83409],[149.42585,-33.84755],[149.44416,-33.86134],[149.4135,-33.85743],[149.39469,-33.99755]]]}},{"type":"Feature","properties":{"id":"onkaparinga","name":"Onkaparinga","level":2,"centroid":[138.5782,-35.1868],"bbox":[138.443,-35.3502,138.7134,-35.0233]},"geometry":{"type":"Polygon","coordinates":[[[138.67605,-35.03007],[138.66022,-35.03772],[138.64154,-35.03722],[138.62979,-35.03179],[138.62359,-35.03635],[138.62396,-35.04313],[138.60953,-35.05045],[138.59905,-35.04939],[138.58432,-35.0369],[138.57125,-35.03799],[138.57006,-35.03248],[138.56363,-35.02963],[138.56297,-35.02328],[138.55607,-35.03129],[138.56052,-35.03674],[138.55986,-35.05983],[138.54147,-35.08742],[138.49284,-35.09331],[138.48569,-35.09088],[138.46915,-35.10925],[138.46976,-35.14036],[138.46648,-35.14747],[138.46995,-35.16436],[138.46574,-35.16703],[138.4654,-35.17336],[138.47061,-35.2033],[138.46753,-35.21934],[138.46994,-35.23914],[138.46727,-35.24511],[138.46221,-35.2454],[138.45992,-35.26153],[138.44321,-35.27212],[138.44773,-35.31248],[138.44298,-35.34253],[138.45762,-35.35023],[138.47217,-35.34624],[138.4801,-35.34879],[138.50221,-35.33028],[138.51289,-35.32803],[138.51314,-35.32365],[138.53354,-35.31359],[138.54736,-35.31421],[138.55665,-35.30817],[138.58222,-35.29109],[138.61515,-35.25745],[138.61947,-35.24793],[138.62667,-35.24529],[138.62567,-35.2408],[138.63491,-35.23083],[138.64145,-35.21071],[138.65192,-35.20826],[138.65292,-35.2048],[138.6999,-35.21047],[138.69726,-35.17945],[138.7134,-35.1537],[138.70422,-35.15201],[138.69471,-35.12065],[138.68483,-35.11779],[138.682,-35.08477],[138.68544,-35.0796],[138.6835,-35.05247],[138.68627,-35.05134],[138.68523,-35.04201],[138.68018,-35.03927],[138.68249,-35.02751],[138.67605,-35.03007]]]}},{"type":"Feature","properties":{"id":"orange","name":"Orange","level":2,"centroid":[149.123,-33.3283],"bbox":[149.0094,-33.4393,149.2365,-33.2174]},"geometry":{"type":"Polygon","coordinates":[[[149.23445,-33.42772],[149.23646,-33.41237],[149.22661,-33.41096],[149.23248,-33.3963],[149.22919,-33.39562],[149.23188,-33.38191],[149.22538,-33.38093],[149.22618,-33.37704],[149.20746,-33.37448],[149.20978,-33.36417],[149.19339,-33.3618],[149.1963,-33.34881],[149.19057,-33.34791],[149.19205,-33.33957],[149.18105,-33.33783],[149.18843,-33.30303],[149.17506,-33.30106],[149.17739,-33.2906],[149.16455,-33.28851],[149.16523,-33.28495],[149.16103,-33.2843],[149.17075,-33.24139],[149.16601,-33.22828],[149.09186,-33.21736],[149.08777,-33.22954],[149.04327,-33.22249],[149.04884,-33.2318],[149.04418,-33.23203],[149.03974,-33.25631],[149.03693,-33.25589],[149.0337,-33.26341],[149.03237,-33.27362],[149.03772,-33.27467],[149.03649,-33.28158],[149.05052,-33.28384],[149.0423,-33.3197],[149.03706,-33.31883],[149.0265,-33.34346],[149.02725,-33.3505],[149.02268,-33.35],[149.02061,-33.36025],[149.01063,-33.3604],[149.00945,-33.36604],[149.01365,-33.36665],[149.01312,-33.36913],[149.03155,-33.37019],[149.03037,-33.37577],[149.03557,-33.37639],[149.04199,-33.38314],[149.05873,-33.38527],[149.05799,-33.38876],[149.09506,-33.39404],[149.13472,-33.39112],[149.15164,-33.39377],[149.15002,-33.40128],[149.15635,-33.40236],[149.16812,-33.42945],[149.17087,-33.43263],[149.18291,-33.43367],[149.18194,-33.43813],[149.18463,-33.43851],[149.18627,-33.42923],[149.20227,-33.43157],[149.20129,-33.43612],[149.20678,-33.43927],[149.21584,-33.43688],[149.21715,-33.42289],[149.23445,-33.42772]]]}},{"type":"Feature","properties":{"id":"orroroo-carrieton","name":"Orroroo Carrieton","level":2,"centroid":[138.6647,-32.5318],"bbox":[138.4392,-32.9433,138.8902,-32.1203]},"geometry":{"type":"Polygon","coordinates":[[[138.44014,-32.32323],[138.44008,-32.41533],[138.44005,-32.42974],[138.44016,-32.42971],[138.44015,-32.4377],[138.44005,-32.494],[138.43995,-32.49429],[138.43977,-32.5944],[138.4397,-32.61168],[138.43965,-32.64371],[138.43962,-32.64407],[138.43965,-32.6604],[138.43966,-32.66058],[138.43962,-32.71723],[138.43973,-32.71718],[138.43972,-32.72738],[138.43968,-32.728],[138.43973,-32.72868],[138.43961,-32.72868],[138.43954,-32.82897],[138.43965,-32.8435],[138.43966,-32.87794],[138.43934,-32.93702],[138.43923,-32.93704],[138.4392,-32.9433],[138.51835,-32.94313],[138.60205,-32.94289],[138.66299,-32.94266],[138.66335,-32.94257],[138.72067,-32.94233],[138.72076,-32.94224],[138.72054,-32.94133],[138.71955,-32.76824],[138.73994,-32.76811],[138.81729,-32.76779],[138.89008,-32.76745],[138.89015,-32.59465],[138.89012,-32.51472],[138.89008,-32.5069],[138.89018,-32.49279],[138.8902,-32.48499],[138.89011,-32.48401],[138.89008,-32.44498],[138.89005,-32.44169],[138.89007,-32.43855],[138.89006,-32.41456],[138.82649,-32.41468],[138.82638,-32.39069],[138.82642,-32.38979],[138.82638,-32.38768],[138.82539,-32.15971],[138.75452,-32.1596],[138.75455,-32.12029],[138.66264,-32.12057],[138.59746,-32.12073],[138.52624,-32.12087],[138.4395,-32.12099],[138.43951,-32.19808],[138.44039,-32.21228],[138.44027,-32.24852],[138.44014,-32.32323]]]}},{"type":"Feature","properties":{"id":"palm-island","name":"Palm Island","level":2,"centroid":[146.6005,-18.7504],"bbox":[146.5062,-18.8489,146.6948,-18.6519]},"geometry":{"type":"MultiPolygon","coordinates":[[[[146.54305,-18.83706],[146.5371,-18.83233],[146.53107,-18.83535],[146.5498,-18.84894],[146.55031,-18.83908],[146.54305,-18.83706]]],[[[146.51637,-18.68152],[146.51852,-18.68426],[146.50786,-18.69834],[146.51979,-18.71506],[146.52448,-18.70356],[146.52327,-18.6873],[146.52689,-18.67237],[146.52017,-18.66071],[146.51119,-18.66184],[146.50621,-18.65894],[146.51182,-18.66539],[146.51637,-18.68152]]],[[[146.57979,-18.76528],[146.58712,-18.75848],[146.60445,-18.76135],[146.60957,-18.75801],[146.61717,-18.76502],[146.62072,-18.76085],[146.63114,-18.76181],[146.64767,-18.77669],[146.67562,-18.76185],[146.67805,-18.766],[146.68287,-18.76453],[146.68793,-18.75717],[146.69096,-18.76161],[146.6948,-18.75931],[146.6872,-18.75198],[146.68914,-18.74121],[146.68391,-18.73719],[146.66572,-18.74661],[146.64213,-18.74962],[146.63496,-18.74032],[146.63489,-18.7275],[146.61713,-18.70455],[146.59774,-18.69798],[146.59348,-18.6919],[146.59558,-18.68252],[146.58326,-18.68493],[146.57388,-18.67645],[146.57174,-18.68181],[146.5796,-18.69037],[146.58906,-18.71203],[146.57833,-18.72514],[146.57471,-18.74099],[146.57723,-18.7489],[146.56663,-18.74998],[146.56947,-18.76408],[146.58176,-18.7717],[146.57979,-18.76528]]],[[[146.55298,-18.67654],[146.55145,-18.6818],[146.55488,-18.68779],[146.55857,-18.68725],[146.5675,-18.67048],[146.54498,-18.65195],[146.53814,-18.65926],[146.54424,-18.66083],[146.55298,-18.67654]]]]}},{"type":"Feature","properties":{"id":"palmerston","name":"Palmerston","level":2,"centroid":[130.969,-12.493],"bbox":[130.9236,-12.5472,131.0144,-12.4387]},"geometry":{"type":"Polygon","coordinates":[[[130.93842,-12.43872],[130.93842,-12.45373],[130.92361,-12.45382],[130.92372,-12.45907],[130.92494,-12.465],[130.93219,-12.46236],[130.93959,-12.46082],[130.93685,-12.46804],[130.93738,-12.47078],[130.93643,-12.47142],[130.93758,-12.47152],[130.93838,-12.47311],[130.94034,-12.47356],[130.94574,-12.47083],[130.94674,-12.47104],[130.94512,-12.47295],[130.94344,-12.47321],[130.94264,-12.47479],[130.93758,-12.47548],[130.93116,-12.48352],[130.93059,-12.48555],[130.93187,-12.49176],[130.9381,-12.49943],[130.94087,-12.50428],[130.94259,-12.50428],[130.94431,-12.50258],[130.94615,-12.49953],[130.94693,-12.49595],[130.94729,-12.49648],[130.94718,-12.50066],[130.94409,-12.50394],[130.94306,-12.50631],[130.94303,-12.51544],[130.94194,-12.52021],[130.94275,-12.5245],[130.94512,-12.52401],[130.9462,-12.52585],[130.94586,-12.52822],[130.95061,-12.52943],[130.95516,-12.52939],[130.95588,-12.53404],[130.96026,-12.53325],[130.96696,-12.53464],[130.98722,-12.54718],[130.99157,-12.53867],[130.99856,-12.53761],[131.00014,-12.53494],[131.00579,-12.5325],[131.00677,-12.53231],[131.00741,-12.53374],[131.00947,-12.5317],[131.01189,-12.53147],[131.01257,-12.53067],[131.01222,-12.52864],[131.01434,-12.52722],[131.01435,-12.52565],[131.01336,-12.52561],[131.01324,-12.48712],[131.00543,-12.4808],[130.99812,-12.47306],[130.99032,-12.46803],[130.97803,-12.4678],[130.9766,-12.46641],[130.97579,-12.46373],[130.97313,-12.46093],[130.95099,-12.44335],[130.93842,-12.43872]]]}},{"type":"Feature","properties":{"id":"parkes","name":"Parkes","level":2,"centroid":[148.0251,-32.8233],"bbox":[147.543,-33.2774,148.5072,-32.3692]},"geometry":{"type":"Polygon","coordinates":[[[148.34715,-32.67575],[148.26447,-32.67823],[148.26305,-32.69209],[148.12804,-32.68279],[148.09135,-32.60451],[148.0037,-32.56418],[147.96405,-32.51884],[147.96539,-32.49899],[147.90529,-32.46057],[147.90508,-32.43198],[147.7721,-32.42321],[147.69651,-32.36921],[147.6123,-32.42329],[147.61152,-32.44117],[147.56087,-32.45591],[147.55582,-32.48255],[147.55071,-32.5978],[147.58153,-32.60455],[147.55688,-32.62932],[147.55371,-32.67297],[147.57764,-32.67563],[147.56837,-32.73537],[147.5984,-32.73861],[147.60426,-32.76268],[147.57106,-32.9497],[147.5569,-32.9482],[147.54303,-33.02014],[147.55917,-33.02202],[147.54863,-33.08757],[147.57147,-33.09017],[147.56519,-33.12947],[147.64356,-33.13883],[147.65482,-33.15123],[147.63566,-33.18609],[147.87798,-33.21397],[147.91638,-33.20538],[147.92061,-33.24445],[148.09696,-33.27739],[148.16566,-33.25272],[148.22695,-33.2758],[148.23304,-33.24328],[148.25415,-33.24567],[148.23808,-33.19905],[148.29474,-33.19958],[148.33757,-33.2241],[148.40448,-33.22545],[148.43079,-33.21558],[148.43194,-33.20007],[148.46669,-33.20876],[148.50553,-33.16584],[148.50434,-33.13419],[148.48657,-33.12322],[148.50725,-33.05342],[148.43017,-32.96993],[148.39936,-32.95915],[148.37218,-32.97157],[148.38306,-32.85059],[148.32756,-32.80081],[148.32952,-32.70101],[148.34715,-32.67575]]]}},{"type":"Feature","properties":{"id":"paroo","name":"Paroo","level":2,"centroid":[145.7176,-27.9874],"bbox":[144.2923,-28.9991,147.1429,-26.9758]},"geometry":{"type":"Polygon","coordinates":[[[146.37539,-28.99906],[146.94502,-28.99912],[146.95269,-28.86145],[146.8633,-28.85427],[146.89238,-28.72146],[146.92519,-28.72407],[146.96341,-28.50614],[146.96788,-28.36016],[146.9157,-28.35406],[146.92626,-28.28218],[146.99032,-27.98999],[147.10498,-27.99475],[147.12422,-27.89802],[147.1429,-27.57497],[147.06327,-27.56623],[147.06054,-27.53658],[146.63998,-27.49073],[146.66936,-27.3374],[146.58483,-27.32873],[146.60498,-27.19304],[146.45292,-27.1745],[146.46122,-27.1048],[146.22095,-27.082],[146.22896,-27.01108],[145.80703,-26.97576],[145.79531,-27.06141],[145.62338,-27.04423],[145.59907,-27.07513],[145.25483,-27.0401],[145.25914,-27.00699],[145.18267,-26.99921],[145.16327,-27.29149],[145.01731,-27.27588],[144.99224,-27.41154],[144.9146,-27.40363],[144.90016,-27.49785],[144.51965,-27.45621],[144.50798,-27.54428],[144.4326,-27.53722],[144.42334,-27.60638],[144.32931,-27.59632],[144.29231,-27.92613],[144.60122,-27.97404],[144.59176,-28.04993],[144.64932,-28.05592],[144.63511,-28.15981],[144.77983,-28.17364],[144.77504,-28.21124],[144.82989,-28.21686],[144.81877,-28.29024],[144.57355,-28.26946],[144.56306,-28.34661],[144.64422,-28.35543],[144.59585,-28.56747],[144.66859,-28.58072],[144.61179,-28.73975],[144.69119,-28.79077],[144.6228,-28.82071],[144.58118,-28.90979],[144.46314,-28.94788],[144.48036,-28.99908],[146.37539,-28.99906]]]}},{"type":"Feature","properties":{"id":"parramatta","name":"Parramatta","level":2,"centroid":[151.0224,-33.8077],"bbox":[150.9476,-33.8583,151.0973,-33.757]},"geometry":{"type":"Polygon","coordinates":[[[150.95064,-33.78505],[150.95305,-33.79709],[150.95721,-33.80206],[150.97506,-33.80797],[150.98517,-33.80784],[150.9909,-33.80967],[150.99004,-33.81094],[150.99397,-33.81508],[150.99361,-33.81851],[150.98967,-33.81903],[150.99138,-33.81932],[150.98792,-33.82477],[150.99521,-33.82789],[151.00484,-33.82759],[151.00434,-33.82933],[151.01917,-33.83733],[151.02368,-33.83447],[151.03008,-33.83517],[151.04703,-33.84362],[151.05416,-33.84955],[151.05367,-33.85079],[151.06916,-33.8583],[151.08143,-33.84998],[151.07802,-33.84646],[151.08087,-33.84401],[151.08037,-33.83503],[151.07671,-33.83508],[151.07527,-33.83268],[151.0841,-33.82215],[151.07865,-33.82235],[151.07352,-33.82038],[151.06493,-33.82485],[151.05111,-33.82423],[151.0645,-33.82401],[151.07339,-33.81856],[151.07025,-33.80618],[151.0661,-33.80275],[151.06573,-33.79088],[151.0766,-33.78741],[151.08237,-33.78883],[151.08271,-33.78703],[151.08522,-33.78652],[151.08503,-33.78393],[151.09374,-33.77869],[151.09381,-33.77071],[151.09727,-33.76569],[151.0711,-33.76187],[151.05991,-33.75705],[151.03491,-33.76089],[151.03499,-33.76224],[151.03004,-33.76457],[151.01881,-33.76288],[151.01042,-33.76609],[150.97167,-33.77441],[150.96756,-33.7729],[150.96816,-33.77133],[150.95889,-33.76827],[150.96532,-33.77941],[150.96083,-33.77848],[150.95652,-33.78001],[150.95183,-33.77655],[150.94758,-33.78041],[150.95064,-33.78505]]]}},{"type":"Feature","properties":{"id":"penrith","name":"Penrith","level":2,"centroid":[150.7058,-33.7478],"bbox":[150.5881,-33.8832,150.8235,-33.6124]},"geometry":{"type":"Polygon","coordinates":[[[150.8124,-33.6776],[150.79644,-33.66017],[150.78215,-33.6375],[150.70142,-33.6124],[150.69371,-33.62056],[150.68341,-33.62341],[150.66637,-33.65361],[150.66715,-33.66642],[150.65895,-33.67306],[150.65797,-33.71371],[150.65577,-33.71693],[150.64968,-33.71602],[150.64844,-33.72184],[150.64406,-33.7212],[150.64249,-33.73017],[150.64704,-33.73084],[150.64058,-33.74802],[150.64493,-33.75195],[150.64173,-33.75758],[150.64277,-33.77512],[150.6396,-33.77922],[150.64304,-33.77976],[150.61969,-33.81405],[150.59277,-33.83246],[150.58805,-33.84492],[150.59195,-33.85463],[150.6104,-33.85738],[150.6128,-33.86183],[150.61744,-33.86231],[150.62868,-33.86186],[150.63551,-33.856],[150.63933,-33.87629],[150.69235,-33.88316],[150.68939,-33.8796],[150.69051,-33.87226],[150.69827,-33.86403],[150.79344,-33.88069],[150.81507,-33.87943],[150.8235,-33.83589],[150.81899,-33.83521],[150.82078,-33.82666],[150.81158,-33.82506],[150.81582,-33.81695],[150.81337,-33.8127],[150.81567,-33.80768],[150.81011,-33.78395],[150.78413,-33.74111],[150.76904,-33.73307],[150.76179,-33.73519],[150.75964,-33.73006],[150.764,-33.72632],[150.7625,-33.72096],[150.76774,-33.71353],[150.76611,-33.7055],[150.77204,-33.70137],[150.77625,-33.70414],[150.77879,-33.70214],[150.77896,-33.69691],[150.7955,-33.68462],[150.80054,-33.67458],[150.8124,-33.6776]]]}},{"type":"Feature","properties":{"id":"perenjori","name":"Perenjori","level":2,"centroid":[116.5355,-29.3976],"bbox":[115.918,-29.9294,117.1531,-28.8658]},"geometry":{"type":"Polygon","coordinates":[[[116.16308,-29.74918],[116.17971,-29.74894],[116.18808,-29.77321],[116.24596,-29.76351],[116.24632,-29.79133],[116.2967,-29.80029],[116.30789,-29.89538],[116.32235,-29.9256],[116.34554,-29.92944],[116.46305,-29.92665],[116.52212,-29.90414],[116.7462,-29.90742],[116.74013,-29.89676],[116.76894,-29.87106],[116.77975,-29.88937],[116.81833,-29.88978],[116.79099,-29.86874],[116.84233,-29.83988],[116.79833,-29.80598],[116.79207,-29.74324],[116.856,-29.74331],[116.85598,-29.77338],[117.10092,-29.77338],[117.10155,-29.44213],[117.02895,-29.44213],[117.02895,-29.26204],[117.15307,-29.26205],[117.15307,-29.18643],[117.03177,-29.18643],[117.03181,-29.14289],[117.0516,-29.14289],[117.05162,-29.12181],[117.06485,-29.12177],[117.05162,-29.06174],[116.93354,-29.07093],[116.93354,-28.96042],[116.8389,-28.96085],[116.83831,-28.86579],[116.62581,-28.86641],[116.62688,-28.90797],[116.5463,-28.90805],[116.54651,-29.08174],[116.48038,-29.08176],[116.49092,-29.19399],[116.38564,-29.19513],[116.38635,-29.25932],[116.1178,-29.28708],[116.1197,-29.32394],[115.91874,-29.32451],[115.91799,-29.40582],[115.96777,-29.40561],[115.96794,-29.4644],[116.01781,-29.46421],[116.01825,-29.5158],[116.07966,-29.52524],[116.0836,-29.5499],[116.10199,-29.54987],[116.10219,-29.59375],[116.1168,-29.5938],[116.10585,-29.65072],[116.13409,-29.65085],[116.16308,-29.74918]]]}},{"type":"Feature","properties":{"id":"perth","name":"Perth","level":2,"centroid":[115.8494,-31.9658],"bbox":[115.811,-31.9901,115.8877,-31.9414]},"geometry":{"type":"Polygon","coordinates":[[[115.84164,-31.94348],[115.8197,-31.96259],[115.81832,-31.9646],[115.81389,-31.96442],[115.81386,-31.96714],[115.81101,-31.96722],[115.81101,-31.9689],[115.81195,-31.9689],[115.81197,-31.97057],[115.81347,-31.97057],[115.81349,-31.97536],[115.81138,-31.97575],[115.81184,-31.97768],[115.81389,-31.97724],[115.81453,-31.98026],[115.81457,-31.98729],[115.81645,-31.9896],[115.81751,-31.99014],[115.81857,-31.98801],[115.82059,-31.98689],[115.82554,-31.98743],[115.82893,-31.9871],[115.82776,-31.98664],[115.82585,-31.98478],[115.82544,-31.98516],[115.82291,-31.98418],[115.82177,-31.98292],[115.82113,-31.98149],[115.8211,-31.97961],[115.82222,-31.97631],[115.82673,-31.97299],[115.83349,-31.97171],[115.83439,-31.97037],[115.83772,-31.9688],[115.84221,-31.96338],[115.84827,-31.96228],[115.85213,-31.959],[115.85451,-31.9587],[115.85638,-31.95982],[115.85696,-31.95929],[115.87828,-31.9663],[115.87561,-31.96752],[115.87569,-31.96842],[115.87682,-31.96907],[115.88359,-31.96684],[115.88773,-31.96329],[115.88739,-31.96202],[115.8864,-31.96174],[115.88476,-31.96256],[115.88569,-31.96253],[115.88543,-31.96319],[115.88439,-31.96291],[115.88219,-31.96428],[115.88146,-31.96384],[115.88351,-31.96177],[115.88452,-31.95847],[115.8813,-31.94766],[115.87527,-31.94782],[115.87127,-31.9495],[115.86902,-31.94989],[115.85191,-31.94204],[115.8504,-31.94568],[115.84891,-31.9435],[115.844,-31.94141],[115.84164,-31.94348]]]}},{"type":"Feature","properties":{"id":"peterborough","name":"Peterborough","level":2,"centroid":[139.0261,-32.8479],"bbox":[138.6979,-33.1018,139.3543,-32.5939]},"geometry":{"type":"Polygon","coordinates":[[[139.3543,-33.0976],[139.35411,-32.96928],[139.35397,-32.8534],[139.35353,-32.59395],[139.29795,-32.59413],[139.23093,-32.59431],[139.17712,-32.59442],[139.11803,-32.59453],[139.04672,-32.59461],[138.99076,-32.59465],[138.89015,-32.59465],[138.89008,-32.76745],[138.81729,-32.76779],[138.73994,-32.76811],[138.71955,-32.76824],[138.72054,-32.94133],[138.72076,-32.94224],[138.72067,-32.94233],[138.72054,-32.94242],[138.72147,-33.07056],[138.7185,-33.07148],[138.71418,-33.07542],[138.70874,-33.0765],[138.70703,-33.07793],[138.70541,-33.08327],[138.70292,-33.0878],[138.69994,-33.09072],[138.69788,-33.09445],[138.69789,-33.10175],[138.77701,-33.10123],[138.77701,-33.10109],[138.77755,-33.10108],[138.77838,-33.10111],[138.77901,-33.10111],[138.78068,-33.10114],[138.78149,-33.10113],[138.78307,-33.10119],[138.7842,-33.10121],[138.78679,-33.10118],[138.78822,-33.1012],[138.79211,-33.10112],[138.79352,-33.10113],[138.79645,-33.1011],[138.81564,-33.10096],[138.8161,-33.10075],[138.816,-33.10105],[138.83409,-33.10092],[138.85497,-33.10076],[138.85506,-33.10068],[138.88933,-33.10041],[138.94408,-33.10003],[138.94418,-33.09999],[138.945,-33.1],[138.94663,-33.09997],[138.94759,-33.09989],[138.94937,-33.0999],[138.95023,-33.09986],[138.95081,-33.09989],[138.9765,-33.0997],[138.97664,-33.09979],[139.02147,-33.09944],[139.10516,-33.09883],[139.18159,-33.09823],[139.27003,-33.09793],[139.3543,-33.0976]]]}},{"type":"Feature","properties":{"id":"pingelly","name":"Pingelly","level":2,"centroid":[117.2001,-32.5318],"bbox":[116.8197,-32.6626,117.5806,-32.401]},"geometry":{"type":"Polygon","coordinates":[[[116.8234,-32.48851],[116.91693,-32.58098],[116.90429,-32.6555],[116.92027,-32.66258],[116.94222,-32.64892],[116.97158,-32.64904],[116.97583,-32.64049],[117.00398,-32.63602],[117.04972,-32.61108],[117.05119,-32.59891],[117.06879,-32.59743],[117.06885,-32.58557],[117.11614,-32.59342],[117.11614,-32.60189],[117.12545,-32.59341],[117.17643,-32.59184],[117.17643,-32.60063],[117.18629,-32.60063],[117.18629,-32.58987],[117.2346,-32.59849],[117.24304,-32.5903],[117.30543,-32.58823],[117.32182,-32.61347],[117.35448,-32.62195],[117.37317,-32.62197],[117.3681,-32.61622],[117.38491,-32.60456],[117.4349,-32.61784],[117.44404,-32.61117],[117.55211,-32.61776],[117.55209,-32.60325],[117.58059,-32.60324],[117.58059,-32.59242],[117.5737,-32.59242],[117.5732,-32.51266],[117.56215,-32.49915],[117.54805,-32.50604],[117.5547,-32.49451],[117.53341,-32.49453],[117.53884,-32.47828],[117.52034,-32.47397],[117.5189,-32.42793],[117.47086,-32.42714],[117.46155,-32.41087],[117.42957,-32.402],[117.40482,-32.41383],[117.34887,-32.41387],[117.34889,-32.40402],[117.31822,-32.41028],[117.29737,-32.40099],[117.27903,-32.41173],[117.2632,-32.40402],[117.20598,-32.41123],[117.20059,-32.40302],[117.13701,-32.44459],[117.13051,-32.43019],[117.04741,-32.46171],[116.98865,-32.46201],[116.98536,-32.45034],[116.93219,-32.45557],[116.9322,-32.46727],[116.92233,-32.46727],[116.92232,-32.45454],[116.8417,-32.45306],[116.83339,-32.48088],[116.81966,-32.48087],[116.8234,-32.48851]]]}},{"type":"Feature","properties":{"id":"plantagenet","name":"Plantagenet","level":2,"centroid":[117.5975,-34.6255],"bbox":[116.7848,-34.8512,118.4103,-34.3998]},"geometry":{"type":"Polygon","coordinates":[[[118.41027,-34.40497],[117.68291,-34.40454],[117.63292,-34.4139],[117.62408,-34.39978],[117.50738,-34.40165],[117.50736,-34.42911],[117.47365,-34.43789],[117.47365,-34.4626],[117.42227,-34.4631],[117.42229,-34.47644],[117.35257,-34.47638],[117.35259,-34.44974],[117.26652,-34.46406],[117.26573,-34.44048],[117.22407,-34.44048],[117.22407,-34.45483],[117.19164,-34.45483],[117.18879,-34.46455],[117.15106,-34.46454],[117.15107,-34.44875],[116.94979,-34.4543],[116.94977,-34.44402],[116.89435,-34.44405],[116.89324,-34.48412],[116.86108,-34.50672],[116.86672,-34.5212],[116.84543,-34.52464],[116.83275,-34.57429],[116.79559,-34.59111],[116.81575,-34.6236],[116.78482,-34.65327],[116.79259,-34.66823],[116.8397,-34.668],[116.8566,-34.68169],[116.83707,-34.69925],[116.84256,-34.75328],[117.32293,-34.75358],[117.32313,-34.76441],[117.37607,-34.76972],[117.47398,-34.75751],[117.48809,-34.76356],[117.48816,-34.83058],[117.86991,-34.85121],[117.85507,-34.81825],[117.90898,-34.8181],[117.90901,-34.76651],[117.93461,-34.76652],[117.93463,-34.74649],[117.96623,-34.76225],[117.96266,-34.69468],[117.98937,-34.69336],[118.0311,-34.64588],[118.07459,-34.63973],[118.09156,-34.66368],[118.20877,-34.66378],[118.20869,-34.54753],[118.32144,-34.53067],[118.32344,-34.48629],[118.35109,-34.46017],[118.3535,-34.43402],[118.41027,-34.40497]]]}},{"type":"Feature","properties":{"id":"playford","name":"Playford","level":2,"centroid":[138.6416,-34.6942],"bbox":[138.4357,-34.7754,138.8476,-34.613]},"geometry":{"type":"Polygon","coordinates":[[[138.84756,-34.68052],[138.82896,-34.66833],[138.79053,-34.66231],[138.79285,-34.65614],[138.78693,-34.65726],[138.78681,-34.65051],[138.79397,-34.65085],[138.79057,-34.6474],[138.79768,-34.64631],[138.79801,-34.64003],[138.77808,-34.63543],[138.7734,-34.62647],[138.77833,-34.62359],[138.76856,-34.61742],[138.75538,-34.62239],[138.75741,-34.62802],[138.72605,-34.67051],[138.6801,-34.63495],[138.68274,-34.61578],[138.66868,-34.61298],[138.66792,-34.62003],[138.65288,-34.62217],[138.64276,-34.63158],[138.6256,-34.62563],[138.61756,-34.63374],[138.60002,-34.63252],[138.59085,-34.63884],[138.5494,-34.63535],[138.54057,-34.63988],[138.53797,-34.63531],[138.52947,-34.64141],[138.52049,-34.63696],[138.49195,-34.64744],[138.4887,-34.65845],[138.46444,-34.67334],[138.43565,-34.67275],[138.45478,-34.68413],[138.46334,-34.69754],[138.47534,-34.69899],[138.49328,-34.72139],[138.517,-34.73228],[138.5772,-34.71657],[138.59403,-34.72683],[138.6161,-34.69215],[138.66683,-34.71389],[138.64409,-34.75076],[138.65415,-34.75685],[138.66833,-34.75242],[138.71949,-34.7556],[138.72283,-34.7455],[138.73637,-34.73566],[138.73909,-34.74222],[138.75618,-34.74869],[138.7714,-34.73424],[138.77577,-34.73483],[138.76997,-34.75787],[138.78157,-34.76763],[138.81033,-34.77538],[138.81445,-34.7749],[138.81199,-34.73847],[138.83357,-34.71611],[138.84756,-34.68052]]]}},{"type":"Feature","properties":{"id":"pormpuraaw","name":"Pormpuraaw","level":2,"centroid":[141.8336,-14.6535],"bbox":[141.5256,-15.1463,142.1415,-14.1608]},"geometry":{"type":"Polygon","coordinates":[[[141.59414,-14.16076],[141.60249,-14.23349],[141.59841,-14.25835],[141.55052,-14.37973],[141.52562,-14.48707],[141.55361,-14.59255],[141.56699,-14.7403],[141.59027,-14.8573],[141.62891,-14.9449],[141.65137,-14.9736],[141.66384,-15.0052],[141.65626,-14.97676],[141.6672,-15.00735],[141.65132,-15.08151],[141.67391,-15.10996],[141.68589,-15.10923],[141.69484,-15.09863],[141.70231,-15.10837],[141.71849,-15.10771],[141.72044,-15.11496],[141.71013,-15.11818],[141.72448,-15.11772],[141.72424,-15.1391],[141.75103,-15.14406],[141.75611,-15.13594],[141.78793,-15.14625],[141.84383,-15.12486],[141.87129,-15.12554],[141.91922,-15.10993],[141.93387,-15.11362],[141.95289,-15.09422],[141.99282,-15.08431],[142.00362,-15.08783],[142.0364,-15.0707],[142.05942,-15.06782],[142.08625,-15.0459],[142.13421,-14.98558],[142.14148,-14.90449],[142.11535,-14.82139],[142.03548,-14.70866],[141.99378,-14.49928],[141.99945,-14.46384],[141.97028,-14.46145],[141.95384,-14.43674],[141.87827,-14.42675],[141.86501,-14.40733],[141.84916,-14.40143],[141.85704,-14.37436],[141.83963,-14.3491],[141.81349,-14.34134],[141.81027,-14.32171],[141.78259,-14.30433],[141.7698,-14.28701],[141.74902,-14.27373],[141.71698,-14.27927],[141.66876,-14.25078],[141.6561,-14.23502],[141.65011,-14.24078],[141.64098,-14.23342],[141.64001,-14.24274],[141.62999,-14.23802],[141.62814,-14.22479],[141.62015,-14.22746],[141.6249,-14.22029],[141.61942,-14.21441],[141.62662,-14.20813],[141.59414,-14.16076]]]}},{"type":"Feature","properties":{"id":"port-adelaide-enfield","name":"Port Adelaide Enfield","level":2,"centroid":[138.5726,-34.8264],"bbox":[138.4758,-34.8895,138.6695,-34.7634]},"geometry":{"type":"Polygon","coordinates":[[[138.6684,-34.86787],[138.66763,-34.85736],[138.65969,-34.84554],[138.66947,-34.845],[138.66904,-34.83981],[138.6324,-34.84437],[138.62475,-34.83845],[138.57525,-34.83207],[138.5663,-34.82502],[138.55848,-34.82515],[138.54574,-34.8106],[138.5407,-34.81312],[138.54197,-34.81693],[138.53359,-34.81512],[138.53083,-34.82256],[138.5329,-34.81501],[138.51607,-34.81089],[138.50958,-34.82806],[138.51228,-34.8321],[138.50906,-34.83129],[138.51184,-34.83719],[138.50725,-34.84059],[138.5108,-34.84229],[138.49826,-34.84379],[138.49712,-34.85054],[138.49555,-34.8421],[138.50588,-34.83844],[138.50633,-34.82631],[138.51155,-34.81807],[138.50943,-34.80029],[138.51576,-34.77156],[138.50701,-34.76338],[138.49633,-34.7646],[138.478,-34.78293],[138.48545,-34.79049],[138.4817,-34.79574],[138.4884,-34.79704],[138.49022,-34.8125],[138.47581,-34.84995],[138.50217,-34.85252],[138.50296,-34.85919],[138.51887,-34.86979],[138.51685,-34.8664],[138.52895,-34.8514],[138.54672,-34.85057],[138.54821,-34.87238],[138.55721,-34.87194],[138.5576,-34.88078],[138.56695,-34.88646],[138.57595,-34.88597],[138.57619,-34.8895],[138.58357,-34.88901],[138.5808,-34.87092],[138.60172,-34.86992],[138.60226,-34.87747],[138.61947,-34.87643],[138.61998,-34.88428],[138.62645,-34.87934],[138.63836,-34.88827],[138.64751,-34.8842],[138.64713,-34.87605],[138.65611,-34.87154],[138.65676,-34.86566],[138.6684,-34.86787]]]}},{"type":"Feature","properties":{"id":"port-augusta","name":"Port Augusta","level":2,"centroid":[137.7806,-32.6161],"bbox":[137.5959,-32.8775,137.9652,-32.3548]},"geometry":{"type":"Polygon","coordinates":[[[137.92306,-32.41533],[137.74865,-32.41535],[137.75407,-32.37728],[137.76513,-32.36209],[137.76057,-32.35479],[137.62044,-32.35535],[137.62023,-32.67312],[137.59588,-32.67242],[137.61476,-32.8775],[137.80998,-32.7559],[137.80241,-32.73536],[137.7826,-32.71386],[137.75316,-32.72122],[137.75028,-32.71008],[137.75803,-32.69404],[137.75123,-32.6734],[137.76558,-32.60148],[137.75016,-32.53385],[137.76243,-32.50934],[137.75301,-32.49298],[137.76614,-32.47479],[137.75399,-32.45922],[137.7644,-32.44277],[137.7588,-32.43291],[137.76524,-32.44133],[137.75728,-32.45567],[137.77042,-32.47641],[137.75739,-32.49342],[137.76966,-32.50646],[137.76693,-32.52492],[137.7839,-32.52964],[137.78098,-32.55189],[137.81922,-32.55923],[137.83454,-32.57515],[137.82885,-32.57784],[137.83027,-32.59188],[137.82211,-32.57941],[137.80371,-32.60771],[137.8309,-32.63552],[137.84571,-32.64413],[137.85362,-32.64031],[137.85447,-32.65135],[137.86765,-32.66391],[137.86877,-32.67509],[137.86003,-32.68938],[137.83757,-32.69579],[137.88747,-32.71543],[137.89648,-32.72775],[137.9443,-32.75729],[137.93666,-32.76663],[137.91325,-32.76218],[137.92163,-32.77173],[137.91288,-32.77569],[137.90598,-32.77099],[137.90089,-32.77763],[137.90246,-32.80566],[137.96524,-32.80584],[137.94302,-32.73453],[137.94264,-32.69344],[137.93088,-32.66002],[137.92295,-32.66],[137.92306,-32.41533]]]}},{"type":"Feature","properties":{"id":"port-hedland","name":"Port Hedland","level":2,"centroid":[118.6431,-20.976],"bbox":[117.7743,-22.0013,119.512,-19.9507]},"geometry":{"type":"Polygon","coordinates":[[[118.69736,-21.96029],[119.01015,-22.00133],[119.06235,-21.82404],[119.18111,-21.82404],[119.18111,-21.66559],[119.12232,-21.66559],[119.12232,-21.56908],[119.05689,-21.56909],[119.06262,-21.37297],[118.89272,-21.37297],[118.83076,-21.15642],[118.69685,-21.13321],[118.69685,-20.91441],[118.82809,-20.91475],[118.82013,-20.81182],[118.91561,-20.8119],[118.91567,-20.63236],[118.99396,-20.63236],[118.98803,-20.58981],[119.391,-20.58278],[119.39099,-20.3648],[119.51198,-20.36479],[119.51199,-20.04576],[119.47101,-20.00566],[119.19297,-19.9507],[119.20708,-20.02366],[119.09972,-19.95931],[118.89651,-20.16774],[118.88266,-20.26111],[118.84207,-20.23063],[118.85484,-20.29063],[118.66569,-20.34285],[118.598,-20.28654],[118.59595,-20.35448],[118.56197,-20.29438],[118.54336,-20.33844],[118.36361,-20.37395],[118.34614,-20.32988],[118.19617,-20.40374],[118.18158,-20.3364],[117.94093,-20.4799],[117.97506,-20.55047],[117.88175,-20.55194],[117.77429,-20.66353],[117.9292,-20.67415],[117.92923,-20.79421],[118.00943,-20.82524],[118.18578,-20.80426],[118.20426,-21.08052],[118.01571,-21.08053],[118.01571,-21.23905],[118.14649,-21.29645],[118.08539,-21.47923],[118.15605,-21.47924],[118.15605,-21.38694],[118.20512,-21.38694],[118.1991,-21.60805],[118.25349,-21.60805],[118.2535,-21.68454],[118.50224,-21.65764],[118.55108,-21.69616],[118.53184,-21.80983],[118.58845,-21.80983],[118.58845,-21.96036],[118.69736,-21.96029]]]}},{"type":"Feature","properties":{"id":"port-lincoln","name":"Port Lincoln","level":2,"centroid":[135.8575,-34.7285],"bbox":[135.8213,-34.7696,135.8936,-34.6874]},"geometry":{"type":"Polygon","coordinates":[[[135.82837,-34.76719],[135.8441,-34.75416],[135.85495,-34.7509],[135.86382,-34.75537],[135.86284,-34.76898],[135.86489,-34.76962],[135.86982,-34.76745],[135.8726,-34.76229],[135.87869,-34.76039],[135.8822,-34.75363],[135.89146,-34.75134],[135.89169,-34.74654],[135.89358,-34.74471],[135.89211,-34.74408],[135.88719,-34.74682],[135.87972,-34.74541],[135.87796,-34.74237],[135.87683,-34.74311],[135.87742,-34.74486],[135.8751,-34.7442],[135.8731,-34.74585],[135.87006,-34.74442],[135.87301,-34.74561],[135.87502,-34.74407],[135.87493,-34.74271],[135.87313,-34.74215],[135.87071,-34.74293],[135.87329,-34.74035],[135.87284,-34.73938],[135.87423,-34.74209],[135.87565,-34.74193],[135.87508,-34.74048],[135.87624,-34.74191],[135.87788,-34.74158],[135.87556,-34.73822],[135.88358,-34.73387],[135.8862,-34.72716],[135.88366,-34.72389],[135.88092,-34.72305],[135.87952,-34.72034],[135.87062,-34.72123],[135.86919,-34.72008],[135.8668,-34.72183],[135.86444,-34.72157],[135.85501,-34.71731],[135.85351,-34.71181],[135.8555,-34.68758],[135.83708,-34.6875],[135.83477,-34.68866],[135.8321,-34.6874],[135.82866,-34.70111],[135.82527,-34.70286],[135.82134,-34.70843],[135.82499,-34.71469],[135.82288,-34.71787],[135.82613,-34.72065],[135.82685,-34.72496],[135.82617,-34.73488],[135.82162,-34.73457],[135.8261,-34.73722],[135.83003,-34.74205],[135.8394,-34.74552],[135.83619,-34.74888],[135.83454,-34.74779],[135.8296,-34.753],[135.82813,-34.76001],[135.82405,-34.7645],[135.82837,-34.76719]]]}},{"type":"Feature","properties":{"id":"port-macquarie-hastings","name":"Port Macquarie-Hastings","level":2,"centroid":[152.5204,-31.4226],"bbox":[152.0647,-31.7281,152.9762,-31.117]},"geometry":{"type":"Polygon","coordinates":[[[152.34959,-31.11699],[152.3309,-31.12745],[152.31658,-31.20292],[152.25469,-31.19452],[152.2234,-31.20789],[152.15185,-31.18809],[152.15288,-31.27297],[152.12368,-31.27872],[152.09963,-31.39304],[152.06558,-31.40913],[152.06467,-31.43858],[152.08782,-31.45616],[152.08576,-31.50724],[152.16409,-31.51713],[152.1473,-31.44318],[152.16077,-31.44445],[152.18798,-31.47895],[152.17823,-31.51921],[152.19824,-31.53818],[152.25477,-31.48716],[152.28129,-31.52408],[152.3348,-31.51556],[152.3452,-31.53044],[152.33269,-31.55522],[152.34927,-31.57631],[152.30838,-31.62467],[152.34843,-31.6163],[152.35287,-31.65169],[152.40722,-31.66819],[152.42009,-31.64592],[152.50292,-31.63713],[152.50172,-31.6609],[152.59484,-31.69518],[152.73013,-31.70082],[152.74467,-31.71701],[152.73551,-31.72444],[152.80444,-31.72811],[152.79868,-31.69237],[152.84953,-31.64133],[152.83396,-31.62901],[152.84533,-31.57292],[152.93785,-31.47613],[152.91522,-31.40799],[152.97623,-31.31364],[152.81479,-31.28269],[152.82936,-31.24506],[152.81537,-31.243],[152.81811,-31.22774],[152.73031,-31.22399],[152.75166,-31.1947],[152.72797,-31.17627],[152.70596,-31.18071],[152.70695,-31.1515],[152.69032,-31.13983],[152.64966,-31.15452],[152.59615,-31.12377],[152.56166,-31.12954],[152.51968,-31.16712],[152.45584,-31.15582],[152.38646,-31.16673],[152.34959,-31.11699]]]}},{"type":"Feature","properties":{"id":"port-phillip","name":"Port Phillip","level":2,"centroid":[144.9615,-37.8588],"bbox":[144.9125,-37.8917,145.0105,-37.8258]},"geometry":{"type":"Polygon","coordinates":[[[144.99702,-37.8838],[145.00004,-37.86644],[145.00917,-37.86758],[145.01053,-37.86021],[144.99328,-37.85789],[144.9899,-37.85653],[144.98333,-37.85564],[144.98421,-37.85065],[144.98065,-37.85021],[144.97549,-37.83607],[144.97181,-37.83227],[144.97133,-37.82988],[144.96585,-37.83147],[144.9632,-37.82879],[144.96172,-37.82807],[144.95719,-37.8284],[144.9423,-37.82586],[144.9368,-37.8258],[144.92342,-37.8281],[144.9208,-37.8296],[144.91817,-37.83223],[144.91328,-37.83402],[144.91436,-37.83547],[144.91543,-37.83861],[144.91501,-37.83871],[144.91525,-37.83949],[144.91247,-37.84098],[144.9132,-37.84227],[144.91525,-37.84081],[144.91853,-37.83967],[144.92692,-37.84002],[144.92525,-37.84497],[144.92586,-37.84511],[144.92717,-37.84131],[144.93074,-37.8423],[144.93055,-37.84285],[144.93128,-37.843],[144.93001,-37.84735],[144.9306,-37.84716],[144.9319,-37.84329],[144.93336,-37.84383],[144.934,-37.84219],[144.9356,-37.84253],[144.93995,-37.84517],[144.94455,-37.84676],[144.96284,-37.8552],[144.96784,-37.85936],[144.96892,-37.85929],[144.96859,-37.85962],[144.97031,-37.86077],[144.97114,-37.86284],[144.97093,-37.86433],[144.96969,-37.86458],[144.97347,-37.8676],[144.97561,-37.87025],[144.97548,-37.8716],[144.97396,-37.87232],[144.97335,-37.87194],[144.97312,-37.87247],[144.97429,-37.8735],[144.97458,-37.87657],[144.97551,-37.87863],[144.97732,-37.87867],[144.97575,-37.87912],[144.97566,-37.88211],[144.9813,-37.88667],[144.985,-37.89099],[144.99068,-37.89172],[144.99227,-37.88326],[144.99702,-37.8838]]]}},{"type":"Feature","properties":{"id":"port-pirie","name":"Port Pirie","level":2,"centroid":[138.1072,-33.3651],"bbox":[137.8111,-33.6262,138.4033,-33.104]},"geometry":{"type":"Polygon","coordinates":[[[138.08495,-33.6262],[138.4033,-33.62603],[138.39785,-33.49368],[138.38891,-33.47443],[138.25879,-33.47297],[138.25898,-33.28629],[138.22691,-33.28478],[138.20699,-33.26232],[138.20338,-33.22489],[138.17748,-33.21141],[138.18395,-33.20006],[138.16772,-33.18322],[138.17028,-33.12847],[138.16374,-33.10404],[138.04013,-33.10484],[138.05372,-33.1135],[138.05345,-33.12493],[138.04787,-33.13598],[138.02093,-33.14902],[138.0283,-33.155],[138.01827,-33.15934],[138.0141,-33.17808],[138.0363,-33.16949],[138.02424,-33.18187],[138.01186,-33.17801],[138.01304,-33.15371],[138.00134,-33.14401],[138.00708,-33.13337],[138.00081,-33.13164],[137.98764,-33.14394],[137.95437,-33.1547],[137.96354,-33.16049],[137.95831,-33.16775],[137.93999,-33.15814],[137.92549,-33.17648],[137.90782,-33.17143],[137.85361,-33.19682],[137.85297,-33.20958],[137.83799,-33.20722],[137.82127,-33.24492],[137.82676,-33.24858],[137.81114,-33.26624],[137.81743,-33.28666],[137.84492,-33.30466],[137.84253,-33.31649],[137.85184,-33.32617],[137.87351,-33.33027],[137.85884,-33.32076],[137.86561,-33.31734],[137.87863,-33.32987],[137.87415,-33.31608],[137.88125,-33.32314],[137.88369,-33.35239],[137.89122,-33.35396],[137.88288,-33.35775],[137.89095,-33.36683],[137.88327,-33.35939],[137.87551,-33.36237],[137.8705,-33.39653],[137.90665,-33.43412],[137.92198,-33.4681],[138.06863,-33.47028],[138.06832,-33.51466],[138.08532,-33.51821],[138.08495,-33.6262]]]}},{"type":"Feature","properties":{"id":"port-stephens","name":"Port Stephens","level":2,"centroid":[151.8905,-32.7285],"bbox":[151.5935,-32.8782,152.1875,-32.5788]},"geometry":{"type":"Polygon","coordinates":[[[151.60492,-32.62985],[151.6028,-32.65355],[151.59353,-32.65647],[151.6109,-32.69144],[151.64509,-32.70441],[151.64277,-32.71935],[151.66691,-32.7407],[151.68956,-32.72702],[151.72516,-32.7355],[151.72845,-32.76001],[151.74399,-32.75564],[151.71654,-32.7838],[151.69547,-32.78915],[151.70697,-32.80306],[151.68365,-32.82127],[151.75675,-32.85262],[151.7683,-32.85227],[151.77507,-32.8238],[151.81706,-32.82393],[151.79038,-32.86039],[151.79396,-32.8757],[151.81021,-32.87823],[151.89968,-32.8322],[152.01753,-32.79302],[152.07093,-32.78344],[152.11561,-32.79286],[152.12157,-32.76923],[152.17262,-32.76164],[152.17099,-32.74442],[152.18686,-32.74112],[152.18751,-32.71154],[152.17617,-32.71983],[152.16185,-32.70959],[152.10365,-32.71621],[152.09108,-32.72816],[152.06381,-32.69846],[152.06955,-32.73596],[152.06,-32.73587],[152.05857,-32.71614],[152.04851,-32.72869],[151.98809,-32.7192],[151.93642,-32.73686],[151.94643,-32.73393],[151.94449,-32.71704],[151.97821,-32.70584],[151.97763,-32.68767],[151.96014,-32.69743],[151.95488,-32.67732],[151.94461,-32.67676],[151.96738,-32.66621],[151.95757,-32.61593],[151.85769,-32.61359],[151.84997,-32.65095],[151.82166,-32.64671],[151.82421,-32.6341],[151.8032,-32.63362],[151.80548,-32.62297],[151.78856,-32.62043],[151.81348,-32.59977],[151.80655,-32.58487],[151.8036,-32.59816],[151.77733,-32.5938],[151.77842,-32.61037],[151.76407,-32.61375],[151.68445,-32.59381],[151.68711,-32.58142],[151.66983,-32.57884],[151.63033,-32.61804],[151.59545,-32.62057],[151.60492,-32.62985]]]}},{"type":"Feature","properties":{"id":"prospect","name":"Prospect","level":2,"centroid":[138.6004,-34.8846],"bbox":[138.5808,-34.8992,138.62,-34.8699]},"geometry":{"type":"Polygon","coordinates":[[[138.59734,-34.8986],[138.59747,-34.89853],[138.59809,-34.89791],[138.59899,-34.89714],[138.60018,-34.89618],[138.60256,-34.8942],[138.60315,-34.89372],[138.60339,-34.89356],[138.60806,-34.89335],[138.60951,-34.89329],[138.61169,-34.89082],[138.61222,-34.89023],[138.6124,-34.89005],[138.61439,-34.88854],[138.61484,-34.88818],[138.61801,-34.88577],[138.61998,-34.88428],[138.61998,-34.88406],[138.61973,-34.88012],[138.6196,-34.87816],[138.61947,-34.87643],[138.61501,-34.87666],[138.61496,-34.8767],[138.61095,-34.8769],[138.61096,-34.87705],[138.60226,-34.87747],[138.60214,-34.87597],[138.60197,-34.87364],[138.60176,-34.8706],[138.60172,-34.86992],[138.5985,-34.87008],[138.5985,-34.87006],[138.59786,-34.87009],[138.59786,-34.87014],[138.59287,-34.87037],[138.59287,-34.87034],[138.58519,-34.8707],[138.5808,-34.87092],[138.58159,-34.87457],[138.58178,-34.87521],[138.58196,-34.87571],[138.58249,-34.87693],[138.58271,-34.8777],[138.58282,-34.87826],[138.58385,-34.89306],[138.58398,-34.89388],[138.58414,-34.89445],[138.58422,-34.8949],[138.58433,-34.89599],[138.58433,-34.8964],[138.58425,-34.89695],[138.58793,-34.89918],[138.58905,-34.89912],[138.59734,-34.8986]]]}},{"type":"Feature","properties":{"id":"pyrenees","name":"Pyrenees","level":2,"centroid":[143.3647,-37.3292],"bbox":[143.0609,-37.7566,143.6686,-36.9018]},"geometry":{"type":"Polygon","coordinates":[[[143.18071,-37.7315],[143.24191,-37.7467],[143.2671,-37.73348],[143.27195,-37.75335],[143.30414,-37.75659],[143.32281,-37.74337],[143.32053,-37.71194],[143.34242,-37.70849],[143.35387,-37.67036],[143.4464,-37.66956],[143.48294,-37.64596],[143.49483,-37.66087],[143.53578,-37.66669],[143.53654,-37.6483],[143.65165,-37.64704],[143.66857,-37.53843],[143.595,-37.52725],[143.62028,-37.47378],[143.60924,-37.46713],[143.62002,-37.46495],[143.66561,-37.23431],[143.63641,-37.23082],[143.64065,-37.2083],[143.58229,-37.20172],[143.58542,-37.18454],[143.54983,-37.17619],[143.55192,-37.15873],[143.58295,-37.13192],[143.57813,-37.11512],[143.56273,-37.11651],[143.56527,-37.09564],[143.55202,-37.09414],[143.56253,-37.0336],[143.60367,-36.98992],[143.5758,-36.98152],[143.59353,-36.95617],[143.58196,-36.9451],[143.37351,-36.93407],[143.35342,-36.91458],[143.23929,-36.90182],[143.10699,-36.90438],[143.08992,-36.96292],[143.1052,-36.97877],[143.08709,-36.97722],[143.1027,-37.0015],[143.09262,-37.0389],[143.10115,-37.10124],[143.08617,-37.12479],[143.09554,-37.15556],[143.18173,-37.18861],[143.2246,-37.15365],[143.26377,-37.18171],[143.29128,-37.27995],[143.23379,-37.28605],[143.22562,-37.31537],[143.19435,-37.32098],[143.20173,-37.35656],[143.24862,-37.36209],[143.23655,-37.38428],[143.25101,-37.39281],[143.1973,-37.42631],[143.17934,-37.52454],[143.19301,-37.52644],[143.08981,-37.65138],[143.0609,-37.7182],[143.18071,-37.7315]]]}},{"type":"Feature","properties":{"id":"quairading","name":"Quairading","level":2,"centroid":[117.3987,-32.0141],"bbox":[117.0883,-32.2332,117.7091,-31.7951]},"geometry":{"type":"Polygon","coordinates":[[[117.23963,-32.2283],[117.31034,-32.23317],[117.3163,-32.22067],[117.37177,-32.22815],[117.39527,-32.21812],[117.4284,-32.22596],[117.4284,-32.20123],[117.55356,-32.20506],[117.58014,-32.18885],[117.62219,-32.18845],[117.62216,-32.17527],[117.63932,-32.16811],[117.63308,-32.16214],[117.67541,-32.1621],[117.68385,-32.14386],[117.67529,-32.14388],[117.66923,-32.10605],[117.67956,-32.09475],[117.70204,-32.09475],[117.70907,-32.07501],[117.69983,-32.0664],[117.70417,-31.98952],[117.69559,-31.98952],[117.68635,-31.94991],[117.67326,-31.9499],[117.67811,-31.81901],[117.63417,-31.81522],[117.58721,-31.83105],[117.54997,-31.82959],[117.53896,-31.841],[117.49664,-31.84052],[117.47176,-31.81967],[117.44541,-31.82564],[117.42804,-31.8207],[117.42804,-31.80791],[117.39471,-31.80391],[117.39112,-31.81398],[117.28864,-31.85621],[117.2619,-31.842],[117.25658,-31.8236],[117.24375,-31.82845],[117.22794,-31.81783],[117.22864,-31.79507],[117.15426,-31.80119],[117.13417,-31.81732],[117.15832,-31.85663],[117.11099,-31.8853],[117.14178,-31.91056],[117.09643,-31.93052],[117.10511,-31.94501],[117.08826,-31.96857],[117.09962,-31.98182],[117.1376,-31.98054],[117.17233,-31.99473],[117.21643,-32.03575],[117.22779,-32.03079],[117.23842,-32.06776],[117.21961,-32.11034],[117.23876,-32.11948],[117.24706,-32.17931],[117.23963,-32.2283]]]}},{"type":"Feature","properties":{"id":"queanbeyan-palerang","name":"Queanbeyan-Palerang","level":2,"centroid":[149.6733,-35.4557],"bbox":[149.1315,-36.0092,150.2151,-34.9022]},"geometry":{"type":"Polygon","coordinates":[[[149.97901,-35.50245],[150.03846,-35.40572],[150.04467,-35.31781],[150.16452,-35.26964],[150.19793,-35.22946],[150.18632,-35.19983],[150.21506,-35.20399],[150.20428,-35.17103],[150.14179,-35.14462],[150.12941,-35.09707],[150.04259,-34.99944],[150.02413,-35.00345],[150.02882,-35.05394],[149.97739,-35.06611],[149.98063,-35.09502],[150.02666,-35.09533],[150.03514,-35.12848],[149.97841,-35.16623],[149.93158,-35.14999],[149.95208,-35.20962],[149.92688,-35.23748],[149.88272,-35.23531],[149.88283,-35.25616],[149.84891,-35.24645],[149.83555,-35.20698],[149.76782,-35.19616],[149.76601,-35.17099],[149.70776,-35.17499],[149.65277,-35.11562],[149.55909,-35.15925],[149.55665,-35.07115],[149.53825,-35.06856],[149.55123,-34.97556],[149.51904,-34.96615],[149.54105,-34.92074],[149.49097,-34.90218],[149.42256,-34.92952],[149.3882,-34.97881],[149.3756,-35.09817],[149.32748,-35.15489],[149.20071,-35.2054],[149.27181,-35.27347],[149.39479,-35.30318],[149.39804,-35.32524],[149.35145,-35.35124],[149.25475,-35.33011],[149.20555,-35.34651],[149.1383,-35.42882],[149.15138,-35.5058],[149.13146,-35.55446],[149.16473,-35.59977],[149.25525,-35.59225],[149.30148,-35.66491],[149.39028,-35.62915],[149.5091,-35.63871],[149.52348,-35.81531],[149.49649,-35.81424],[149.48525,-35.8621],[149.51506,-35.89652],[149.51944,-35.98207],[149.56223,-35.98416],[149.57015,-36.00919],[149.62052,-35.96204],[149.67986,-35.98144],[149.68492,-35.80268],[149.75961,-35.7941],[149.86262,-35.71379],[149.97901,-35.50245]]]}},{"type":"Feature","properties":{"id":"queenscliffe","name":"Queenscliffe","level":2,"centroid":[144.6514,-38.265],"bbox":[144.6008,-38.2921,144.702,-38.2378]},"geometry":{"type":"MultiPolygon","coordinates":[[[[144.60075,-38.28782],[144.61425,-38.29213],[144.61619,-38.28774],[144.61466,-38.28556],[144.61488,-38.28346],[144.61773,-38.27797],[144.62018,-38.2759],[144.62992,-38.27307],[144.64428,-38.27173],[144.65978,-38.2739],[144.66417,-38.26757],[144.66802,-38.26567],[144.67225,-38.26525],[144.66677,-38.26223],[144.66284,-38.26363],[144.65805,-38.26346],[144.6557,-38.26549],[144.65239,-38.26672],[144.64863,-38.26655],[144.64239,-38.26974],[144.63329,-38.26983],[144.63216,-38.26941],[144.63426,-38.26652],[144.63703,-38.26609],[144.62609,-38.25751],[144.60075,-38.28782]]],[[[144.66756,-38.26219],[144.67192,-38.26435],[144.673,-38.26281],[144.67047,-38.25977],[144.66987,-38.26291],[144.66768,-38.2621],[144.66976,-38.25793],[144.6688,-38.25895],[144.66785,-38.255],[144.67248,-38.2552],[144.67082,-38.25744],[144.68001,-38.25292],[144.68886,-38.25155],[144.69794,-38.24809],[144.70202,-38.24312],[144.70016,-38.24163],[144.69659,-38.24122],[144.69501,-38.24243],[144.68972,-38.2428],[144.68854,-38.24392],[144.68994,-38.24456],[144.68935,-38.24673],[144.68621,-38.24814],[144.68235,-38.24774],[144.67883,-38.25062],[144.67819,-38.24747],[144.68118,-38.24023],[144.6802,-38.23783],[144.67808,-38.23788],[144.66646,-38.24985],[144.66383,-38.2506],[144.66319,-38.25186],[144.66366,-38.25434],[144.66764,-38.25594],[144.66855,-38.25938],[144.66756,-38.26219]]]]}},{"type":"Feature","properties":{"id":"quilpie","name":"Quilpie","level":2,"centroid":[143.5844,-26.1504],"bbox":[141.7065,-27.6518,145.4623,-24.6489]},"geometry":{"type":"Polygon","coordinates":[[[141.82583,-26.74754],[142.42202,-26.79022],[142.88802,-27.11689],[142.86597,-27.23381],[143.51744,-27.29533],[143.58045,-27.37977],[143.71931,-27.36869],[143.96835,-27.62685],[144.32181,-27.65179],[144.32931,-27.59632],[144.50798,-27.54428],[144.51965,-27.45621],[144.90016,-27.49785],[144.9146,-27.40363],[144.99224,-27.41154],[145.01731,-27.27588],[145.16327,-27.29149],[145.18267,-26.99921],[145.25296,-27.00639],[145.27383,-26.75133],[145.33027,-26.70226],[145.28484,-26.63641],[145.33923,-26.61024],[145.35862,-26.46548],[145.30993,-26.46019],[145.29977,-26.15445],[145.35522,-26.1603],[145.4128,-26.02321],[145.46235,-25.50363],[145.32622,-25.44633],[145.24977,-25.47861],[145.28408,-25.35812],[144.86948,-25.25795],[144.96937,-25.18577],[144.99569,-25.00766],[144.89863,-25.03827],[144.80396,-24.84045],[144.69842,-24.8308],[144.68532,-24.64894],[144.62755,-24.96753],[144.25348,-25.2095],[144.03881,-25.57936],[143.80351,-25.48577],[143.7522,-25.37881],[143.59301,-25.28212],[143.43732,-25.37387],[143.44823,-25.65188],[143.21047,-25.62476],[143.19859,-25.73735],[142.98377,-25.71772],[142.97185,-25.82246],[142.88517,-25.81381],[142.90262,-25.66917],[142.57099,-25.60736],[142.44158,-25.72496],[142.20115,-25.81228],[142.16145,-26.19601],[142.07455,-26.38527],[141.70649,-26.37867],[141.82583,-26.74754]]]}},{"type":"Feature","properties":{"id":"randwick","name":"Randwick","level":2,"centroid":[151.2401,-33.9458],"bbox":[151.2089,-34.0018,151.2713,-33.8897]},"geometry":{"type":"Polygon","coordinates":[[[151.22066,-33.96842],[151.21148,-33.97197],[151.20887,-33.98215],[151.21266,-33.98474],[151.21909,-33.97786],[151.22603,-33.97672],[151.2287,-33.97868],[151.22791,-33.98218],[151.23114,-33.98519],[151.23118,-33.9874],[151.22859,-33.98891],[151.23191,-33.99082],[151.23081,-33.99254],[151.2355,-33.9894],[151.23826,-33.99163],[151.23766,-33.99836],[151.24101,-33.99834],[151.24239,-34.00007],[151.24583,-33.99757],[151.24812,-33.99841],[151.24777,-34.00107],[151.24922,-34.0018],[151.24919,-33.99851],[151.25314,-33.99131],[151.25203,-33.98646],[151.25412,-33.98332],[151.25119,-33.97892],[151.25896,-33.97576],[151.25189,-33.96466],[151.26597,-33.96802],[151.26297,-33.9612],[151.26574,-33.95883],[151.25709,-33.95231],[151.25856,-33.94565],[151.2657,-33.94143],[151.25947,-33.9373],[151.26178,-33.93518],[151.25978,-33.92964],[151.26138,-33.9275],[151.25763,-33.92245],[151.26289,-33.91772],[151.26141,-33.91487],[151.26698,-33.91632],[151.26825,-33.91516],[151.26667,-33.91371],[151.27076,-33.91465],[151.27129,-33.91194],[151.25417,-33.90671],[151.25285,-33.90398],[151.24161,-33.90272],[151.24196,-33.89016],[151.23291,-33.88971],[151.2295,-33.89634],[151.22256,-33.90129],[151.22328,-33.90463],[151.21413,-33.90424],[151.21153,-33.92181],[151.21556,-33.92457],[151.22799,-33.92495],[151.23039,-33.93386],[151.22681,-33.94502],[151.23008,-33.94771],[151.23163,-33.95229],[151.23033,-33.9556],[151.22116,-33.95908],[151.22066,-33.96842]]]}},{"type":"Feature","properties":{"id":"ravensthorpe","name":"Ravensthorpe","level":2,"centroid":[120.1534,-33.6836],"bbox":[119.431,-34.2883,120.8759,-33.079]},"geometry":{"type":"Polygon","coordinates":[[[120.0853,-33.07897],[120.02753,-33.08041],[120.06119,-33.11921],[119.97222,-33.1676],[119.97937,-33.2379],[120.00268,-33.23789],[120.0027,-33.2539],[119.85307,-33.34501],[119.80567,-33.35062],[119.77044,-33.38946],[119.67834,-33.329],[119.44238,-33.52512],[119.54018,-33.57761],[119.44044,-33.71068],[119.45516,-33.74099],[119.43103,-33.76332],[119.44852,-33.80316],[119.4976,-33.80338],[119.49764,-34.28826],[119.53493,-34.22137],[119.58783,-34.17083],[119.57841,-34.16667],[119.5827,-34.15096],[119.64028,-34.11262],[119.63995,-34.09512],[119.73386,-34.06073],[119.78174,-34.02672],[119.80323,-33.9909],[119.85062,-33.96983],[119.92047,-33.96832],[119.94441,-33.97787],[119.96751,-33.95606],[119.98419,-33.95458],[119.99138,-33.93588],[120.04407,-33.92312],[120.1266,-33.95447],[120.17674,-33.93481],[120.23108,-33.93239],[120.43658,-33.97187],[120.46637,-33.96747],[120.51802,-33.9354],[120.55839,-33.9264],[120.55317,-33.9034],[120.58653,-33.88774],[120.7887,-33.8867],[120.79246,-33.85948],[120.78188,-33.85726],[120.79571,-33.81199],[120.80672,-33.8156],[120.85862,-33.76634],[120.85142,-33.75328],[120.87586,-33.71877],[120.87332,-33.70677],[120.82363,-33.60965],[120.82391,-33.57426],[120.81527,-33.55975],[120.7878,-33.5506],[120.80266,-33.5428],[120.745,-33.42168],[120.7801,-33.40553],[120.77212,-33.25439],[120.72455,-33.22206],[120.68705,-33.21519],[120.51048,-33.24375],[120.44953,-33.21357],[120.21015,-33.14876],[120.0853,-33.07897]]]}},{"type":"Feature","properties":{"id":"redland","name":"Redland","level":2,"centroid":[153.3593,-27.5668],"bbox":[153.172,-27.7407,153.5467,-27.3929]},"geometry":{"type":"MultiPolygon","coordinates":[[[[153.34408,-27.51308],[153.37315,-27.49177],[153.33862,-27.49583],[153.34408,-27.51308]]],[[[153.32735,-27.64233],[153.32921,-27.67046],[153.34145,-27.64855],[153.32735,-27.64233]]],[[[153.35643,-27.58931],[153.34674,-27.62218],[153.36242,-27.63239],[153.37633,-27.61774],[153.36048,-27.61452],[153.36769,-27.58906],[153.35643,-27.58931]]],[[[153.43984,-27.39294],[153.42304,-27.47011],[153.39839,-27.49641],[153.41254,-27.51163],[153.40708,-27.611],[153.42167,-27.64204],[153.39884,-27.66259],[153.3929,-27.70711],[153.41888,-27.74066],[153.43995,-27.71546],[153.43844,-27.73318],[153.454,-27.72875],[153.48088,-27.58077],[153.5467,-27.43506],[153.43984,-27.39294]]],[[[153.17577,-27.60669],[153.17385,-27.63424],[153.28068,-27.65799],[153.28668,-27.69434],[153.32295,-27.70053],[153.30148,-27.60065],[153.31815,-27.58201],[153.2811,-27.5495],[153.29072,-27.51098],[153.26163,-27.51617],[153.26059,-27.48439],[153.24164,-27.48071],[153.24101,-27.46502],[153.2283,-27.48306],[153.20122,-27.47274],[153.18745,-27.48471],[153.18442,-27.50264],[153.2015,-27.5128],[153.17195,-27.5364],[153.19179,-27.55946],[153.17577,-27.60669]]],[[[153.38026,-27.7081],[153.39759,-27.69636],[153.38826,-27.65736],[153.41595,-27.64181],[153.40358,-27.63421],[153.365,-27.65272],[153.37864,-27.67462],[153.36552,-27.69661],[153.38026,-27.7081]]]]}},{"type":"Feature","properties":{"id":"renmark-paringa","name":"Renmark Paringa","level":2,"centroid":[140.7761,-34.1428],"bbox":[140.5885,-34.3228,140.9637,-33.9628]},"geometry":{"type":"Polygon","coordinates":[[[140.96369,-33.98064],[140.95258,-33.96279],[140.93863,-33.96897],[140.92057,-33.96485],[140.92363,-33.97403],[140.8972,-33.96986],[140.8948,-33.98073],[140.91386,-33.98167],[140.90855,-33.99259],[140.89381,-34.0012],[140.87999,-33.99558],[140.88819,-34.01114],[140.88212,-34.02021],[140.86914,-34.01459],[140.86668,-34.022],[140.85734,-34.0133],[140.84421,-34.02723],[140.83521,-34.02532],[140.84279,-34.03796],[140.82358,-34.04237],[140.83342,-34.05345],[140.81273,-34.04939],[140.80885,-34.06166],[140.81558,-34.06597],[140.80603,-34.06706],[140.80909,-34.07201],[140.76654,-34.0594],[140.7503,-34.06343],[140.74341,-34.07753],[140.75391,-34.07942],[140.76765,-34.09901],[140.75813,-34.10951],[140.79616,-34.10936],[140.79156,-34.11697],[140.77179,-34.11554],[140.78206,-34.12434],[140.77336,-34.13967],[140.7828,-34.14019],[140.77735,-34.15702],[140.76229,-34.16421],[140.76101,-34.14371],[140.75048,-34.13373],[140.75281,-34.12704],[140.72862,-34.1076],[140.73076,-34.08774],[140.71946,-34.07475],[140.69957,-34.06512],[140.63527,-34.06425],[140.65784,-34.08532],[140.65732,-34.15517],[140.64458,-34.2301],[140.66425,-34.22659],[140.66513,-34.2441],[140.64644,-34.25276],[140.64528,-34.24029],[140.63357,-34.24442],[140.62298,-34.26298],[140.63189,-34.29113],[140.59645,-34.2914],[140.58855,-34.31858],[140.96355,-34.32278],[140.96369,-33.98064]]]}},{"type":"Feature","properties":{"id":"richmond","name":"Richmond","level":2,"centroid":[142.9138,-20.572],"bbox":[142.0376,-21.6675,143.7901,-19.4766]},"geometry":{"type":"Polygon","coordinates":[[[142.60224,-19.62005],[142.37598,-19.59994],[142.3359,-20.33035],[142.3807,-20.33398],[142.36178,-20.56891],[142.30988,-20.71468],[142.36337,-20.71986],[142.35488,-20.79642],[142.33099,-20.79406],[142.32092,-20.88617],[142.3019,-20.88423],[142.2919,-20.9949],[142.20308,-20.98753],[142.19907,-21.01078],[142.23775,-21.01414],[142.22242,-21.16736],[142.25529,-21.16972],[142.24986,-21.23618],[142.04724,-21.22456],[142.13765,-21.32368],[142.06402,-21.38013],[142.09166,-21.38259],[142.08028,-21.48832],[142.03761,-21.52004],[142.23185,-21.55086],[142.22817,-21.59626],[142.3352,-21.60709],[142.33257,-21.63631],[142.49123,-21.64417],[142.4956,-21.59799],[142.65652,-21.61035],[142.65137,-21.66748],[142.71848,-21.61494],[142.69397,-21.58785],[142.81541,-21.49312],[142.8621,-21.54505],[143.18804,-21.30864],[143.23645,-21.31298],[143.26088,-21.14386],[143.2982,-21.14724],[143.33825,-20.82045],[143.4347,-20.82849],[143.44766,-20.77758],[143.49895,-20.78249],[143.54081,-20.61759],[143.47618,-20.60623],[143.4832,-20.58829],[143.58189,-20.49901],[143.70407,-20.48183],[143.78478,-20.41861],[143.70979,-20.32489],[143.79009,-20.26323],[143.74004,-20.20606],[143.71086,-20.22923],[143.59699,-20.14544],[143.60956,-20.02561],[143.64132,-20.02855],[143.68226,-19.59699],[143.54955,-19.47656],[143.50768,-19.48392],[143.50623,-19.52013],[143.44383,-19.56601],[143.39508,-19.57508],[143.38308,-19.61257],[143.34194,-19.60559],[143.27497,-19.69644],[142.60224,-19.62005]]]}},{"type":"Feature","properties":{"id":"richmond-valley","name":"Richmond Valley","level":2,"centroid":[153.0863,-29.0268],"bbox":[152.689,-29.343,153.4836,-28.7107]},"geometry":{"type":"Polygon","coordinates":[[[153.43586,-29.00109],[153.42121,-29.01752],[153.39994,-28.99897],[153.37549,-29.02721],[153.37535,-29.06031],[153.33656,-29.07104],[153.32701,-29.03913],[153.30601,-29.06046],[153.26897,-29.01285],[153.30055,-28.99452],[153.26367,-28.95195],[153.26942,-28.94422],[153.24697,-28.93114],[153.24185,-28.94692],[153.22509,-28.9283],[153.17313,-28.92234],[153.18764,-28.84625],[153.13855,-28.81454],[153.14787,-28.78391],[153.1112,-28.775],[153.0766,-28.73318],[153.05445,-28.73309],[153.05637,-28.72206],[153.00437,-28.73126],[152.91723,-28.71068],[152.9054,-28.73021],[152.95252,-28.80145],[152.91384,-28.82126],[152.88761,-28.8193],[152.88461,-28.83597],[152.85827,-28.85199],[152.84642,-28.88866],[152.82089,-28.88281],[152.81981,-28.90373],[152.78616,-28.92671],[152.75048,-28.9133],[152.74483,-28.99358],[152.68897,-29.02278],[152.72073,-29.0796],[152.74344,-29.07594],[152.75911,-29.09035],[152.718,-29.18225],[152.75464,-29.19006],[152.77362,-29.20322],[152.77404,-29.21946],[152.80864,-29.23593],[152.82448,-29.27444],[152.81103,-29.31649],[152.84787,-29.32322],[152.87154,-29.30942],[152.89741,-29.32152],[152.91416,-29.31068],[152.94748,-29.33272],[152.99484,-29.32764],[153.02068,-29.34297],[153.08094,-29.31253],[153.10051,-29.31701],[153.11138,-29.27418],[153.14438,-29.28184],[153.14304,-29.2425],[153.2067,-29.26336],[153.20709,-29.24178],[153.28838,-29.25142],[153.31769,-29.23959],[153.35981,-29.2637],[153.45716,-29.13849],[153.43387,-29.09154],[153.48355,-28.99072],[153.43586,-29.00109]]]}},{"type":"Feature","properties":{"id":"robe","name":"Robe","level":2,"centroid":[139.9914,-37.1861],"bbox":[139.7393,-37.3398,140.2435,-37.0324]},"geometry":{"type":"Polygon","coordinates":[[[139.74246,-37.03278],[139.73932,-37.05503],[139.74394,-37.07418],[139.75662,-37.07855],[139.76323,-37.07823],[139.77966,-37.09271],[139.79106,-37.11154],[139.79521,-37.12551],[139.79583,-37.13745],[139.78847,-37.15779],[139.78026,-37.1649],[139.75345,-37.16202],[139.74859,-37.15631],[139.74307,-37.15584],[139.74549,-37.15815],[139.74329,-37.16076],[139.7452,-37.16326],[139.74228,-37.16605],[139.74427,-37.17177],[139.74002,-37.18211],[139.74458,-37.18359],[139.76163,-37.19969],[139.77103,-37.21621],[139.77015,-37.21819],[139.77702,-37.22378],[139.77856,-37.22936],[139.78303,-37.23099],[139.78307,-37.23679],[139.78875,-37.2408],[139.79687,-37.25637],[139.79597,-37.2589],[139.80392,-37.26444],[139.80519,-37.26951],[139.80356,-37.27064],[139.80598,-37.27033],[139.81188,-37.27765],[139.81174,-37.28083],[139.81877,-37.2857],[139.82135,-37.29177],[139.81983,-37.2931],[139.82869,-37.30048],[139.8279,-37.30406],[139.8326,-37.30547],[139.83764,-37.31037],[139.83677,-37.31404],[139.84283,-37.3167],[139.84076,-37.32218],[139.84961,-37.32217],[139.84926,-37.32724],[139.8459,-37.32661],[139.84978,-37.33155],[139.85388,-37.32919],[139.85888,-37.33044],[139.86842,-37.33984],[139.87358,-37.321],[139.88346,-37.32037],[140.24353,-37.32125],[140.24288,-37.17614],[140.08385,-37.17595],[140.08453,-37.03245],[139.74246,-37.03278]]]}},{"type":"Feature","properties":{"id":"rockhampton","name":"Rockhampton","level":2,"centroid":[150.276,-23.4174],"bbox":[149.6726,-23.8536,150.8794,-22.9813]},"geometry":{"type":"Polygon","coordinates":[[[150.60261,-23.83363],[150.64615,-23.83856],[150.68165,-23.78164],[150.76929,-23.75852],[150.8184,-23.70336],[150.79874,-23.67712],[150.8344,-23.67239],[150.82454,-23.61417],[150.8592,-23.61616],[150.8794,-23.5422],[150.72875,-23.49158],[150.63662,-23.51564],[150.66175,-23.49122],[150.57111,-23.39908],[150.58433,-23.34174],[150.61307,-23.34227],[150.57748,-23.25696],[150.47,-23.30085],[150.4797,-23.31748],[150.45193,-23.34056],[150.42199,-23.24546],[150.36632,-23.26654],[150.34212,-23.24611],[150.40157,-23.19175],[150.38438,-23.14264],[150.21584,-23.10824],[150.16242,-23.14562],[150.13493,-23.09626],[150.06718,-23.0853],[150.06681,-23.03601],[149.99458,-23.08686],[149.92548,-23.05681],[149.93318,-23.01373],[149.87967,-22.98822],[149.84111,-23.00012],[149.82101,-22.98127],[149.67263,-23.08205],[149.71335,-23.10785],[149.67799,-23.21159],[149.68766,-23.24518],[149.7211,-23.25105],[149.71011,-23.32522],[149.74633,-23.32427],[149.76778,-23.38374],[149.73161,-23.44097],[149.80081,-23.54098],[149.73986,-23.57118],[149.7568,-23.62724],[149.8198,-23.59046],[149.89364,-23.58363],[149.89128,-23.66566],[149.986,-23.75419],[149.99731,-23.71392],[150.06697,-23.71228],[150.09183,-23.6605],[150.23078,-23.64942],[150.26222,-23.66817],[150.25379,-23.70454],[150.28962,-23.75837],[150.31739,-23.76556],[150.31982,-23.82321],[150.34092,-23.80728],[150.37858,-23.83703],[150.44545,-23.82224],[150.46433,-23.85357],[150.5336,-23.84948],[150.5472,-23.82428],[150.60261,-23.83363]]]}},{"type":"Feature","properties":{"id":"rockingham","name":"Rockingham","level":2,"centroid":[115.7749,-32.3071],"bbox":[115.6601,-32.4581,115.8897,-32.1561]},"geometry":{"type":"MultiPolygon","coordinates":[[[[115.6699,-32.1961],[115.67097,-32.21237],[115.68082,-32.24415],[115.7001,-32.24454],[115.68723,-32.234],[115.69047,-32.22709],[115.7004,-32.22635],[115.68333,-32.20585],[115.6748,-32.18379],[115.6771,-32.1718],[115.66917,-32.15606],[115.66046,-32.1563],[115.66006,-32.17362],[115.6699,-32.1961]]],[[[115.75491,-32.25141],[115.7397,-32.26722],[115.72472,-32.27668],[115.70583,-32.27586],[115.69888,-32.27347],[115.69961,-32.26842],[115.69822,-32.27196],[115.69862,-32.26918],[115.68476,-32.26597],[115.68571,-32.27128],[115.69188,-32.27204],[115.70198,-32.2824],[115.70157,-32.30526],[115.71361,-32.30494],[115.7304,-32.31008],[115.7424,-32.32783],[115.74346,-32.34475],[115.73909,-32.35877],[115.73158,-32.36599],[115.71308,-32.37183],[115.73019,-32.38536],[115.74415,-32.40399],[115.74982,-32.43377],[115.74783,-32.45563],[115.80144,-32.4556],[115.80143,-32.45256],[115.82749,-32.45814],[115.83152,-32.44457],[115.85774,-32.44456],[115.85766,-32.40621],[115.83001,-32.40544],[115.83558,-32.39563],[115.8356,-32.37889],[115.85222,-32.36867],[115.85181,-32.35409],[115.85518,-32.34633],[115.87522,-32.33259],[115.88974,-32.29212],[115.88407,-32.29043],[115.87234,-32.27802],[115.84661,-32.27197],[115.81276,-32.28724],[115.79771,-32.28647],[115.78834,-32.27707],[115.78842,-32.26934],[115.78524,-32.26905],[115.78534,-32.24907],[115.75491,-32.25141]]]]}},{"type":"Feature","properties":{"id":"roper-gulf","name":"Roper Gulf","level":2,"centroid":[134.9706,-15.3065],"bbox":[131.9459,-17.6114,137.9953,-13.0016]},"geometry":{"type":"MultiPolygon","coordinates":[[[[136.94857,-15.73641],[137.07496,-15.84614],[137.06513,-15.62684],[136.94857,-15.73641]]],[[[136.75035,-15.64668],[136.73847,-15.76265],[136.83715,-15.68726],[136.75035,-15.64668]]],[[[137.99465,-16.5383],[137.72968,-16.23224],[136.97799,-15.85094],[136.70639,-15.93121],[136.72413,-15.69633],[136.3175,-15.62598],[136.23972,-15.41607],[135.43114,-14.91069],[135.38208,-14.72572],[135.54106,-14.6527],[135.70254,-14.27135],[135.9036,-14.1905],[136.08306,-13.65544],[135.8794,-13.71203],[135.85973,-13.44023],[135.97299,-13.40232],[135.50115,-13.56523],[135.50216,-14.32257],[135.00001,-13.99999],[135.00001,-13.00161],[134.84168,-13.13554],[132.999,-13.12777],[132.99882,-13.4041],[132.42114,-13.40212],[132.48106,-13.80852],[132.02141,-13.80846],[131.94592,-14.03389],[132.07903,-14.29353],[132.68848,-14.50299],[132.60496,-15.11432],[132.09191,-15.11433],[132.08966,-16.06594],[132.52031,-16.07544],[132.52289,-16.58328],[132.73737,-16.5832],[132.73735,-16.7927],[133.21156,-16.86553],[133.28929,-17.12269],[133.5883,-17.12241],[133.5883,-16.86633],[134.44261,-16.86645],[134.44262,-16.64776],[134.84789,-16.64763],[134.84789,-16.50222],[135.07554,-16.50221],[135.07539,-17.1215],[135.58464,-17.12071],[135.58462,-16.95368],[135.7764,-16.95373],[135.7764,-16.79302],[135.94023,-16.91897],[135.881,-17.26567],[136.06077,-17.26567],[136.06165,-17.4547],[137.99526,-17.61136],[137.99465,-16.5383]]]]}},{"type":"Feature","properties":{"id":"roxby-downs","name":"Roxby Downs","level":2,"centroid":[136.8838,-30.5489],"bbox":[136.843,-30.6235,136.9245,-30.4743]},"geometry":{"type":"Polygon","coordinates":[[[136.92454,-30.49852],[136.89787,-30.49853],[136.89789,-30.48077],[136.89524,-30.4743],[136.88524,-30.47737],[136.87673,-30.47997],[136.85246,-30.48741],[136.85372,-30.49256],[136.85515,-30.49852],[136.84303,-30.49852],[136.84302,-30.56847],[136.843,-30.62352],[136.91524,-30.62352],[136.91811,-30.58381],[136.92075,-30.54611],[136.92171,-30.53148],[136.92454,-30.49852]]]}},{"type":"Feature","properties":{"id":"ryde","name":"Ryde","level":2,"centroid":[151.1124,-33.8015],"bbox":[151.0657,-33.8418,151.1591,-33.7612]},"geometry":{"type":"Polygon","coordinates":[[[151.09727,-33.76569],[151.09381,-33.77071],[151.09374,-33.77869],[151.08503,-33.78393],[151.08522,-33.78652],[151.08271,-33.78703],[151.08237,-33.78883],[151.0766,-33.78741],[151.06573,-33.79088],[151.06615,-33.8029],[151.07025,-33.80618],[151.07322,-33.81877],[151.0841,-33.81862],[151.08968,-33.82104],[151.09283,-33.8196],[151.09432,-33.82219],[151.09987,-33.82462],[151.10152,-33.83085],[151.10807,-33.83107],[151.10863,-33.83554],[151.11193,-33.83444],[151.11077,-33.8299],[151.11287,-33.82971],[151.11616,-33.83379],[151.11526,-33.837],[151.1172,-33.83685],[151.1197,-33.83265],[151.12124,-33.83514],[151.11982,-33.83795],[151.12538,-33.84178],[151.12628,-33.83853],[151.12832,-33.84169],[151.12671,-33.83017],[151.13016,-33.82806],[151.13762,-33.8187],[151.13589,-33.81511],[151.14048,-33.81714],[151.14382,-33.81654],[151.14085,-33.81417],[151.13906,-33.80937],[151.14179,-33.80979],[151.14096,-33.80676],[151.14398,-33.80444],[151.14263,-33.8016],[151.14894,-33.79913],[151.15769,-33.80068],[151.15908,-33.7987],[151.15711,-33.7927],[151.15246,-33.7904],[151.14848,-33.79433],[151.14695,-33.78829],[151.14893,-33.78749],[151.14482,-33.78555],[151.14277,-33.78113],[151.13971,-33.78229],[151.13929,-33.77473],[151.13685,-33.77601],[151.13244,-33.775],[151.13289,-33.77307],[151.1257,-33.7725],[151.11994,-33.76845],[151.11929,-33.76285],[151.11685,-33.7613],[151.10945,-33.76258],[151.10537,-33.76117],[151.09727,-33.76569]]]}},{"type":"Feature","properties":{"id":"salisbury","name":"Salisbury","level":2,"centroid":[138.6081,-34.7683],"bbox":[138.517,-34.8444,138.6993,-34.6921]},"geometry":{"type":"Polygon","coordinates":[[[138.517,-34.73228],[138.52645,-34.73838],[138.53031,-34.74494],[138.5234,-34.74848],[138.53063,-34.74541],[138.54076,-34.75795],[138.54348,-34.76593],[138.54234,-34.76894],[138.54391,-34.77267],[138.54217,-34.77442],[138.54668,-34.78392],[138.55077,-34.78771],[138.55016,-34.79303],[138.55306,-34.79892],[138.55578,-34.79949],[138.55537,-34.80152],[138.55227,-34.80161],[138.54671,-34.80996],[138.56037,-34.82475],[138.5663,-34.82502],[138.57525,-34.83207],[138.58795,-34.83148],[138.58702,-34.83275],[138.5907,-34.83185],[138.62475,-34.83845],[138.62827,-34.84091],[138.62741,-34.84208],[138.6324,-34.84437],[138.63946,-34.84291],[138.64518,-34.84392],[138.64676,-34.84091],[138.66904,-34.83981],[138.66632,-34.80819],[138.67308,-34.80781],[138.67185,-34.79213],[138.6849,-34.79148],[138.68449,-34.78605],[138.69082,-34.78583],[138.68997,-34.77547],[138.68737,-34.7719],[138.69181,-34.76558],[138.6939,-34.76592],[138.69332,-34.76337],[138.69766,-34.75956],[138.69929,-34.75478],[138.68062,-34.75568],[138.67792,-34.75292],[138.67495,-34.75239],[138.67171,-34.75456],[138.66833,-34.75242],[138.66788,-34.75457],[138.66267,-34.75358],[138.65759,-34.75556],[138.65569,-34.75441],[138.65415,-34.75685],[138.64409,-34.75076],[138.66683,-34.71389],[138.6161,-34.69215],[138.59403,-34.72683],[138.5772,-34.71657],[138.57775,-34.71824],[138.517,-34.73228]]]}},{"type":"Feature","properties":{"id":"sandstone","name":"Sandstone","level":2,"centroid":[118.9849,-28.4217],"bbox":[117.7736,-29.6124,120.1962,-27.231]},"geometry":{"type":"Polygon","coordinates":[[[118.63176,-27.77932],[118.64993,-28.00609],[118.71163,-28.00609],[118.71163,-28.13497],[118.51909,-28.13498],[118.51909,-28.16172],[118.57238,-28.16172],[118.57258,-28.30314],[118.44793,-28.31258],[118.44793,-28.4618],[118.57258,-28.47246],[118.57258,-28.54507],[118.54317,-28.54506],[118.44854,-28.72983],[118.44888,-28.98044],[118.40772,-28.98044],[118.40772,-29.00673],[118.28387,-29.00673],[118.28387,-29.08575],[118.15472,-29.08576],[118.15471,-29.14763],[118.09154,-29.14761],[118.09155,-29.121],[117.94583,-29.12094],[117.94586,-29.10097],[117.77378,-29.11062],[117.77361,-29.27769],[117.87771,-29.27784],[117.87771,-29.30646],[117.91018,-29.30646],[117.91018,-29.32773],[117.92733,-29.32856],[117.93206,-29.61242],[118.50322,-29.61242],[118.43571,-29.27936],[118.43575,-29.10508],[118.72035,-29.10691],[118.72035,-29.29227],[119.20065,-29.29093],[119.34442,-29.11092],[119.66305,-29.11297],[119.77579,-28.91511],[119.77577,-28.84781],[119.80262,-28.8478],[119.80262,-28.46408],[120.0452,-28.46399],[120.04499,-28.29113],[120.19619,-28.29113],[120.19618,-28.04719],[120.15429,-28.04759],[120.15751,-27.61261],[120.0747,-27.61261],[120.0747,-27.50226],[120.05841,-27.50226],[120.0584,-27.29026],[119.58497,-27.29027],[119.58497,-27.24215],[119.20109,-27.23104],[119.1857,-27.27469],[119.09403,-27.27469],[119.09403,-27.29715],[119.0244,-27.29713],[119.0244,-27.31306],[118.84333,-27.31319],[118.84333,-27.37328],[118.68195,-27.37328],[118.68195,-27.68882],[118.73932,-27.68882],[118.73932,-27.77932],[118.63176,-27.77932]]]}},{"type":"Feature","properties":{"id":"scenic-rim","name":"Scenic Rim","level":2,"centroid":[152.8069,-28.0415],"bbox":[152.3749,-28.3639,153.2389,-27.7191]},"geometry":{"type":"Polygon","coordinates":[[[153.10855,-28.35631],[153.12501,-28.31775],[153.16774,-28.29546],[153.17667,-28.24959],[153.20813,-28.2518],[153.18393,-28.1925],[153.20085,-28.11919],[153.23244,-28.08531],[153.21336,-28.08033],[153.23888,-28.01116],[153.21776,-28.00821],[153.20081,-27.98157],[153.22512,-27.98164],[153.2252,-27.95611],[153.2066,-27.94923],[153.21547,-27.90275],[153.18069,-27.89507],[153.18035,-27.84067],[153.1051,-27.86702],[153.10632,-27.91143],[153.08489,-27.93341],[153.04742,-27.93554],[153.01747,-27.9001],[153.0127,-27.92062],[152.95966,-27.92135],[152.94576,-27.8428],[152.82017,-27.86567],[152.80039,-27.84357],[152.80248,-27.79836],[152.76073,-27.78529],[152.75781,-27.76726],[152.58066,-27.71912],[152.52497,-27.72106],[152.51933,-27.76116],[152.49901,-27.75826],[152.4945,-27.78341],[152.46741,-27.78312],[152.4434,-27.84476],[152.40236,-27.86369],[152.41588,-27.94461],[152.38282,-27.97879],[152.37488,-28.01248],[152.39003,-28.05944],[152.41632,-28.06974],[152.41151,-28.11329],[152.43405,-28.131],[152.44215,-28.17904],[152.47086,-28.19495],[152.4586,-28.22659],[152.48236,-28.22949],[152.48764,-28.25348],[152.53649,-28.26588],[152.52592,-28.30596],[152.57951,-28.33919],[152.61425,-28.26946],[152.63975,-28.31217],[152.66752,-28.31169],[152.75095,-28.36387],[152.77739,-28.34595],[152.80426,-28.35356],[152.83137,-28.31966],[152.88043,-28.3098],[152.93427,-28.33764],[153.04491,-28.339],[153.10855,-28.35631]]]}},{"type":"Feature","properties":{"id":"serpentine-jarrahdale","name":"Serpentine-Jarrahdale","level":2,"centroid":[116.0448,-32.3245],"bbox":[115.83,-32.4695,116.2597,-32.1796]},"geometry":{"type":"Polygon","coordinates":[[[115.89864,-32.18023],[115.90075,-32.19309],[115.89714,-32.20207],[115.88282,-32.20477],[115.8871,-32.24475],[115.88709,-32.25889],[115.88373,-32.26178],[115.88581,-32.26574],[115.87964,-32.26966],[115.88185,-32.27538],[115.87753,-32.27979],[115.87225,-32.27819],[115.88974,-32.29212],[115.87522,-32.33259],[115.85518,-32.34633],[115.85181,-32.35409],[115.85222,-32.36867],[115.8356,-32.37889],[115.83558,-32.39563],[115.83001,-32.40544],[115.85766,-32.40621],[115.85776,-32.45487],[115.91048,-32.4549],[115.91047,-32.46941],[115.97618,-32.46946],[115.97604,-32.46079],[115.9907,-32.45955],[115.99071,-32.4545],[115.99713,-32.45452],[115.99711,-32.45934],[116.00154,-32.45937],[116.00155,-32.45436],[116.00745,-32.45437],[116.00746,-32.45862],[116.04139,-32.4563],[116.04139,-32.45868],[116.25969,-32.45865],[116.25969,-32.38987],[116.23102,-32.35612],[116.19533,-32.29408],[116.18957,-32.28741],[116.113,-32.28757],[116.10975,-32.21259],[116.06748,-32.21261],[116.06807,-32.20857],[116.06235,-32.20404],[116.05391,-32.20467],[116.0539,-32.20752],[116.02379,-32.20506],[116.02379,-32.19657],[116.01592,-32.19228],[116.01583,-32.18654],[115.99863,-32.18684],[115.99236,-32.1802],[115.97238,-32.17961],[115.9726,-32.19479],[115.96797,-32.19686],[115.96283,-32.19685],[115.96391,-32.17967],[115.89864,-32.18023]]]}},{"type":"Feature","properties":{"id":"shark-bay","name":"Shark Bay","level":2,"centroid":[114.222,-26.4032],"bbox":[112.9282,-27.3031,115.5158,-25.5033]},"geometry":{"type":"MultiPolygon","coordinates":[[[[114.25389,-26.14317],[114.1883,-26.18025],[114.21913,-26.36032],[114.08618,-26.46835],[113.96995,-26.33449],[113.90556,-25.95931],[113.78999,-26.20739],[113.70322,-26.19976],[113.76187,-25.87858],[113.52524,-25.60778],[113.51109,-25.50329],[113.41449,-25.72472],[113.46936,-25.78544],[113.47245,-25.7093],[113.58031,-26.09721],[113.88067,-26.33536],[113.88287,-26.50846],[113.80773,-26.61096],[113.68682,-26.60166],[113.66402,-26.67444],[113.63131,-26.46382],[113.60712,-26.60619],[113.55824,-26.57399],[113.53722,-26.27951],[113.47697,-26.47704],[113.5066,-26.3639],[113.36375,-26.01747],[113.33639,-26.30034],[113.3999,-26.41823],[113.32671,-26.33726],[113.29928,-26.01595],[113.26997,-26.24176],[113.15628,-26.15166],[113.96286,-27.22796],[114.06787,-27.22994],[114.06787,-27.11248],[114.23053,-27.11247],[114.23053,-27.20134],[114.45729,-27.22818],[114.45729,-27.28318],[115.21371,-27.30313],[115.21371,-27.21608],[115.31878,-27.21608],[115.31154,-26.78556],[115.40662,-26.78556],[115.4066,-26.27716],[115.51579,-26.27716],[115.47149,-25.92889],[115.28463,-25.92889],[115.26819,-25.78533],[114.99137,-25.78533],[114.99137,-25.87463],[114.84934,-25.87463],[114.75787,-25.9986],[114.35284,-25.99864],[114.35285,-26.14368],[114.25389,-26.14317]]],[[[113.01245,-25.51673],[112.92817,-25.52853],[112.96643,-25.7803],[113.21629,-26.16249],[113.01245,-25.51673]]],[[[113.91718,-25.85916],[113.85185,-25.8161],[113.88006,-25.88692],[113.91718,-25.85916]]]]}},{"type":"Feature","properties":{"id":"shellharbour","name":"Shellharbour","level":2,"centroid":[150.7721,-34.5902],"bbox":[150.6398,-34.643,150.9045,-34.5374]},"geometry":{"type":"Polygon","coordinates":[[[150.86089,-34.62787],[150.85555,-34.61561],[150.86595,-34.60989],[150.86522,-34.60518],[150.87689,-34.60801],[150.88536,-34.6062],[150.88118,-34.60384],[150.88755,-34.59833],[150.89553,-34.60123],[150.90446,-34.59696],[150.87513,-34.58934],[150.87731,-34.57994],[150.86845,-34.57019],[150.87498,-34.56201],[150.86831,-34.55682],[150.87366,-34.54443],[150.86204,-34.53744],[150.83717,-34.54273],[150.83234,-34.55684],[150.81641,-34.55353],[150.80471,-34.56134],[150.79519,-34.55373],[150.80654,-34.55455],[150.81038,-34.54889],[150.80489,-34.54576],[150.80668,-34.5504],[150.80185,-34.55288],[150.79051,-34.54489],[150.77076,-34.5535],[150.75472,-34.55012],[150.74675,-34.55372],[150.72004,-34.54596],[150.68703,-34.54886],[150.6817,-34.54296],[150.68065,-34.55331],[150.65527,-34.54659],[150.63981,-34.56044],[150.64081,-34.57744],[150.66417,-34.58115],[150.66776,-34.59126],[150.68196,-34.60151],[150.75814,-34.61301],[150.76829,-34.59894],[150.79018,-34.60225],[150.78813,-34.61349],[150.79588,-34.6146],[150.79301,-34.62872],[150.79928,-34.62957],[150.80019,-34.64298],[150.81371,-34.64151],[150.81522,-34.63682],[150.83248,-34.63901],[150.83544,-34.6332],[150.8451,-34.63096],[150.84312,-34.63693],[150.84801,-34.63514],[150.8497,-34.62739],[150.83778,-34.61155],[150.84896,-34.61431],[150.86089,-34.62787]]]}},{"type":"Feature","properties":{"id":"shoalhaven","name":"Shoalhaven","level":2,"centroid":[150.4149,-35.1396],"bbox":[149.9801,-35.6407,150.8497,-34.6386]},"geometry":{"type":"Polygon","coordinates":[[[150.30758,-35.6386],[150.40634,-35.53392],[150.38944,-35.48832],[150.41249,-35.43354],[150.49238,-35.36665],[150.47489,-35.35654],[150.4782,-35.29157],[150.54523,-35.24842],[150.54055,-35.21566],[150.59725,-35.19032],[150.5939,-35.14388],[150.70196,-35.12302],[150.67674,-35.02672],[150.76035,-34.9922],[150.78706,-35.03583],[150.77616,-35.083],[150.80617,-35.09434],[150.84021,-35.06123],[150.84972,-35.01288],[150.79639,-35.00197],[150.78576,-34.93042],[150.74953,-34.88511],[150.78134,-34.79217],[150.73449,-34.74915],[150.73466,-34.68906],[150.59986,-34.67074],[150.59069,-34.6471],[150.56737,-34.69687],[150.55905,-34.63862],[150.53869,-34.66505],[150.40098,-34.70324],[150.37145,-34.74373],[150.31475,-34.77415],[150.27651,-34.76923],[150.19796,-34.81853],[150.12742,-34.81754],[150.07298,-34.76761],[150.04024,-34.79501],[150.04061,-34.86019],[150.09181,-34.91131],[150.05553,-34.96527],[150.08578,-34.98897],[150.05261,-35.01815],[150.12941,-35.09707],[150.14179,-35.14462],[150.20393,-35.17069],[150.21567,-35.20097],[150.18615,-35.20006],[150.19793,-35.22946],[150.16869,-35.23924],[150.16437,-35.26977],[150.05106,-35.30905],[150.03846,-35.40572],[150.0073,-35.42904],[149.98012,-35.50955],[150.0108,-35.55176],[150.06918,-35.5789],[150.13317,-35.56271],[150.17311,-35.57535],[150.20306,-35.54336],[150.23752,-35.54926],[150.26038,-35.58318],[150.24978,-35.63139],[150.26994,-35.6169],[150.27774,-35.64067],[150.30758,-35.6386]]]}},{"type":"Feature","properties":{"id":"singleton","name":"Singleton","level":2,"centroid":[150.9181,-32.6055],"bbox":[150.3354,-33.072,151.5007,-32.139]},"geometry":{"type":"Polygon","coordinates":[[[151.40306,-32.66293],[151.43082,-32.61534],[151.47082,-32.61816],[151.50073,-32.50418],[151.45568,-32.4707],[151.46902,-32.42102],[151.34199,-32.26769],[151.34554,-32.18296],[151.3097,-32.13897],[151.28756,-32.17624],[151.19962,-32.23295],[151.15925,-32.21111],[151.16331,-32.25721],[151.10957,-32.28164],[151.08926,-32.32272],[151.09961,-32.33556],[151.02861,-32.34461],[151.01787,-32.40205],[150.98421,-32.39759],[150.98132,-32.41276],[150.89803,-32.39707],[150.88307,-32.47019],[150.8546,-32.45072],[150.8351,-32.48612],[150.80193,-32.46595],[150.77814,-32.47377],[150.80006,-32.50161],[150.77358,-32.49825],[150.74457,-32.64131],[150.68198,-32.63251],[150.66909,-32.70276],[150.61098,-32.71309],[150.5568,-32.7584],[150.49414,-32.75192],[150.4618,-32.79437],[150.3626,-32.8459],[150.36143,-32.86809],[150.33538,-32.88207],[150.37631,-32.95915],[150.37024,-33.01385],[150.39442,-33.03942],[150.41326,-33.02372],[150.46638,-33.0466],[150.53071,-33.03731],[150.55268,-33.05953],[150.60452,-33.06995],[150.63024,-33.05857],[150.72789,-33.07201],[150.7054,-33.04462],[150.6821,-33.04473],[150.6714,-33.02406],[150.68579,-32.99676],[150.74543,-33.02194],[150.76384,-33.00031],[150.80479,-33.00603],[150.8248,-32.94422],[150.81364,-32.91986],[151.00609,-32.95363],[151.06718,-32.89299],[151.06248,-32.86911],[151.08547,-32.8671],[151.09228,-32.83069],[151.21789,-32.7819],[151.21684,-32.74169],[151.268,-32.74707],[151.27649,-32.70421],[151.31711,-32.70982],[151.34042,-32.64881],[151.40306,-32.66293]]]}},{"type":"Feature","properties":{"id":"snowy-monaro","name":"Snowy Monaro","level":2,"centroid":[148.9015,-36.4218],"bbox":[148.2007,-37.2628,149.6023,-35.5808]},"geometry":{"type":"Polygon","coordinates":[[[149.58341,-36.14268],[149.54303,-36.10722],[149.58373,-36.08097],[149.56762,-35.99547],[149.51944,-35.98207],[149.51506,-35.89652],[149.48525,-35.8621],[149.49649,-35.81424],[149.52348,-35.81531],[149.50901,-35.63866],[149.37078,-35.63185],[149.31887,-35.6674],[149.25525,-35.59225],[149.08462,-35.5808],[149.10942,-35.69657],[149.10061,-35.81469],[149.04639,-35.92052],[148.9616,-35.89671],[148.90945,-35.85306],[148.88502,-35.71792],[148.85567,-35.76095],[148.80528,-35.714],[148.78203,-35.73664],[148.71997,-35.66738],[148.58076,-35.62059],[148.56715,-35.68814],[148.47889,-35.79361],[148.43832,-35.89889],[148.55918,-36.00145],[148.56633,-36.09488],[148.51295,-36.08769],[148.45984,-36.11844],[148.42787,-36.17682],[148.43101,-36.2569],[148.37292,-36.28803],[148.36732,-36.33957],[148.26342,-36.45243],[148.25041,-36.54371],[148.3113,-36.59563],[148.24996,-36.62551],[148.25137,-36.70602],[148.20071,-36.79862],[149.35647,-37.26283],[149.40182,-37.11536],[149.39791,-37.02063],[149.41814,-37.00632],[149.37499,-36.95882],[149.37704,-36.87482],[149.51025,-36.83082],[149.48458,-36.81929],[149.48555,-36.78946],[149.43804,-36.77617],[149.45969,-36.71664],[149.43881,-36.70104],[149.46465,-36.65541],[149.41498,-36.65086],[149.37865,-36.59466],[149.38401,-36.56457],[149.45543,-36.52955],[149.48448,-36.4298],[149.54206,-36.39917],[149.5392,-36.36559],[149.60231,-36.33783],[149.53658,-36.22452],[149.56983,-36.20208],[149.58341,-36.14268]]]}},{"type":"Feature","properties":{"id":"snowy-valleys","name":"Snowy Valleys","level":2,"centroid":[148.2465,-35.9423],"bbox":[147.6893,-36.8044,148.8037,-35.0801]},"geometry":{"type":"Polygon","coordinates":[[[147.85603,-35.27925],[147.84555,-35.32997],[147.90848,-35.42142],[147.87302,-35.457],[147.92981,-35.55848],[147.84731,-35.54488],[147.89758,-35.63359],[147.81893,-35.64933],[147.80597,-35.79903],[147.70959,-35.84107],[147.68934,-35.93771],[147.91257,-35.99527],[147.9337,-36.04756],[147.9997,-36.04619],[147.98024,-36.08663],[148.00437,-36.14008],[148.03773,-36.14078],[148.03502,-36.31057],[148.05895,-36.32003],[148.03755,-36.39013],[148.12467,-36.4647],[148.13342,-36.56691],[148.21759,-36.59836],[148.19927,-36.67221],[148.09795,-36.78728],[148.18603,-36.80441],[148.25137,-36.70602],[148.24996,-36.62551],[148.3113,-36.59563],[148.25041,-36.54371],[148.27057,-36.43906],[148.36732,-36.33957],[148.37292,-36.28803],[148.43101,-36.2569],[148.45984,-36.11844],[148.56633,-36.09488],[148.55918,-36.00145],[148.43832,-35.89889],[148.47889,-35.79361],[148.59011,-35.61671],[148.75122,-35.68556],[148.78203,-35.73664],[148.80186,-35.72275],[148.79845,-35.66658],[148.7675,-35.6474],[148.78878,-35.58833],[148.7628,-35.49549],[148.80373,-35.31676],[148.76388,-35.31692],[148.75311,-35.25785],[148.54422,-35.23933],[148.58209,-35.1517],[148.52483,-35.12392],[148.52473,-35.08772],[148.46923,-35.08013],[148.45684,-35.15451],[148.19987,-35.11089],[148.22364,-35.16283],[148.18384,-35.18936],[147.96174,-35.18735],[147.95863,-35.22905],[147.89733,-35.23103],[147.88429,-35.27764],[147.85603,-35.27925]]]}},{"type":"Feature","properties":{"id":"somerset","name":"Somerset","level":2,"centroid":[152.4135,-27.0117],"bbox":[152.0734,-27.5707,152.7536,-26.4528]},"geometry":{"type":"Polygon","coordinates":[[[152.74851,-27.31874],[152.75361,-27.295],[152.70431,-27.29274],[152.68128,-27.26313],[152.73357,-27.1715],[152.73447,-27.10233],[152.67884,-27.09411],[152.70351,-27.02479],[152.6852,-26.96571],[152.65127,-26.95532],[152.68745,-26.91372],[152.66082,-26.90991],[152.68986,-26.89145],[152.66648,-26.83946],[152.67907,-26.79685],[152.55132,-26.70703],[152.58321,-26.64537],[152.5752,-26.58399],[152.45698,-26.58088],[152.43614,-26.53758],[152.44277,-26.46022],[152.316,-26.48086],[152.27809,-26.45275],[152.21361,-26.51309],[152.16675,-26.4745],[152.13587,-26.48005],[152.13082,-26.63877],[152.0734,-26.6684],[152.13312,-26.74126],[152.153,-26.72759],[152.19009,-26.8236],[152.18866,-26.87737],[152.14699,-26.8791],[152.12544,-26.95421],[152.18318,-26.97758],[152.18659,-27.00665],[152.22096,-27.02219],[152.19302,-27.02286],[152.19473,-27.05653],[152.22739,-27.06098],[152.21804,-27.07826],[152.18524,-27.06142],[152.13404,-27.14161],[152.1885,-27.16914],[152.15886,-27.20642],[152.23615,-27.2037],[152.15199,-27.26939],[152.20619,-27.29203],[152.19173,-27.38684],[152.26098,-27.39261],[152.26287,-27.41614],[152.29131,-27.4002],[152.29426,-27.42734],[152.31543,-27.39878],[152.40161,-27.41497],[152.48032,-27.48299],[152.49266,-27.55156],[152.55431,-27.57072],[152.57033,-27.54513],[152.64809,-27.55087],[152.73801,-27.49459],[152.73685,-27.37333],[152.70782,-27.35179],[152.6797,-27.37225],[152.69084,-27.34356],[152.74851,-27.31874]]]}},{"type":"Feature","properties":{"id":"sorell","name":"Sorell","level":2,"centroid":[147.6949,-42.7883],"bbox":[147.4529,-42.9068,147.9369,-42.6698]},"geometry":{"type":"Polygon","coordinates":[[[147.46855,-42.77187],[147.45293,-42.78151],[147.48726,-42.80309],[147.51305,-42.78288],[147.53522,-42.80529],[147.53518,-42.77497],[147.55485,-42.79592],[147.56551,-42.78837],[147.59207,-42.80107],[147.5952,-42.78451],[147.58539,-42.77825],[147.59419,-42.78156],[147.60335,-42.7981],[147.59673,-42.81334],[147.62125,-42.8425],[147.60599,-42.86922],[147.65334,-42.87876],[147.69,-42.86362],[147.69953,-42.87341],[147.68097,-42.86505],[147.6563,-42.88193],[147.64206,-42.87765],[147.64229,-42.89033],[147.65954,-42.88659],[147.68022,-42.90362],[147.6895,-42.89223],[147.722,-42.88654],[147.72833,-42.89884],[147.76693,-42.90683],[147.81479,-42.88852],[147.83244,-42.86573],[147.84276,-42.87634],[147.83512,-42.86093],[147.84404,-42.84576],[147.85555,-42.84912],[147.86456,-42.81464],[147.88406,-42.84556],[147.86954,-42.81874],[147.87913,-42.76985],[147.90001,-42.74384],[147.93689,-42.735],[147.9139,-42.73141],[147.9176,-42.71876],[147.77507,-42.71065],[147.74219,-42.6941],[147.69731,-42.69419],[147.66525,-42.66978],[147.65663,-42.68231],[147.62631,-42.67811],[147.63376,-42.68719],[147.61726,-42.67488],[147.63621,-42.6731],[147.59536,-42.67238],[147.56502,-42.69303],[147.54497,-42.67531],[147.5298,-42.68309],[147.51431,-42.71426],[147.47991,-42.70614],[147.46652,-42.73155],[147.48918,-42.77001],[147.46855,-42.77187]]]}},{"type":"Feature","properties":{"id":"south-burnett","name":"South Burnett","level":2,"centroid":[151.6017,-26.3993],"bbox":[151.0132,-26.9443,152.1901,-25.8542]},"geometry":{"type":"Polygon","coordinates":[[[151.75277,-25.93729],[151.65738,-25.91215],[151.615,-25.85422],[151.51948,-25.85495],[151.50792,-25.90959],[151.48142,-25.90186],[151.50489,-25.92539],[151.47313,-26.00197],[151.34001,-26.01179],[151.29856,-26.07346],[151.10999,-26.04281],[151.11436,-26.09078],[151.07876,-26.09666],[151.14988,-26.10541],[151.15879,-26.15452],[151.11587,-26.14085],[151.01325,-26.19192],[151.01672,-26.25621],[151.13566,-26.26311],[151.07697,-26.4628],[151.20773,-26.47875],[151.21225,-26.51395],[151.39476,-26.63879],[151.42079,-26.74594],[151.51981,-26.76655],[151.57745,-26.88013],[151.71353,-26.94432],[151.8133,-26.93256],[151.93312,-26.80137],[152.0077,-26.76939],[152.06388,-26.77851],[152.07232,-26.82002],[152.03352,-26.85022],[152.07588,-26.86098],[152.05063,-26.91926],[152.13605,-26.90609],[152.18866,-26.87737],[152.19009,-26.8236],[152.153,-26.72759],[152.13312,-26.74126],[152.0734,-26.6684],[152.13082,-26.63877],[152.12572,-26.50655],[152.16766,-26.47541],[152.16772,-26.41785],[152.07273,-26.35918],[152.06884,-26.38312],[152.00408,-26.37548],[152.0805,-26.29487],[151.97606,-26.17364],[151.95221,-26.11678],[151.9846,-26.09886],[151.93527,-26.09223],[151.93904,-26.02047],[151.81156,-26.02067],[151.81448,-25.95613],[151.75277,-25.93729]],[[151.97685,-26.29705],[151.88645,-26.30139],[151.92227,-26.25703],[151.97685,-26.29705]]]}},{"type":"Feature","properties":{"id":"south-gippsland","name":"South Gippsland","level":2,"centroid":[146.0657,-38.6977],"bbox":[145.6057,-39.131,146.5258,-38.2644]},"geometry":{"type":"Polygon","coordinates":[[[145.7295,-38.6451],[145.86953,-38.77614],[145.9212,-38.9096],[146.00629,-38.87791],[146.01146,-38.82414],[146.08533,-38.81628],[146.22057,-38.90348],[146.2695,-38.97295],[146.249,-38.99603],[146.30472,-39.03935],[146.32859,-39.0278],[146.31695,-39.05224],[146.35234,-39.05884],[146.32075,-39.08044],[146.34595,-39.12547],[146.42482,-39.13098],[146.43084,-39.06577],[146.48068,-39.06629],[146.4754,-39.02565],[146.43176,-39.01096],[146.4893,-38.91045],[146.4681,-38.87349],[146.47725,-38.78955],[146.43797,-38.77891],[146.41487,-38.85207],[146.29911,-38.90633],[146.27282,-38.80603],[146.23305,-38.80903],[146.18557,-38.74336],[146.24395,-38.68282],[146.29195,-38.69525],[146.35114,-38.67297],[146.40683,-38.72236],[146.49467,-38.67973],[146.52578,-38.69237],[146.52561,-38.6193],[146.36881,-38.59185],[146.3127,-38.56183],[146.31813,-38.52072],[146.29055,-38.52791],[146.2918,-38.5001],[146.25476,-38.4961],[146.26257,-38.47098],[146.23719,-38.45289],[146.27219,-38.44641],[146.2232,-38.43994],[146.24087,-38.37916],[146.21051,-38.37038],[146.25052,-38.32664],[146.2039,-38.31709],[146.18922,-38.34387],[146.12252,-38.36004],[146.06403,-38.31059],[145.90655,-38.33902],[145.88496,-38.31679],[145.8277,-38.32047],[145.80055,-38.26436],[145.73269,-38.28936],[145.61245,-38.28556],[145.60569,-38.33244],[145.69481,-38.3761],[145.67384,-38.48064],[145.6987,-38.53625],[145.76193,-38.53846],[145.76819,-38.60399],[145.81648,-38.58351],[145.81661,-38.6475],[145.7295,-38.6451]]]}},{"type":"Feature","properties":{"id":"south-perth","name":"South Perth","level":2,"centroid":[115.8722,-31.9988],"bbox":[115.8448,-32.0334,115.8996,-31.9642]},"geometry":{"type":"Polygon","coordinates":[[[115.89683,-32.01139],[115.89638,-32.01105],[115.89404,-32.01322],[115.88669,-32.01239],[115.88839,-32.00642],[115.88668,-31.9991],[115.88687,-31.99366],[115.88883,-31.9913],[115.88366,-31.98688],[115.88739,-31.98374],[115.88995,-31.98585],[115.89294,-31.98323],[115.87872,-31.97099],[115.87213,-31.97092],[115.86768,-31.97389],[115.86306,-31.97456],[115.85897,-31.97347],[115.85221,-31.97044],[115.85041,-31.96784],[115.84992,-31.96616],[115.84838,-31.96462],[115.84677,-31.96421],[115.84519,-31.96507],[115.84483,-31.96682],[115.84567,-31.96766],[115.84534,-31.96806],[115.8468,-31.97075],[115.8477,-31.9754],[115.84756,-31.97949],[115.85289,-31.98815],[115.85455,-31.9933],[115.85484,-31.99574],[115.85436,-31.99905],[115.85274,-32.00432],[115.85431,-32.00696],[115.85398,-32.01114],[115.85582,-32.01181],[115.85678,-32.01385],[115.85686,-32.01629],[115.85593,-32.01929],[115.85982,-32.02609],[115.86029,-32.02877],[115.85923,-32.03017],[115.85733,-32.03023],[115.85726,-32.03117],[115.85924,-32.03173],[115.86054,-32.03339],[115.86168,-32.03336],[115.86304,-32.03171],[115.86237,-32.03018],[115.86268,-32.02862],[115.8646,-32.02676],[115.86573,-32.02645],[115.87089,-32.02804],[115.87357,-32.03111],[115.8749,-32.02546],[115.8765,-32.02207],[115.87805,-32.02095],[115.88376,-32.02027],[115.88585,-32.01919],[115.88666,-32.01948],[115.88939,-32.01751],[115.89201,-32.01786],[115.89611,-32.01749],[115.89759,-32.01842],[115.89963,-32.0167],[115.89904,-32.01329],[115.89683,-32.01139]]]}},{"type":"Feature","properties":{"id":"southern-downs","name":"Southern Downs","level":2,"centroid":[151.9243,-28.5017],"bbox":[151.3609,-29.0636,152.4876,-27.9397]},"geometry":{"type":"Polygon","coordinates":[[[152.48764,-28.25348],[152.41173,-28.11387],[152.41632,-28.06974],[152.38996,-28.05928],[152.38228,-27.96562],[152.27694,-27.96971],[152.10673,-27.93967],[151.97349,-27.97994],[151.92207,-27.97309],[151.91712,-28.01263],[151.80784,-27.99701],[151.77756,-28.02325],[151.72211,-27.99186],[151.54337,-27.97404],[151.53653,-28.01911],[151.50706,-28.01561],[151.49564,-28.08957],[151.44563,-28.10493],[151.44115,-28.15175],[151.54442,-28.28747],[151.6297,-28.27422],[151.70194,-28.31965],[151.70221,-28.39174],[151.63929,-28.45285],[151.64022,-28.52414],[151.59511,-28.55155],[151.5996,-28.5852],[151.5459,-28.62439],[151.47844,-28.74474],[151.39304,-28.83445],[151.36087,-29.04688],[151.44274,-29.06365],[151.4581,-28.99877],[151.50511,-29.00968],[151.5451,-28.95308],[151.63519,-28.92956],[151.72642,-28.86694],[151.7769,-28.95899],[151.80691,-28.94528],[151.83067,-28.96173],[151.84978,-28.90761],[151.91632,-28.92933],[151.99632,-28.89478],[152.0107,-28.90667],[152.03755,-28.86434],[152.01492,-28.85022],[152.03661,-28.81778],[152.0423,-28.73182],[152.07604,-28.70833],[152.06645,-28.68118],[152.0105,-28.66497],[151.98594,-28.58212],[151.95734,-28.56473],[151.95536,-28.51918],[151.98263,-28.50332],[151.9888,-28.5256],[152.01671,-28.52522],[152.06969,-28.46852],[152.16008,-28.43325],[152.21724,-28.4491],[152.30937,-28.36283],[152.38798,-28.36745],[152.41637,-28.33499],[152.41518,-28.29806],[152.44295,-28.29841],[152.48764,-28.25348]]]}},{"type":"Feature","properties":{"id":"southern-grampians","name":"Southern Grampians","level":2,"centroid":[142.0251,-37.5301],"bbox":[141.4315,-37.973,142.6188,-37.0873]},"geometry":{"type":"Polygon","coordinates":[[[142.51636,-37.29321],[142.4231,-37.26008],[142.24102,-37.14991],[142.20626,-37.08728],[142.18754,-37.11278],[142.11449,-37.11204],[142.07938,-37.22363],[141.99977,-37.22432],[141.91278,-37.20235],[141.93559,-37.17079],[141.91106,-37.11345],[141.90888,-37.13483],[141.84054,-37.1525],[141.84019,-37.16815],[141.8109,-37.17732],[141.80077,-37.16666],[141.72458,-37.188],[141.67237,-37.15226],[141.59721,-37.16122],[141.57618,-37.18811],[141.49174,-37.22015],[141.48956,-37.24667],[141.53145,-37.29763],[141.43151,-37.29752],[141.43154,-37.37229],[141.49942,-37.38014],[141.48665,-37.4525],[141.53753,-37.45784],[141.52553,-37.49464],[141.5459,-37.54058],[141.51426,-37.5607],[141.54542,-37.58972],[141.52441,-37.60187],[141.57394,-37.61244],[141.58746,-37.64447],[141.64466,-37.64518],[141.69182,-37.70177],[141.72374,-37.7163],[141.73224,-37.89535],[141.83129,-37.89262],[141.82866,-37.86831],[141.91902,-37.88628],[141.9149,-37.91183],[141.8707,-37.93737],[141.97153,-37.97299],[142.03137,-37.94818],[142.13387,-37.9565],[142.21408,-37.93442],[142.41361,-37.93222],[142.40901,-37.89815],[142.45014,-37.91842],[142.46669,-37.83491],[142.53071,-37.84303],[142.55255,-37.80132],[142.61473,-37.81033],[142.59017,-37.7651],[142.61878,-37.64683],[142.58712,-37.62696],[142.35349,-37.59797],[142.37911,-37.51059],[142.47801,-37.40092],[142.51636,-37.29321]]]}},{"type":"Feature","properties":{"id":"southern-mallee","name":"Southern Mallee","level":2,"centroid":[140.5203,-35.3673],"bbox":[140.0744,-35.748,140.9662,-34.9866]},"geometry":{"type":"Polygon","coordinates":[[[140.96563,-35.00824],[140.94995,-35.00603],[140.92027,-35.00778],[140.89198,-35.00557],[140.87455,-35.00742],[140.85871,-35.00486],[140.8405,-35.00789],[140.82781,-35.00379],[140.82293,-34.99842],[140.81351,-34.99326],[140.81129,-34.99393],[140.80889,-34.98996],[140.80472,-34.98749],[140.79597,-34.98665],[140.78646,-34.99674],[140.77393,-34.98872],[140.76041,-34.99137],[140.74136,-34.98976],[140.7265,-34.99006],[140.72208,-34.98874],[140.70417,-34.98884],[140.68085,-34.99406],[140.67628,-34.99631],[140.65666,-34.99851],[140.64835,-35.00111],[140.64329,-35.00012],[140.63971,-35.00206],[140.63032,-35.00006],[140.6073,-35.00333],[140.60732,-35.01669],[140.5997,-35.01656],[140.59457,-35.01816],[140.57217,-35.01884],[140.56203,-35.01727],[140.54058,-35.01872],[140.53583,-35.0174],[140.51409,-35.01945],[140.42992,-35.01926],[140.43008,-35.10773],[140.25293,-35.10784],[140.25322,-35.29181],[140.07439,-35.29111],[140.07571,-35.29482],[140.0764,-35.32853],[140.07583,-35.49025],[140.12896,-35.49015],[140.12935,-35.53793],[140.13558,-35.53792],[140.11587,-35.54674],[140.13305,-35.55816],[140.10437,-35.58682],[140.10634,-35.64928],[140.25331,-35.64891],[140.25316,-35.74798],[140.74661,-35.74507],[140.75136,-35.74344],[140.79385,-35.74323],[140.80156,-35.74426],[140.81013,-35.74314],[140.96317,-35.7422],[140.96623,-35.38913],[140.96563,-35.00824]]]}},{"type":"Feature","properties":{"id":"southern-midlands","name":"Southern Midlands","level":2,"centroid":[147.4321,-42.4178],"bbox":[147.0117,-42.7187,147.8525,-42.117]},"geometry":{"type":"Polygon","coordinates":[[[147.38562,-42.68441],[147.44607,-42.67667],[147.5235,-42.70004],[147.54497,-42.67531],[147.56502,-42.69303],[147.60304,-42.6733],[147.5868,-42.66685],[147.59323,-42.63686],[147.62486,-42.62179],[147.58592,-42.61374],[147.59486,-42.56426],[147.5754,-42.55683],[147.6168,-42.52306],[147.61924,-42.49806],[147.66777,-42.50347],[147.69595,-42.45506],[147.72964,-42.45021],[147.74871,-42.39212],[147.77861,-42.3798],[147.75841,-42.35869],[147.85249,-42.33388],[147.82962,-42.33489],[147.80988,-42.29876],[147.79133,-42.29636],[147.78916,-42.28171],[147.80925,-42.27149],[147.71206,-42.27313],[147.70914,-42.25212],[147.6732,-42.23984],[147.56813,-42.22998],[147.54666,-42.18094],[147.50385,-42.16763],[147.50967,-42.15447],[147.4489,-42.11698],[147.41549,-42.14009],[147.32809,-42.1256],[147.29878,-42.15616],[147.25944,-42.16526],[147.2779,-42.19239],[147.2708,-42.2194],[147.22056,-42.20567],[147.18946,-42.21524],[147.21442,-42.23429],[147.20292,-42.23648],[147.23522,-42.24477],[147.1828,-42.26274],[147.23903,-42.33175],[147.17525,-42.35372],[147.17492,-42.39011],[147.14819,-42.39307],[147.17911,-42.41669],[147.1669,-42.45173],[147.12552,-42.44916],[147.1121,-42.47865],[147.08274,-42.47518],[147.07024,-42.50579],[147.01591,-42.49832],[147.02198,-42.54118],[147.05253,-42.57365],[147.01174,-42.60714],[147.03971,-42.63445],[147.02343,-42.6582],[147.05116,-42.66633],[147.09662,-42.71871],[147.21744,-42.67692],[147.27262,-42.67785],[147.30331,-42.65536],[147.38562,-42.68441]]]}},{"type":"Feature","properties":{"id":"stirling","name":"Stirling","level":2,"centroid":[115.8221,-31.8903],"bbox":[115.7508,-31.9385,115.8934,-31.8422]},"geometry":{"type":"Polygon","coordinates":[[[115.8783,-31.86785],[115.87881,-31.8638],[115.87858,-31.85879],[115.87737,-31.85397],[115.87775,-31.85073],[115.86966,-31.84875],[115.83762,-31.84835],[115.83451,-31.8474],[115.82794,-31.84298],[115.82556,-31.84222],[115.81416,-31.84502],[115.80568,-31.84582],[115.77822,-31.84574],[115.76894,-31.84494],[115.76237,-31.84582],[115.76218,-31.84728],[115.75944,-31.84612],[115.75102,-31.84619],[115.75168,-31.84833],[115.75081,-31.85048],[115.75166,-31.85365],[115.75224,-31.86713],[115.75207,-31.87284],[115.75093,-31.87605],[115.75414,-31.89048],[115.75525,-31.90209],[115.75506,-31.90817],[115.76616,-31.90807],[115.76607,-31.92178],[115.77909,-31.92174],[115.78408,-31.92272],[115.78574,-31.92509],[115.78842,-31.9264],[115.7889,-31.92745],[115.79651,-31.92735],[115.80182,-31.9326],[115.80404,-31.93281],[115.80579,-31.93109],[115.81013,-31.93129],[115.81414,-31.92965],[115.81727,-31.92497],[115.81757,-31.92283],[115.82598,-31.9223],[115.82425,-31.91923],[115.82306,-31.91428],[115.84593,-31.91408],[115.84733,-31.91376],[115.84709,-31.91283],[115.87705,-31.93847],[115.87867,-31.9377],[115.8811,-31.93453],[115.88516,-31.93297],[115.88855,-31.93061],[115.88515,-31.92765],[115.8901,-31.92348],[115.89109,-31.92353],[115.89101,-31.92199],[115.89339,-31.91945],[115.89099,-31.9174],[115.89132,-31.91696],[115.88421,-31.91203],[115.8806,-31.90844],[115.89111,-31.89812],[115.88713,-31.89475],[115.8923,-31.89036],[115.87947,-31.87947],[115.87943,-31.87177],[115.87762,-31.87177],[115.8783,-31.86785]]]}},{"type":"Feature","properties":{"id":"stonnington","name":"Stonnington","level":2,"centroid":[145.0377,-37.8613],"bbox":[144.9833,-37.893,145.0921,-37.8296]},"geometry":{"type":"Polygon","coordinates":[[[145.02462,-37.83449],[145.02292,-37.83416],[145.02218,-37.83267],[145.02101,-37.83205],[145.01893,-37.83161],[145.01683,-37.83225],[145.01292,-37.83049],[145.01084,-37.83145],[145.01048,-37.83286],[145.00971,-37.83351],[145.00769,-37.83186],[145.0046,-37.83116],[145.00384,-37.83156],[145.00427,-37.83369],[145.0039,-37.83441],[145.0007,-37.83345],[144.99643,-37.83427],[144.99115,-37.83304],[144.98794,-37.82961],[144.98333,-37.85564],[144.9899,-37.85653],[144.99328,-37.85789],[145.01514,-37.86083],[145.02937,-37.86703],[145.03143,-37.86837],[145.03246,-37.86833],[145.03928,-37.87457],[145.04597,-37.87651],[145.05002,-37.88149],[145.05186,-37.88278],[145.06285,-37.88466],[145.07182,-37.88483],[145.08033,-37.88792],[145.08411,-37.89179],[145.08823,-37.89296],[145.09209,-37.8718],[145.09089,-37.87226],[145.08751,-37.87142],[145.08232,-37.87302],[145.08081,-37.87295],[145.07498,-37.87592],[145.07306,-37.87583],[145.06917,-37.87436],[145.06867,-37.87342],[145.06889,-37.8721],[145.06583,-37.86801],[145.06532,-37.8675],[145.06417,-37.86804],[145.06352,-37.86675],[145.06177,-37.86554],[145.06157,-37.86488],[145.06218,-37.86384],[145.06183,-37.86149],[145.06284,-37.85985],[145.05996,-37.85821],[145.05942,-37.85714],[145.05974,-37.8547],[145.05771,-37.85435],[145.05709,-37.85342],[145.05489,-37.85215],[145.05112,-37.85116],[145.04673,-37.8483],[145.04461,-37.84824],[145.04227,-37.84729],[145.04027,-37.84563],[145.04009,-37.84034],[145.03893,-37.83894],[145.03293,-37.83736],[145.02807,-37.83767],[145.02462,-37.83449]]]}},{"type":"Feature","properties":{"id":"strathbogie","name":"Strathbogie","level":2,"centroid":[145.3299,-36.7239],"bbox":[144.7873,-37.0232,145.8724,-36.4246]},"geometry":{"type":"Polygon","coordinates":[[[145.77544,-36.44374],[145.72443,-36.4246],[145.73188,-36.49902],[145.63157,-36.49903],[145.63173,-36.56329],[145.35359,-36.55609],[145.31892,-36.61239],[145.3047,-36.61347],[145.30252,-36.64193],[145.2287,-36.64197],[145.20504,-36.65478],[145.22172,-36.68722],[145.18569,-36.68632],[145.17845,-36.70055],[145.16854,-36.67528],[145.08736,-36.67545],[145.04347,-36.65066],[145.04261,-36.68203],[145.0205,-36.68195],[145.01707,-36.66879],[144.98673,-36.69971],[144.93216,-36.69966],[144.93194,-36.74791],[144.79469,-36.75071],[144.78732,-36.80532],[144.80362,-36.83984],[144.85692,-36.88124],[144.94403,-36.85714],[144.93325,-36.83547],[144.97888,-36.83531],[145.08702,-36.86898],[145.12131,-36.89397],[145.1269,-36.94154],[145.20983,-36.94434],[145.23479,-36.90993],[145.26425,-36.94666],[145.29231,-36.95212],[145.28617,-36.99414],[145.30929,-37.01717],[145.33949,-36.98371],[145.36227,-36.9927],[145.37294,-36.97527],[145.44623,-37.01652],[145.48921,-37.02322],[145.49937,-36.99204],[145.52888,-36.99382],[145.53185,-36.95904],[145.58226,-36.9617],[145.60822,-36.94082],[145.65332,-36.94552],[145.70455,-36.92437],[145.79054,-36.93242],[145.86072,-36.91034],[145.87242,-36.79991],[145.82997,-36.78633],[145.81233,-36.73548],[145.84516,-36.65128],[145.85537,-36.56828],[145.81944,-36.56341],[145.82332,-36.45403],[145.79919,-36.45889],[145.77544,-36.44374]]]}},{"type":"Feature","properties":{"id":"strathfield","name":"Strathfield","level":2,"centroid":[151.0746,-33.8798],"bbox":[151.0547,-33.9096,151.0945,-33.85]},"geometry":{"type":"Polygon","coordinates":[[[151.09451,-33.87187],[151.09243,-33.87007],[151.09184,-33.86936],[151.09041,-33.86544],[151.08813,-33.86514],[151.08737,-33.8634],[151.08645,-33.86261],[151.08625,-33.86206],[151.08547,-33.86116],[151.08484,-33.86009],[151.08415,-33.85839],[151.08143,-33.84998],[151.08016,-33.85177],[151.07838,-33.85331],[151.07636,-33.85439],[151.07114,-33.8564],[151.06916,-33.8583],[151.064,-33.85615],[151.06192,-33.85843],[151.06056,-33.86063],[151.06045,-33.86117],[151.0606,-33.86209],[151.06125,-33.86296],[151.06215,-33.86342],[151.06387,-33.86378],[151.06111,-33.86377],[151.05673,-33.86455],[151.06118,-33.86644],[151.06268,-33.86858],[151.06496,-33.87138],[151.06637,-33.8737],[151.06526,-33.87392],[151.06408,-33.88014],[151.06207,-33.87992],[151.06148,-33.88297],[151.0587,-33.88364],[151.05859,-33.88427],[151.05579,-33.88533],[151.05473,-33.8866],[151.05497,-33.88658],[151.05507,-33.88863],[151.05619,-33.88871],[151.05726,-33.88907],[151.05887,-33.89041],[151.06175,-33.88801],[151.06355,-33.88697],[151.0656,-33.88626],[151.06817,-33.88583],[151.06804,-33.88655],[151.06744,-33.8877],[151.06614,-33.89544],[151.06406,-33.90493],[151.06858,-33.90563],[151.06829,-33.90684],[151.06391,-33.90615],[151.06431,-33.90779],[151.07549,-33.90956],[151.07651,-33.90781],[151.07893,-33.90615],[151.08347,-33.90215],[151.08641,-33.90049],[151.08804,-33.89995],[151.0896,-33.89974],[151.08952,-33.89855],[151.09154,-33.88804],[151.09136,-33.88725],[151.09451,-33.87187]]]}},{"type":"Feature","properties":{"id":"streaky-bay","name":"Streaky Bay","level":2,"centroid":[134.5984,-32.7381],"bbox":[134.0602,-33.2451,135.1366,-32.2311]},"geometry":{"type":"Polygon","coordinates":[[[134.12,-32.4539],[134.18392,-32.48257],[134.25633,-32.5577],[134.2942,-32.66609],[134.28729,-32.70026],[134.21289,-32.79506],[134.19301,-32.79063],[134.20014,-32.74668],[134.15282,-32.72396],[134.20494,-32.72519],[134.06416,-32.71543],[134.11989,-32.78494],[134.13851,-32.8397],[134.06024,-32.90728],[134.08091,-32.9265],[134.11919,-32.91458],[134.14119,-32.94425],[134.15734,-32.92441],[134.18909,-32.94236],[134.20151,-33.0057],[134.13921,-33.01988],[134.16809,-33.05581],[134.19205,-33.03515],[134.23104,-33.04397],[134.26176,-33.09819],[134.26023,-33.15262],[134.32838,-33.19946],[134.35134,-33.19029],[134.35848,-33.14828],[134.3126,-33.112],[134.28442,-33.11328],[134.26325,-33.08397],[134.27709,-33.02447],[134.29969,-33.0492],[134.29257,-33.07591],[134.35848,-33.12533],[134.36884,-33.17586],[134.45089,-33.14464],[134.59577,-33.2034],[134.63057,-33.24512],[134.66359,-33.22111],[134.63136,-33.21396],[134.62351,-33.19718],[134.64745,-33.19538],[134.63759,-33.18087],[134.62446,-33.19536],[134.57637,-33.1893],[134.55827,-33.16143],[134.5888,-33.14012],[134.82086,-33.13834],[134.8205,-32.76728],[134.97497,-32.76747],[134.97505,-32.6472],[135.13652,-32.64702],[135.13661,-32.57314],[135.10572,-32.57227],[135.09057,-32.51419],[134.85663,-32.51441],[134.84454,-32.23113],[134.51296,-32.2321],[134.51304,-32.37729],[134.12001,-32.37742],[134.12,-32.4539]]]}},{"type":"Feature","properties":{"id":"subiaco","name":"Subiaco","level":2,"centroid":[115.8218,-31.9533],"bbox":[115.802,-31.9646,115.8416,-31.942]},"geometry":{"type":"Polygon","coordinates":[[[115.80414,-31.94759],[115.80415,-31.95127],[115.80422,-31.9516],[115.80434,-31.95192],[115.80484,-31.95262],[115.80492,-31.95285],[115.80497,-31.95339],[115.80496,-31.95524],[115.80512,-31.95525],[115.80509,-31.95604],[115.80549,-31.95638],[115.80566,-31.95644],[115.8069,-31.95645],[115.80737,-31.95626],[115.80755,-31.95626],[115.80692,-31.95722],[115.80595,-31.959],[115.8051,-31.96036],[115.80402,-31.96177],[115.80312,-31.96285],[115.80201,-31.96399],[115.80253,-31.96433],[115.8027,-31.96438],[115.80299,-31.9644],[115.8084,-31.96438],[115.81493,-31.96443],[115.81493,-31.96447],[115.81624,-31.96453],[115.81821,-31.9645],[115.81816,-31.96457],[115.81832,-31.9646],[115.81845,-31.96426],[115.81881,-31.96361],[115.81927,-31.96302],[115.8197,-31.96259],[115.83255,-31.95153],[115.83408,-31.95006],[115.83874,-31.94612],[115.83859,-31.94607],[115.84164,-31.94348],[115.84041,-31.94314],[115.83869,-31.9428],[115.83679,-31.94259],[115.836,-31.94256],[115.8334,-31.94267],[115.8318,-31.94279],[115.8309,-31.94289],[115.82983,-31.94305],[115.82858,-31.94331],[115.82717,-31.94371],[115.82708,-31.94348],[115.82669,-31.94338],[115.82592,-31.94294],[115.82444,-31.94218],[115.82418,-31.94211],[115.81702,-31.94204],[115.81699,-31.9421],[115.81693,-31.94213],[115.81684,-31.9421],[115.81681,-31.94204],[115.81219,-31.942],[115.81218,-31.94388],[115.80786,-31.94387],[115.80784,-31.94757],[115.80414,-31.94759]]]}},{"type":"Feature","properties":{"id":"sunshine-coast","name":"Sunshine Coast","level":2,"centroid":[152.8514,-26.7084],"bbox":[152.5513,-26.9847,153.1514,-26.4322]},"geometry":{"type":"MultiPolygon","coordinates":[[[[152.5752,-26.58399],[152.58779,-26.61398],[152.58321,-26.64537],[152.5522,-26.68085],[152.55132,-26.70703],[152.57937,-26.71619],[152.60246,-26.75787],[152.66148,-26.76915],[152.67922,-26.79986],[152.72908,-26.81662],[152.73363,-26.80729],[152.74949,-26.81628],[152.7611,-26.79235],[152.7795,-26.79712],[152.79192,-26.82726],[152.81253,-26.82805],[152.83207,-26.85641],[152.85404,-26.85585],[152.86948,-26.87286],[152.85425,-26.89459],[152.85947,-26.91129],[152.87545,-26.91351],[152.85802,-26.9562],[152.91727,-26.95469],[152.97502,-26.97437],[152.97559,-26.98467],[153.01686,-26.97905],[153.01846,-26.96634],[153.06502,-26.97627],[153.04314,-26.94621],[153.062,-26.92829],[153.06109,-26.8929],[153.07091,-26.90904],[153.10888,-26.88681],[153.12457,-26.80663],[153.1514,-26.80164],[153.137,-26.77341],[153.1394,-26.67918],[153.10902,-26.6707],[153.09869,-26.64258],[153.09557,-26.49856],[153.06936,-26.48026],[153.08017,-26.45802],[153.05437,-26.45195],[153.06091,-26.43242],[153.02443,-26.44539],[152.99553,-26.43217],[152.92185,-26.44304],[152.82697,-26.49939],[152.81334,-26.49731],[152.8043,-26.4715],[152.76547,-26.4636],[152.75647,-26.47372],[152.76556,-26.48249],[152.74332,-26.50719],[152.76209,-26.51064],[152.76758,-26.53688],[152.75379,-26.54984],[152.72845,-26.53696],[152.71226,-26.54622],[152.68049,-26.5977],[152.60271,-26.57793],[152.5752,-26.58399]]],[[[153.14711,-26.93729],[153.13098,-26.80956],[153.12995,-26.8739],[153.07994,-26.90438],[153.07521,-26.92026],[153.08704,-26.95186],[153.14711,-26.93729]]]]}},{"type":"Feature","properties":{"id":"surf-coast","name":"Surf Coast","level":2,"centroid":[144.1153,-38.34],"bbox":[143.8245,-38.5794,144.4061,-38.1005]},"geometry":{"type":"Polygon","coordinates":[[[143.94611,-38.5794],[143.97435,-38.56522],[143.97546,-38.55564],[143.98684,-38.54844],[143.97714,-38.54254],[143.97973,-38.53226],[144.03517,-38.47665],[144.10476,-38.46924],[144.13382,-38.43452],[144.18402,-38.42869],[144.18059,-38.4189],[144.20003,-38.40666],[144.25402,-38.39546],[144.25664,-38.38273],[144.27952,-38.37233],[144.30349,-38.34824],[144.32745,-38.34016],[144.33229,-38.32324],[144.37112,-38.31085],[144.37793,-38.30573],[144.37466,-38.29981],[144.39649,-38.29177],[144.40607,-38.25725],[144.24133,-38.23776],[144.26033,-38.13781],[144.24096,-38.14148],[144.24064,-38.13487],[144.22418,-38.14568],[144.21573,-38.13641],[144.1873,-38.1459],[144.1926,-38.14097],[144.18807,-38.13535],[144.17256,-38.13482],[144.14035,-38.11038],[144.14033,-38.12217],[144.1194,-38.11128],[144.11701,-38.12196],[144.10537,-38.12473],[144.09866,-38.11614],[144.10603,-38.10051],[144.05187,-38.11764],[144.03415,-38.11371],[144.02716,-38.12315],[143.99732,-38.11598],[143.97937,-38.13027],[143.9493,-38.11499],[143.92077,-38.11457],[143.90848,-38.10449],[143.90069,-38.13853],[143.85746,-38.1334],[143.83385,-38.29097],[143.87879,-38.27619],[143.83494,-38.51056],[143.84709,-38.51183],[143.84502,-38.52281],[143.85529,-38.52395],[143.85192,-38.54469],[143.83787,-38.5588],[143.82626,-38.55733],[143.82454,-38.56657],[143.94611,-38.5794]]]}},{"type":"Feature","properties":{"id":"sutherland","name":"Sutherland","level":2,"centroid":[151.0764,-34.0693],"bbox":[150.9226,-34.1668,151.2302,-33.9719]},"geometry":{"type":"Polygon","coordinates":[[[150.92259,-34.13],[150.97988,-34.1384],[151.02214,-34.1557],[151.01593,-34.16643],[151.0811,-34.16679],[151.12807,-34.13775],[151.17185,-34.08222],[151.1686,-34.07481],[151.13877,-34.08241],[151.13316,-34.07352],[151.1242,-34.0922],[151.13213,-34.07595],[151.07859,-34.0893],[151.10556,-34.0795],[151.10199,-34.06535],[151.09579,-34.05799],[151.08845,-34.06956],[151.06304,-34.06464],[151.05747,-34.0736],[151.06113,-34.06434],[151.08884,-34.06553],[151.07703,-34.05391],[151.09219,-34.05765],[151.09698,-34.04704],[151.10178,-34.05899],[151.10524,-34.04208],[151.11164,-34.07244],[151.12966,-34.06929],[151.13394,-34.05554],[151.14035,-34.07378],[151.14891,-34.05457],[151.15359,-34.07309],[151.16742,-34.03966],[151.22122,-34.0389],[151.23016,-34.00782],[151.18693,-34.00742],[151.20635,-34.01458],[151.17923,-34.02611],[151.15956,-34.02325],[151.15832,-34.0145],[151.17863,-34.01283],[151.16212,-34.00002],[151.1574,-34.01321],[151.14179,-34.01443],[151.16125,-34.0285],[151.14501,-34.0386],[151.12696,-34.00989],[151.1104,-34.02374],[151.11577,-34.00711],[151.09485,-33.99776],[151.09048,-34.01187],[151.07772,-34.01257],[151.09176,-34.00142],[151.06888,-33.99598],[151.04684,-34.00702],[151.04295,-34.02917],[151.043,-34.00766],[151.06561,-33.99121],[151.0352,-33.99337],[151.03456,-33.97747],[150.99918,-33.98289],[150.99328,-33.97185],[150.98063,-34.01711],[150.9517,-34.02347],[150.93566,-34.05],[150.93727,-34.07505],[150.92334,-34.08979],[150.9366,-34.09512],[150.92259,-34.13]]]}},{"type":"Feature","properties":{"id":"swan","name":"Swan","level":2,"centroid":[116.0859,-31.7704],"bbox":[115.8739,-31.9436,116.298,-31.5972]},"geometry":{"type":"Polygon","coordinates":[[[115.95953,-31.89434],[115.97403,-31.89371],[115.95865,-31.89532],[115.96533,-31.90434],[115.95409,-31.91983],[115.96062,-31.9207],[115.95809,-31.92403],[115.98106,-31.94358],[115.99541,-31.92824],[115.99335,-31.92246],[116.04039,-31.94007],[116.04224,-31.92986],[116.03594,-31.92972],[116.0148,-31.91073],[116.01601,-31.90449],[116.02324,-31.90075],[116.04697,-31.90991],[116.04788,-31.90543],[116.03814,-31.89827],[116.02322,-31.89346],[116.02325,-31.88581],[116.05233,-31.88175],[116.05235,-31.87371],[116.05875,-31.8737],[116.05875,-31.86761],[116.07676,-31.86319],[116.07679,-31.83841],[116.19637,-31.83839],[116.19674,-31.82202],[116.21161,-31.82204],[116.2115,-31.82722],[116.26286,-31.82703],[116.2629,-31.81974],[116.2819,-31.81969],[116.28163,-31.75508],[116.27999,-31.76154],[116.26298,-31.76145],[116.26306,-31.75333],[116.27473,-31.73847],[116.27717,-31.72801],[116.27256,-31.72749],[116.27263,-31.72125],[116.27899,-31.72139],[116.29802,-31.70654],[116.28767,-31.70645],[116.28805,-31.67109],[116.23831,-31.67071],[116.23833,-31.6],[116.03556,-31.59718],[116.02385,-31.5986],[116.02376,-31.60225],[115.98494,-31.6028],[115.99316,-31.62418],[115.98519,-31.62763],[115.88348,-31.62751],[115.88284,-31.79563],[115.87388,-31.79563],[115.8783,-31.86785],[115.91387,-31.86543],[115.9174,-31.87186],[115.9334,-31.87177],[115.93344,-31.88748],[115.96433,-31.88768],[115.95953,-31.89434]]]}},{"type":"Feature","properties":{"id":"swan-hill","name":"Swan Hill","level":2,"centroid":[143.168,-35.1005],"bbox":[142.5171,-35.6547,143.8191,-34.5464]},"geometry":{"type":"Polygon","coordinates":[[[142.51705,-34.75481],[142.51862,-34.8639],[142.69737,-34.88692],[142.69715,-35.11453],[142.74297,-35.11502],[142.73452,-35.19807],[142.79378,-35.24753],[143.0033,-35.24936],[142.99729,-35.49096],[143.13134,-35.49093],[143.1371,-35.54526],[143.19814,-35.55154],[143.20027,-35.65456],[143.28814,-35.6547],[143.28817,-35.57493],[143.64149,-35.57266],[143.63874,-35.52949],[143.73441,-35.52523],[143.70896,-35.49421],[143.81162,-35.49212],[143.79081,-35.46663],[143.81905,-35.4385],[143.76286,-35.42305],[143.76439,-35.39257],[143.68423,-35.36817],[143.64042,-35.40106],[143.56511,-35.34221],[143.59087,-35.28165],[143.57083,-35.20689],[143.47149,-35.21928],[143.44949,-35.1891],[143.3878,-35.18536],[143.39065,-35.14509],[143.32209,-35.03671],[143.34788,-34.79162],[143.27674,-34.79225],[143.25214,-34.77279],[143.27402,-34.75267],[143.2244,-34.75871],[143.21885,-34.72946],[143.10707,-34.70154],[143.11235,-34.68089],[143.03947,-34.7026],[142.98932,-34.66257],[142.97271,-34.69519],[142.92385,-34.64784],[142.88682,-34.67979],[142.86056,-34.66515],[142.86835,-34.62744],[142.7869,-34.58934],[142.81011,-34.56084],[142.79143,-34.54638],[142.78376,-34.57906],[142.7483,-34.57675],[142.75918,-34.60012],[142.69999,-34.59937],[142.71076,-34.67576],[142.67891,-34.68083],[142.69941,-34.72446],[142.61832,-34.72874],[142.6387,-34.78074],[142.51705,-34.75481]]]}},{"type":"Feature","properties":{"id":"sydney","name":"Sydney","level":2,"centroid":[151.2043,-33.8889],"bbox":[151.1748,-33.9243,151.2337,-33.8535]},"geometry":{"type":"Polygon","coordinates":[[[151.21427,-33.92432],[151.21123,-33.92043],[151.2143,-33.90383],[151.22328,-33.90463],[151.22256,-33.90129],[151.22696,-33.89869],[151.22699,-33.89683],[151.22942,-33.89642],[151.23372,-33.88962],[151.21921,-33.88161],[151.22784,-33.87904],[151.22975,-33.87656],[151.23181,-33.87126],[151.2275,-33.86849],[151.22889,-33.86108],[151.23086,-33.85917],[151.22835,-33.85784],[151.22758,-33.86314],[151.22549,-33.86198],[151.22061,-33.86908],[151.22246,-33.86592],[151.21988,-33.8687],[151.21989,-33.866],[151.22297,-33.86235],[151.22273,-33.85921],[151.21788,-33.86316],[151.21462,-33.8561],[151.21252,-33.86094],[151.20971,-33.86099],[151.21039,-33.85689],[151.20917,-33.85608],[151.21063,-33.85546],[151.20805,-33.8535],[151.2072,-33.85506],[151.20622,-33.85382],[151.20635,-33.85576],[151.20517,-33.85426],[151.20544,-33.85642],[151.20391,-33.85489],[151.20465,-33.85662],[151.20379,-33.85513],[151.20349,-33.85653],[151.20018,-33.85537],[151.20117,-33.86982],[151.20239,-33.87036],[151.20154,-33.87316],[151.19947,-33.87221],[151.19899,-33.86557],[151.19612,-33.86748],[151.19767,-33.86352],[151.19444,-33.86539],[151.19614,-33.86258],[151.1936,-33.86435],[151.19409,-33.86236],[151.18599,-33.86837],[151.19233,-33.87386],[151.18934,-33.87583],[151.18477,-33.87087],[151.17482,-33.87272],[151.17685,-33.87827],[151.17527,-33.883],[151.18116,-33.89573],[151.1778,-33.89908],[151.18159,-33.90699],[151.18127,-33.9159],[151.1767,-33.91783],[151.17963,-33.9203],[151.18084,-33.91915],[151.21427,-33.92432]]]}},{"type":"Feature","properties":{"id":"tablelands","name":"Tablelands","level":2,"centroid":[145.2941,-17.8335],"bbox":[144.7482,-18.5777,145.8399,-17.0893]},"geometry":{"type":"Polygon","coordinates":[[[145.62237,-17.08962],[145.57982,-17.09341],[145.5132,-17.1698],[145.44304,-17.14956],[145.43546,-17.10378],[145.39531,-17.08931],[145.4203,-17.33178],[145.25863,-17.41295],[145.22429,-17.52859],[145.18409,-17.51476],[145.05961,-17.5654],[144.97344,-17.64411],[144.96609,-17.74442],[144.86802,-17.90094],[144.86366,-18.11289],[144.81375,-18.14609],[144.80367,-18.10962],[144.76231,-18.12952],[144.74822,-18.24597],[144.76007,-18.35629],[144.85523,-18.36959],[144.83671,-18.49318],[144.87826,-18.51799],[144.9241,-18.52286],[144.96888,-18.46913],[144.9811,-18.50712],[145.04767,-18.51353],[145.05363,-18.54906],[145.13417,-18.57769],[145.18247,-18.51134],[145.18347,-18.43168],[145.13286,-18.37973],[145.16661,-18.34676],[145.26789,-18.35503],[145.26,-18.42732],[145.38396,-18.57034],[145.49417,-18.57701],[145.49971,-18.46239],[145.71476,-18.48866],[145.75497,-18.43846],[145.76917,-18.40941],[145.71814,-18.35694],[145.80963,-18.30459],[145.80726,-18.2456],[145.75152,-18.15656],[145.68422,-18.16725],[145.70508,-18.10126],[145.64548,-18.0861],[145.65347,-18.02943],[145.6222,-18.02116],[145.68437,-17.89801],[145.65546,-17.81584],[145.57256,-17.7829],[145.57704,-17.74077],[145.65151,-17.72687],[145.64073,-17.65677],[145.69546,-17.66102],[145.70736,-17.55682],[145.74053,-17.54645],[145.71608,-17.49696],[145.83388,-17.50863],[145.83992,-17.45416],[145.78128,-17.35437],[145.80052,-17.29652],[145.77384,-17.23881],[145.72061,-17.23177],[145.62237,-17.08962]]]}},{"type":"Feature","properties":{"id":"tammin","name":"Tammin","level":2,"centroid":[117.4831,-31.6051],"bbox":[117.3394,-31.841,117.6267,-31.3692]},"geometry":{"type":"Polygon","coordinates":[[[117.3887,-31.80512],[117.42804,-31.80791],[117.42804,-31.8207],[117.44536,-31.8207],[117.44541,-31.82564],[117.47176,-31.81967],[117.4719,-31.82859],[117.48461,-31.82861],[117.48456,-31.83878],[117.49664,-31.84052],[117.53896,-31.841],[117.55002,-31.83768],[117.54997,-31.82959],[117.56994,-31.8295],[117.57014,-31.81303],[117.59538,-31.81586],[117.60731,-31.76273],[117.60234,-31.76016],[117.59913,-31.72877],[117.60419,-31.72512],[117.60413,-31.69463],[117.61787,-31.68394],[117.61786,-31.6727],[117.62672,-31.6727],[117.6216,-31.66739],[117.62103,-31.61035],[117.61588,-31.606],[117.6136,-31.52318],[117.61888,-31.52318],[117.61993,-31.5038],[117.61161,-31.5038],[117.61148,-31.47234],[117.61637,-31.47234],[117.61633,-31.44638],[117.60997,-31.44439],[117.60995,-31.42629],[117.60444,-31.42629],[117.60439,-31.39069],[117.62197,-31.39067],[117.62196,-31.36917],[117.46755,-31.37285],[117.46754,-31.40776],[117.43567,-31.40784],[117.43567,-31.43911],[117.3768,-31.43374],[117.37678,-31.44452],[117.3563,-31.45182],[117.35628,-31.45921],[117.38386,-31.45932],[117.38388,-31.47764],[117.37308,-31.47765],[117.37933,-31.58574],[117.37579,-31.59567],[117.35946,-31.59575],[117.35945,-31.60109],[117.33942,-31.59734],[117.33944,-31.6182],[117.35569,-31.61819],[117.3558,-31.64167],[117.36201,-31.6414],[117.35139,-31.66407],[117.35734,-31.71705],[117.36445,-31.71705],[117.36445,-31.73222],[117.35557,-31.73603],[117.37336,-31.73603],[117.3762,-31.75345],[117.35969,-31.76223],[117.38449,-31.79005],[117.3887,-31.80512]]]}},{"type":"Feature","properties":{"id":"tamworth","name":"Tamworth","level":2,"centroid":[150.8153,-30.922],"bbox":[150.1455,-31.6618,151.4851,-30.1822]},"geometry":{"type":"Polygon","coordinates":[[[150.59238,-31.08223],[150.78069,-31.23636],[150.77343,-31.33413],[150.99849,-31.60337],[151.0676,-31.59483],[151.23525,-31.66184],[151.32663,-31.56114],[151.39244,-31.55372],[151.45761,-31.60979],[151.48507,-31.55017],[151.41773,-31.50518],[151.40732,-31.39725],[151.46594,-31.37751],[151.4151,-31.26619],[151.39054,-31.30077],[151.35816,-31.28881],[151.38284,-31.2072],[151.31907,-31.17575],[151.3394,-31.12057],[151.30352,-31.10264],[151.36075,-31.04814],[151.30912,-30.98982],[151.34324,-30.94662],[151.28748,-30.91044],[151.36402,-30.8768],[151.38551,-30.75236],[151.37019,-30.71692],[151.24845,-30.72681],[151.14859,-30.60034],[151.06705,-30.56266],[151.01221,-30.45866],[151.02622,-30.41134],[150.94525,-30.41889],[150.97585,-30.26661],[150.92504,-30.18222],[150.83316,-30.19688],[150.72293,-30.29429],[150.65681,-30.27493],[150.5395,-30.32259],[150.46369,-30.25197],[150.38383,-30.32309],[150.30793,-30.25776],[150.20708,-30.25605],[150.17965,-30.20561],[150.14546,-30.20889],[150.19366,-30.29323],[150.19221,-30.36618],[150.28324,-30.43083],[150.32863,-30.40244],[150.3625,-30.43245],[150.37828,-30.60269],[150.43787,-30.59741],[150.50323,-30.64044],[150.45262,-30.75722],[150.55927,-30.8108],[150.54662,-30.85874],[150.52281,-30.84718],[150.53022,-30.903],[150.49178,-30.92137],[150.59773,-31.03833],[150.59238,-31.08223]]]}},{"type":"Feature","properties":{"id":"tasman","name":"Tasman","level":2,"centroid":[147.8129,-43.0424],"bbox":[147.6185,-43.2423,148.0073,-42.8425]},"geometry":{"type":"Polygon","coordinates":[[[147.81531,-42.89946],[147.81341,-42.93653],[147.86588,-42.94705],[147.81132,-42.96224],[147.85678,-42.9825],[147.8379,-42.99155],[147.84686,-43.01304],[147.92499,-43.01764],[147.87245,-43.02335],[147.85997,-43.05743],[147.84544,-43.03067],[147.83947,-43.06088],[147.77383,-43.05493],[147.76685,-43.03272],[147.74938,-43.04337],[147.74068,-43.01428],[147.71846,-43.02796],[147.70759,-43.00676],[147.73612,-42.96981],[147.72601,-42.94951],[147.70536,-42.95661],[147.67562,-42.93474],[147.68075,-42.99001],[147.61846,-43.00829],[147.62688,-43.07329],[147.68419,-43.10243],[147.74083,-43.09603],[147.74752,-43.11211],[147.71638,-43.1052],[147.73115,-43.1249],[147.68514,-43.13872],[147.71158,-43.19427],[147.7764,-43.21314],[147.78563,-43.23797],[147.79973,-43.24233],[147.79743,-43.21744],[147.84448,-43.18752],[147.87462,-43.20635],[147.853,-43.17956],[147.87033,-43.15183],[147.84556,-43.15433],[147.8661,-43.13727],[147.85039,-43.12409],[147.86334,-43.10784],[147.8673,-43.12927],[147.89469,-43.1382],[147.89663,-43.19098],[148.00733,-43.22521],[147.96356,-43.19125],[148.00579,-43.13892],[147.95436,-43.13659],[147.98109,-43.10736],[147.94507,-43.05922],[147.95022,-43.03475],[147.92643,-43.02121],[147.99951,-42.96419],[147.98344,-42.94125],[147.99887,-42.91455],[147.95781,-42.88192],[147.97089,-42.86421],[147.93986,-42.87716],[147.92012,-42.843],[147.89171,-42.84251],[147.86113,-42.87498],[147.90396,-42.88235],[147.90781,-42.90874],[147.87491,-42.88848],[147.81531,-42.89946]]]}},{"type":"Feature","properties":{"id":"tatiara","name":"Tatiara","level":2,"centroid":[140.5075,-36.2223],"bbox":[140.0461,-36.7024,140.9689,-35.7422]},"geometry":{"type":"Polygon","coordinates":[[[140.96317,-35.7422],[140.81013,-35.74314],[140.80286,-35.74326],[140.8022,-35.74354],[140.80156,-35.74426],[140.80046,-35.74378],[140.79385,-35.74323],[140.75434,-35.74341],[140.74949,-35.74351],[140.74758,-35.74434],[140.74661,-35.74507],[140.52033,-35.74666],[140.5204,-35.81153],[140.45487,-35.81197],[140.45476,-36.03354],[140.04679,-36.03268],[140.04656,-36.2326],[140.04687,-36.25392],[140.04674,-36.29686],[140.04648,-36.30744],[140.04668,-36.31111],[140.04632,-36.44073],[140.04758,-36.44208],[140.04761,-36.44269],[140.04718,-36.44398],[140.04733,-36.44447],[140.04853,-36.44546],[140.0484,-36.44601],[140.04732,-36.44765],[140.04769,-36.44891],[140.04606,-36.45156],[140.04612,-36.45318],[140.04664,-36.45387],[140.04663,-36.45467],[140.04605,-36.45554],[140.0462,-36.45897],[140.04654,-36.46013],[140.0461,-36.46117],[140.04629,-36.46657],[140.43182,-36.46644],[140.43143,-36.70242],[140.45691,-36.6982],[140.48403,-36.6947],[140.48407,-36.69492],[140.48694,-36.69458],[140.48604,-36.6924],[140.51661,-36.69449],[140.5357,-36.69063],[140.5469,-36.69061],[140.54867,-36.69263],[140.61192,-36.69249],[140.61218,-36.69235],[140.61178,-36.68735],[140.61211,-36.66896],[140.8666,-36.66914],[140.96891,-36.66896],[140.96854,-36.55132],[140.9682,-36.55132],[140.9676,-36.37483],[140.96736,-36.37394],[140.96729,-36.3679],[140.96647,-36.25711],[140.96389,-35.99605],[140.96317,-35.7422]]]}},{"type":"Feature","properties":{"id":"tea-tree-gully","name":"Tea Tree Gully","level":2,"centroid":[138.7199,-34.8015],"bbox":[138.6597,-34.8687,138.7802,-34.7342]},"geometry":{"type":"Polygon","coordinates":[[[138.7802,-34.76701],[138.76997,-34.75787],[138.76848,-34.75346],[138.7708,-34.74135],[138.77568,-34.73482],[138.7714,-34.73424],[138.76598,-34.74346],[138.75565,-34.74485],[138.75618,-34.74869],[138.75181,-34.74907],[138.75009,-34.74348],[138.73909,-34.74222],[138.73685,-34.73583],[138.73211,-34.73604],[138.72231,-34.74625],[138.72279,-34.75074],[138.72002,-34.75545],[138.71308,-34.75592],[138.7094,-34.75338],[138.70763,-34.75564],[138.70487,-34.75263],[138.70079,-34.75624],[138.69929,-34.75478],[138.69332,-34.76337],[138.6939,-34.76592],[138.69181,-34.76558],[138.68737,-34.7719],[138.68997,-34.77547],[138.69082,-34.78583],[138.68449,-34.78605],[138.6849,-34.79148],[138.67185,-34.79213],[138.67308,-34.80781],[138.66632,-34.80819],[138.66947,-34.845],[138.65969,-34.84554],[138.66763,-34.85736],[138.6684,-34.86787],[138.67326,-34.86525],[138.67743,-34.86846],[138.69022,-34.86605],[138.69531,-34.86036],[138.70798,-34.86071],[138.70973,-34.85698],[138.71836,-34.86318],[138.71836,-34.85905],[138.72788,-34.85977],[138.73131,-34.85589],[138.73265,-34.85913],[138.74774,-34.86147],[138.74502,-34.8636],[138.75455,-34.86874],[138.75653,-34.86554],[138.74495,-34.84956],[138.74767,-34.8418],[138.74618,-34.83695],[138.75611,-34.82106],[138.74903,-34.81445],[138.75086,-34.80697],[138.75837,-34.801],[138.76176,-34.79423],[138.7593,-34.78472],[138.75377,-34.78422],[138.76383,-34.77845],[138.76961,-34.7809],[138.77257,-34.77028],[138.7802,-34.76701]]]}},{"type":"Feature","properties":{"id":"temora","name":"Temora","level":2,"centroid":[147.4792,-34.3831],"bbox":[147.0829,-34.6597,147.8755,-34.1065]},"geometry":{"type":"Polygon","coordinates":[[[147.10766,-34.31721],[147.09912,-34.39085],[147.08624,-34.38922],[147.0829,-34.42091],[147.12889,-34.42647],[147.10802,-34.53651],[147.33523,-34.56548],[147.37443,-34.65839],[147.41647,-34.65974],[147.44143,-34.63692],[147.4989,-34.6131],[147.61077,-34.63068],[147.61525,-34.60572],[147.62381,-34.60669],[147.64647,-34.56602],[147.7049,-34.58191],[147.72769,-34.57196],[147.73017,-34.55347],[147.76075,-34.55344],[147.77285,-34.51683],[147.76554,-34.51588],[147.78602,-34.49412],[147.77867,-34.48882],[147.79044,-34.44674],[147.87546,-34.45713],[147.85372,-34.42695],[147.85521,-34.40447],[147.83765,-34.39523],[147.84431,-34.37187],[147.82581,-34.35615],[147.82258,-34.3254],[147.79425,-34.28623],[147.79944,-34.26875],[147.78484,-34.25148],[147.77906,-34.20755],[147.75908,-34.20416],[147.74191,-34.17822],[147.72071,-34.1827],[147.71365,-34.16131],[147.67618,-34.14529],[147.66602,-34.13013],[147.63289,-34.12957],[147.63003,-34.14417],[147.5804,-34.13798],[147.58401,-34.11789],[147.49623,-34.10654],[147.46931,-34.164],[147.47045,-34.2087],[147.41932,-34.20842],[147.38881,-34.19778],[147.39078,-34.18731],[147.30088,-34.17616],[147.29619,-34.20264],[147.3062,-34.20425],[147.2846,-34.22063],[147.3016,-34.22869],[147.29703,-34.25441],[147.26484,-34.2354],[147.25496,-34.29133],[147.12936,-34.27647],[147.12,-34.31174],[147.10841,-34.3085],[147.10766,-34.31721]]]}},{"type":"Feature","properties":{"id":"tenterfield","name":"Tenterfield","level":2,"centroid":[151.9973,-28.8381],"bbox":[151.3659,-29.4273,152.6286,-28.249]},"geometry":{"type":"Polygon","coordinates":[[[152.55852,-28.99006],[152.54559,-28.9363],[152.58057,-28.91312],[152.54815,-28.90879],[152.57332,-28.8638],[152.53721,-28.84773],[152.543,-28.78376],[152.48011,-28.78013],[152.49764,-28.73787],[152.40862,-28.72402],[152.37367,-28.68762],[152.45776,-28.56896],[152.44047,-28.53031],[152.5332,-28.5138],[152.62859,-28.34854],[152.6165,-28.31937],[152.57951,-28.33919],[152.5264,-28.30644],[152.53649,-28.26588],[152.50754,-28.24899],[152.41518,-28.29806],[152.38798,-28.36745],[152.30937,-28.36283],[152.21724,-28.4491],[152.16008,-28.43325],[152.01671,-28.52522],[151.95536,-28.51918],[152.0105,-28.66497],[152.07604,-28.70833],[152.0423,-28.73182],[152.0107,-28.90667],[151.91632,-28.92933],[151.84978,-28.90761],[151.83067,-28.96173],[151.7769,-28.95899],[151.73387,-28.87144],[151.70637,-28.87171],[151.54483,-28.95327],[151.4978,-29.02087],[151.50159,-29.07156],[151.36591,-29.18339],[151.4268,-29.28745],[151.46326,-29.27307],[151.46305,-29.24008],[151.58063,-29.26807],[151.61586,-29.28352],[151.62439,-29.34698],[151.67624,-29.35633],[151.69983,-29.32825],[151.78837,-29.35812],[151.80539,-29.42729],[152.00596,-29.40701],[152.05389,-29.34094],[152.30033,-29.37714],[152.33703,-29.33715],[152.3001,-29.31359],[152.30648,-29.28308],[152.41412,-29.22888],[152.45501,-29.08901],[152.41898,-29.08103],[152.4439,-29.03974],[152.42378,-29.03663],[152.45984,-29.03158],[152.46261,-28.97589],[152.55852,-28.99006]]]}},{"type":"Feature","properties":{"id":"the-hills","name":"The Hills","level":2,"centroid":[150.9598,-33.5762],"bbox":[150.8697,-33.7744,151.0498,-33.3781]},"geometry":{"type":"Polygon","coordinates":[[[150.95889,-33.76827],[150.97167,-33.77441],[151.01905,-33.76283],[151.03059,-33.76445],[151.04894,-33.75863],[151.04985,-33.74803],[151.01684,-33.73067],[151.01903,-33.71696],[151.01125,-33.71013],[151.01894,-33.69401],[151.03022,-33.696],[151.0324,-33.6923],[151.01976,-33.6518],[151.02381,-33.6213],[151.00633,-33.59763],[151.01454,-33.57278],[151.00801,-33.5692],[151.01326,-33.54885],[151.01114,-33.53203],[151.02912,-33.51699],[151.02124,-33.49215],[151.01019,-33.48345],[151.01045,-33.47218],[150.99285,-33.44583],[150.99028,-33.42858],[150.97207,-33.42165],[150.9856,-33.40184],[150.98698,-33.37805],[150.97666,-33.40022],[150.95175,-33.41374],[150.95158,-33.42746],[150.94368,-33.42488],[150.93985,-33.41391],[150.92771,-33.43195],[150.92155,-33.42912],[150.92454,-33.41832],[150.89801,-33.42314],[150.89335,-33.43029],[150.89817,-33.43586],[150.88736,-33.43719],[150.88536,-33.44625],[150.87555,-33.45273],[150.88461,-33.45648],[150.89826,-33.45174],[150.90478,-33.47199],[150.87656,-33.47079],[150.87086,-33.47501],[150.87902,-33.48655],[150.86966,-33.49766],[150.87174,-33.5012],[150.89352,-33.48465],[150.9103,-33.49995],[150.92768,-33.50485],[150.91928,-33.51675],[150.89855,-33.51234],[150.9078,-33.52256],[150.8894,-33.54063],[150.89306,-33.5486],[150.88966,-33.56154],[150.89609,-33.55535],[150.91656,-33.55461],[150.92183,-33.56113],[150.93248,-33.55952],[150.93574,-33.56477],[150.87404,-33.65666],[150.89467,-33.663],[150.91177,-33.67579],[150.92761,-33.69699],[150.95889,-33.76827]]]}},{"type":"Feature","properties":{"id":"three-springs","name":"Three Springs","level":2,"centroid":[115.6317,-29.5138],"bbox":[115.2451,-29.7395,116.0182,-29.2881]},"geometry":{"type":"Polygon","coordinates":[[[116.01825,-29.5158],[116.01781,-29.46421],[115.96794,-29.4644],[115.96777,-29.40561],[115.91799,-29.40582],[115.9179,-29.3441],[115.85347,-29.34416],[115.85345,-29.28807],[115.74971,-29.28833],[115.74988,-29.35622],[115.66322,-29.3562],[115.66326,-29.36626],[115.65065,-29.37316],[115.63963,-29.35213],[115.62928,-29.35622],[115.57148,-29.35742],[115.57148,-29.34715],[115.35448,-29.34603],[115.30645,-29.36109],[115.30645,-29.36572],[115.29821,-29.36572],[115.29821,-29.36252],[115.25331,-29.36473],[115.25362,-29.63419],[115.24514,-29.63421],[115.24514,-29.73945],[115.73452,-29.73946],[115.73453,-29.7336],[115.77147,-29.73367],[115.76379,-29.71081],[115.76217,-29.67877],[115.75444,-29.6755],[115.74897,-29.6654],[115.74953,-29.65923],[115.74766,-29.6492],[115.75027,-29.63985],[115.74796,-29.6365],[115.75914,-29.61948],[115.75621,-29.61132],[115.75919,-29.60371],[115.76017,-29.58181],[115.75934,-29.57549],[115.75572,-29.57233],[115.7704,-29.56784],[115.78911,-29.56933],[115.79429,-29.56689],[115.79904,-29.57148],[115.81018,-29.5697],[115.82003,-29.57385],[115.81941,-29.57875],[115.82534,-29.58914],[115.82468,-29.59448],[115.84482,-29.5945],[115.84483,-29.5807],[115.8766,-29.58067],[115.87656,-29.55144],[115.91699,-29.55141],[115.91819,-29.55047],[115.91836,-29.53435],[115.99235,-29.53424],[115.9923,-29.51574],[116.01825,-29.5158]]]}},{"type":"Feature","properties":{"id":"tiwi-islands","name":"Tiwi Islands","level":2,"centroid":[130.7821,-11.5549],"bbox":[130.0205,-11.9403,131.5437,-11.1695]},"geometry":{"type":"MultiPolygon","coordinates":[[[[130.66068,-11.40338],[130.65694,-11.3356],[130.56927,-11.39803],[130.59593,-11.28945],[130.51614,-11.28005],[130.37306,-11.16952],[130.36379,-11.25403],[130.41101,-11.31413],[130.38406,-11.346],[130.43242,-11.50346],[130.49364,-11.56483],[130.48279,-11.63735],[130.95282,-11.94033],[131.28131,-11.74006],[131.38027,-11.5837],[131.46865,-11.6094],[131.46145,-11.51403],[131.54369,-11.45291],[131.52297,-11.39425],[131.4656,-11.38602],[131.43711,-11.26691],[131.38248,-11.29901],[131.35271,-11.24998],[131.30331,-11.27374],[131.27628,-11.18974],[131.20431,-11.23653],[131.20944,-11.34383],[131.14834,-11.24986],[131.04048,-11.31861],[131.03255,-11.36723],[130.89935,-11.3093],[130.70482,-11.38496],[130.69665,-11.42661],[130.81036,-11.52737],[130.71094,-11.48869],[130.66068,-11.40338]]],[[[130.61509,-11.73552],[130.46897,-11.66672],[130.46463,-11.5761],[130.37622,-11.50758],[130.40062,-11.42408],[130.33864,-11.318],[130.25218,-11.3456],[130.2567,-11.39838],[130.24452,-11.36647],[130.14827,-11.48166],[130.26132,-11.52657],[130.26394,-11.56201],[130.22531,-11.50351],[130.19529,-11.51722],[130.19092,-11.64034],[130.26416,-11.66173],[130.30324,-11.72757],[130.22048,-11.67005],[130.23418,-11.74051],[130.20232,-11.64942],[130.15116,-11.70691],[130.07633,-11.66889],[130.07355,-11.76485],[130.02053,-11.77635],[130.04951,-11.82399],[130.31348,-11.7707],[130.60576,-11.82699],[130.64078,-11.76035],[130.61509,-11.73552]]]]}},{"type":"Feature","properties":{"id":"toodyay","name":"Toodyay","level":2,"centroid":[116.388,-31.4699],"bbox":[116.1507,-31.7092,116.6254,-31.2306]},"geometry":{"type":"Polygon","coordinates":[[[116.15074,-31.60017],[116.23833,-31.6],[116.23831,-31.67071],[116.28805,-31.67109],[116.28767,-31.70645],[116.34724,-31.70656],[116.34725,-31.70923],[116.37638,-31.70923],[116.3764,-31.70198],[116.42324,-31.70195],[116.42325,-31.68484],[116.41793,-31.6758],[116.42696,-31.67188],[116.43064,-31.67808],[116.4366,-31.67549],[116.44332,-31.68681],[116.46293,-31.67831],[116.47098,-31.69484],[116.4759,-31.69632],[116.49542,-31.68602],[116.51848,-31.68598],[116.51592,-31.68092],[116.51437,-31.6816],[116.50237,-31.66112],[116.50013,-31.66217],[116.48848,-31.65069],[116.5117,-31.64023],[116.49135,-31.6142],[116.58677,-31.57194],[116.57953,-31.55954],[116.58376,-31.5587],[116.59593,-31.55105],[116.58781,-31.53709],[116.59878,-31.53244],[116.58955,-31.51651],[116.60135,-31.50662],[116.59477,-31.4955],[116.59785,-31.47159],[116.60408,-31.45525],[116.5987,-31.43904],[116.59962,-31.42701],[116.59208,-31.41799],[116.59776,-31.41558],[116.59171,-31.40505],[116.6012,-31.40104],[116.59782,-31.39516],[116.60526,-31.36346],[116.60358,-31.36019],[116.6064,-31.35879],[116.62536,-31.27358],[116.61399,-31.27871],[116.5688,-31.31173],[116.54787,-31.27664],[116.49892,-31.29812],[116.49213,-31.28667],[116.44928,-31.30553],[116.44052,-31.2912],[116.40255,-31.30759],[116.36068,-31.23649],[116.30818,-31.23664],[116.24502,-31.23056],[116.24558,-31.3541],[116.16519,-31.35431],[116.16582,-31.52765],[116.15075,-31.52758],[116.15078,-31.54632],[116.1526,-31.54635],[116.15249,-31.55179],[116.15078,-31.55176],[116.15074,-31.60017]]]}},{"type":"Feature","properties":{"id":"toowoomba","name":"Toowoomba","level":2,"centroid":[151.4766,-27.4796],"bbox":[150.7027,-28.1923,152.2505,-26.7669]},"geometry":{"type":"Polygon","coordinates":[[[151.44115,-28.15175],[151.54337,-27.97404],[151.77756,-28.02325],[151.80784,-27.99701],[151.91712,-28.01263],[151.92207,-27.97309],[152.10673,-27.93967],[152.25053,-27.96014],[152.15123,-27.87662],[152.13937,-27.77969],[151.94209,-27.63206],[152.01603,-27.5844],[151.99847,-27.52526],[151.95519,-27.51434],[152.01685,-27.4221],[152.08944,-27.39696],[152.16163,-27.44667],[152.19754,-27.40928],[152.20619,-27.29203],[152.15199,-27.26939],[152.23615,-27.2037],[152.15886,-27.20642],[152.1885,-27.16914],[152.13404,-27.14161],[152.18524,-27.06142],[152.21869,-27.07794],[152.1924,-27.02701],[152.22096,-27.02219],[152.12576,-26.95475],[152.1471,-26.89905],[152.05063,-26.91926],[152.07588,-26.86098],[152.03408,-26.85405],[152.07291,-26.81817],[152.05312,-26.76689],[151.93312,-26.80137],[151.8133,-26.93256],[151.72333,-26.94791],[151.64764,-26.91315],[151.66418,-26.9897],[151.58119,-27.05595],[151.56851,-27.12477],[151.46494,-27.11081],[151.45053,-27.27872],[151.33771,-27.20778],[151.30864,-27.41379],[151.08777,-27.37641],[151.07651,-27.57185],[150.92715,-27.57185],[150.92733,-27.53397],[150.86766,-27.54589],[150.83448,-27.50752],[150.75674,-27.59933],[150.70268,-27.93451],[150.79509,-27.99253],[150.83643,-28.06513],[151.05571,-28.09395],[151.04115,-28.16133],[151.09075,-28.17425],[151.27334,-28.19232],[151.44115,-28.15175]]]}},{"type":"Feature","properties":{"id":"torres","name":"Torres","level":2,"centroid":[142.489,-10.5106],"bbox":[142.1102,-11.0037,142.8678,-10.0174]},"geometry":{"type":"MultiPolygon","coordinates":[[[[142.30862,-10.5138],[142.28422,-10.52713],[142.30028,-10.54233],[142.30862,-10.5138]]],[[[142.83527,-10.03592],[142.86777,-10.04081],[142.84818,-10.0174],[142.83527,-10.03592]]],[[[142.21662,-10.92256],[142.12945,-10.96238],[142.1671,-11.00372],[142.22965,-10.9477],[142.21662,-10.92256]]],[[[142.60381,-10.73612],[142.62243,-10.74609],[142.61605,-10.72189],[142.5844,-10.71439],[142.60381,-10.73612]]],[[[142.74577,-10.99854],[142.71634,-10.96106],[142.69814,-10.97789],[142.66785,-10.94464],[142.61478,-10.94187],[142.58924,-10.86814],[142.59528,-10.8911],[142.55755,-10.87409],[142.55579,-10.91343],[142.48212,-10.97836],[142.56263,-10.76153],[142.52894,-10.73886],[142.55456,-10.71967],[142.53094,-10.68753],[142.49821,-10.7168],[142.4361,-10.71019],[142.42316,-10.7272],[142.51709,-10.73862],[142.46151,-10.78897],[142.48137,-10.80621],[142.428,-10.91444],[142.45361,-10.97918],[142.42187,-10.96422],[142.4016,-10.99853],[142.74577,-10.99854]]],[[[142.7014,-10.94268],[142.65187,-10.91478],[142.69232,-10.95856],[142.7014,-10.94268]]],[[[142.19639,-10.59418],[142.11024,-10.66268],[142.11423,-10.72213],[142.17787,-10.77086],[142.20686,-10.72642],[142.23023,-10.73945],[142.27743,-10.70647],[142.19639,-10.59418]]],[[[142.24579,-10.59305],[142.26596,-10.64207],[142.32652,-10.61288],[142.30634,-10.57057],[142.24579,-10.59305]]],[[[142.63685,-10.62853],[142.64733,-10.65659],[142.66713,-10.63026],[142.63685,-10.62853]]]]}},{"type":"Feature","properties":{"id":"torres-strait-island","name":"Torres Strait Island","level":2,"centroid":[143.0745,-9.9021],"bbox":[142.0851,-10.575,144.0638,-9.2293]},"geometry":{"type":"MultiPolygon","coordinates":[[[[143.77569,-9.57555],[143.75736,-9.58233],[143.76124,-9.5991],[143.78314,-9.58719],[143.77569,-9.57555]]],[[[142.52762,-9.42185],[142.53241,-9.43632],[142.55199,-9.42083],[142.52944,-9.41043],[142.52762,-9.42185]]],[[[142.68953,-9.37649],[142.64693,-9.36471],[142.60049,-9.38576],[142.59896,-9.40888],[142.65676,-9.42868],[142.74216,-9.4198],[142.75421,-9.40046],[142.80087,-9.38199],[142.7572,-9.36688],[142.68953,-9.37649]]],[[[142.13343,-9.26918],[142.19229,-9.28684],[142.27227,-9.28977],[142.29493,-9.26272],[142.26655,-9.25067],[142.24256,-9.2589],[142.22193,-9.22927],[142.13343,-9.26918]]],[[[142.21621,-10.52218],[142.18042,-10.56089],[142.19525,-10.57497],[142.21909,-10.56316],[142.2313,-10.53691],[142.21621,-10.52218]]],[[[142.17517,-9.9693],[142.19981,-9.94641],[142.16546,-9.95001],[142.17517,-9.9693]]],[[[144.06377,-9.91181],[144.04144,-9.91323],[144.04169,-9.92527],[144.06377,-9.91181]]],[[[142.31488,-10.21706],[142.34407,-10.16901],[142.32554,-10.13509],[142.26795,-10.11589],[142.21985,-10.12885],[142.21076,-10.17082],[142.18596,-10.19036],[142.216,-10.23792],[142.24114,-10.23424],[142.27685,-10.25965],[142.31488,-10.21706]]],[[[142.11938,-10.14933],[142.13433,-10.17879],[142.16372,-10.18148],[142.18723,-10.15166],[142.18193,-10.05933],[142.11362,-10.06895],[142.08513,-10.11338],[142.0932,-10.13754],[142.11938,-10.14933]]]]}},{"type":"Feature","properties":{"id":"townsville","name":"Townsville","level":2,"centroid":[146.6332,-19.3511],"bbox":[146.1469,-19.7831,147.1195,-18.919]},"geometry":{"type":"MultiPolygon","coordinates":[[[[147.11945,-19.41115],[147.04068,-19.29565],[147.06059,-19.2563],[147.01627,-19.18228],[147.02178,-19.21584],[146.95804,-19.30875],[146.88451,-19.30422],[146.83598,-19.27067],[146.83882,-19.24294],[146.78958,-19.23898],[146.76752,-19.18449],[146.67657,-19.18987],[146.45417,-19.07368],[146.32372,-18.92845],[146.29053,-18.9348],[146.28738,-18.95247],[146.20856,-18.91905],[146.1974,-18.94415],[146.14691,-18.94083],[146.17597,-19.01341],[146.24299,-19.01063],[146.2366,-19.04478],[146.29999,-19.06895],[146.32453,-19.12405],[146.37764,-19.12463],[146.39449,-19.18637],[146.4223,-19.21337],[146.40045,-19.25145],[146.42237,-19.27688],[146.40484,-19.29084],[146.4651,-19.31982],[146.44388,-19.33428],[146.47003,-19.3736],[146.55385,-19.41672],[146.5638,-19.40021],[146.56097,-19.45138],[146.58516,-19.51114],[146.5424,-19.55552],[146.55869,-19.65534],[146.53998,-19.68642],[146.84265,-19.72104],[146.83307,-19.75848],[146.92048,-19.78308],[146.99113,-19.76027],[147.02055,-19.71393],[147.03032,-19.62499],[147.00325,-19.59659],[147.03396,-19.53413],[147.01069,-19.49188],[147.03651,-19.47203],[147.03426,-19.40662],[147.06986,-19.44453],[147.10612,-19.44686],[147.11945,-19.41115]]],[[[146.86469,-19.11457],[146.83246,-19.10482],[146.77904,-19.12916],[146.84612,-19.18175],[146.88355,-19.12689],[146.88298,-19.11151],[146.86469,-19.11457]]]]}},{"type":"Feature","properties":{"id":"towong","name":"Towong","level":2,"centroid":[147.6257,-36.3656],"bbox":[147.0351,-36.8027,148.2162,-35.9285]},"geometry":{"type":"Polygon","coordinates":[[[147.03507,-36.11496],[147.09708,-36.23248],[147.14349,-36.25843],[147.19685,-36.33515],[147.16657,-36.35931],[147.1454,-36.45066],[147.12369,-36.44779],[147.10799,-36.47759],[147.12594,-36.55138],[147.16403,-36.57],[147.16749,-36.62996],[147.20713,-36.66487],[147.30839,-36.68979],[147.32114,-36.7484],[147.38014,-36.75071],[147.45988,-36.80272],[147.47141,-36.78306],[147.52861,-36.76961],[147.54189,-36.73756],[147.96022,-36.61241],[148.13447,-36.74373],[148.21623,-36.63965],[148.20609,-36.58698],[148.16072,-36.57976],[148.12445,-36.55097],[148.13982,-36.52543],[148.11764,-36.49546],[148.12374,-36.46299],[148.08761,-36.45188],[148.08029,-36.42209],[148.03755,-36.39013],[148.05895,-36.32003],[148.03502,-36.31057],[148.0261,-36.22303],[148.04063,-36.20694],[148.02182,-36.17645],[148.03773,-36.14078],[148.00437,-36.14008],[147.99922,-36.09864],[147.98024,-36.08663],[147.9997,-36.04619],[147.92398,-36.04248],[147.91257,-35.99527],[147.88289,-36.00179],[147.80616,-35.96504],[147.77686,-35.9686],[147.70842,-35.92853],[147.60144,-35.97911],[147.54912,-35.96454],[147.54766,-35.97861],[147.58403,-35.98463],[147.55188,-36.00408],[147.49412,-35.94354],[147.45069,-35.96079],[147.40464,-35.94348],[147.31961,-36.06106],[147.28518,-36.03943],[147.2063,-36.05012],[147.14437,-36.03775],[147.12336,-35.99448],[147.09808,-36.01023],[147.09556,-36.05256],[147.0622,-36.06572],[147.05309,-36.10768],[147.03507,-36.11496]]]}},{"type":"Feature","properties":{"id":"trayning","name":"Trayning","level":2,"centroid":[117.8382,-31.1668],"bbox":[117.5965,-31.3921,118.0799,-30.9416]},"geometry":{"type":"Polygon","coordinates":[[[117.9344,-31.33385],[117.94441,-31.31636],[117.93813,-31.31336],[117.94926,-31.29616],[117.95683,-31.295],[117.9288,-31.27663],[117.93389,-31.26883],[117.95557,-31.28176],[117.95501,-31.24061],[117.9851,-31.24061],[117.98509,-31.23324],[117.96625,-31.22671],[117.98505,-31.18318],[117.99723,-31.17005],[118.00081,-31.14356],[117.99116,-31.14357],[117.99115,-31.13268],[117.99996,-31.13724],[118.00822,-31.09757],[118.0799,-31.04913],[118.07983,-31.00092],[118.05881,-31.00094],[118.05882,-30.96058],[118.01407,-30.96057],[118.01407,-30.96629],[117.99511,-30.9663],[117.99511,-30.9606],[117.92283,-30.96209],[117.92282,-30.94159],[117.86184,-30.94161],[117.85678,-30.95414],[117.84953,-30.95397],[117.8488,-30.94641],[117.79264,-30.95158],[117.79264,-30.95883],[117.78422,-30.95884],[117.78422,-30.95157],[117.75413,-30.95156],[117.75473,-30.97518],[117.72028,-30.97517],[117.70111,-30.97259],[117.69692,-30.95539],[117.62106,-30.95365],[117.62112,-31.00568],[117.59655,-31.01792],[117.61425,-31.03729],[117.6165,-31.08268],[117.60006,-31.30087],[117.60432,-31.31919],[117.64212,-31.31913],[117.64239,-31.36891],[117.68115,-31.38462],[117.68114,-31.39206],[117.74565,-31.3921],[117.7529,-31.39019],[117.75305,-31.37927],[117.76193,-31.37928],[117.76193,-31.37228],[117.79099,-31.35232],[117.79219,-31.33987],[117.839,-31.34394],[117.839,-31.33378],[117.9344,-31.33385]]]}},{"type":"Feature","properties":{"id":"tumby-bay","name":"Tumby Bay","level":2,"centroid":[136.1365,-34.1968],"bbox":[135.7774,-34.5436,136.4956,-33.8501]},"geometry":{"type":"Polygon","coordinates":[[[135.90757,-33.8502],[135.77745,-33.85009],[135.77738,-34.47733],[136.06137,-34.47966],[136.07674,-34.48633],[136.08376,-34.49696],[136.07323,-34.50619],[136.09129,-34.52083],[136.09152,-34.52765],[136.08352,-34.53221],[136.08992,-34.54361],[136.09871,-34.53252],[136.09629,-34.52458],[136.11253,-34.5158],[136.11011,-34.51218],[136.11754,-34.48925],[136.10992,-34.47842],[136.12178,-34.46741],[136.1141,-34.45904],[136.11948,-34.43374],[136.1167,-34.42573],[136.10963,-34.42509],[136.10458,-34.43257],[136.09181,-34.42956],[136.10006,-34.41889],[136.10674,-34.42215],[136.11637,-34.40841],[136.13015,-34.4071],[136.11795,-34.4021],[136.11287,-34.38886],[136.10379,-34.38251],[136.1104,-34.36185],[136.13369,-34.34273],[136.1752,-34.33992],[136.18785,-34.33483],[136.23359,-34.29612],[136.26058,-34.26769],[136.26972,-34.24382],[136.26548,-34.24038],[136.27801,-34.22082],[136.29373,-34.2098],[136.30046,-34.1961],[136.3244,-34.18159],[136.32259,-34.17182],[136.33075,-34.16143],[136.33139,-34.14811],[136.34288,-34.14207],[136.3478,-34.12729],[136.35686,-34.12274],[136.35431,-34.11638],[136.34797,-34.11457],[136.35062,-34.10417],[136.3467,-34.09948],[136.35601,-34.0887],[136.36314,-34.06934],[136.43429,-34.01188],[136.44775,-34.00501],[136.48948,-33.99573],[136.49561,-33.99297],[136.49564,-33.986],[135.93037,-33.98669],[135.93056,-33.8502],[135.90757,-33.8502]]]}},{"type":"Feature","properties":{"id":"tweed","name":"Tweed","level":2,"centroid":[153.3474,-28.3498],"bbox":[153.1086,-28.5427,153.5863,-28.1569]},"geometry":{"type":"Polygon","coordinates":[[[153.55288,-28.47722],[153.58071,-28.36296],[153.5714,-28.32712],[153.58626,-28.25802],[153.57003,-28.24308],[153.57144,-28.19943],[153.55643,-28.17002],[153.54865,-28.17552],[153.56521,-28.20494],[153.5531,-28.23769],[153.53742,-28.23945],[153.5527,-28.23477],[153.54171,-28.23443],[153.5618,-28.20713],[153.53793,-28.18382],[153.51675,-28.19387],[153.50976,-28.2176],[153.52015,-28.22103],[153.49304,-28.21642],[153.49908,-28.20009],[153.51224,-28.20041],[153.50878,-28.19],[153.54762,-28.184],[153.55218,-28.1644],[153.53465,-28.17763],[153.47695,-28.15688],[153.40572,-28.21101],[153.38973,-28.23482],[153.35729,-28.24926],[153.2796,-28.23348],[153.24393,-28.24729],[153.23284,-28.26506],[153.17667,-28.24959],[153.17518,-28.27419],[153.16121,-28.27939],[153.16774,-28.29546],[153.12501,-28.31775],[153.13025,-28.33027],[153.10855,-28.35631],[153.11228,-28.40059],[153.12813,-28.40638],[153.12073,-28.43325],[153.14388,-28.43876],[153.13405,-28.45886],[153.15385,-28.4846],[153.15008,-28.50563],[153.16026,-28.52413],[153.24723,-28.5158],[153.25544,-28.52714],[153.28254,-28.51595],[153.2914,-28.54156],[153.32784,-28.54272],[153.34188,-28.51742],[153.36903,-28.50343],[153.37349,-28.47186],[153.40672,-28.47752],[153.41983,-28.46722],[153.46601,-28.47996],[153.50868,-28.46102],[153.55288,-28.47722]]]}},{"type":"Feature","properties":{"id":"unincorp-other-territories","name":"Unincorp. Other Territories","level":2,"centroid":[150.6788,-35.1593],"bbox":[150.5924,-35.2008,150.7652,-35.1178]},"geometry":{"type":"Polygon","coordinates":[[[150.5945,-35.18398],[150.61072,-35.1728],[150.63263,-35.16641],[150.65496,-35.16308],[150.67806,-35.16775],[150.68262,-35.16538],[150.68622,-35.16819],[150.68156,-35.17024],[150.69111,-35.17062],[150.6893,-35.1779],[150.6958,-35.17723],[150.69574,-35.19006],[150.69097,-35.19349],[150.69625,-35.20076],[150.72487,-35.17294],[150.73745,-35.18007],[150.75561,-35.17074],[150.76049,-35.16226],[150.75809,-35.15565],[150.76261,-35.15266],[150.76521,-35.12472],[150.75455,-35.12359],[150.74599,-35.13565],[150.73568,-35.13708],[150.71977,-35.13465],[150.7083,-35.12223],[150.66136,-35.11781],[150.6573,-35.12944],[150.63375,-35.14893],[150.5939,-35.14388],[150.59603,-35.15155],[150.60617,-35.15533],[150.6016,-35.17041],[150.59241,-35.17532],[150.5945,-35.18398]]]}},{"type":"Feature","properties":{"id":"unincorporated-act","name":"Unincorporated ACT","level":2,"centroid":[149.0804,-35.5225],"bbox":[148.7628,-35.9205,149.398,-35.1244]},"geometry":{"type":"Polygon","coordinates":[[[149.20071,-35.2054],[149.18955,-35.20331],[149.19704,-35.18536],[149.18365,-35.17566],[149.18561,-35.16111],[149.16758,-35.15974],[149.16428,-35.14189],[149.14673,-35.14454],[149.13899,-35.12797],[149.12095,-35.1244],[148.81014,-35.30744],[148.79355,-35.33911],[148.80867,-35.38244],[148.7858,-35.4089],[148.78892,-35.42648],[148.76675,-35.46717],[148.77439,-35.48613],[148.7628,-35.49549],[148.77295,-35.56779],[148.78878,-35.58833],[148.76844,-35.60329],[148.78345,-35.6285],[148.7675,-35.6474],[148.79845,-35.66658],[148.78845,-35.69779],[148.85753,-35.76145],[148.87249,-35.72142],[148.88671,-35.71923],[148.90333,-35.75792],[148.88668,-35.81005],[148.90707,-35.82957],[148.90945,-35.85306],[148.9616,-35.89671],[149.0124,-35.89961],[149.04639,-35.92052],[149.06429,-35.87493],[149.09602,-35.84421],[149.10151,-35.80364],[149.09072,-35.7656],[149.10942,-35.69657],[149.0953,-35.67927],[149.09748,-35.64728],[149.08757,-35.63964],[149.07815,-35.5864],[149.14269,-35.59278],[149.13146,-35.55359],[149.15162,-35.49319],[149.1351,-35.45402],[149.1551,-35.43598],[149.13847,-35.42849],[149.20717,-35.34529],[149.25475,-35.33011],[149.33642,-35.33971],[149.35145,-35.35124],[149.39804,-35.32524],[149.39479,-35.30318],[149.36167,-35.30901],[149.31531,-35.27622],[149.27181,-35.27347],[149.27318,-35.25917],[149.23438,-35.24278],[149.24554,-35.22671],[149.21379,-35.21959],[149.20499,-35.22909],[149.20071,-35.2054]]]}},{"type":"Feature","properties":{"id":"unincorporated-nsw","name":"Unincorporated NSW","level":2,"centroid":[142.74,-31.1829],"bbox":[140.9993,-33.3666,144.4808,-28.9991]},"geometry":{"type":"Polygon","coordinates":[[[144.39293,-28.99908],[140.99927,-28.99909],[141.00241,-33.32901],[141.34801,-33.36664],[141.40259,-32.98765],[141.57321,-33.00556],[141.56078,-33.09628],[142.03836,-33.14393],[142.02294,-33.08479],[142.24283,-33.13086],[142.36547,-33.02851],[142.34322,-32.82851],[142.38815,-32.76959],[142.23648,-32.7548],[142.24836,-32.61053],[142.13125,-32.59622],[142.09183,-32.46792],[142.11149,-32.3674],[142.26022,-32.36828],[142.29545,-32.21417],[142.3702,-32.20772],[142.37189,-32.1224],[142.72774,-31.82404],[142.80994,-31.86938],[142.89173,-31.73234],[142.72651,-31.51448],[142.75538,-31.07009],[142.58479,-31.07043],[142.58528,-31.0041],[142.741,-31.00476],[142.76373,-30.60519],[142.85329,-30.60489],[142.85353,-30.46354],[143.02115,-30.46277],[143.02037,-30.31589],[143.49749,-30.32315],[143.50903,-30.24262],[144.03959,-30.28135],[144.02679,-30.32438],[144.11355,-30.33186],[144.12609,-30.42399],[144.34523,-30.25385],[144.20984,-30.23976],[144.2344,-30.07984],[144.06542,-30.0557],[144.13276,-29.98588],[144.13754,-29.68761],[144.41262,-29.43034],[144.40565,-29.30958],[144.4808,-29.16858],[144.35731,-29.08608],[144.39293,-28.99908]],[[141.41403,-31.93875],[141.41268,-31.88642],[141.56348,-31.88496],[141.54256,-32.00239],[141.41209,-32.00255],[141.41403,-31.93875]]]}},{"type":"Feature","properties":{"id":"unincorporated-nt","name":"Unincorporated NT","level":2,"centroid":[131.0506,-18.6679],"bbox":[130.0185,-25.2652,132.0827,-12.0706]},"geometry":{"type":"MultiPolygon","coordinates":[[[[130.88921,-12.85954],[130.86721,-12.59661],[130.80499,-12.53865],[130.79186,-12.62189],[130.77857,-12.55913],[130.73443,-12.60067],[130.76631,-12.4395],[130.6177,-12.38136],[130.5668,-12.58151],[130.64119,-12.64415],[130.54567,-12.63429],[130.73877,-12.71053],[130.62146,-12.70519],[130.62435,-12.77509],[130.46089,-12.63916],[130.35273,-12.66953],[130.33871,-12.88931],[130.14112,-12.93344],[130.11618,-13.16413],[130.30879,-13.32025],[130.28523,-13.42639],[130.37272,-13.49435],[130.75798,-13.58294],[130.91529,-13.50341],[130.93296,-13.41127],[131.01346,-13.44233],[131.01347,-13.28053],[131.09789,-13.28053],[131.06078,-13.19009],[130.94697,-13.26996],[130.90327,-13.2085],[130.88921,-12.85954]]],[[[130.93047,-25.26523],[131.00965,-25.26522],[131.00965,-25.14855],[130.93048,-25.14855],[130.93047,-25.26523]]],[[[130.01952,-13.17563],[130.07501,-13.17123],[130.01849,-13.11121],[130.01952,-13.17563]]],[[[131.18608,-13.48884],[131.14172,-13.8369],[131.21798,-13.87199],[131.20903,-14.04905],[131.47969,-14.24283],[131.47969,-13.976],[131.59749,-13.97599],[131.56309,-13.55035],[131.71234,-13.54953],[131.35236,-13.4103],[131.35236,-13.24793],[132.07347,-13.17572],[132.07347,-12.92115],[131.97177,-12.92111],[131.88808,-12.52368],[132.02025,-12.47643],[132.08269,-12.30683],[131.87927,-12.21454],[131.42678,-12.2754],[131.27001,-12.07058],[131.22888,-12.20874],[131.39674,-12.53209],[131.20819,-12.82277],[131.27896,-12.96894],[131.12563,-13.24563],[131.24321,-13.34907],[131.24401,-13.48885],[131.18608,-13.48884]]]]}},{"type":"Feature","properties":{"id":"unincorporated-sa","name":"Unincorporated SA","level":2,"centroid":[135.0024,-30.8658],"bbox":[129.0019,-35.7353,141.003,-25.9964]},"geometry":{"type":"MultiPolygon","coordinates":[[[[139.1744,-35.51834],[139.26646,-35.73531],[139.37517,-35.60443],[139.1744,-35.51834]]],[[[141.00241,-33.32901],[140.9994,-25.99638],[133.11185,-25.99857],[133.04715,-26.63132],[133.36551,-26.71671],[133.44562,-27.56086],[133.67578,-27.56039],[133.67531,-27.84165],[133.35989,-27.8421],[133.35854,-28.11503],[132.99386,-28.11736],[133.0058,-30.56948],[131.84643,-30.45366],[129.00193,-30.76367],[129.00193,-31.68699],[130.80614,-31.60562],[131.14865,-31.46364],[132.17642,-32.0183],[132.7466,-31.94933],[133.12576,-32.20877],[133.21272,-31.75209],[134.07632,-31.97868],[134.29028,-31.86762],[134.29053,-32.0871],[134.85565,-32.23679],[134.85663,-32.51441],[135.30851,-32.62161],[135.35966,-32.81507],[135.78233,-32.79744],[135.71653,-32.60251],[136.18622,-32.61389],[136.59836,-33.12455],[136.81094,-33.12393],[136.81065,-33.32701],[137.27907,-33.32614],[137.31336,-33.0094],[137.61476,-32.8775],[137.62044,-32.35535],[137.96643,-32.41524],[138.08458,-31.73973],[138.71371,-31.76056],[138.6401,-31.97534],[138.75464,-31.9752],[138.89015,-32.59465],[139.35353,-32.59395],[139.35594,-33.803],[139.69999,-33.80058],[139.85742,-34.02435],[140.0448,-33.95241],[140.52952,-34.25405],[140.63527,-34.06425],[140.75837,-34.16487],[141.00296,-34.02188],[141.00241,-33.32901]],[[133.49262,-27.14339],[133.36763,-26.71671],[133.74495,-26.71818],[133.64285,-27.13762],[133.49262,-27.14339]]]]}},{"type":"Feature","properties":{"id":"unincorporated-vic","name":"Unincorporated Vic","level":2,"centroid":[147.594,-37.9671],"bbox":[145.2699,-39.0979,149.9181,-36.8364]},"geometry":{"type":"MultiPolygon","coordinates":[[[[146.23142,-39.08844],[146.2366,-39.09786],[146.24145,-39.08883],[146.22218,-39.07131],[146.23142,-39.08844]]],[[[146.23213,-37.84781],[146.23696,-37.85618],[146.27831,-37.8331],[146.23213,-37.84781]]],[[[149.90579,-37.56434],[149.9181,-37.56124],[149.90481,-37.54829],[149.90579,-37.56434]]],[[[147.06354,-36.99664],[147.07358,-37.01735],[147.13319,-36.99668],[147.13819,-36.98461],[147.15091,-37.01156],[147.19806,-37.02165],[147.18325,-36.99524],[147.19146,-36.98789],[147.16709,-36.99086],[147.15009,-36.95805],[147.13431,-36.95851],[147.0971,-37.00206],[147.06354,-36.99664]]],[[[147.28867,-36.87446],[147.25838,-36.83641],[147.23503,-36.86946],[147.24497,-36.88338],[147.28867,-36.87446]]],[[[146.42121,-37.10242],[146.39549,-37.11076],[146.43963,-37.11937],[146.41411,-37.14653],[146.43204,-37.16488],[146.47911,-37.16193],[146.49041,-37.14571],[146.51445,-37.15011],[146.50864,-37.13431],[146.54001,-37.12355],[146.53077,-37.11473],[146.54807,-37.10182],[146.50999,-37.10648],[146.5139,-37.11953],[146.49064,-37.10215],[146.46579,-37.09968],[146.45877,-37.11305],[146.42121,-37.10242]]],[[[145.83687,-37.53189],[145.88328,-37.52694],[145.88161,-37.49215],[145.87326,-37.52496],[145.84794,-37.51642],[145.83687,-37.53189]]],[[[145.27367,-38.36172],[145.26994,-38.40888],[145.28714,-38.39564],[145.35256,-38.42004],[145.36147,-38.40651],[145.38595,-38.40671],[145.40609,-38.37275],[145.50342,-38.35328],[145.45238,-38.30684],[145.352,-38.31125],[145.29813,-38.28194],[145.27367,-38.36172]]]]}},{"type":"Feature","properties":{"id":"unley","name":"Unley","level":2,"centroid":[138.608,-34.9539],"bbox":[138.5719,-34.9672,138.6441,-34.9406]},"geometry":{"type":"Polygon","coordinates":[[[138.58289,-34.94237],[138.58224,-34.94309],[138.5819,-34.9435],[138.58132,-34.94416],[138.57856,-34.94737],[138.57814,-34.94789],[138.57756,-34.94857],[138.57708,-34.94914],[138.57632,-34.95001],[138.57606,-34.95029],[138.57592,-34.95042],[138.57565,-34.95058],[138.57425,-34.95147],[138.57188,-34.95303],[138.5722,-34.95686],[138.57232,-34.95865],[138.57256,-34.96166],[138.57265,-34.96309],[138.57281,-34.96495],[138.57284,-34.96598],[138.57299,-34.96725],[138.59079,-34.96635],[138.59709,-34.96602],[138.60706,-34.96554],[138.61076,-34.96534],[138.61763,-34.965],[138.62187,-34.9648],[138.62379,-34.9647],[138.62645,-34.96455],[138.6284,-34.96447],[138.64351,-34.96367],[138.64372,-34.96361],[138.64386,-34.96353],[138.64408,-34.96331],[138.64386,-34.96317],[138.64328,-34.96249],[138.64287,-34.96196],[138.6396,-34.95797],[138.63749,-34.95544],[138.63687,-34.95473],[138.63605,-34.9537],[138.63578,-34.95339],[138.63452,-34.95188],[138.63439,-34.95177],[138.63402,-34.95153],[138.6333,-34.9511],[138.62543,-34.94653],[138.62507,-34.94629],[138.62372,-34.94546],[138.621,-34.94382],[138.61874,-34.94242],[138.61568,-34.94056],[138.61468,-34.94059],[138.61373,-34.94063],[138.60217,-34.94121],[138.59973,-34.94136],[138.59027,-34.94184],[138.58906,-34.94192],[138.58534,-34.94211],[138.58304,-34.94221],[138.58289,-34.94237]]]}},{"type":"Feature","properties":{"id":"upper-gascoyne","name":"Upper Gascoyne","level":2,"centroid":[116.3388,-24.7193],"bbox":[114.8065,-25.9289,117.871,-23.5098]},"geometry":{"type":"Polygon","coordinates":[[[115.60485,-23.67533],[115.56916,-23.77869],[115.41749,-23.80407],[115.4051,-24.00595],[115.47686,-24.00596],[115.44481,-24.2739],[115.21067,-24.22419],[115.21087,-24.11859],[115.11247,-24.12249],[115.11317,-24.23769],[114.99503,-24.23896],[114.98798,-24.57949],[115.14898,-24.57781],[115.1836,-24.79353],[115.12833,-24.91262],[114.82096,-24.91066],[114.80668,-24.96552],[114.80699,-25.20701],[114.89661,-25.20703],[114.89662,-25.288],[114.8065,-25.288],[114.8065,-25.34899],[114.9446,-25.34889],[114.99137,-25.78533],[115.26819,-25.78533],[115.28463,-25.92889],[115.47149,-25.92889],[115.70459,-25.68439],[116.46578,-25.68436],[116.50183,-25.5838],[117.24705,-25.63672],[117.37303,-25.5837],[117.37101,-25.36678],[117.75717,-25.39208],[117.79387,-24.85491],[117.72105,-24.85492],[117.72104,-24.78328],[117.87103,-24.78328],[117.87103,-24.70708],[117.61854,-24.69437],[117.61856,-24.53436],[117.67832,-24.53437],[117.6654,-24.37493],[117.81903,-24.37493],[117.80835,-23.8906],[117.62622,-23.89057],[117.62625,-23.79269],[116.85836,-23.80485],[116.85847,-23.57289],[116.59796,-23.57448],[116.59837,-23.50977],[116.49542,-23.50983],[116.49426,-23.59885],[116.29718,-23.59951],[116.29718,-23.65523],[115.97972,-23.57786],[115.97985,-23.88783],[115.72622,-23.84268],[115.70345,-23.67518],[115.60485,-23.67533]]]}},{"type":"Feature","properties":{"id":"upper-hunter","name":"Upper Hunter","level":2,"centroid":[150.6928,-31.9812],"bbox":[149.7916,-32.4088,151.594,-31.5537]},"geometry":{"type":"Polygon","coordinates":[[[151.406,-32.04497],[151.45473,-31.99597],[151.44157,-31.95183],[151.46913,-31.89693],[151.52783,-31.84772],[151.57684,-31.85479],[151.59404,-31.78959],[151.5177,-31.76928],[151.53209,-31.5918],[151.46655,-31.56395],[151.45484,-31.6103],[151.39244,-31.55372],[151.32663,-31.56114],[151.23525,-31.66184],[151.0676,-31.59483],[150.99849,-31.60337],[150.99627,-31.63835],[150.91406,-31.64784],[150.84902,-31.73052],[150.73864,-31.77927],[150.70216,-31.84219],[150.54658,-31.85823],[150.48627,-31.8311],[150.44309,-31.85475],[150.33458,-31.82542],[150.29372,-31.84886],[150.19943,-31.82364],[150.09977,-31.74902],[149.90244,-31.90458],[149.83912,-31.98737],[149.87557,-31.9845],[149.87486,-32.03105],[149.80817,-32.03926],[149.79161,-32.07935],[149.84519,-32.11696],[149.93232,-32.11922],[149.96076,-32.18186],[150.00113,-32.16157],[150.02777,-32.20597],[150.07008,-32.18831],[150.02173,-32.30425],[150.05404,-32.35095],[150.16525,-32.32002],[150.18929,-32.35003],[150.255,-32.3028],[150.26677,-32.37685],[150.30621,-32.37391],[150.32291,-32.40878],[150.38662,-32.37998],[150.39632,-32.33294],[150.46943,-32.32196],[150.51464,-32.3694],[150.55263,-32.34541],[150.48654,-32.24],[150.49891,-32.13003],[150.87495,-32.20012],[150.87253,-32.17638],[151.06605,-32.16574],[151.19683,-32.23365],[151.29485,-32.16914],[151.33545,-32.08239],[151.38956,-32.08323],[151.406,-32.04497]]]}},{"type":"Feature","properties":{"id":"upper-lachlan","name":"Upper Lachlan","level":2,"centroid":[149.5305,-34.4183],"bbox":[148.938,-34.9488,150.123,-33.8878]},"geometry":{"type":"Polygon","coordinates":[[[149.11984,-33.88782],[149.01023,-33.93476],[149.0166,-33.98976],[149.06171,-33.99974],[149.00285,-34.10728],[149.08508,-34.20458],[149.06569,-34.2191],[149.12538,-34.25909],[149.08934,-34.31663],[149.11994,-34.35896],[148.99335,-34.52703],[148.97825,-34.63677],[148.94776,-34.64379],[148.93801,-34.70332],[149.02601,-34.72757],[149.02227,-34.78208],[149.06793,-34.85523],[149.21223,-34.90353],[149.27103,-34.88668],[149.28045,-34.91166],[149.34637,-34.92304],[149.33673,-34.94876],[149.37465,-34.94874],[149.38715,-34.9215],[149.52135,-34.90712],[149.54225,-34.87284],[149.47047,-34.85831],[149.50264,-34.83118],[149.50791,-34.732],[149.53355,-34.71112],[149.49541,-34.66757],[149.52369,-34.66501],[149.5572,-34.60454],[149.61806,-34.64471],[149.66024,-34.55563],[149.6996,-34.54869],[149.75673,-34.56921],[149.75173,-34.59666],[149.81375,-34.60509],[149.79315,-34.65013],[149.85503,-34.64345],[149.83055,-34.5984],[149.88433,-34.63248],[150.08473,-34.6049],[150.09444,-34.55533],[150.04547,-34.52689],[150.09304,-34.51222],[150.0589,-34.46544],[150.12301,-34.37458],[150.08883,-34.34664],[150.01632,-34.36701],[149.96405,-34.31515],[149.9915,-34.25856],[150.05926,-34.26703],[150.06089,-34.1723],[150.01469,-34.14421],[150.03764,-34.12079],[150.0073,-34.08527],[149.92894,-34.0791],[149.94973,-34.12505],[149.91854,-34.18315],[149.6948,-34.2028],[149.62043,-34.10559],[149.60368,-34.12304],[149.55089,-34.09367],[149.51316,-34.032],[149.43474,-34.02291],[149.29968,-33.94621],[149.17935,-33.98466],[149.11984,-33.88782]]]}},{"type":"Feature","properties":{"id":"uralla","name":"Uralla","level":2,"centroid":[151.3545,-30.4847],"bbox":[150.9343,-30.8955,151.7747,-30.0739]},"geometry":{"type":"Polygon","coordinates":[[[151.29221,-30.17146],[151.28039,-30.23776],[151.25661,-30.24095],[151.23582,-30.18458],[151.11621,-30.18828],[151.12367,-30.13348],[151.03982,-30.12556],[151.00874,-30.10778],[151.00975,-30.08237],[150.94725,-30.07392],[150.9692,-30.1301],[150.94564,-30.16748],[150.96128,-30.18659],[150.93782,-30.21487],[150.97585,-30.26661],[150.94876,-30.30382],[150.93427,-30.39884],[150.96003,-30.42924],[151.02622,-30.41134],[151.01221,-30.45866],[151.06705,-30.56266],[151.14859,-30.60034],[151.16161,-30.63722],[151.25002,-30.70398],[151.24845,-30.72681],[151.37019,-30.71692],[151.39124,-30.7946],[151.37125,-30.82355],[151.44297,-30.86777],[151.43804,-30.89356],[151.47804,-30.8955],[151.51449,-30.85783],[151.59042,-30.84424],[151.64273,-30.87518],[151.66221,-30.8333],[151.68861,-30.83293],[151.7199,-30.79582],[151.71994,-30.71521],[151.73449,-30.71722],[151.73805,-30.6919],[151.77474,-30.68614],[151.67116,-30.66659],[151.64231,-30.63618],[151.63973,-30.59376],[151.58278,-30.55143],[151.58336,-30.49717],[151.52865,-30.44125],[151.47265,-30.43714],[151.46561,-30.45135],[151.44785,-30.42823],[151.46113,-30.41846],[151.45154,-30.39424],[151.403,-30.38655],[151.39774,-30.36911],[151.32418,-30.33674],[151.34676,-30.305],[151.32304,-30.26734],[151.30404,-30.26516],[151.32684,-30.22609],[151.31055,-30.22373],[151.31679,-30.16564],[151.29221,-30.17146]]]}},{"type":"Feature","properties":{"id":"victor-harbor","name":"Victor Harbor","level":2,"centroid":[138.5456,-35.5162],"bbox":[138.4373,-35.6429,138.654,-35.3895]},"geometry":{"type":"Polygon","coordinates":[[[138.58424,-35.38964],[138.57723,-35.38977],[138.56846,-35.39655],[138.55103,-35.39668],[138.54129,-35.40318],[138.53794,-35.3996],[138.52625,-35.40211],[138.52638,-35.40759],[138.51957,-35.40863],[138.50867,-35.41798],[138.49389,-35.41514],[138.48628,-35.41839],[138.48035,-35.43449],[138.46245,-35.44219],[138.46137,-35.45093],[138.45127,-35.46096],[138.45602,-35.46867],[138.46939,-35.46606],[138.4741,-35.47397],[138.47113,-35.48722],[138.47483,-35.50072],[138.47357,-35.52816],[138.46779,-35.52804],[138.4717,-35.53271],[138.45201,-35.53075],[138.45191,-35.54023],[138.44105,-35.54019],[138.44971,-35.56024],[138.4585,-35.5689],[138.44174,-35.57982],[138.4451,-35.59058],[138.44136,-35.59806],[138.44417,-35.60572],[138.44145,-35.60543],[138.43726,-35.62994],[138.49453,-35.63352],[138.52237,-35.64295],[138.56594,-35.60852],[138.58078,-35.60577],[138.58199,-35.60123],[138.59228,-35.59453],[138.60378,-35.59427],[138.60606,-35.5903],[138.59804,-35.58558],[138.59823,-35.57946],[138.6132,-35.56182],[138.62601,-35.5579],[138.62538,-35.55052],[138.63139,-35.54391],[138.65263,-35.53839],[138.64943,-35.52439],[138.65246,-35.52384],[138.65067,-35.50615],[138.65401,-35.48333],[138.65179,-35.47159],[138.64479,-35.47099],[138.65007,-35.46322],[138.64232,-35.45625],[138.64115,-35.43925],[138.63394,-35.43282],[138.62977,-35.39784],[138.6112,-35.38952],[138.5999,-35.39482],[138.59539,-35.39067],[138.58424,-35.38964]]]}},{"type":"Feature","properties":{"id":"victoria-daly","name":"Victoria Daly","level":2,"centroid":[130.7617,-15.9292],"bbox":[129.0005,-18.6827,132.5229,-13.1757]},"geometry":{"type":"Polygon","coordinates":[[[129.00049,-18.68258],[130.12345,-18.68266],[130.12346,-17.94524],[130.63543,-17.94524],[130.63544,-18.3233],[131.64608,-18.32438],[131.64657,-17.81804],[132.12232,-17.81802],[132.09229,-17.30623],[132.40205,-17.30632],[132.40203,-16.58323],[132.52289,-16.58328],[132.52031,-16.07544],[132.08966,-16.06594],[132.0925,-15.06733],[131.89166,-15.06773],[131.89167,-14.66339],[131.70476,-14.65682],[131.65978,-14.41268],[132.03818,-14.19859],[131.94592,-14.03389],[132.02141,-14.0339],[132.02141,-13.80846],[132.36957,-13.7664],[132.30661,-13.64073],[132.02577,-13.50611],[131.87892,-13.17572],[131.85455,-13.24794],[131.35236,-13.24793],[131.35236,-13.4103],[131.71234,-13.54953],[131.56309,-13.55035],[131.59749,-13.97599],[131.47969,-13.976],[131.47969,-14.24283],[131.20903,-14.04905],[131.21798,-13.87199],[131.14172,-13.8369],[131.18608,-13.48884],[131.01347,-13.48884],[130.93296,-13.41127],[130.87093,-13.53775],[130.66109,-13.60938],[130.66087,-13.51441],[130.41585,-13.47843],[130.41159,-14.36957],[130.64364,-14.36951],[130.64299,-14.82178],[130.2782,-14.89208],[130.15595,-14.78831],[129.90323,-14.77739],[129.80057,-14.85811],[129.57755,-14.79829],[129.59213,-14.891],[129.50135,-14.7892],[129.68567,-15.13101],[129.56359,-15.1799],[129.60391,-15.10799],[129.48249,-14.94105],[129.22844,-14.83936],[129.2335,-15.00828],[129.30163,-15.03652],[129.1582,-15.19759],[129.18893,-14.98716],[129.00149,-14.87959],[129.00049,-18.68258]]]}},{"type":"Feature","properties":{"id":"victoria-park","name":"Victoria Park","level":2,"centroid":[115.9059,-31.9765],"bbox":[115.8787,-32.0132,115.9331,-31.9398]},"geometry":{"type":"Polygon","coordinates":[[[115.897,-31.95264],[115.89558,-31.9506],[115.89503,-31.94941],[115.89495,-31.94397],[115.89389,-31.94214],[115.89338,-31.94173],[115.89309,-31.94117],[115.89265,-31.94106],[115.89193,-31.94031],[115.88833,-31.93976],[115.8862,-31.94037],[115.88567,-31.94077],[115.88526,-31.94127],[115.88425,-31.9444],[115.88445,-31.94503],[115.88432,-31.94768],[115.88453,-31.94892],[115.885,-31.95045],[115.89081,-31.95993],[115.89117,-31.96099],[115.89105,-31.96261],[115.8904,-31.96402],[115.88971,-31.96451],[115.88803,-31.96628],[115.88276,-31.96958],[115.88046,-31.97056],[115.87872,-31.97099],[115.89302,-31.98331],[115.88995,-31.98585],[115.88739,-31.98374],[115.88366,-31.98688],[115.88883,-31.9913],[115.88752,-31.9925],[115.88687,-31.99366],[115.88668,-31.9991],[115.88839,-32.00642],[115.88822,-32.00766],[115.88708,-32.01026],[115.88669,-32.01239],[115.89404,-32.01322],[115.89638,-32.01105],[115.89683,-32.01139],[115.90177,-32.00729],[115.90217,-32.00671],[115.90232,-32.00436],[115.90508,-32.00457],[115.90643,-32.00398],[115.90581,-32.00341],[115.91449,-31.99615],[115.91301,-31.99419],[115.91293,-31.99374],[115.92273,-31.99412],[115.9223,-31.99399],[115.91991,-31.99211],[115.91856,-31.9908],[115.92406,-31.98619],[115.92723,-31.98891],[115.93314,-31.98392],[115.90413,-31.95903],[115.90156,-31.95651],[115.897,-31.95264]]]}},{"type":"Feature","properties":{"id":"victoria-plains","name":"Victoria Plains","level":2,"centroid":[116.2855,-31.0163],"bbox":[115.934,-31.3117,116.6369,-30.7209]},"geometry":{"type":"Polygon","coordinates":[[[116.24502,-31.23056],[116.36068,-31.23649],[116.40255,-31.30759],[116.44052,-31.2912],[116.44928,-31.30553],[116.49213,-31.28667],[116.49892,-31.29812],[116.54787,-31.27664],[116.5688,-31.31173],[116.62536,-31.27358],[116.63693,-31.22097],[116.60171,-31.16066],[116.61648,-31.16065],[116.61649,-31.10406],[116.6087,-31.10407],[116.60877,-31.08934],[116.59708,-31.08931],[116.59707,-31.07147],[116.61282,-31.07146],[116.61291,-31.03743],[116.6005,-31.03741],[116.5983,-30.99008],[116.5838,-30.98904],[116.584,-30.97103],[116.57268,-30.97103],[116.57266,-30.95999],[116.54093,-30.95998],[116.54088,-30.88619],[116.46698,-30.88629],[116.46693,-30.87348],[116.44999,-30.86999],[116.45006,-30.84846],[116.43933,-30.84859],[116.43935,-30.84128],[116.44473,-30.73929],[116.45367,-30.73916],[116.45323,-30.72089],[116.40107,-30.72111],[116.40111,-30.74395],[116.20759,-30.74441],[116.20757,-30.8293],[116.19387,-30.82931],[116.1984,-30.8613],[116.12365,-30.86123],[116.12442,-30.84835],[116.02918,-30.84866],[116.02922,-30.85499],[116.01414,-30.85501],[116.01145,-30.84304],[116.00446,-30.84304],[116.00748,-30.83415],[115.99437,-30.83417],[115.99442,-30.84587],[115.93411,-30.84589],[115.93402,-30.93138],[115.93992,-30.93223],[115.93977,-30.97989],[115.95223,-30.97993],[115.95226,-31.06059],[116.0457,-31.06049],[116.04839,-31.089],[116.2213,-31.08899],[116.22129,-31.10228],[116.23461,-31.11583],[116.23451,-31.17803],[116.24746,-31.18067],[116.24502,-31.23056]]]}},{"type":"Feature","properties":{"id":"vincent","name":"Vincent","level":2,"centroid":[115.8541,-31.9314],"bbox":[115.8231,-31.9499,115.8852,-31.9128]},"geometry":{"type":"Polygon","coordinates":[[[115.87867,-31.9377],[115.87705,-31.93847],[115.8769,-31.93843],[115.87369,-31.93576],[115.85253,-31.91766],[115.84715,-31.91302],[115.84709,-31.91283],[115.84697,-31.91294],[115.84733,-31.91376],[115.84593,-31.91408],[115.82888,-31.91424],[115.82722,-31.91419],[115.82306,-31.91428],[115.82348,-31.91686],[115.82425,-31.91923],[115.82493,-31.92072],[115.82598,-31.9223],[115.82623,-31.92221],[115.82715,-31.9233],[115.82799,-31.92415],[115.83235,-31.928],[115.83455,-31.93002],[115.8351,-31.93064],[115.83596,-31.93171],[115.83673,-31.93287],[115.83837,-31.93605],[115.83881,-31.93677],[115.83956,-31.93778],[115.84053,-31.9388],[115.84271,-31.94051],[115.84323,-31.94082],[115.84375,-31.94131],[115.84786,-31.94296],[115.84891,-31.9435],[115.84929,-31.94379],[115.84966,-31.94423],[115.85012,-31.94496],[115.8504,-31.94568],[115.85191,-31.94204],[115.86902,-31.94989],[115.8692,-31.94963],[115.87059,-31.94965],[115.87127,-31.9495],[115.87184,-31.94929],[115.87361,-31.9483],[115.87454,-31.94798],[115.87527,-31.94782],[115.87627,-31.94773],[115.88007,-31.94774],[115.8813,-31.94766],[115.88142,-31.94435],[115.88189,-31.94267],[115.88203,-31.94238],[115.88233,-31.94214],[115.88232,-31.94146],[115.8828,-31.94095],[115.88282,-31.94062],[115.88401,-31.93955],[115.88466,-31.93844],[115.88521,-31.938],[115.88153,-31.93801],[115.8815,-31.93627],[115.87867,-31.9377]]]}},{"type":"Feature","properties":{"id":"wagait","name":"Wagait","level":2,"centroid":[130.7498,-12.4424],"bbox":[130.7321,-12.4571,130.7676,-12.4276]},"geometry":{"type":"MultiPolygon","coordinates":[[[[130.75711,-12.4571],[130.7577,-12.45682],[130.75776,-12.45651],[130.75905,-12.45545],[130.76019,-12.45658],[130.7622,-12.4566],[130.76253,-12.45622],[130.76273,-12.45585],[130.76271,-12.45551],[130.76194,-12.45509],[130.76096,-12.45393],[130.7609,-12.45121],[130.74203,-12.45014],[130.74203,-12.45624],[130.75576,-12.45626],[130.75711,-12.4571]]],[[[130.76735,-12.44312],[130.7669,-12.44316],[130.76667,-12.443],[130.76622,-12.44231],[130.76567,-12.44236],[130.7657,-12.44266],[130.76524,-12.44241],[130.76504,-12.43936],[130.76442,-12.43818],[130.76404,-12.43792],[130.75792,-12.43739],[130.75724,-12.43707],[130.7545,-12.43693],[130.75566,-12.435],[130.7566,-12.43499],[130.75683,-12.43441],[130.75567,-12.43381],[130.75426,-12.43195],[130.75033,-12.42877],[130.74793,-12.4281],[130.74793,-12.42797],[130.746,-12.42875],[130.7438,-12.42842],[130.74296,-12.42761],[130.74142,-12.42766],[130.74034,-12.42813],[130.7384,-12.42866],[130.73578,-12.42999],[130.73579,-12.4333],[130.73327,-12.43502],[130.73208,-12.43625],[130.73209,-12.44058],[130.74813,-12.44058],[130.74813,-12.43694],[130.75097,-12.43694],[130.75097,-12.44537],[130.75638,-12.44538],[130.75638,-12.44811],[130.76112,-12.44811],[130.76224,-12.44716],[130.7637,-12.44652],[130.76466,-12.44569],[130.76547,-12.44579],[130.76628,-12.44727],[130.76617,-12.44771],[130.76699,-12.44771],[130.76758,-12.44662],[130.76701,-12.44504],[130.76735,-12.44312]]]]}},{"type":"Feature","properties":{"id":"wagga-wagga","name":"Wagga Wagga","level":2,"centroid":[147.3543,-35.1859],"bbox":[146.7788,-35.5636,147.9298,-34.8081]},"geometry":{"type":"Polygon","coordinates":[[[146.84854,-34.8081],[146.82916,-34.87816],[146.84236,-34.90265],[146.77908,-34.93963],[146.80889,-34.98504],[146.77879,-35.09839],[146.8283,-35.13265],[146.85608,-35.18069],[146.93023,-35.1616],[147.03233,-35.18781],[147.0582,-35.16916],[147.14932,-35.18086],[147.14096,-35.25408],[147.23286,-35.31836],[147.23068,-35.33891],[147.19774,-35.3273],[147.16824,-35.36356],[147.18143,-35.3892],[147.16668,-35.41582],[147.18565,-35.43149],[147.16389,-35.43873],[147.15991,-35.46452],[147.18498,-35.44846],[147.25148,-35.49108],[147.36381,-35.51386],[147.39151,-35.56361],[147.41902,-35.53359],[147.48826,-35.54565],[147.52204,-35.48211],[147.62518,-35.54617],[147.68119,-35.55666],[147.6856,-35.53418],[147.73692,-35.53101],[147.78926,-35.55155],[147.86334,-35.54065],[147.92981,-35.55848],[147.90711,-35.53092],[147.92797,-35.51632],[147.90477,-35.5133],[147.90757,-35.49007],[147.88382,-35.48848],[147.87302,-35.457],[147.90848,-35.42142],[147.8843,-35.35739],[147.84555,-35.32997],[147.85584,-35.26627],[147.83405,-35.22166],[147.77161,-35.18452],[147.76689,-35.13531],[147.73316,-35.09178],[147.69383,-35.09142],[147.69214,-35.05585],[147.64605,-35.04935],[147.63352,-35.00366],[147.5553,-34.97661],[147.43118,-34.97537],[147.41409,-34.95633],[147.31701,-34.94949],[147.31613,-34.90641],[147.09046,-34.88053],[147.09307,-34.82456],[147.08082,-34.84546],[146.9593,-34.82942],[146.95672,-34.84379],[146.95406,-34.82881],[146.86987,-34.82528],[146.84854,-34.8081]]]}},{"type":"Feature","properties":{"id":"wagin","name":"Wagin","level":2,"centroid":[117.3855,-33.2712],"bbox":[117.0832,-33.5106,117.6878,-33.0318]},"geometry":{"type":"Polygon","coordinates":[[[117.68785,-33.04341],[117.55731,-33.03182],[117.56392,-33.06311],[117.50968,-33.07207],[117.50539,-33.10216],[117.43862,-33.10278],[117.43098,-33.12324],[117.41696,-33.12324],[117.41696,-33.10779],[117.36283,-33.10324],[117.35751,-33.12441],[117.28142,-33.12397],[117.27845,-33.1418],[117.26409,-33.1311],[117.2353,-33.1518],[117.19417,-33.14788],[117.18682,-33.16005],[117.17647,-33.15088],[117.15324,-33.15632],[117.15258,-33.16845],[117.08315,-33.18018],[117.08608,-33.24979],[117.09572,-33.25418],[117.08466,-33.29219],[117.08532,-33.38608],[117.09634,-33.38608],[117.09632,-33.40442],[117.08444,-33.43128],[117.10608,-33.44746],[117.10608,-33.46061],[117.09131,-33.46063],[117.10537,-33.49377],[117.0913,-33.49377],[117.0913,-33.51057],[117.25513,-33.50696],[117.25524,-33.4827],[117.29236,-33.47356],[117.28632,-33.46411],[117.31825,-33.45351],[117.31827,-33.43982],[117.3871,-33.4399],[117.40334,-33.43495],[117.40334,-33.42154],[117.42797,-33.43352],[117.42082,-33.41792],[117.47006,-33.40649],[117.45925,-33.40286],[117.47007,-33.3863],[117.52929,-33.38757],[117.54669,-33.40505],[117.63291,-33.40274],[117.64666,-33.35048],[117.62057,-33.30298],[117.66201,-33.28775],[117.63843,-33.20959],[117.65957,-33.18843],[117.64494,-33.18843],[117.64696,-33.13863],[117.6634,-33.13857],[117.66345,-33.10385],[117.6858,-33.10042],[117.68785,-33.04341]]]}},{"type":"Feature","properties":{"id":"wakefield","name":"Wakefield","level":2,"centroid":[138.3946,-34.0075],"bbox":[138.0844,-34.389,138.7047,-33.6259]},"geometry":{"type":"Polygon","coordinates":[[[138.63045,-34.38904],[138.63654,-34.37836],[138.65622,-34.37715],[138.66679,-34.36111],[138.68242,-34.36001],[138.68748,-34.36614],[138.70474,-34.35846],[138.68109,-34.33982],[138.68664,-34.33678],[138.69771,-34.30553],[138.69106,-34.29818],[138.67747,-34.24914],[138.67071,-34.24311],[138.67335,-34.23469],[138.66816,-34.21759],[138.65932,-34.212],[138.63792,-34.21616],[138.63877,-34.19791],[138.62965,-34.16962],[138.60854,-34.14046],[138.58935,-34.14554],[138.5545,-34.14021],[138.56352,-34.07028],[138.57602,-34.04922],[138.58515,-33.99133],[138.59334,-33.97291],[138.59464,-33.94641],[138.57019,-33.95054],[138.53103,-33.79686],[138.54903,-33.79365],[138.54224,-33.78385],[138.54103,-33.76746],[138.54726,-33.75249],[138.54314,-33.67807],[138.55066,-33.62588],[138.08495,-33.6262],[138.08439,-33.99109],[138.14474,-33.99116],[138.14481,-34.09282],[138.11839,-34.09288],[138.11843,-34.10984],[138.12785,-34.1172],[138.12181,-34.11719],[138.12717,-34.1217],[138.12726,-34.13191],[138.09403,-34.13387],[138.10478,-34.14106],[138.1069,-34.15126],[138.12297,-34.1659],[138.13584,-34.18787],[138.146,-34.19157],[138.15897,-34.20879],[138.16065,-34.21961],[138.16308,-34.21577],[138.16571,-34.22128],[138.16753,-34.24532],[138.1624,-34.25615],[138.14869,-34.25996],[138.14621,-34.2656],[138.15564,-34.27185],[138.1847,-34.26962],[138.19511,-34.27409],[138.22304,-34.31125],[138.23086,-34.34438],[138.61162,-34.34486],[138.63045,-34.38904]]]}},{"type":"Feature","properties":{"id":"walcha","name":"Walcha","level":2,"centroid":[151.8185,-31.1976],"bbox":[151.2875,-31.6381,152.3496,-30.757]},"geometry":{"type":"Polygon","coordinates":[[[151.7199,-30.79582],[151.68861,-30.83293],[151.66221,-30.8333],[151.64218,-30.87541],[151.59042,-30.84424],[151.51449,-30.85783],[151.47804,-30.8955],[151.43804,-30.89356],[151.44297,-30.86777],[151.37683,-30.83389],[151.36188,-30.87912],[151.28748,-30.91044],[151.34808,-30.96231],[151.30912,-30.98982],[151.35167,-31.023],[151.35699,-31.06747],[151.30584,-31.08062],[151.30352,-31.10264],[151.3394,-31.12057],[151.31907,-31.17575],[151.36024,-31.21004],[151.38284,-31.2072],[151.35801,-31.28849],[151.39054,-31.30077],[151.39753,-31.26381],[151.4151,-31.26619],[151.42081,-31.31768],[151.46594,-31.37751],[151.41003,-31.38837],[151.42668,-31.41525],[151.41026,-31.43317],[151.41773,-31.50518],[151.53629,-31.5992],[151.56945,-31.60994],[151.60141,-31.59559],[151.63362,-31.61521],[151.65258,-31.60265],[151.75687,-31.63815],[151.75675,-31.60174],[151.8025,-31.57385],[151.75335,-31.5143],[151.84459,-31.49946],[151.91576,-31.51005],[151.91278,-31.47669],[152.0838,-31.50048],[152.06786,-31.39838],[152.09963,-31.39304],[152.12368,-31.27872],[152.15288,-31.27297],[152.15185,-31.18809],[152.2234,-31.20789],[152.31658,-31.20292],[152.3309,-31.12745],[152.34961,-31.11354],[152.33106,-31.05726],[152.34336,-31.03993],[152.26983,-30.99913],[152.29415,-30.97307],[152.29572,-30.93102],[152.17752,-30.91515],[152.15018,-30.86727],[152.11758,-30.8695],[152.08402,-30.84333],[152.03903,-30.86106],[152.04896,-30.83945],[152.01585,-30.82496],[152.01583,-30.80096],[151.9596,-30.80362],[151.93684,-30.75701],[151.7199,-30.79582]]]}},{"type":"Feature","properties":{"id":"walgett","name":"Walgett","level":2,"centroid":[148.1359,-29.7903],"bbox":[147.1776,-30.5816,149.0943,-28.9991]},"geometry":{"type":"Polygon","coordinates":[[[147.17756,-30.40287],[147.56073,-30.4292],[147.62127,-30.51274],[147.84779,-30.54032],[147.84534,-30.47915],[147.991,-30.4008],[148.10852,-30.41889],[148.09242,-30.46553],[148.11753,-30.51272],[148.23252,-30.44091],[148.22843,-30.35016],[148.28035,-30.35021],[148.26258,-30.32653],[148.30316,-30.31815],[148.39564,-30.39066],[148.39116,-30.41884],[148.47446,-30.50757],[148.58622,-30.56521],[148.64375,-30.58156],[148.67138,-30.5659],[148.66601,-30.52666],[148.85169,-30.53138],[148.88507,-30.32567],[148.92097,-30.33786],[148.94282,-30.18781],[148.98145,-30.16782],[148.99329,-30.11738],[149.02036,-30.12932],[149.05513,-30.09245],[149.08121,-30.03448],[149.09431,-29.9593],[149.048,-29.95347],[149.08884,-29.71253],[148.87992,-29.62915],[148.90118,-29.47523],[148.67619,-29.50976],[148.71579,-29.42082],[148.68367,-29.38842],[148.76587,-29.19207],[148.80874,-29.17759],[148.81424,-29.08165],[148.95809,-28.99905],[147.9455,-28.99913],[147.91975,-29.11507],[147.88643,-29.11238],[147.85143,-29.14882],[147.81498,-29.24474],[147.77183,-29.28938],[147.7228,-29.2828],[147.6768,-29.34449],[147.5773,-29.37547],[147.55089,-29.43919],[147.43581,-29.52889],[147.40899,-29.61156],[147.34661,-29.68326],[147.41071,-29.72568],[147.42731,-29.7631],[147.38079,-29.78256],[147.4138,-29.83419],[147.49391,-29.85316],[147.47573,-29.98157],[147.41112,-29.9747],[147.38914,-30.10651],[147.41748,-30.12586],[147.37628,-30.14277],[147.30692,-30.11552],[147.24329,-30.13507],[147.24195,-30.23262],[147.2124,-30.25675],[147.17756,-30.40287]]]}},{"type":"Feature","properties":{"id":"walkerville","name":"Walkerville","level":2,"centroid":[138.6163,-34.8944],"bbox":[138.5973,-34.9095,138.6352,-34.8793]},"geometry":{"type":"Polygon","coordinates":[[[138.61283,-34.90949],[138.61366,-34.90933],[138.61419,-34.90886],[138.61434,-34.9085],[138.61426,-34.90742],[138.61438,-34.90701],[138.61502,-34.90618],[138.61529,-34.90521],[138.61475,-34.90337],[138.61462,-34.90171],[138.61442,-34.9008],[138.61391,-34.89999],[138.6139,-34.89969],[138.61459,-34.89956],[138.61521,-34.89969],[138.61624,-34.90091],[138.61683,-34.90114],[138.61758,-34.90124],[138.61833,-34.901],[138.61858,-34.90083],[138.61875,-34.90043],[138.61845,-34.89955],[138.61835,-34.89757],[138.61792,-34.89608],[138.61798,-34.89572],[138.61835,-34.89556],[138.61978,-34.89541],[138.62042,-34.89555],[138.62174,-34.89638],[138.62229,-34.8963],[138.62271,-34.89584],[138.62269,-34.89543],[138.62225,-34.89491],[138.62145,-34.89467],[138.62126,-34.89415],[138.62134,-34.89381],[138.62173,-34.89345],[138.62234,-34.89318],[138.62306,-34.89313],[138.62601,-34.89383],[138.62662,-34.89375],[138.62684,-34.89356],[138.62691,-34.8925],[138.62782,-34.89172],[138.62789,-34.89114],[138.62776,-34.89057],[138.62809,-34.89018],[138.63003,-34.88937],[138.63234,-34.88893],[138.6352,-34.88736],[138.63357,-34.88588],[138.63367,-34.88577],[138.62645,-34.87934],[138.6124,-34.89005],[138.60951,-34.89329],[138.60339,-34.89356],[138.59734,-34.8986],[138.59794,-34.89867],[138.60994,-34.90216],[138.61057,-34.90274],[138.61272,-34.90544],[138.61283,-34.9075],[138.61268,-34.90881],[138.61283,-34.90949]]]}},{"type":"Feature","properties":{"id":"wandering","name":"Wandering","level":2,"centroid":[116.5666,-32.5259],"bbox":[116.1896,-32.8159,116.9435,-32.2359]},"geometry":{"type":"Polygon","coordinates":[[[116.18957,-32.28741],[116.23102,-32.35612],[116.25969,-32.38987],[116.25969,-32.49809],[116.35961,-32.49808],[116.36571,-32.50259],[116.4402,-32.57417],[116.47663,-32.62817],[116.51018,-32.66368],[116.52245,-32.69099],[116.56914,-32.73361],[116.57565,-32.75123],[116.59066,-32.77174],[116.62561,-32.77137],[116.64537,-32.78198],[116.65432,-32.78177],[116.65292,-32.79271],[116.6583,-32.81588],[116.66975,-32.81588],[116.6699,-32.7999],[116.72845,-32.80119],[116.72858,-32.81151],[116.76253,-32.81295],[116.76294,-32.78766],[116.77115,-32.79332],[116.79048,-32.79329],[116.7905,-32.80137],[116.79476,-32.80136],[116.79472,-32.78488],[116.82996,-32.76595],[116.94353,-32.76095],[116.93401,-32.73156],[116.92923,-32.73156],[116.92923,-32.72551],[116.92385,-32.72551],[116.92385,-32.7062],[116.91602,-32.7062],[116.91245,-32.66701],[116.90792,-32.66639],[116.90702,-32.65554],[116.90429,-32.6555],[116.91001,-32.60404],[116.91693,-32.58098],[116.91215,-32.57382],[116.88969,-32.56002],[116.87867,-32.53946],[116.86032,-32.53024],[116.82627,-32.49011],[116.79172,-32.48699],[116.7761,-32.49251],[116.77042,-32.48313],[116.76131,-32.48697],[116.75271,-32.48363],[116.74004,-32.48751],[116.72812,-32.48392],[116.53494,-32.48672],[116.53439,-32.35764],[116.38382,-32.35743],[116.38396,-32.23643],[116.22491,-32.23587],[116.18957,-32.28741]]]}},{"type":"Feature","properties":{"id":"wangaratta","name":"Wangaratta","level":2,"centroid":[146.4284,-36.6163],"bbox":[146.1311,-37.1632,146.7258,-36.0694]},"geometry":{"type":"Polygon","coordinates":[[[146.72579,-36.45921],[146.72501,-36.41869],[146.61186,-36.39614],[146.60426,-36.38114],[146.63327,-36.30144],[146.55798,-36.3287],[146.57156,-36.2536],[146.51243,-36.24665],[146.53568,-36.22828],[146.5252,-36.21518],[146.54024,-36.18326],[146.52329,-36.17151],[146.2842,-36.14225],[146.29469,-36.08752],[146.20342,-36.06937],[146.19613,-36.08464],[146.21524,-36.08903],[146.20486,-36.10563],[146.21676,-36.10758],[146.20453,-36.12576],[146.24132,-36.13325],[146.22885,-36.1671],[146.24519,-36.16743],[146.24452,-36.18202],[146.13106,-36.18678],[146.13155,-36.28316],[146.14713,-36.29919],[146.18106,-36.29748],[146.18109,-36.33761],[146.19696,-36.33413],[146.20521,-36.36452],[146.21947,-36.35715],[146.20419,-36.41072],[146.22465,-36.44894],[146.17595,-36.47279],[146.20973,-36.50268],[146.19525,-36.52296],[146.19495,-36.58756],[146.22547,-36.59956],[146.21426,-36.64795],[146.23116,-36.71656],[146.25494,-36.74275],[146.23974,-36.77719],[146.25534,-36.90593],[146.64705,-37.16315],[146.63884,-37.12728],[146.67398,-37.11327],[146.67233,-36.98276],[146.6436,-36.93515],[146.64391,-36.86976],[146.62572,-36.85656],[146.64257,-36.8128],[146.56647,-36.74111],[146.63087,-36.68276],[146.622,-36.63131],[146.67051,-36.56897],[146.66158,-36.52374],[146.63434,-36.52252],[146.64343,-36.49957],[146.71254,-36.48131],[146.72579,-36.45921]]]}},{"type":"Feature","properties":{"id":"wanneroo","name":"Wanneroo","level":2,"centroid":[115.7221,-31.6529],"bbox":[115.5608,-31.8507,115.8835,-31.4551]},"geometry":{"type":"Polygon","coordinates":[[[115.85579,-31.47431],[115.6784,-31.47699],[115.67159,-31.46649],[115.67011,-31.45512],[115.56076,-31.45521],[115.56389,-31.46509],[115.56985,-31.46967],[115.58091,-31.48681],[115.58264,-31.49272],[115.57956,-31.49489],[115.57981,-31.49631],[115.58446,-31.49951],[115.58444,-31.50269],[115.58964,-31.50465],[115.60109,-31.51616],[115.60848,-31.53198],[115.62282,-31.54743],[115.62662,-31.55613],[115.63523,-31.56562],[115.63806,-31.5739],[115.64952,-31.59349],[115.65307,-31.60264],[115.6629,-31.6143],[115.66373,-31.62206],[115.66872,-31.63147],[115.68027,-31.64407],[115.68523,-31.65264],[115.68974,-31.66559],[115.69047,-31.67449],[115.69782,-31.68235],[115.69958,-31.6889],[115.69751,-31.68912],[115.7049,-31.70193],[115.70662,-31.71201],[115.74805,-31.71198],[115.74976,-31.72235],[115.77376,-31.71724],[115.77431,-31.72299],[115.79226,-31.74297],[115.78778,-31.75187],[115.78972,-31.75655],[115.79566,-31.76238],[115.7991,-31.7704],[115.79613,-31.7767],[115.7974,-31.77716],[115.79653,-31.7831],[115.8043,-31.78728],[115.80777,-31.79128],[115.81165,-31.80148],[115.81683,-31.79971],[115.81977,-31.8057],[115.82337,-31.84245],[115.82705,-31.84252],[115.83762,-31.84835],[115.86866,-31.84862],[115.87775,-31.85073],[115.87686,-31.81182],[115.87388,-31.79563],[115.88284,-31.79563],[115.88312,-31.73221],[115.88018,-31.73223],[115.88021,-31.72491],[115.88327,-31.72492],[115.88348,-31.62751],[115.85958,-31.62716],[115.85984,-31.57361],[115.8552,-31.57366],[115.85579,-31.47431]]]}},{"type":"Feature","properties":{"id":"waratah-wynyard","name":"Waratah-Wynyard","level":2,"centroid":[145.4584,-41.3071],"bbox":[145.0632,-41.7076,145.8535,-40.9065]},"geometry":{"type":"Polygon","coordinates":[[[145.83598,-41.05691],[145.82983,-41.05],[145.83887,-41.03885],[145.80087,-41.02617],[145.76854,-40.99687],[145.69647,-40.97472],[145.74128,-40.98536],[145.72458,-40.96897],[145.73312,-40.95627],[145.7293,-40.94491],[145.65183,-40.93992],[145.62181,-40.93209],[145.61974,-40.92529],[145.59521,-40.92398],[145.58434,-40.91392],[145.56052,-40.91682],[145.54046,-40.90654],[145.54146,-40.92275],[145.56326,-40.92533],[145.55668,-40.93645],[145.54137,-40.93472],[145.53174,-40.97521],[145.48856,-41.02323],[145.4918,-41.03096],[145.48063,-41.05286],[145.46235,-41.05686],[145.45794,-41.07541],[145.43735,-41.07898],[145.44692,-41.0842],[145.45814,-41.07972],[145.45509,-41.09409],[145.4455,-41.09295],[145.44351,-41.10205],[145.11594,-41.40599],[145.06763,-41.63605],[145.08064,-41.62631],[145.06321,-41.64651],[145.0822,-41.65616],[145.1038,-41.64354],[145.26651,-41.67789],[145.63386,-41.70762],[145.64987,-41.68078],[145.67402,-41.6789],[145.69147,-41.66566],[145.6949,-41.64559],[145.73235,-41.63193],[145.77246,-41.62979],[145.79195,-41.59697],[145.80869,-41.60264],[145.85353,-41.58285],[145.85199,-41.35588],[145.6379,-41.35618],[145.63765,-41.26256],[145.64783,-41.26101],[145.64436,-41.21213],[145.68969,-41.20077],[145.6963,-41.18839],[145.72889,-41.17235],[145.74647,-41.14868],[145.76801,-41.14224],[145.77318,-41.1272],[145.81195,-41.10983],[145.81682,-41.08771],[145.82475,-41.08577],[145.81563,-41.07883],[145.83598,-41.05691]]]}},{"type":"Feature","properties":{"id":"waroona","name":"Waroona","level":2,"centroid":[115.9043,-32.8491],"bbox":[115.6286,-32.9431,116.18,-32.7552]},"geometry":{"type":"Polygon","coordinates":[[[116.17823,-32.80323],[116.17803,-32.78939],[116.11388,-32.78932],[116.10473,-32.78155],[116.10997,-32.7739],[116.10041,-32.76889],[116.08266,-32.77262],[116.0726,-32.75591],[116.04404,-32.76232],[116.01554,-32.75519],[115.99956,-32.76004],[116.00056,-32.77946],[115.98055,-32.77376],[115.97005,-32.76127],[115.96978,-32.77205],[115.94891,-32.78379],[115.94896,-32.79138],[115.86898,-32.79054],[115.84536,-32.7985],[115.81475,-32.79789],[115.80448,-32.78646],[115.75261,-32.80167],[115.75953,-32.79072],[115.71503,-32.79391],[115.71285,-32.77325],[115.71244,-32.78771],[115.66729,-32.78272],[115.6712,-32.79738],[115.66497,-32.80186],[115.65035,-32.80184],[115.65035,-32.79339],[115.62863,-32.7934],[115.63265,-32.83387],[115.65286,-32.89521],[115.65847,-32.93304],[115.70028,-32.9317],[115.71977,-32.92192],[115.76378,-32.92197],[115.7638,-32.92996],[115.78081,-32.93001],[115.78079,-32.93654],[115.81309,-32.9365],[115.81289,-32.9259],[115.82384,-32.92593],[115.83584,-32.92877],[115.83867,-32.93567],[115.853,-32.93135],[115.86805,-32.94221],[115.86918,-32.93498],[115.92443,-32.94104],[115.94006,-32.94104],[115.94269,-32.93619],[115.95135,-32.94227],[115.95639,-32.93293],[115.99347,-32.93332],[115.98935,-32.93843],[115.99443,-32.9424],[116.02164,-32.94015],[116.02163,-32.93581],[116.15065,-32.93548],[116.1719,-32.92646],[116.17323,-32.93547],[116.16525,-32.94171],[116.17996,-32.9431],[116.17823,-32.80323]]]}},{"type":"Feature","properties":{"id":"warren","name":"Warren","level":2,"centroid":[147.7285,-31.2955],"bbox":[147.0996,-32.1887,148.3575,-30.4023]},"geometry":{"type":"Polygon","coordinates":[[[147.32868,-31.99482],[147.41658,-32.03987],[147.47799,-32.12312],[147.49472,-32.18874],[147.7245,-32.02615],[147.74626,-31.98936],[147.78438,-31.99999],[147.83675,-31.92729],[147.94737,-31.86678],[148.02601,-31.87115],[148.04816,-31.90028],[148.14219,-31.79866],[148.17917,-31.82786],[148.2609,-31.77136],[148.3464,-31.7975],[148.35747,-31.73],[148.29801,-31.733],[148.32298,-31.59113],[148.29467,-31.57125],[148.26801,-31.58638],[148.3092,-31.44142],[148.29849,-31.38546],[148.22919,-31.38851],[147.98751,-31.1796],[147.99299,-31.1455],[147.96984,-31.13936],[147.99274,-31.10593],[147.86661,-30.98446],[147.74444,-30.99663],[147.69849,-30.83739],[147.51564,-30.80993],[147.59191,-30.65616],[147.57333,-30.5729],[147.62192,-30.51143],[147.57263,-30.43601],[147.17316,-30.40231],[147.18099,-30.4582],[147.16217,-30.46644],[147.18779,-30.48185],[147.18844,-30.53959],[147.0996,-30.53361],[147.11908,-30.6014],[147.20717,-30.61522],[147.22297,-30.69395],[147.20352,-30.71826],[147.25244,-30.77865],[147.24497,-30.82737],[147.15045,-30.83034],[147.15763,-30.90249],[147.26749,-31.03307],[147.19739,-31.07806],[147.30247,-31.1708],[147.29938,-31.1924],[147.37401,-31.16153],[147.41904,-31.24401],[147.51733,-31.3357],[147.46016,-31.35694],[147.52723,-31.45141],[147.45947,-31.49552],[147.482,-31.52225],[147.43358,-31.58598],[147.34108,-31.81036],[147.42026,-31.84763],[147.44015,-31.82111],[147.48329,-31.86515],[147.36939,-31.93111],[147.38825,-31.95053],[147.32868,-31.99482]]]}},{"type":"Feature","properties":{"id":"warrnambool","name":"Warrnambool","level":2,"centroid":[142.5217,-38.3782],"bbox":[142.4224,-38.4501,142.621,-38.3062]},"geometry":{"type":"Polygon","coordinates":[[[142.42236,-38.37238],[142.45329,-38.39147],[142.45539,-38.39337],[142.45382,-38.39604],[142.45688,-38.39535],[142.46309,-38.39732],[142.4643,-38.39912],[142.46719,-38.39879],[142.47166,-38.4043],[142.47278,-38.40165],[142.47483,-38.40255],[142.47469,-38.40431],[142.4806,-38.40138],[142.47625,-38.40256],[142.47588,-38.40124],[142.47644,-38.39764],[142.47988,-38.39456],[142.48726,-38.39337],[142.49565,-38.39483],[142.50903,-38.40334],[142.52753,-38.40601],[142.56333,-38.42199],[142.58458,-38.43665],[142.58738,-38.43642],[142.59846,-38.44528],[142.60134,-38.44504],[142.60321,-38.44827],[142.60902,-38.45013],[142.6113,-38.43729],[142.60519,-38.43655],[142.60883,-38.43474],[142.60911,-38.43051],[142.60469,-38.42974],[142.60698,-38.41664],[142.60965,-38.41687],[142.6114,-38.40708],[142.62043,-38.40804],[142.61708,-38.39811],[142.61992,-38.39847],[142.62096,-38.38859],[142.60929,-38.38736],[142.61543,-38.38436],[142.59418,-38.38356],[142.57009,-38.38848],[142.57243,-38.37424],[142.5539,-38.37225],[142.55636,-38.35962],[142.531,-38.3557],[142.5232,-38.35639],[142.51897,-38.35862],[142.52263,-38.33621],[142.51784,-38.3389],[142.52031,-38.32527],[142.50989,-38.31254],[142.50337,-38.31399],[142.49203,-38.31283],[142.4926,-38.30924],[142.46508,-38.30621],[142.46379,-38.31347],[142.45034,-38.31607],[142.42899,-38.31439],[142.42589,-38.33301],[142.42557,-38.35079],[142.43209,-38.35356],[142.42236,-38.37238]]]}},{"type":"Feature","properties":{"id":"warrumbungle","name":"Warrumbungle","level":2,"centroid":[149.4536,-31.4481],"bbox":[148.7969,-32.2906,150.1103,-30.6056]},"geometry":{"type":"Polygon","coordinates":[[[149.06267,-31.28951],[148.95502,-31.45293],[149.04706,-31.44446],[149.03185,-31.47817],[149.12981,-31.49067],[149.13857,-31.53685],[149.06659,-31.67255],[149.09837,-31.78496],[149.03302,-31.80039],[149.01589,-31.88428],[148.97018,-31.90748],[149.03165,-31.92341],[148.99709,-32.03665],[149.01969,-32.10893],[149.19777,-32.10994],[149.18916,-32.29056],[149.33517,-32.28508],[149.41328,-32.17552],[149.41503,-32.09554],[149.47972,-32.10878],[149.50031,-32.07321],[149.60281,-32.12695],[149.75082,-32.11981],[149.80817,-32.03926],[149.87486,-32.03105],[149.87557,-31.9845],[149.83912,-31.98737],[149.91962,-31.88658],[150.11026,-31.74891],[150.02827,-31.6852],[149.98413,-31.72792],[149.90479,-31.70675],[149.8409,-31.61609],[149.90107,-31.62441],[149.91486,-31.56006],[149.86696,-31.53726],[149.91376,-31.44833],[149.88529,-31.37068],[149.80489,-31.37308],[149.78858,-31.30867],[149.79588,-31.22392],[149.88083,-31.20234],[149.90478,-31.09736],[149.81978,-31.0845],[149.83819,-30.92101],[149.71082,-30.93443],[149.63156,-30.91608],[149.65858,-30.88395],[149.51849,-30.86323],[149.49522,-30.89285],[149.31123,-30.86351],[149.20744,-30.90631],[149.15491,-30.78485],[149.12196,-30.79752],[149.11973,-30.71623],[149.04778,-30.71322],[149.02566,-30.60561],[148.81073,-30.67359],[148.79693,-30.75814],[148.87939,-30.8269],[148.82015,-30.87162],[148.87307,-30.9137],[148.83401,-31.02863],[148.90114,-31.04724],[148.95455,-31.22847],[149.06267,-31.28951]]]}},{"type":"Feature","properties":{"id":"wattle-range","name":"Wattle Range","level":2,"centroid":[140.4208,-37.508],"bbox":[139.8684,-37.84,140.9732,-37.176]},"geometry":{"type":"Polygon","coordinates":[[[140.97318,-37.35822],[140.97127,-37.17852],[140.61201,-37.17602],[140.61005,-37.32182],[139.88346,-37.32037],[139.87358,-37.321],[139.86842,-37.33984],[139.89045,-37.37586],[139.91011,-37.38891],[139.93023,-37.41824],[139.94673,-37.42932],[139.94923,-37.44181],[139.96011,-37.44335],[139.96928,-37.45676],[139.99658,-37.47673],[139.9929,-37.48566],[139.99997,-37.48719],[139.99629,-37.48831],[140.00513,-37.48736],[140.01135,-37.49311],[140.01615,-37.4903],[140.01597,-37.48051],[140.02505,-37.47544],[140.04983,-37.4786],[140.07747,-37.5034],[140.11881,-37.52863],[140.12979,-37.54373],[140.13132,-37.55621],[140.12076,-37.56934],[140.1078,-37.56515],[140.11272,-37.5784],[140.16416,-37.60709],[140.2033,-37.63981],[140.25854,-37.69902],[140.29678,-37.75553],[140.36615,-37.75538],[140.38864,-37.79687],[140.3862,-37.8182],[140.39361,-37.8397],[140.40008,-37.84003],[140.45902,-37.82859],[140.48018,-37.81899],[140.467,-37.80206],[140.46987,-37.78532],[140.47611,-37.78538],[140.4765,-37.75499],[140.6095,-37.75461],[140.60972,-37.73803],[140.61694,-37.7355],[140.67991,-37.73524],[140.67934,-37.71467],[140.68626,-37.71461],[140.68545,-37.707],[140.67574,-37.69582],[140.67755,-37.66435],[140.6673,-37.64207],[140.67873,-37.61648],[140.67656,-37.61024],[140.97278,-37.61137],[140.97318,-37.35822]]]}},{"type":"Feature","properties":{"id":"waverley","name":"Waverley","level":2,"centroid":[151.2636,-33.8841],"bbox":[151.2409,-33.911,151.2863,-33.8571]},"geometry":{"type":"Polygon","coordinates":[[[151.2707,-33.91099],[151.26983,-33.90966],[151.27036,-33.90639],[151.26856,-33.90391],[151.26908,-33.90273],[151.27036,-33.90205],[151.27056,-33.90088],[151.27238,-33.9004],[151.2726,-33.89949],[151.27513,-33.89958],[151.27632,-33.89895],[151.27658,-33.89819],[151.27475,-33.89659],[151.27503,-33.89563],[151.27441,-33.89411],[151.27485,-33.89332],[151.2754,-33.89286],[151.276,-33.89335],[151.27551,-33.89278],[151.27818,-33.89144],[151.28128,-33.891],[151.28233,-33.89193],[151.2828,-33.89369],[151.28384,-33.89391],[151.28592,-33.89187],[151.28553,-33.88997],[151.28602,-33.88609],[151.28379,-33.88183],[151.2827,-33.87743],[151.28406,-33.87561],[151.28463,-33.87352],[151.28373,-33.87082],[151.28407,-33.86462],[151.28283,-33.86254],[151.28299,-33.86174],[151.28456,-33.86098],[151.28634,-33.85761],[151.28245,-33.85713],[151.27831,-33.861],[151.27846,-33.8645],[151.27729,-33.86855],[151.27041,-33.87766],[151.27048,-33.88039],[151.26964,-33.88246],[151.26566,-33.88719],[151.26404,-33.88807],[151.26058,-33.88838],[151.25951,-33.88935],[151.25744,-33.88881],[151.25371,-33.89087],[151.25241,-33.89014],[151.24953,-33.89061],[151.24362,-33.88956],[151.24092,-33.88976],[151.242,-33.89033],[151.24097,-33.8945],[151.24109,-33.89668],[151.24247,-33.89759],[151.24161,-33.90272],[151.25285,-33.90398],[151.25266,-33.90483],[151.25393,-33.905],[151.25417,-33.90671],[151.25956,-33.90791],[151.25937,-33.90879],[151.26355,-33.90943],[151.26342,-33.91003],[151.2707,-33.91099]]]}},{"type":"Feature","properties":{"id":"weddin","name":"Weddin","level":2,"centroid":[148.0126,-33.878],"bbox":[147.5092,-34.1423,148.5159,-33.6137]},"geometry":{"type":"Polygon","coordinates":[[[147.75917,-34.14232],[147.8582,-34.11171],[147.9376,-34.11669],[147.94242,-34.09444],[148.00533,-34.09759],[148.02579,-34.1183],[148.01276,-34.04188],[148.02965,-34.02815],[148.06498,-34.03063],[148.14618,-34.0805],[148.15266,-34.05736],[148.20504,-34.07007],[148.23728,-34.05532],[148.28253,-34.08261],[148.33373,-34.08654],[148.3498,-34.1154],[148.38453,-34.13058],[148.40844,-34.07765],[148.43909,-34.07392],[148.44498,-33.99733],[148.46206,-33.99768],[148.46875,-33.96069],[148.51591,-33.91717],[148.47213,-33.82688],[148.41062,-33.88325],[148.37852,-33.83245],[148.34824,-33.84305],[148.3233,-33.82574],[148.30915,-33.83627],[148.37095,-33.74375],[148.334,-33.74721],[148.37539,-33.68907],[148.3616,-33.68954],[148.3701,-33.67311],[148.35312,-33.67096],[148.35598,-33.64611],[148.32432,-33.65564],[148.1742,-33.63228],[148.16918,-33.65167],[148.10088,-33.64836],[148.0772,-33.70397],[148.08263,-33.72052],[147.79238,-33.68656],[147.76412,-33.70712],[147.67108,-33.69567],[147.6777,-33.65835],[147.66421,-33.65666],[147.68264,-33.62391],[147.60187,-33.61371],[147.50922,-33.70759],[147.52315,-33.80201],[147.53611,-33.79954],[147.55431,-33.83188],[147.54158,-33.8513],[147.55679,-33.87066],[147.5408,-33.9105],[147.7128,-33.93651],[147.70981,-33.95234],[147.72724,-33.95453],[147.7221,-33.98214],[147.73244,-33.98349],[147.72295,-33.99742],[147.73671,-33.99846],[147.75716,-34.05896],[147.78405,-34.06973],[147.75917,-34.14232]]]}},{"type":"Feature","properties":{"id":"weipa","name":"Weipa","level":2,"centroid":[141.8903,-12.6446],"bbox":[141.8457,-12.6874,141.9349,-12.6019]},"geometry":{"type":"MultiPolygon","coordinates":[[[[141.9258,-12.68735],[141.92888,-12.6829],[141.93375,-12.68616],[141.93486,-12.68457],[141.92453,-12.67767],[141.92937,-12.67069],[141.92774,-12.66961],[141.92291,-12.67658],[141.91583,-12.67185],[141.91473,-12.67345],[141.9218,-12.67818],[141.9203,-12.68034],[141.92297,-12.68212],[141.92139,-12.6844],[141.9258,-12.68735]]],[[[141.89377,-12.60194],[141.89306,-12.60567],[141.8898,-12.61255],[141.88609,-12.61728],[141.88148,-12.62008],[141.87871,-12.6203],[141.87676,-12.61915],[141.87559,-12.62379],[141.87292,-12.6275],[141.86624,-12.62747],[141.86101,-12.63649],[141.85928,-12.63773],[141.85363,-12.63725],[141.8519,-12.63854],[141.8601,-12.63851],[141.8521,-12.64049],[141.85163,-12.64414],[141.86222,-12.64748],[141.85497,-12.65139],[141.85429,-12.65803],[141.84979,-12.65765],[141.84922,-12.65937],[141.84644,-12.66155],[141.84573,-12.66334],[141.84609,-12.66509],[141.85011,-12.66433],[141.85584,-12.66128],[141.85779,-12.66188],[141.86003,-12.66516],[141.86138,-12.66386],[141.85838,-12.66163],[141.85761,-12.65986],[141.85568,-12.65963],[141.85457,-12.65704],[141.85573,-12.65558],[141.86208,-12.65248],[141.86424,-12.65064],[141.86507,-12.64884],[141.86564,-12.64237],[141.87177,-12.64299],[141.87734,-12.64207],[141.88009,-12.64015],[141.89002,-12.64012],[141.89196,-12.61563],[141.8969,-12.60494],[141.89481,-12.60205],[141.89377,-12.60194]]]]}},{"type":"Feature","properties":{"id":"wellington","name":"Wellington","level":2,"centroid":[147.017,-37.9555],"bbox":[146.3113,-38.7909,147.7227,-37.12]},"geometry":{"type":"MultiPolygon","coordinates":[[[[146.56779,-38.74231],[146.50092,-38.76303],[146.54165,-38.72773],[146.46461,-38.73911],[146.54535,-38.79088],[146.66771,-38.74787],[146.56779,-38.74231]]],[[[146.6196,-38.70195],[146.58577,-38.71313],[146.60237,-38.72686],[146.67761,-38.70832],[146.6196,-38.70195]]],[[[146.85211,-38.63433],[146.88063,-38.61682],[146.85239,-38.61241],[146.79106,-38.63302],[146.85211,-38.63433]]],[[[146.65153,-37.12003],[146.43584,-37.61803],[146.516,-37.67802],[146.47332,-37.99468],[146.52406,-37.96366],[146.62722,-37.97146],[146.65557,-37.99677],[146.62435,-38.04923],[146.66238,-38.05751],[146.61616,-38.0687],[146.57122,-38.1534],[146.71069,-38.16514],[146.59773,-38.31053],[146.56524,-38.42928],[146.4892,-38.43927],[146.31125,-38.55089],[146.36881,-38.59185],[146.52561,-38.6193],[146.52146,-38.68898],[146.55121,-38.70378],[146.65313,-38.64297],[146.65756,-38.67148],[146.69771,-38.67534],[146.71292,-38.64776],[146.74218,-38.66491],[146.78471,-38.62278],[146.92386,-38.59411],[146.88354,-38.63443],[147.72273,-37.96945],[147.66099,-37.97636],[147.56931,-38.0542],[147.45467,-38.07865],[147.46359,-38.013],[147.38144,-37.98004],[147.3616,-37.91779],[147.27257,-37.91669],[147.28132,-37.77459],[147.19841,-37.72605],[147.22207,-37.63265],[147.18939,-37.60585],[147.21866,-37.57486],[147.40204,-37.54114],[147.38947,-37.46263],[147.43782,-37.39811],[147.46035,-37.27608],[147.42844,-37.26709],[147.42551,-37.2201],[147.38651,-37.21033],[147.33699,-37.27553],[146.82633,-37.20375],[146.76345,-37.14601],[146.71757,-37.15876],[146.65153,-37.12003]]]]}},{"type":"Feature","properties":{"id":"wentworth","name":"Wentworth","level":2,"centroid":[142.3368,-33.669],"bbox":[141.0019,-34.5894,143.6718,-32.7485]},"geometry":{"type":"Polygon","coordinates":[[[143.55247,-33.14047],[143.57282,-33.01242],[143.65342,-33.0124],[143.67181,-32.94075],[143.58516,-32.93102],[143.59199,-32.88513],[143.41698,-32.90748],[143.43244,-32.80843],[142.96464,-32.74852],[142.94436,-32.89052],[142.51554,-32.84744],[142.54799,-33.01713],[142.37648,-32.97366],[142.29339,-33.11658],[142.24283,-33.13086],[142.02294,-33.08479],[142.03836,-33.14393],[141.56078,-33.09628],[141.57321,-33.00556],[141.40259,-32.98765],[141.34801,-33.36664],[141.00241,-33.32901],[141.00188,-34.03909],[141.08922,-34.07668],[141.15312,-34.05451],[141.18496,-34.09194],[141.24181,-34.0613],[141.32494,-34.13877],[141.35899,-34.11071],[141.44455,-34.168],[141.4968,-34.15551],[141.51008,-34.21647],[141.60329,-34.19122],[141.58391,-34.15195],[141.67746,-34.10121],[141.93406,-34.13824],[142.03778,-34.0998],[142.08278,-34.17353],[142.14871,-34.14874],[142.22797,-34.18945],[142.2359,-34.30696],[142.3958,-34.33681],[142.35098,-34.39662],[142.35958,-34.49877],[142.39995,-34.52228],[142.36796,-34.53099],[142.45986,-34.58939],[142.52822,-34.57976],[142.58338,-34.55802],[142.61249,-34.37129],[142.78882,-34.38932],[142.83268,-34.09132],[142.74441,-34.08181],[142.76012,-33.97919],[142.79656,-33.98292],[142.80588,-33.92191],[142.93099,-33.93476],[142.94476,-33.84839],[142.99242,-33.85356],[143.03952,-33.55025],[143.21083,-33.5686],[143.24327,-33.3507],[143.29491,-33.3563],[143.30819,-33.27078],[143.35568,-33.27593],[143.37831,-33.14126],[143.55247,-33.14047]]]}},{"type":"Feature","properties":{"id":"west-arnhem","name":"West Arnhem","level":2,"centroid":[133.3819,-12.3894],"bbox":[131.7639,-13.8085,135,-10.9703]},"geometry":{"type":"MultiPolygon","coordinates":[[[[133.39109,-11.49542],[133.38485,-11.54773],[133.49251,-11.51501],[133.39109,-11.49542]]],[[[134.76081,-11.95253],[134.49557,-12.07265],[134.24597,-11.98457],[134.18239,-12.13551],[134.13156,-11.90005],[133.83915,-11.87697],[133.9164,-11.74338],[133.79447,-11.72559],[133.51769,-11.87704],[133.53435,-11.76099],[133.15689,-11.71022],[132.91827,-11.33224],[132.89575,-11.42704],[132.82359,-11.40416],[132.71161,-11.52364],[132.45099,-11.21788],[132.37347,-11.29504],[132.33392,-11.11645],[132.28227,-11.27487],[132.13563,-11.12236],[132.20235,-11.41755],[132.01189,-11.13038],[131.9617,-11.2532],[131.82163,-11.20709],[131.85624,-11.27663],[131.76388,-11.31679],[131.94361,-11.32027],[132.07895,-11.53027],[132.52698,-11.46872],[132.59718,-11.65418],[132.49959,-11.6804],[132.64485,-11.728],[132.58046,-11.78752],[132.65533,-11.8898],[132.62897,-12.08689],[132.3894,-12.2364],[132.2382,-12.16975],[132.07183,-12.29077],[132.11148,-12.36105],[132.02025,-12.47643],[131.88808,-12.52368],[131.97177,-12.92111],[132.07347,-12.92115],[132.07347,-13.17572],[131.87892,-13.17572],[131.96446,-13.41172],[132.1349,-13.6015],[132.30661,-13.64073],[132.36525,-13.80848],[132.48106,-13.80852],[132.42114,-13.40212],[132.99882,-13.4041],[132.999,-13.12777],[134.84168,-13.13554],[134.93297,-13.00083],[134.98556,-13.02624],[135.00001,-12.88332],[134.79176,-12.88328],[134.76081,-11.95253]]],[[[132.58566,-11.1443],[132.59526,-10.97026],[132.4621,-11.03869],[132.58833,-11.35656],[132.58566,-11.1443]]]]}},{"type":"Feature","properties":{"id":"west-arthur","name":"West Arthur","level":2,"centroid":[116.6859,-33.4403],"bbox":[116.2657,-33.7005,117.1061,-33.1802]},"geometry":{"type":"Polygon","coordinates":[[[116.73025,-33.68424],[116.75678,-33.67149],[116.7698,-33.67724],[116.76635,-33.69065],[116.77937,-33.68703],[116.78527,-33.69784],[116.80969,-33.68703],[116.80968,-33.67349],[116.98681,-33.66947],[116.98226,-33.49806],[117.01492,-33.50907],[117.04366,-33.49107],[117.05424,-33.50911],[117.06595,-33.50903],[117.10537,-33.49377],[117.09131,-33.46063],[117.10608,-33.46061],[117.10608,-33.44746],[117.08444,-33.43128],[117.09302,-33.42664],[117.088,-33.40443],[117.09632,-33.40442],[117.09634,-33.38608],[117.08532,-33.38608],[117.08466,-33.29219],[117.09572,-33.28314],[117.09572,-33.25418],[117.08608,-33.24979],[117.08315,-33.18018],[116.94485,-33.2041],[116.94487,-33.21625],[116.91116,-33.21701],[116.89412,-33.22885],[116.85925,-33.22446],[116.8354,-33.25293],[116.8096,-33.24686],[116.77178,-33.2512],[116.77177,-33.26209],[116.69306,-33.26107],[116.6952,-33.2811],[116.58394,-33.31107],[116.52722,-33.30383],[116.52721,-33.31979],[116.454,-33.3434],[116.38272,-33.34339],[116.38228,-33.45616],[116.33322,-33.47285],[116.32458,-33.50242],[116.26574,-33.49938],[116.28988,-33.52599],[116.30425,-33.56574],[116.40579,-33.58347],[116.41187,-33.60545],[116.42932,-33.60255],[116.43885,-33.6219],[116.47306,-33.62384],[116.48477,-33.66661],[116.53261,-33.65919],[116.53261,-33.67321],[116.57929,-33.66411],[116.6023,-33.67839],[116.61429,-33.66847],[116.61028,-33.67842],[116.65358,-33.69999],[116.68856,-33.7005],[116.69785,-33.68421],[116.73025,-33.68424]]]}},{"type":"Feature","properties":{"id":"west-coast","name":"West Coast","level":2,"centroid":[145.5227,-42.4525],"bbox":[144.9111,-43.3226,146.1343,-41.5824]},"geometry":{"type":"Polygon","coordinates":[[[146.05049,-41.97454],[145.95134,-41.68465],[145.85214,-41.58237],[145.63386,-41.70762],[145.08156,-41.65717],[145.01494,-41.61746],[144.9111,-41.6867],[145.20412,-41.9368],[145.25186,-42.06004],[145.26758,-42.02277],[145.25941,-42.17509],[145.22378,-42.21936],[145.28969,-42.22728],[145.26815,-42.20237],[145.31817,-42.17617],[145.30783,-42.14889],[145.37757,-42.19656],[145.49996,-42.17631],[145.3559,-42.19424],[145.36483,-42.25166],[145.48109,-42.3646],[145.49412,-42.32185],[145.51237,-42.37418],[145.55762,-42.35702],[145.52548,-42.44414],[145.67341,-42.44287],[145.67185,-42.5607],[145.74136,-42.59113],[145.67099,-42.56235],[145.64823,-42.43576],[145.45803,-42.43478],[145.47449,-42.5262],[145.45328,-42.40442],[145.16536,-42.19739],[145.21373,-42.27772],[145.19613,-42.32782],[145.24497,-42.40614],[145.25283,-42.52207],[145.30442,-42.5712],[145.26295,-42.62161],[145.36622,-42.6565],[145.38264,-42.76869],[145.48763,-42.91338],[145.49488,-42.99151],[145.59064,-42.97251],[145.68223,-43.05046],[145.66496,-43.09623],[145.73623,-43.11672],[145.87047,-43.3226],[145.92664,-43.30047],[145.92395,-43.26742],[145.86249,-43.27301],[145.92686,-43.2476],[145.92054,-43.16124],[145.98267,-43.13484],[145.99504,-42.98035],[145.83251,-42.71752],[145.96576,-42.65854],[146.13431,-42.42453],[146.09954,-42.40254],[146.10695,-42.30529],[145.99976,-42.06689],[146.05049,-41.97454]]]}},{"type":"Feature","properties":{"id":"west-daly","name":"West Daly","level":2,"centroid":[130.0002,-14.087],"bbox":[129.3568,-14.8921,130.6436,-13.282]},"geometry":{"type":"MultiPolygon","coordinates":[[[[129.69308,-14.80637],[129.73207,-14.80412],[129.67226,-14.78312],[129.69308,-14.80637]]],[[[130.41152,-13.50032],[130.28558,-13.42726],[130.32269,-13.35431],[130.2393,-13.28195],[130.15751,-13.4427],[130.01928,-13.52881],[129.92864,-13.52827],[129.89201,-13.44266],[129.87671,-13.50241],[129.81733,-13.50175],[129.83484,-13.56118],[129.79017,-13.6669],[129.79484,-13.78951],[129.71553,-13.87887],[129.7524,-13.95219],[129.72594,-14.00913],[129.64089,-14.04719],[129.59881,-14.01048],[129.6093,-14.06958],[129.56716,-14.08385],[129.55672,-14.14215],[129.52767,-14.12999],[129.5356,-14.05835],[129.51584,-14.07536],[129.47748,-14.04996],[129.51204,-14.12704],[129.4093,-14.23593],[129.41945,-14.29111],[129.36888,-14.33369],[129.35677,-14.42362],[129.39785,-14.41612],[129.45319,-14.50505],[129.47446,-14.49098],[129.454,-14.44638],[129.48167,-14.44964],[129.48268,-14.50094],[129.50689,-14.47173],[129.49044,-14.46016],[129.52307,-14.46555],[129.48824,-14.50333],[129.52628,-14.55228],[129.66935,-14.58047],[129.77962,-14.53991],[129.69239,-14.61277],[129.58081,-14.62798],[129.67612,-14.76561],[129.73441,-14.79395],[129.81006,-14.7603],[129.75784,-14.82438],[129.8127,-14.82286],[129.8899,-14.77026],[129.96779,-14.80458],[130.15595,-14.78831],[130.2157,-14.86738],[130.2782,-14.89208],[130.40136,-14.87164],[130.4166,-14.84566],[130.45157,-14.87712],[130.48158,-14.83307],[130.50146,-14.85311],[130.64299,-14.82178],[130.64364,-14.36951],[130.41159,-14.36957],[130.41152,-13.50032]]]]}},{"type":"Feature","properties":{"id":"west-tamar","name":"West Tamar","level":2,"centroid":[146.8911,-41.2646],"bbox":[146.6584,-41.4655,147.1239,-41.0637]},"geometry":{"type":"Polygon","coordinates":[[[146.70359,-41.33268],[146.69751,-41.35524],[146.87283,-41.3912],[146.91026,-41.37782],[146.93431,-41.40848],[146.99614,-41.4318],[146.99401,-41.44342],[147.03047,-41.42568],[147.06553,-41.45888],[147.07906,-41.44522],[147.10421,-41.46549],[147.11538,-41.45628],[147.1018,-41.44259],[147.11288,-41.44367],[147.12385,-41.4113],[147.07609,-41.38751],[147.06897,-41.35435],[147.07714,-41.34126],[147.05844,-41.33568],[147.03378,-41.35579],[147.00493,-41.32121],[146.97337,-41.31263],[146.96206,-41.29438],[146.97726,-41.28819],[146.96759,-41.2633],[146.97474,-41.25168],[146.94578,-41.26019],[146.93382,-41.23136],[146.89997,-41.20825],[146.89757,-41.19949],[146.91561,-41.19777],[146.91079,-41.18585],[146.92911,-41.17845],[146.92316,-41.16976],[146.87782,-41.14998],[146.86012,-41.17212],[146.83408,-41.16312],[146.85758,-41.19302],[146.84499,-41.18633],[146.83901,-41.20002],[146.81795,-41.14543],[146.79018,-41.14606],[146.77064,-41.16526],[146.76325,-41.14965],[146.82009,-41.13764],[146.81031,-41.13073],[146.81365,-41.11267],[146.78815,-41.11203],[146.79866,-41.10682],[146.76839,-41.07883],[146.74453,-41.08476],[146.7076,-41.06371],[146.71364,-41.07481],[146.69702,-41.08968],[146.66077,-41.09861],[146.65842,-41.11028],[146.69569,-41.13293],[146.69563,-41.17026],[146.76206,-41.28716],[146.71844,-41.30593],[146.70518,-41.29777],[146.70359,-41.33268]]]}},{"type":"Feature","properties":{"id":"west-torrens","name":"West Torrens","level":2,"centroid":[138.5429,-34.9425],"bbox":[138.503,-34.9759,138.5829,-34.9092]},"geometry":{"type":"Polygon","coordinates":[[[138.577,-34.90916],[138.57103,-34.91016],[138.5691,-34.91169],[138.56706,-34.91082],[138.56178,-34.91233],[138.55557,-34.91095],[138.55391,-34.91257],[138.55423,-34.91393],[138.55161,-34.91481],[138.55048,-34.91357],[138.54771,-34.91374],[138.54771,-34.91485],[138.54508,-34.9147],[138.54446,-34.91589],[138.54486,-34.91701],[138.54268,-34.91771],[138.54187,-34.91736],[138.54237,-34.91593],[138.54087,-34.91509],[138.53926,-34.91652],[138.53617,-34.9163],[138.53569,-34.91691],[138.53677,-34.91764],[138.53504,-34.91855],[138.53369,-34.91811],[138.53273,-34.91891],[138.52992,-34.91873],[138.52789,-34.9176],[138.52537,-34.91763],[138.52047,-34.92069],[138.52047,-34.92188],[138.51704,-34.92509],[138.51253,-34.92323],[138.51117,-34.92174],[138.50631,-34.92209],[138.50652,-34.92599],[138.50756,-34.92681],[138.50812,-34.93497],[138.50944,-34.93562],[138.50799,-34.93583],[138.50765,-34.93687],[138.50844,-34.95102],[138.50301,-34.95136],[138.50506,-34.95615],[138.50486,-34.95863],[138.50825,-34.96432],[138.51663,-34.96391],[138.51673,-34.96267],[138.51907,-34.96517],[138.52305,-34.96496],[138.52329,-34.96828],[138.52464,-34.96906],[138.52493,-34.97092],[138.52842,-34.97082],[138.52879,-34.97444],[138.53196,-34.97377],[138.53242,-34.9756],[138.53771,-34.97495],[138.53779,-34.97592],[138.57231,-34.95845],[138.57188,-34.95303],[138.57606,-34.95029],[138.58289,-34.94237],[138.58007,-34.92347],[138.57943,-34.92347],[138.577,-34.90916]]]}},{"type":"Feature","properties":{"id":"west-wimmera","name":"West Wimmera","level":2,"centroid":[141.4004,-36.5992],"bbox":[140.9631,-37.4499,141.8377,-35.7485]},"geometry":{"type":"Polygon","coordinates":[[[141.43154,-37.37229],[141.43151,-37.29752],[141.53145,-37.29763],[141.52352,-37.27497],[141.48956,-37.24667],[141.49133,-37.22069],[141.50811,-37.20982],[141.57618,-37.18811],[141.59721,-37.16122],[141.61505,-37.1694],[141.63193,-37.15523],[141.63967,-37.16542],[141.67237,-37.15226],[141.70565,-37.18442],[141.72458,-37.188],[141.74682,-37.17363],[141.77597,-37.17995],[141.76522,-37.14877],[141.78083,-37.02802],[141.77062,-37.02699],[141.78094,-37.0228],[141.79231,-36.98022],[141.77392,-36.97205],[141.77933,-36.96716],[141.65767,-36.95564],[141.6688,-36.88369],[141.70659,-36.88383],[141.71193,-36.85073],[141.70264,-36.84982],[141.70064,-36.80918],[141.70211,-36.7995],[141.71779,-36.80103],[141.74084,-36.65216],[141.81613,-36.65979],[141.83768,-36.55428],[141.72869,-36.54445],[141.72684,-36.5577],[141.47356,-36.53105],[141.48425,-36.39145],[141.49718,-36.37215],[141.37909,-36.3597],[141.40028,-36.22777],[141.41154,-36.22887],[141.40376,-36.20628],[141.22661,-36.18767],[141.25443,-35.99682],[141.3794,-36.00481],[141.37402,-35.94366],[141.35406,-35.91295],[141.33541,-35.90512],[141.33046,-35.74852],[140.96311,-35.74852],[140.97318,-37.35822],[141.04641,-37.40185],[141.09726,-37.44987],[141.16824,-37.41987],[141.26385,-37.43008],[141.25971,-37.42101],[141.26864,-37.42202],[141.28052,-37.3945],[141.24848,-37.36923],[141.22089,-37.36456],[141.22101,-37.34869],[141.43154,-37.37229]]]}},{"type":"Feature","properties":{"id":"western-downs","name":"Western Downs","level":2,"centroid":[150.3807,-26.7972],"bbox":[149.0973,-27.9929,151.6642,-25.6016]},"geometry":{"type":"Polygon","coordinates":[[[149.45758,-27.99293],[150.06593,-27.98548],[150.13632,-27.91044],[150.24828,-27.90771],[150.27424,-27.80274],[150.41,-27.74651],[150.59215,-27.78998],[150.70268,-27.93451],[150.75674,-27.59933],[150.82525,-27.51055],[151.07651,-27.57185],[151.08777,-27.37641],[151.30831,-27.41403],[151.33771,-27.20778],[151.45053,-27.27872],[151.46494,-27.11081],[151.56851,-27.12477],[151.66418,-26.9897],[151.51981,-26.76655],[151.42079,-26.74594],[151.39476,-26.63879],[151.20773,-26.47875],[151.07697,-26.4628],[151.13566,-26.26311],[151.01672,-26.25621],[151.01325,-26.19192],[151.15879,-26.15452],[151.14988,-26.10541],[151.01589,-26.07721],[150.98399,-26.00779],[150.84957,-26.05639],[150.67276,-25.96957],[150.65417,-25.65977],[150.44105,-25.60157],[150.38876,-25.81451],[150.17447,-25.78009],[150.02175,-25.86516],[149.8973,-25.8148],[149.77089,-25.85234],[149.77141,-25.90596],[149.73591,-25.84953],[149.58493,-25.8864],[149.57549,-25.94415],[149.39864,-25.87602],[149.30281,-25.96607],[149.0973,-25.94789],[149.13534,-26.04443],[149.21808,-26.05345],[149.15539,-26.30841],[149.83157,-26.31746],[149.6855,-26.4649],[149.72763,-26.47033],[149.66718,-26.60625],[149.68422,-26.7737],[149.59151,-26.80831],[149.66817,-27.01534],[149.61558,-27.04154],[149.67921,-27.07471],[149.45787,-27.36784],[149.46554,-27.67372],[149.50789,-27.6792],[149.45758,-27.99293]]]}},{"type":"Feature","properties":{"id":"westonia","name":"Westonia","level":2,"centroid":[118.7297,-30.8793],"bbox":[118.5018,-31.5554,118.9575,-30.2033]},"geometry":{"type":"Polygon","coordinates":[[[118.74101,-31.55536],[118.7375,-31.42154],[118.74033,-31.39473],[118.74529,-31.39437],[118.73999,-31.38899],[118.74037,-31.35297],[118.76282,-31.35295],[118.76279,-31.32846],[118.73955,-31.32848],[118.73867,-31.25936],[118.75897,-31.24356],[118.77212,-31.24356],[118.77212,-31.2179],[118.81009,-31.21789],[118.81109,-31.14902],[118.82361,-31.14913],[118.82356,-31.121],[118.84855,-31.12096],[118.8439,-31.07486],[118.87046,-31.07487],[118.87431,-31.0207],[118.86766,-31.00659],[118.86342,-31.00724],[118.86342,-30.96213],[118.91841,-30.96757],[118.91983,-30.93434],[118.94558,-30.93378],[118.95749,-30.9263],[118.94392,-30.8952],[118.92967,-30.88529],[118.92832,-30.86262],[118.91182,-30.86262],[118.91735,-30.84718],[118.89512,-30.83745],[118.87725,-30.83747],[118.87724,-30.82725],[118.85965,-30.82726],[118.85964,-30.81748],[118.78487,-30.81152],[118.78486,-30.77043],[118.76121,-30.77043],[118.75862,-30.75811],[118.77292,-30.7579],[118.77287,-30.72095],[118.75519,-30.72096],[118.75149,-30.63279],[118.50793,-30.20329],[118.50792,-30.24677],[118.51972,-30.31518],[118.51995,-30.49252],[118.50472,-30.95698],[118.50533,-31.1893],[118.51331,-31.27078],[118.50183,-31.40468],[118.60189,-31.53669],[118.61794,-31.52773],[118.63107,-31.545],[118.64335,-31.53815],[118.65211,-31.54967],[118.67555,-31.54967],[118.67555,-31.55541],[118.74101,-31.55536]]]}},{"type":"Feature","properties":{"id":"whitehorse","name":"Whitehorse","level":2,"centroid":[145.1543,-37.8287],"bbox":[145.0951,-37.8652,145.2135,-37.7921]},"geometry":{"type":"Polygon","coordinates":[[[145.09512,-37.85334],[145.19665,-37.86519],[145.19673,-37.86408],[145.19897,-37.86349],[145.19973,-37.8616],[145.20102,-37.8621],[145.2014,-37.86103],[145.19981,-37.85935],[145.20364,-37.8569],[145.20753,-37.8561],[145.20586,-37.85418],[145.20683,-37.85233],[145.20871,-37.85271],[145.20811,-37.85184],[145.20972,-37.85131],[145.20922,-37.85038],[145.21001,-37.85043],[145.21067,-37.84755],[145.20992,-37.84734],[145.21078,-37.84708],[145.21015,-37.84591],[145.21335,-37.84101],[145.21354,-37.81175],[145.21082,-37.80848],[145.20863,-37.80871],[145.20723,-37.80636],[145.20549,-37.80716],[145.20543,-37.8056],[145.19029,-37.80554],[145.18503,-37.80121],[145.18389,-37.8061],[145.17797,-37.80528],[145.17808,-37.80343],[145.17373,-37.80403],[145.1716,-37.80293],[145.1608,-37.80192],[145.15827,-37.80044],[145.15455,-37.80061],[145.15066,-37.79874],[145.14856,-37.80003],[145.14672,-37.79988],[145.14493,-37.79755],[145.14175,-37.79688],[145.13787,-37.79813],[145.13711,-37.79676],[145.13283,-37.79533],[145.12412,-37.79875],[145.1166,-37.79563],[145.11467,-37.79614],[145.1098,-37.79482],[145.10845,-37.79248],[145.10673,-37.79215],[145.10536,-37.79332],[145.10669,-37.79398],[145.10346,-37.79754],[145.10489,-37.80316],[145.10356,-37.80927],[145.10161,-37.81187],[145.10271,-37.81201],[145.10029,-37.82323],[145.0988,-37.82443],[145.09993,-37.82623],[145.09512,-37.85334]]]}},{"type":"Feature","properties":{"id":"whitsunday","name":"Whitsunday","level":2,"centroid":[147.9559,-20.6978],"bbox":[146.8488,-21.6891,149.0631,-19.7066]},"geometry":{"type":"MultiPolygon","coordinates":[[[[148.95318,-20.25057],[148.91271,-20.29094],[148.97487,-20.26883],[148.9632,-20.32875],[149.06309,-20.29415],[148.97196,-20.15765],[148.95318,-20.25057]]],[[[148.94855,-20.08349],[148.88763,-20.16915],[148.95127,-20.15654],[148.94855,-20.08349]]],[[[147.34773,-20.39679],[147.15612,-20.65171],[146.97345,-20.62191],[146.9612,-20.74018],[146.85181,-20.81288],[146.84881,-21.10196],[146.96558,-21.27483],[146.87368,-21.39369],[146.92978,-21.51221],[147.13924,-21.55576],[147.21571,-21.67141],[147.40676,-21.68909],[147.63344,-21.59605],[147.82518,-21.31205],[147.76386,-21.18961],[147.94506,-21.2906],[148.08929,-21.2241],[148.00951,-20.98865],[148.06771,-21.02638],[148.2271,-20.93083],[148.1654,-20.77113],[148.36112,-20.80742],[148.49108,-20.62165],[148.67169,-20.56903],[148.68426,-20.43599],[148.76362,-20.47969],[148.80914,-20.41861],[148.82426,-20.50092],[148.93028,-20.53294],[148.76929,-20.23595],[148.67738,-20.28358],[148.67716,-20.17724],[148.58265,-20.19763],[148.56288,-20.06672],[148.45202,-20.05934],[148.43486,-20.16845],[148.34202,-20.15301],[148.23059,-20.04531],[148.25976,-19.97543],[148.08012,-19.88185],[147.91784,-19.9083],[147.81911,-19.70854],[147.75235,-19.70658],[147.7646,-19.83707],[147.53623,-19.81621],[147.46708,-20.09584],[147.27336,-20.02844],[147.34773,-20.39679]]],[[[148.47855,-20.00177],[148.44522,-19.97394],[148.44454,-20.04442],[148.47855,-20.00177]]]]}},{"type":"Feature","properties":{"id":"whittlesea","name":"Whittlesea","level":2,"centroid":[145.0938,-37.5509],"bbox":[144.9465,-37.7,145.241,-37.4017]},"geometry":{"type":"Polygon","coordinates":[[[145.0677,-37.68685],[145.10191,-37.68722],[145.10203,-37.68194],[145.08437,-37.68028],[145.08907,-37.67421],[145.0839,-37.66913],[145.1078,-37.65822],[145.10193,-37.65468],[145.10769,-37.64874],[145.10156,-37.64032],[145.10966,-37.63896],[145.10875,-37.6312],[145.13577,-37.61992],[145.14444,-37.57029],[145.165,-37.55799],[145.16694,-37.54822],[145.17992,-37.53643],[145.20552,-37.5392],[145.20679,-37.53191],[145.19401,-37.53045],[145.19675,-37.52371],[145.23443,-37.51724],[145.23548,-37.51008],[145.22635,-37.50869],[145.23575,-37.5033],[145.24104,-37.47771],[145.22097,-37.47164],[145.20024,-37.44403],[145.18574,-37.44398],[145.18706,-37.4227],[145.17734,-37.42318],[145.1659,-37.41313],[145.15076,-37.41441],[145.14628,-37.42822],[145.14142,-37.42826],[145.11108,-37.40174],[145.10465,-37.4124],[145.07929,-37.42633],[145.0808,-37.43983],[145.06778,-37.43861],[145.0729,-37.45054],[145.00077,-37.44237],[144.98697,-37.49987],[145.00713,-37.50242],[144.99193,-37.51538],[144.97589,-37.51407],[144.97631,-37.53008],[144.95379,-37.54505],[144.96554,-37.56022],[144.96529,-37.57353],[144.9566,-37.5825],[144.95235,-37.60681],[144.94647,-37.60741],[144.95598,-37.61677],[144.9528,-37.62319],[144.95855,-37.63441],[144.97628,-37.65007],[144.97217,-37.6631],[144.97781,-37.67656],[144.9724,-37.67696],[144.97207,-37.69099],[145.05823,-37.69997],[145.0677,-37.68685]]]}},{"type":"Feature","properties":{"id":"whyalla","name":"Whyalla","level":2,"centroid":[137.5451,-33.0456],"bbox":[137.2788,-33.3261,137.8115,-32.7651]},"geometry":{"type":"Polygon","coordinates":[[[137.37835,-33.32585],[137.37875,-33.30361],[137.38453,-33.29849],[137.37637,-33.29874],[137.37444,-33.29271],[137.38538,-33.29832],[137.38882,-33.29217],[137.3835,-33.29088],[137.39369,-33.28988],[137.38975,-33.2853],[137.39754,-33.28529],[137.39613,-33.27967],[137.40797,-33.27219],[137.43418,-33.22984],[137.42989,-33.23223],[137.43889,-33.21654],[137.44227,-33.15216],[137.45199,-33.13069],[137.45761,-33.13556],[137.46203,-33.12867],[137.48608,-33.12464],[137.49976,-33.10961],[137.53603,-33.0948],[137.5416,-33.08853],[137.53594,-33.08652],[137.53869,-33.08211],[137.55393,-33.06953],[137.54388,-33.0424],[137.56304,-33.04037],[137.56298,-33.0491],[137.57006,-33.05113],[137.57337,-33.04484],[137.59007,-33.04039],[137.58889,-33.03368],[137.5726,-33.02464],[137.57792,-33.01824],[137.57194,-33.00294],[137.58257,-32.98381],[137.57399,-32.94664],[137.617,-32.93757],[137.6231,-32.92474],[137.63958,-32.91644],[137.66388,-32.93533],[137.66753,-32.95412],[137.69458,-32.96087],[137.71328,-32.97447],[137.72128,-32.9905],[137.76034,-32.99537],[137.75918,-32.98896],[137.78652,-32.9999],[137.75013,-32.92219],[137.75869,-32.90793],[137.79002,-32.9157],[137.79915,-32.89365],[137.79261,-32.87104],[137.8013,-32.86834],[137.799,-32.86216],[137.81008,-32.85419],[137.81147,-32.84513],[137.80487,-32.79708],[137.79631,-32.78003],[137.80175,-32.76511],[137.61476,-32.8775],[137.50668,-32.87755],[137.31336,-33.0094],[137.31348,-33.15438],[137.27882,-33.15437],[137.27907,-33.32614],[137.37835,-33.32585]]]}},{"type":"Feature","properties":{"id":"wickepin","name":"Wickepin","level":2,"centroid":[117.6398,-32.8221],"bbox":[117.3577,-33.1032,117.9219,-32.541]},"geometry":{"type":"Polygon","coordinates":[[[117.57393,-32.54102],[117.58059,-32.60324],[117.55209,-32.60325],[117.55211,-32.61776],[117.44404,-32.61117],[117.4349,-32.61784],[117.38491,-32.60456],[117.3681,-32.61622],[117.37317,-32.62197],[117.36301,-32.62196],[117.38052,-32.64281],[117.40208,-32.71629],[117.35774,-32.74016],[117.36097,-32.80404],[117.41058,-32.80397],[117.41056,-32.81685],[117.42219,-32.81683],[117.42214,-32.83587],[117.47829,-32.83906],[117.48649,-32.87336],[117.56323,-32.87472],[117.57423,-32.9101],[117.56572,-32.93796],[117.57272,-32.98404],[117.56537,-32.99311],[117.57205,-33.00031],[117.56115,-33.00031],[117.56115,-33.0154],[117.57565,-33.01541],[117.56764,-33.03425],[117.60814,-33.04361],[117.70251,-33.04339],[117.70717,-33.05196],[117.74592,-33.04403],[117.81383,-33.04619],[117.8116,-33.089],[117.83832,-33.09319],[117.83832,-33.10318],[117.87263,-33.09916],[117.87261,-33.08577],[117.88577,-33.08575],[117.89033,-33.05834],[117.91227,-33.06165],[117.92188,-32.9364],[117.88788,-32.84604],[117.84618,-32.60165],[117.82447,-32.59251],[117.76967,-32.59253],[117.77762,-32.58051],[117.7572,-32.57808],[117.73005,-32.58549],[117.72618,-32.57652],[117.72618,-32.59295],[117.71546,-32.59295],[117.70592,-32.57586],[117.63798,-32.59553],[117.63377,-32.55531],[117.5993,-32.55532],[117.5993,-32.54099],[117.57393,-32.54102]]]}},{"type":"Feature","properties":{"id":"williams","name":"Williams","level":2,"centroid":[116.7095,-33.0522],"bbox":[116.3892,-33.3434,117.0298,-32.761]},"geometry":{"type":"Polygon","coordinates":[[[116.41242,-33.08581],[116.4124,-33.19486],[116.40399,-33.19486],[116.3892,-33.34339],[116.454,-33.3434],[116.52721,-33.31979],[116.52722,-33.30383],[116.58394,-33.31107],[116.67,-33.2811],[116.6952,-33.2811],[116.69306,-33.26107],[116.77177,-33.26209],[116.77178,-33.2512],[116.78931,-33.25547],[116.8096,-33.24686],[116.8096,-33.25284],[116.8354,-33.25293],[116.85925,-33.22446],[116.89412,-33.22885],[116.91116,-33.21701],[116.94487,-33.21625],[116.94485,-33.2041],[117.00836,-33.19568],[117.01273,-33.1719],[117.02682,-33.16934],[117.02978,-33.14499],[117.01834,-33.13849],[117.01701,-33.09001],[116.99838,-33.08659],[117.00674,-33.00335],[116.97636,-33.01032],[116.98241,-32.94286],[116.95432,-32.9312],[116.95257,-32.82901],[116.93945,-32.82902],[116.9459,-32.82448],[116.94353,-32.76095],[116.82996,-32.76595],[116.79472,-32.78488],[116.79476,-32.80136],[116.76294,-32.78766],[116.76253,-32.81295],[116.72858,-32.81151],[116.72845,-32.80119],[116.6699,-32.7999],[116.66975,-32.81588],[116.65945,-32.81588],[116.65856,-32.84692],[116.65013,-32.84692],[116.65003,-32.90779],[116.61751,-32.90775],[116.61744,-32.98172],[116.60341,-32.98173],[116.6035,-33.00853],[116.57836,-33.00855],[116.56793,-33.06114],[116.54058,-33.05799],[116.53993,-33.07808],[116.53162,-33.07826],[116.51214,-33.07251],[116.51214,-33.06202],[116.46905,-33.06202],[116.46905,-33.08581],[116.41242,-33.08581]]]}},{"type":"Feature","properties":{"id":"willoughby","name":"Willoughby","level":2,"centroid":[151.1878,-33.8015],"bbox":[151.143,-33.8245,151.2326,-33.7785]},"geometry":{"type":"Polygon","coordinates":[[[151.15677,-33.7921],[151.15908,-33.7987],[151.15769,-33.80068],[151.14894,-33.79913],[151.14473,-33.80008],[151.14299,-33.80241],[151.17199,-33.8077],[151.17928,-33.80545],[151.1795,-33.80732],[151.17557,-33.81261],[151.18833,-33.82454],[151.19499,-33.82331],[151.19476,-33.82209],[151.20212,-33.82224],[151.20259,-33.81996],[151.20588,-33.82042],[151.20632,-33.81897],[151.20843,-33.81926],[151.21409,-33.81574],[151.22077,-33.81789],[151.22441,-33.81639],[151.22355,-33.81397],[151.22715,-33.81547],[151.23218,-33.8136],[151.23024,-33.81223],[151.23233,-33.80738],[151.23056,-33.80548],[151.22556,-33.80486],[151.22247,-33.8068],[151.21732,-33.8054],[151.22269,-33.80475],[151.22182,-33.80294],[151.22396,-33.80116],[151.22579,-33.80264],[151.23055,-33.80236],[151.23076,-33.79861],[151.22965,-33.7975],[151.23077,-33.79545],[151.22943,-33.79442],[151.2269,-33.79666],[151.21767,-33.79727],[151.22144,-33.79658],[151.2228,-33.79415],[151.21946,-33.79197],[151.21694,-33.79285],[151.21472,-33.7904],[151.21711,-33.79173],[151.21928,-33.7905],[151.22541,-33.79329],[151.22639,-33.79255],[151.22568,-33.79154],[151.23263,-33.79069],[151.23246,-33.78737],[151.23006,-33.78507],[151.2226,-33.78631],[151.21344,-33.78429],[151.21139,-33.77863],[151.20804,-33.77854],[151.17895,-33.7874],[151.17252,-33.78948],[151.17153,-33.79108],[151.15677,-33.7921]]]}},{"type":"Feature","properties":{"id":"wiluna","name":"Wiluna","level":2,"centroid":[121.9346,-25.3653],"bbox":[119.2011,-27.2903,124.668,-23.4403]},"geometry":{"type":"Polygon","coordinates":[[[120.67102,-23.72794],[120.61002,-23.81234],[120.53734,-23.85273],[120.51275,-23.84807],[120.49307,-23.8662],[120.43643,-23.95363],[120.41013,-24.01722],[120.32113,-24.10858],[120.21957,-24.24609],[120.21287,-24.28578],[120.18347,-24.33089],[120.13247,-24.37065],[120.11142,-24.45628],[120.06666,-24.493],[120.09249,-24.54013],[120.04286,-24.70737],[120.05604,-24.73352],[120.05532,-24.84495],[120.10542,-24.94014],[120.11539,-24.99754],[120.19503,-25.14869],[120.2022,-25.19206],[120.16733,-25.20033],[120.13701,-25.23239],[120.08505,-25.33854],[120.08643,-25.55188],[120.10727,-25.63185],[120.11886,-25.75439],[120.00789,-26.02702],[119.96108,-26.08573],[119.92177,-26.18763],[119.86731,-26.25693],[119.80803,-26.37078],[119.80465,-26.44028],[119.58343,-26.57767],[119.57667,-26.60571],[119.52847,-26.64442],[119.44752,-26.76883],[119.41138,-26.78514],[119.33954,-26.86377],[119.28788,-27.00864],[119.23656,-27.06282],[119.20136,-27.16937],[119.20109,-27.23104],[119.33254,-27.24216],[119.58497,-27.24215],[119.58497,-27.29027],[121.77907,-27.29024],[121.77906,-26.80677],[122.06555,-26.80677],[122.06556,-26.82838],[122.46098,-26.82837],[122.46098,-26.7128],[122.68917,-26.7128],[122.68917,-26.65467],[122.96389,-26.6547],[122.96389,-26.68193],[123.04675,-26.68193],[123.04675,-26.74548],[124.66804,-26.745],[124.66803,-23.4403],[121.00478,-23.4403],[121.00479,-23.72793],[120.67102,-23.72794]]]}},{"type":"Feature","properties":{"id":"wingecarribee","name":"Wingecarribee","level":2,"centroid":[150.3549,-34.4909],"bbox":[149.964,-34.7692,150.7457,-34.2126]},"geometry":{"type":"Polygon","coordinates":[[[150.33354,-34.75238],[150.37155,-34.74367],[150.39386,-34.7069],[150.43267,-34.68965],[150.49826,-34.68188],[150.52632,-34.65707],[150.53869,-34.66505],[150.55905,-34.63862],[150.55935,-34.68329],[150.57706,-34.69552],[150.59069,-34.6471],[150.60396,-34.65187],[150.66804,-34.60962],[150.69314,-34.60725],[150.64081,-34.57744],[150.65527,-34.54659],[150.63508,-34.54323],[150.74568,-34.3374],[150.60155,-34.31435],[150.56214,-34.33116],[150.56308,-34.29747],[150.53928,-34.28992],[150.54818,-34.26445],[150.27713,-34.2272],[150.26623,-34.21257],[150.23108,-34.23045],[150.2238,-34.27341],[150.19854,-34.30331],[150.17806,-34.30779],[150.13851,-34.29974],[150.0968,-34.27826],[150.09622,-34.26635],[150.04972,-34.27325],[149.9915,-34.25856],[149.98811,-34.29772],[149.97444,-34.29592],[149.96405,-34.31491],[149.98411,-34.34443],[150.0188,-34.36744],[150.09179,-34.34718],[150.10329,-34.35691],[150.09702,-34.37091],[150.12323,-34.37514],[150.10672,-34.38972],[150.11476,-34.41237],[150.0589,-34.46544],[150.09304,-34.51222],[150.04547,-34.52689],[150.09444,-34.55533],[150.08226,-34.57806],[150.09827,-34.5807],[150.09007,-34.61429],[150.09963,-34.62725],[150.07781,-34.64112],[150.09849,-34.65505],[150.09258,-34.68042],[150.17846,-34.72811],[150.16919,-34.76918],[150.26847,-34.73166],[150.30351,-34.7339],[150.33354,-34.75238]]]}},{"type":"Feature","properties":{"id":"winton","name":"Winton","level":2,"centroid":[142.6614,-22.5054],"bbox":[140.8222,-23.7021,144.5005,-21.3086]},"geometry":{"type":"Polygon","coordinates":[[[144.50052,-22.18565],[144.39778,-22.15704],[144.41722,-22.06171],[144.18034,-21.98955],[144.1885,-21.9084],[144.03885,-21.8947],[144.04463,-21.83029],[143.63084,-21.79741],[143.64926,-21.64116],[143.32877,-21.61185],[143.35954,-21.322],[143.18804,-21.30864],[142.8621,-21.54505],[142.81541,-21.49312],[142.65137,-21.66748],[142.65652,-21.61035],[142.33257,-21.63631],[142.22817,-21.59626],[142.23185,-21.55086],[142.07201,-21.54074],[142.04871,-21.81598],[141.58002,-21.79318],[141.58316,-21.75596],[141.50784,-21.75045],[141.48326,-21.94716],[141.30968,-21.93966],[141.29435,-22.06187],[141.19864,-22.05516],[141.18286,-22.24961],[141.25349,-22.32135],[141.07973,-22.46563],[141.19893,-22.59755],[141.09086,-22.61822],[141.12226,-22.80448],[140.98613,-22.89433],[141.04636,-22.94764],[140.8222,-23.16153],[141.03142,-23.38376],[141.15509,-23.29082],[141.53101,-23.68944],[142.14503,-23.7008],[142.15965,-23.57072],[142.3973,-23.586],[142.45481,-23.66623],[142.8779,-23.7021],[142.88675,-23.64858],[142.80871,-23.63706],[142.85155,-23.3473],[143.0696,-23.23899],[142.97949,-23.13677],[143.00639,-22.9894],[143.1082,-22.99748],[143.2435,-22.89009],[143.29949,-22.72347],[143.39739,-22.72861],[143.40013,-22.67032],[143.47972,-22.67177],[143.63167,-22.55758],[143.5854,-22.48301],[143.83318,-22.31476],[143.844,-22.20297],[144.16633,-22.22362],[144.15956,-22.29709],[144.35746,-22.34851],[144.50052,-22.18565]]]}},{"type":"Feature","properties":{"id":"wodonga","name":"Wodonga","level":2,"centroid":[146.8882,-36.1438],"bbox":[146.7025,-36.2579,147.0739,-36.0297]},"geometry":{"type":"Polygon","coordinates":[[[146.81767,-36.06739],[146.80338,-36.05507],[146.79458,-36.05853],[146.79619,-36.06513],[146.76282,-36.05951],[146.76232,-36.05165],[146.74986,-36.06126],[146.75278,-36.04186],[146.73521,-36.04808],[146.72759,-36.02974],[146.7116,-36.04596],[146.70247,-36.10633],[146.70658,-36.12573],[146.77484,-36.12753],[146.77852,-36.15498],[146.79051,-36.16515],[146.78103,-36.17814],[146.78485,-36.20011],[146.81134,-36.21818],[146.80369,-36.23533],[146.82073,-36.24404],[146.8223,-36.25741],[146.85614,-36.25793],[146.91937,-36.22212],[146.93902,-36.23776],[146.95092,-36.23026],[146.96084,-36.24469],[147.00126,-36.22896],[146.99581,-36.2225],[147.00281,-36.20722],[147.03261,-36.2051],[147.03684,-36.18479],[147.07391,-36.18951],[147.03561,-36.13458],[147.03507,-36.11496],[147.02278,-36.09988],[147.01348,-36.10471],[147.01632,-36.08978],[147.0064,-36.0891],[147.00745,-36.08372],[146.9813,-36.09486],[146.97259,-36.0821],[146.9563,-36.07818],[146.95866,-36.09188],[146.9485,-36.10304],[146.9525,-36.11078],[146.94371,-36.11598],[146.92681,-36.09717],[146.92406,-36.1083],[146.90777,-36.11127],[146.91241,-36.10462],[146.90335,-36.09798],[146.90692,-36.08493],[146.88056,-36.08751],[146.87296,-36.07367],[146.85871,-36.07437],[146.85716,-36.08491],[146.83671,-36.08206],[146.82443,-36.08851],[146.82555,-36.07083],[146.81666,-36.07456],[146.81767,-36.06739]]]}},{"type":"Feature","properties":{"id":"wollondilly","name":"Wollondilly","level":2,"centroid":[150.4617,-34.0696],"bbox":[150.0153,-34.3374,150.9082,-33.8017]},"geometry":{"type":"Polygon","coordinates":[[[150.18522,-33.88039],[150.15591,-33.89308],[150.17556,-33.94517],[150.21477,-33.93635],[150.24121,-33.95202],[150.2016,-34.00489],[150.14495,-34.04362],[150.14566,-34.07135],[150.10901,-34.08489],[150.10527,-34.11816],[150.12505,-34.14917],[150.08546,-34.12055],[150.07117,-34.1316],[150.03764,-34.12079],[150.01525,-34.14216],[150.04627,-34.14748],[150.06089,-34.1723],[150.04985,-34.23423],[150.06179,-34.23769],[150.06055,-34.26857],[150.09622,-34.26635],[150.16021,-34.30726],[150.19702,-34.30409],[150.22479,-34.27175],[150.22993,-34.23179],[150.26623,-34.21257],[150.27713,-34.2272],[150.54818,-34.26445],[150.53928,-34.28992],[150.56308,-34.29747],[150.56214,-34.33116],[150.60155,-34.31435],[150.74568,-34.3374],[150.75087,-34.30191],[150.81677,-34.30636],[150.80519,-34.27133],[150.8528,-34.27994],[150.8975,-34.23333],[150.89001,-34.21255],[150.90817,-34.21516],[150.90222,-34.19002],[150.75207,-34.16385],[150.75671,-34.12193],[150.737,-34.11283],[150.73974,-34.0778],[150.70661,-34.07757],[150.70937,-34.0934],[150.64894,-34.08203],[150.67206,-34.02923],[150.64994,-34.0084],[150.67087,-33.98846],[150.61817,-33.95556],[150.61832,-33.92666],[150.64915,-33.91579],[150.63453,-33.90223],[150.636,-33.85618],[150.54427,-33.8954],[150.50164,-33.86491],[150.46422,-33.90058],[150.40537,-33.86282],[150.41792,-33.80935],[150.3648,-33.80173],[150.3406,-33.85652],[150.30157,-33.84547],[150.23517,-33.88435],[150.18522,-33.88039]]]}},{"type":"Feature","properties":{"id":"wollongong","name":"Wollongong","level":2,"centroid":[150.8512,-34.3418],"bbox":[150.6363,-34.5537,151.0662,-34.13]},"geometry":{"type":"Polygon","coordinates":[[[150.89936,-34.1896],[150.91077,-34.19782],[150.90817,-34.21516],[150.89001,-34.21255],[150.8975,-34.23333],[150.88058,-34.25881],[150.8528,-34.27994],[150.81398,-34.26932],[150.80519,-34.27133],[150.81677,-34.30636],[150.75087,-34.30191],[150.74568,-34.3374],[150.63628,-34.54612],[150.67892,-34.55345],[150.6817,-34.54296],[150.68703,-34.54886],[150.72004,-34.54596],[150.76447,-34.55368],[150.79051,-34.54489],[150.80357,-34.55254],[150.80679,-34.54785],[150.7968,-34.54619],[150.81351,-34.53417],[150.80765,-34.52506],[150.81258,-34.53026],[150.80894,-34.52488],[150.81933,-34.51865],[150.8117,-34.50918],[150.81537,-34.50202],[150.82972,-34.50463],[150.83799,-34.49988],[150.8324,-34.48629],[150.85394,-34.4836],[150.88661,-34.49158],[150.88685,-34.49779],[150.87347,-34.49883],[150.86275,-34.52908],[150.87485,-34.54229],[150.89137,-34.50635],[150.90885,-34.49316],[150.92191,-34.49384],[150.91365,-34.46479],[150.90794,-34.4755],[150.88409,-34.45769],[150.8949,-34.45102],[150.89876,-34.46201],[150.90982,-34.46475],[150.90108,-34.45931],[150.9024,-34.4332],[150.91085,-34.42129],[150.90281,-34.41819],[150.90209,-34.40768],[150.93131,-34.36874],[150.91942,-34.35858],[150.93029,-34.33109],[150.92551,-34.3212],[150.98784,-34.23272],[151.06616,-34.17232],[151.01593,-34.16643],[151.02214,-34.1557],[150.97988,-34.1384],[150.92259,-34.13],[150.89936,-34.1896]]]}},{"type":"Feature","properties":{"id":"wongan-ballidu","name":"Wongan-Ballidu","level":2,"centroid":[116.8485,-30.7314],"bbox":[116.4393,-31.0123,117.2578,-30.4504]},"geometry":{"type":"Polygon","coordinates":[[[116.51096,-30.50967],[116.51148,-30.59812],[116.54285,-30.59946],[116.54358,-30.72052],[116.45323,-30.72089],[116.45367,-30.73916],[116.44473,-30.73929],[116.43933,-30.84859],[116.45006,-30.84846],[116.44999,-30.86999],[116.46693,-30.87348],[116.46698,-30.88629],[116.54088,-30.88619],[116.54093,-30.95998],[116.57266,-30.95999],[116.57268,-30.97103],[116.584,-30.97103],[116.5838,-30.98904],[116.5983,-30.99008],[116.60049,-31.01229],[116.68254,-31.00501],[116.68181,-30.98088],[116.6976,-30.98088],[116.69774,-30.99046],[116.7203,-30.99091],[116.72054,-31.0013],[116.73077,-31.00128],[116.79227,-30.97394],[116.95022,-30.96037],[116.95444,-30.9379],[116.96714,-30.93788],[116.96714,-30.92492],[117.00812,-30.92491],[117.00818,-30.86525],[117.03558,-30.86529],[117.0358,-30.80122],[117.21108,-30.80169],[117.24181,-30.75723],[117.2416,-30.70269],[117.25777,-30.70279],[117.24754,-30.66507],[117.23808,-30.66136],[117.24523,-30.52808],[117.23384,-30.52811],[117.23381,-30.49986],[117.24171,-30.4979],[117.24432,-30.46575],[117.13686,-30.45043],[117.14145,-30.47562],[117.12885,-30.48835],[117.0336,-30.48025],[117.02934,-30.4921],[116.98634,-30.49221],[116.98634,-30.48349],[116.93968,-30.48357],[116.93863,-30.49686],[116.87425,-30.49324],[116.85744,-30.50031],[116.85681,-30.51151],[116.70463,-30.51696],[116.70456,-30.50201],[116.67778,-30.50155],[116.51096,-30.50967]]]}},{"type":"Feature","properties":{"id":"woodanilling","name":"Woodanilling","level":2,"centroid":[117.3369,-33.5206],"bbox":[116.9826,-33.6549,117.6913,-33.3863]},"geometry":{"type":"Polygon","coordinates":[[[117.63291,-33.40195],[117.61374,-33.39666],[117.61186,-33.40451],[117.54669,-33.40505],[117.54668,-33.39641],[117.52929,-33.38757],[117.47007,-33.3863],[117.47007,-33.39705],[117.45925,-33.40286],[117.47006,-33.40649],[117.42082,-33.41792],[117.42797,-33.43352],[117.40334,-33.42154],[117.40334,-33.43495],[117.3871,-33.4399],[117.31827,-33.43982],[117.31825,-33.45351],[117.28632,-33.46411],[117.29236,-33.47356],[117.25524,-33.4827],[117.25513,-33.50696],[117.12097,-33.51786],[117.0913,-33.51057],[117.0913,-33.49679],[117.06595,-33.50903],[117.05424,-33.50911],[117.04366,-33.49107],[117.01492,-33.50907],[116.98258,-33.4979],[116.98457,-33.63326],[117.09115,-33.6331],[117.09334,-33.64496],[117.10352,-33.63595],[117.16896,-33.64293],[117.1931,-33.63298],[117.21256,-33.63928],[117.21257,-33.64868],[117.23947,-33.65493],[117.23741,-33.64934],[117.28755,-33.64406],[117.42392,-33.64846],[117.4239,-33.62755],[117.45775,-33.62723],[117.4717,-33.61278],[117.4849,-33.61303],[117.48542,-33.59478],[117.50744,-33.59528],[117.50826,-33.56344],[117.56547,-33.56338],[117.56548,-33.55292],[117.57632,-33.55292],[117.59231,-33.53092],[117.63959,-33.52311],[117.63958,-33.50524],[117.64824,-33.50524],[117.64441,-33.48322],[117.65984,-33.48315],[117.6598,-33.46504],[117.6865,-33.46473],[117.69126,-33.43405],[117.66434,-33.43376],[117.66434,-33.40989],[117.63291,-33.40195]]]}},{"type":"Feature","properties":{"id":"woollahra","name":"Woollahra","level":2,"centroid":[151.2535,-33.8618],"bbox":[151.2192,-33.8909,151.2878,-33.8328]},"geometry":{"type":"Polygon","coordinates":[[[151.24088,-33.88991],[151.25371,-33.89087],[151.25744,-33.88881],[151.26431,-33.88797],[151.26879,-33.88387],[151.27041,-33.87766],[151.27729,-33.86855],[151.27831,-33.861],[151.28245,-33.85713],[151.28634,-33.85761],[151.28628,-33.85248],[151.28785,-33.85015],[151.28107,-33.83281],[151.27963,-33.83325],[151.27828,-33.83644],[151.2792,-33.83924],[151.27637,-33.84071],[151.28088,-33.84188],[151.28167,-33.84357],[151.28076,-33.84663],[151.27758,-33.84701],[151.27759,-33.85108],[151.27458,-33.84862],[151.27276,-33.85272],[151.27007,-33.84969],[151.27001,-33.84734],[151.26733,-33.85016],[151.26438,-33.85087],[151.26555,-33.85489],[151.269,-33.85816],[151.26831,-33.86243],[151.27057,-33.86591],[151.2676,-33.87022],[151.2628,-33.87032],[151.26179,-33.87226],[151.25626,-33.87148],[151.25343,-33.86907],[151.25667,-33.86424],[151.2538,-33.86499],[151.25146,-33.86383],[151.2485,-33.86632],[151.24949,-33.8706],[151.24605,-33.87214],[151.24614,-33.87341],[151.24301,-33.87379],[151.24101,-33.87251],[151.24194,-33.86862],[151.24058,-33.86662],[151.23702,-33.86705],[151.23499,-33.86784],[151.23424,-33.87357],[151.23261,-33.87479],[151.2306,-33.87408],[151.22784,-33.87904],[151.22479,-33.87902],[151.21921,-33.88161],[151.22147,-33.88357],[151.22809,-33.88541],[151.23392,-33.8897],[151.23727,-33.89069],[151.24088,-33.88991]]]}},{"type":"Feature","properties":{"id":"woorabinda","name":"Woorabinda","level":2,"centroid":[149.5477,-24.0336],"bbox":[149.32,-24.6403,149.7754,-23.427]},"geometry":{"type":"MultiPolygon","coordinates":[[[[149.32004,-24.61894],[149.32462,-24.63387],[149.38183,-24.64029],[149.39796,-24.62039],[149.40277,-24.62241],[149.4093,-24.60734],[149.3714,-24.59151],[149.36899,-24.60732],[149.3794,-24.60615],[149.37639,-24.61234],[149.32182,-24.60433],[149.32004,-24.61894]]],[[[149.49508,-23.98786],[149.39936,-24.1242],[149.40643,-24.13343],[149.40408,-24.14432],[149.37649,-24.16553],[149.35131,-24.19975],[149.37256,-24.2404],[149.46857,-24.21338],[149.47662,-24.19126],[149.48989,-24.1832],[149.50241,-24.16135],[149.50399,-24.01958],[149.51063,-23.99977],[149.50222,-23.99863],[149.49508,-23.98786]]],[[[149.75986,-23.67576],[149.77538,-23.65201],[149.76362,-23.63679],[149.71552,-23.63124],[149.7144,-23.6403],[149.72292,-23.64122],[149.71819,-23.66941],[149.75986,-23.67576]]],[[[149.49703,-23.56],[149.52699,-23.56347],[149.53197,-23.52729],[149.50259,-23.52318],[149.49703,-23.56]]],[[[149.75672,-23.47956],[149.75406,-23.45943],[149.74386,-23.45558],[149.73236,-23.44234],[149.73505,-23.43499],[149.72699,-23.42699],[149.63289,-23.46324],[149.6267,-23.45276],[149.61501,-23.45568],[149.61185,-23.46562],[149.61703,-23.50833],[149.62286,-23.51181],[149.64207,-23.50343],[149.6539,-23.50488],[149.66398,-23.51918],[149.65709,-23.53211],[149.66659,-23.53502],[149.69033,-23.52924],[149.70069,-23.53667],[149.71222,-23.52802],[149.7253,-23.5288],[149.73095,-23.50919],[149.72255,-23.49678],[149.75672,-23.47956]]]]}},{"type":"Feature","properties":{"id":"wudinna","name":"Wudinna","level":2,"centroid":[135.3917,-32.9774],"bbox":[134.8205,-33.3333,135.9629,-32.6216]},"geometry":{"type":"Polygon","coordinates":[[[135.88486,-33.33124],[135.88461,-33.30159],[135.88558,-33.28904],[135.88441,-33.28437],[135.88528,-33.28241],[135.88465,-33.25536],[135.8869,-33.25034],[135.88665,-33.24474],[135.89385,-33.234],[135.90085,-33.22847],[135.91087,-33.21416],[135.91499,-33.2109],[135.92577,-33.20564],[135.93564,-33.19119],[135.94655,-33.18263],[135.9577,-33.16982],[135.9615,-33.16772],[135.96292,-33.16338],[135.96044,-33.14368],[135.96116,-33.13821],[135.95995,-33.13636],[135.96124,-33.13364],[135.88342,-33.12931],[135.85236,-33.11272],[135.84199,-33.10927],[135.82597,-33.1075],[135.82564,-33.05544],[135.65326,-33.05635],[135.6531,-32.91112],[135.5902,-32.91142],[135.59268,-32.92667],[135.59457,-32.93247],[135.59704,-32.93397],[135.59613,-32.93626],[135.57168,-32.93641],[135.57157,-32.91151],[135.48084,-32.91196],[135.48007,-32.80681],[135.46207,-32.80879],[135.46036,-32.80676],[135.45439,-32.80834],[135.42456,-32.81109],[135.41984,-32.81001],[135.41243,-32.81076],[135.40814,-32.81271],[135.40681,-32.81136],[135.39933,-32.81032],[135.39799,-32.80872],[135.38748,-32.80617],[135.38791,-32.8098],[135.37828,-32.81333],[135.3781,-32.81466],[135.36872,-32.81272],[135.36371,-32.81499],[135.35966,-32.81507],[135.35956,-32.76741],[135.30852,-32.76748],[135.30851,-32.62161],[135.13659,-32.6222],[135.13652,-32.64702],[134.97505,-32.6472],[134.97497,-32.76747],[134.8205,-32.76728],[134.82084,-33.1406],[135.13713,-33.1408],[135.13742,-33.33328],[135.88486,-33.33124]]]}},{"type":"Feature","properties":{"id":"wujal-wujal","name":"Wujal Wujal","level":2,"centroid":[145.3152,-15.9656],"bbox":[145.2872,-15.9951,145.3433,-15.9362]},"geometry":{"type":"Polygon","coordinates":[[[145.31876,-15.93619],[145.31585,-15.94028],[145.31733,-15.94276],[145.31596,-15.94249],[145.31676,-15.94412],[145.31425,-15.94529],[145.31582,-15.94589],[145.31226,-15.94822],[145.31545,-15.95332],[145.31304,-15.95608],[145.31713,-15.96102],[145.31421,-15.9621],[145.31139,-15.96125],[145.31097,-15.96345],[145.30844,-15.96176],[145.30415,-15.96073],[145.30422,-15.96438],[145.30233,-15.96679],[145.29618,-15.96907],[145.29538,-15.97179],[145.29984,-15.97695],[145.29597,-15.98043],[145.28761,-15.98074],[145.2889,-15.98528],[145.28718,-15.99302],[145.28958,-15.99249],[145.29165,-15.99451],[145.29466,-15.99509],[145.29668,-15.99351],[145.29709,-15.99132],[145.30167,-15.99021],[145.30241,-15.98853],[145.3052,-15.98878],[145.30768,-15.98569],[145.30875,-15.98265],[145.31296,-15.9833],[145.31412,-15.98012],[145.31696,-15.97658],[145.31891,-15.97571],[145.32296,-15.96993],[145.3268,-15.96727],[145.33181,-15.96666],[145.33286,-15.96532],[145.34242,-15.96016],[145.34326,-15.95591],[145.33976,-15.95346],[145.34048,-15.9525],[145.33873,-15.95127],[145.33963,-15.95006],[145.33925,-15.94873],[145.33784,-15.94768],[145.33685,-15.95039],[145.33785,-15.95262],[145.33714,-15.95444],[145.33529,-15.95461],[145.33455,-15.95603],[145.33199,-15.9556],[145.33098,-15.95419],[145.32867,-15.95779],[145.32026,-15.95691],[145.3198,-15.94826],[145.32173,-15.94356],[145.32345,-15.9427],[145.32547,-15.94305],[145.3262,-15.93696],[145.31876,-15.93619]]]}},{"type":"Feature","properties":{"id":"wyalkatchem","name":"Wyalkatchem","level":2,"centroid":[117.4468,-31.1952],"bbox":[117.2396,-31.4391,117.654,-30.9513]},"geometry":{"type":"Polygon","coordinates":[[[117.3768,-31.43374],[117.43567,-31.43911],[117.43567,-31.40784],[117.46754,-31.40776],[117.46755,-31.37285],[117.62196,-31.36917],[117.62201,-31.37832],[117.65404,-31.37827],[117.65401,-31.36902],[117.64224,-31.36831],[117.64212,-31.31913],[117.60432,-31.31919],[117.60006,-31.30087],[117.6165,-31.08268],[117.61425,-31.03729],[117.59655,-31.01792],[117.62112,-31.00568],[117.621,-30.95131],[117.59232,-30.96005],[117.58347,-30.95383],[117.57452,-30.96056],[117.5468,-30.95357],[117.53413,-30.97214],[117.51816,-30.97937],[117.51441,-30.97076],[117.49561,-30.96945],[117.49339,-30.98384],[117.43825,-30.9751],[117.43834,-30.96335],[117.38479,-30.96817],[117.38145,-30.96162],[117.3744,-30.96605],[117.3857,-30.97174],[117.36329,-30.97766],[117.35488,-31.00186],[117.24781,-31.00187],[117.24665,-31.07054],[117.25744,-31.08719],[117.24855,-31.08729],[117.25187,-31.10466],[117.24244,-31.11307],[117.24727,-31.12962],[117.24098,-31.12962],[117.23963,-31.18971],[117.25039,-31.18575],[117.25692,-31.19959],[117.26821,-31.19957],[117.27255,-31.23578],[117.26641,-31.24936],[117.24859,-31.24936],[117.24857,-31.25921],[117.2618,-31.25922],[117.26176,-31.27524],[117.25334,-31.27524],[117.25324,-31.28247],[117.26262,-31.28808],[117.259,-31.31152],[117.26464,-31.31153],[117.26462,-31.32764],[117.28023,-31.32761],[117.27024,-31.40259],[117.29038,-31.40379],[117.29042,-31.39454],[117.31902,-31.39658],[117.33826,-31.41114],[117.33515,-31.43666],[117.3768,-31.43374]]]}},{"type":"Feature","properties":{"id":"wyndham","name":"Wyndham","level":2,"centroid":[144.6357,-37.8917],"bbox":[144.4441,-38.0025,144.8274,-37.781]},"geometry":{"type":"Polygon","coordinates":[[[144.75098,-37.81045],[144.58877,-37.79312],[144.57819,-37.79939],[144.58236,-37.80144],[144.57742,-37.8069],[144.57757,-37.80412],[144.56758,-37.79888],[144.5488,-37.79713],[144.53269,-37.78726],[144.47768,-37.781],[144.46685,-37.83908],[144.44899,-37.83705],[144.44407,-37.86402],[144.44895,-37.86856],[144.45471,-37.8676],[144.46933,-37.88418],[144.47291,-37.88276],[144.47203,-37.88782],[144.4808,-37.89032],[144.47955,-37.89522],[144.48478,-37.90897],[144.47812,-37.91078],[144.47695,-37.92207],[144.48262,-37.92326],[144.47504,-37.9281],[144.47712,-37.93212],[144.47402,-37.93567],[144.48136,-37.94417],[144.47715,-37.94527],[144.47989,-37.94993],[144.48885,-37.96087],[144.49646,-37.9642],[144.49578,-37.97437],[144.50711,-37.9738],[144.50865,-37.97833],[144.5187,-37.981],[144.52296,-37.97978],[144.52407,-37.97336],[144.54755,-37.97186],[144.55465,-37.98477],[144.56783,-37.9845],[144.57339,-37.99435],[144.57203,-37.99785],[144.58022,-38.00246],[144.65018,-38.00201],[144.68835,-37.97362],[144.70237,-37.97115],[144.73559,-37.94312],[144.79918,-37.92316],[144.79753,-37.90666],[144.80451,-37.89434],[144.79735,-37.89964],[144.78142,-37.89947],[144.77279,-37.88495],[144.76333,-37.88357],[144.76239,-37.88866],[144.75172,-37.88665],[144.75239,-37.87645],[144.75481,-37.86955],[144.7662,-37.86474],[144.77062,-37.85538],[144.76894,-37.85118],[144.81964,-37.82768],[144.82742,-37.82282],[144.82677,-37.81689],[144.75098,-37.81045]]]}},{"type":"Feature","properties":{"id":"wyndham-east-kimberley","name":"Wyndham-East Kimberley","level":2,"centroid":[126.6852,-15.5385],"bbox":[124.3688,-17.3363,129.0015,-13.7408]},"geometry":{"type":"MultiPolygon","coordinates":[[[[124.50364,-15.38464],[124.65475,-15.39969],[124.57132,-15.24537],[124.50364,-15.38464]]],[[[127.56421,-16.84256],[127.7153,-16.76933],[127.6519,-17.33629],[128.20249,-16.92347],[129.00047,-16.97932],[129.00149,-14.87959],[128.39343,-14.80444],[128.51899,-15.01474],[128.35821,-14.88502],[128.41038,-15.03206],[128.31392,-14.92567],[128.19404,-15.0935],[128.34165,-15.50127],[128.12831,-15.18367],[127.99879,-15.51809],[128.21964,-14.71635],[127.43008,-13.94294],[127.14243,-13.98212],[126.9611,-13.74077],[126.74345,-13.78935],[126.90538,-13.98522],[126.70534,-13.97391],[126.60167,-14.23581],[126.44947,-14.08372],[126.57124,-13.9405],[126.25364,-14.23916],[126.21583,-13.96757],[126.00993,-13.92672],[126.16973,-14.14617],[125.91375,-14.66045],[125.80356,-14.44419],[125.64691,-14.64818],[125.62922,-14.23356],[125.59934,-14.56263],[125.25795,-14.59386],[125.2133,-14.96932],[125.48161,-14.99857],[125.35766,-15.10836],[125.48134,-15.15479],[125.16325,-15.15135],[125.0743,-14.97575],[124.83527,-15.18088],[125.05604,-15.16442],[124.89792,-15.33991],[125.11893,-15.2556],[125.07004,-15.44023],[125.42113,-15.69606],[124.70504,-15.25338],[124.6742,-15.49807],[124.36882,-15.67186],[124.4986,-15.99805],[124.70479,-15.74105],[124.63804,-15.99856],[126.00128,-15.99857],[125.96229,-16.72199],[126.63905,-16.70017],[126.63905,-16.84705],[126.9536,-16.84705],[126.9536,-17.108],[127.56421,-16.84256]]]]}},{"type":"Feature","properties":{"id":"yalgoo","name":"Yalgoo","level":2,"centroid":[117.1582,-28.4879],"bbox":[116.0326,-29.8013,118.2839,-27.1744]},"geometry":{"type":"Polygon","coordinates":[[[117.25598,-27.26521],[117.25598,-27.1744],[117.03267,-27.1744],[117.03267,-27.30512],[116.86895,-27.30512],[116.86896,-27.40433],[116.82931,-27.26812],[116.71709,-27.26812],[116.73994,-27.67025],[116.45359,-27.6042],[116.40478,-27.7511],[116.16837,-27.77445],[116.16829,-28.0485],[116.05327,-28.01277],[116.05328,-28.11975],[116.24037,-28.11975],[116.24037,-28.18423],[116.0326,-28.19875],[116.0326,-28.25321],[116.16934,-28.25321],[116.22679,-28.33189],[116.2597,-28.59586],[116.16856,-28.60346],[116.23032,-28.79677],[116.08399,-28.8365],[116.34589,-28.95228],[116.38205,-29.09388],[116.54651,-29.08174],[116.5463,-28.90805],[116.62581,-28.86641],[116.83831,-28.86579],[116.93354,-29.07093],[117.05162,-29.06174],[117.03177,-29.18643],[117.15307,-29.18643],[117.15307,-29.26205],[117.02895,-29.26204],[117.02895,-29.44213],[117.10155,-29.44213],[117.10097,-29.80131],[117.50199,-29.8013],[117.57597,-29.61793],[117.70326,-29.67548],[117.69524,-29.61242],[117.93206,-29.61242],[117.92733,-29.32856],[117.77361,-29.27769],[117.77378,-29.11062],[118.15471,-29.14763],[118.15472,-29.08576],[118.28387,-29.08575],[118.28387,-28.95154],[118.07655,-28.96106],[118.08645,-28.65704],[117.79125,-28.78547],[117.76019,-28.69299],[117.55622,-28.693],[117.55622,-28.46455],[117.46999,-28.46455],[117.42415,-28.31581],[117.26595,-28.24793],[117.2215,-27.81044],[117.3691,-27.81044],[117.3691,-27.75961],[117.28376,-27.75958],[117.3409,-27.6087],[117.16661,-27.6087],[117.1772,-27.29381],[117.25598,-27.26521]]]}},{"type":"Feature","properties":{"id":"yankalilla","name":"Yankalilla","level":2,"centroid":[138.3423,-35.4939],"bbox":[138.0939,-35.6651,138.5907,-35.3227]},"geometry":{"type":"Polygon","coordinates":[[[138.51634,-35.32269],[138.49178,-35.33758],[138.48332,-35.3478],[138.45762,-35.35023],[138.44298,-35.34253],[138.43995,-35.35141],[138.41133,-35.36602],[138.36266,-35.37847],[138.33221,-35.40266],[138.29015,-35.47245],[138.24255,-35.50199],[138.21444,-35.50983],[138.19436,-35.52347],[138.1655,-35.51936],[138.12744,-35.55536],[138.10869,-35.59244],[138.09392,-35.60339],[138.09617,-35.62521],[138.15689,-35.65815],[138.19137,-35.66508],[138.23206,-35.65958],[138.2756,-35.6394],[138.41003,-35.64056],[138.42766,-35.63025],[138.43726,-35.62994],[138.44417,-35.60572],[138.44174,-35.57982],[138.4585,-35.5689],[138.44971,-35.56024],[138.44105,-35.54019],[138.45191,-35.54023],[138.45201,-35.53075],[138.4717,-35.53271],[138.46779,-35.52804],[138.47357,-35.52816],[138.4741,-35.47397],[138.46939,-35.46606],[138.45602,-35.46867],[138.45127,-35.46096],[138.46137,-35.45093],[138.46245,-35.44219],[138.48231,-35.43212],[138.48628,-35.41839],[138.49389,-35.41514],[138.50867,-35.41798],[138.52638,-35.40759],[138.52625,-35.40211],[138.53794,-35.3996],[138.54129,-35.40318],[138.55103,-35.39668],[138.56846,-35.39655],[138.58424,-35.38964],[138.58719,-35.38177],[138.58231,-35.37746],[138.59067,-35.36957],[138.58708,-35.3562],[138.57584,-35.35134],[138.54086,-35.36168],[138.5351,-35.35939],[138.53735,-35.35521],[138.52533,-35.35525],[138.52509,-35.34122],[138.51576,-35.33718],[138.52154,-35.32913],[138.51634,-35.32269]]]}},{"type":"Feature","properties":{"id":"yarra","name":"Yarra","level":2,"centroid":[145.0034,-37.8049],"bbox":[144.9615,-37.8345,145.0453,-37.7753]},"geometry":{"type":"Polygon","coordinates":[[[145.03598,-37.77887],[145.01234,-37.78418],[145.00182,-37.78305],[144.99783,-37.78562],[144.99212,-37.78262],[144.98852,-37.77639],[144.97889,-37.77529],[144.97812,-37.7802],[144.96148,-37.77818],[144.964,-37.78242],[144.96359,-37.78499],[144.96952,-37.78561],[144.9684,-37.79225],[144.97572,-37.79303],[144.97319,-37.80791],[144.99136,-37.80972],[144.98794,-37.82961],[144.99138,-37.83314],[145.00336,-37.83451],[145.0046,-37.83116],[145.00955,-37.83353],[145.01315,-37.83053],[145.02101,-37.83205],[145.02457,-37.83449],[145.02837,-37.83113],[145.02314,-37.82804],[145.02183,-37.82541],[145.01832,-37.8262],[145.01625,-37.82468],[145.01439,-37.81617],[145.01574,-37.81061],[145.00953,-37.81046],[145.00837,-37.80751],[144.99997,-37.80659],[145.00016,-37.80428],[145.00459,-37.80533],[145.0077,-37.80345],[144.99932,-37.79711],[145.00337,-37.79574],[145.00484,-37.79809],[145.00927,-37.79632],[145.00658,-37.79896],[145.00681,-37.80081],[145.01291,-37.79922],[145.01636,-37.80294],[145.02033,-37.80337],[145.01853,-37.80009],[145.02087,-37.7984],[145.01386,-37.79359],[145.01414,-37.7921],[145.0196,-37.79229],[145.0131,-37.78573],[145.0282,-37.78689],[145.0319,-37.78992],[145.04088,-37.78966],[145.04126,-37.78609],[145.04313,-37.78695],[145.04525,-37.78406],[145.04037,-37.7853],[145.03688,-37.78201],[145.03859,-37.77932],[145.03598,-37.77887]]]}},{"type":"Feature","properties":{"id":"yarra-ranges","name":"Yarra Ranges","level":2,"centroid":[145.7375,-37.7509],"bbox":[145.2831,-37.9747,146.1919,-37.5271]},"geometry":{"type":"Polygon","coordinates":[[[146.19193,-37.58752],[146.18601,-37.53481],[145.82633,-37.52812],[145.80919,-37.56438],[145.73869,-37.56638],[145.73735,-37.59398],[145.67586,-37.62418],[145.61493,-37.57103],[145.58615,-37.56731],[145.5626,-37.59323],[145.53148,-37.55685],[145.46992,-37.55766],[145.43782,-37.54586],[145.44054,-37.53342],[145.40346,-37.52712],[145.36642,-37.54511],[145.35389,-37.6439],[145.33104,-37.69215],[145.31706,-37.69199],[145.32205,-37.70745],[145.2936,-37.71222],[145.28313,-37.73325],[145.30789,-37.77754],[145.30429,-37.82152],[145.31681,-37.81815],[145.31776,-37.84494],[145.34763,-37.8594],[145.30215,-37.8642],[145.30454,-37.88797],[145.32425,-37.89945],[145.29453,-37.90033],[145.30387,-37.93342],[145.29319,-37.96485],[145.38344,-37.97472],[145.38554,-37.9277],[145.50771,-37.89982],[145.52686,-37.88531],[145.51914,-37.85774],[145.56905,-37.89798],[145.62793,-37.90401],[145.62588,-37.91754],[145.67071,-37.90713],[145.68686,-37.8808],[145.72155,-37.88523],[145.74828,-37.90752],[145.81762,-37.85774],[145.80426,-37.85099],[145.80845,-37.82968],[145.79373,-37.8262],[145.8091,-37.80764],[145.82855,-37.81231],[145.84471,-37.79761],[145.92639,-37.82963],[145.91747,-37.77751],[145.94362,-37.75822],[146.03864,-37.77444],[146.0891,-37.75378],[146.13377,-37.78801],[146.16323,-37.74734],[146.13555,-37.70206],[146.13095,-37.6439],[146.16483,-37.62298],[146.1613,-37.59625],[146.19193,-37.58752]]]}},{"type":"Feature","properties":{"id":"yarrabah","name":"Yarrabah","level":2,"centroid":[145.9009,-17.0176],"bbox":[145.8372,-17.1705,145.9646,-16.8648]},"geometry":{"type":"Polygon","coordinates":[[[145.96456,-17.17046],[145.95293,-17.1577],[145.94921,-17.13069],[145.92902,-17.11732],[145.92233,-17.10748],[145.91603,-17.08701],[145.89198,-17.06426],[145.88917,-17.05567],[145.89086,-17.03017],[145.90089,-17.00744],[145.89666,-16.99683],[145.90071,-16.98167],[145.92742,-16.95037],[145.93433,-16.94751],[145.93565,-16.94131],[145.92942,-16.92837],[145.93102,-16.92298],[145.94429,-16.90651],[145.95619,-16.90547],[145.95482,-16.89715],[145.95766,-16.89656],[145.95333,-16.88987],[145.94779,-16.89113],[145.92767,-16.86561],[145.9159,-16.86476],[145.91907,-16.87357],[145.90872,-16.88826],[145.90666,-16.89705],[145.89755,-16.89527],[145.88314,-16.9072],[145.86261,-16.90388],[145.86319,-16.89114],[145.8506,-16.87923],[145.84781,-16.88532],[145.85189,-16.89415],[145.83724,-16.89916],[145.85448,-16.91919],[145.84858,-16.92447],[145.84829,-16.9295],[145.86548,-16.95097],[145.8589,-16.9712],[145.85299,-16.97815],[145.85801,-16.98618],[145.85311,-17.00346],[145.85785,-17.00901],[145.85312,-17.01617],[145.8579,-17.02279],[145.85254,-17.02766],[145.86497,-17.04608],[145.86302,-17.05668],[145.87697,-17.07843],[145.88123,-17.0918],[145.8955,-17.10135],[145.89237,-17.10495],[145.89717,-17.11555],[145.91175,-17.13281],[145.91241,-17.14086],[145.92505,-17.15891],[145.92458,-17.16536],[145.96456,-17.17046]]]}},{"type":"Feature","properties":{"id":"yarriambiack","name":"Yarriambiack","level":2,"centroid":[142.4045,-36.0262],"bbox":[141.9922,-36.7615,142.8168,-35.2908]},"geometry":{"type":"Polygon","coordinates":[[[142.53585,-35.3029],[142.28942,-35.29085],[142.24394,-35.31094],[142.1951,-35.31314],[142.18129,-35.33184],[142.19907,-35.35373],[142.17909,-35.35399],[142.17365,-35.37586],[142.20684,-35.45008],[142.16851,-35.44985],[142.16686,-35.47843],[142.14222,-35.48013],[142.10064,-35.46636],[141.99748,-35.46349],[141.99223,-35.71074],[142.01017,-35.75522],[141.99712,-35.86743],[142.23904,-35.86831],[142.239,-35.99787],[142.16845,-35.99785],[142.16589,-36.43265],[142.40481,-36.44947],[142.38206,-36.57382],[142.38903,-36.58988],[142.37188,-36.61326],[142.36985,-36.64603],[142.40014,-36.69936],[142.46263,-36.73484],[142.46959,-36.76149],[142.73155,-36.76135],[142.7141,-36.72102],[142.76387,-36.65672],[142.79467,-36.6395],[142.81641,-36.59424],[142.81638,-36.57232],[142.7317,-36.55081],[142.73191,-36.49772],[142.78943,-36.4959],[142.78938,-36.47326],[142.81674,-36.45956],[142.81675,-36.43748],[142.79862,-36.43754],[142.79871,-36.40808],[142.73182,-36.40522],[142.74296,-36.39306],[142.73156,-36.37572],[142.73164,-36.29857],[142.71924,-36.3072],[142.7431,-36.26458],[142.7221,-36.26229],[142.72211,-36.23943],[142.74755,-36.15385],[142.72785,-36.14778],[142.73178,-36.10335],[142.68087,-36.09632],[142.63158,-36.12527],[142.60425,-36.12045],[142.59757,-35.93202],[142.60113,-35.73641],[142.72176,-35.73598],[142.72247,-35.47527],[142.5433,-35.47577],[142.53585,-35.3029]]]}},{"type":"Feature","properties":{"id":"yass-valley","name":"Yass Valley","level":2,"centroid":[148.9724,-34.9262],"bbox":[148.5223,-35.3169,149.4226,-34.5356]},"geometry":{"type":"Polygon","coordinates":[[[148.5483,-35.13216],[148.58209,-35.1517],[148.58158,-35.19231],[148.54422,-35.23933],[148.75311,-35.25785],[148.7672,-35.27357],[148.76388,-35.31692],[148.80373,-35.31676],[149.12095,-35.1244],[149.18561,-35.16111],[149.18955,-35.20331],[149.20071,-35.2054],[149.23434,-35.18163],[149.32436,-35.15754],[149.3756,-35.09817],[149.38019,-35.00592],[149.42256,-34.92952],[149.38715,-34.9215],[149.37465,-34.94874],[149.33673,-34.94876],[149.34637,-34.92304],[149.3306,-34.91003],[149.28045,-34.91166],[149.27103,-34.88668],[149.22974,-34.90537],[149.15625,-34.87543],[149.12193,-34.88877],[149.11211,-34.86559],[149.06793,-34.85523],[149.06055,-34.83114],[149.04346,-34.82899],[149.04271,-34.80292],[149.022,-34.78098],[149.03803,-34.76738],[149.02601,-34.72757],[148.99036,-34.70621],[148.96535,-34.71827],[148.93801,-34.70332],[148.94763,-34.64409],[148.89089,-34.64261],[148.89504,-34.62354],[148.84177,-34.56585],[148.71558,-34.566],[148.71146,-34.55271],[148.67549,-34.54866],[148.68016,-34.53557],[148.65365,-34.54241],[148.64731,-34.56273],[148.67039,-34.58924],[148.65959,-34.61428],[148.59506,-34.61873],[148.56442,-34.70107],[148.58152,-34.80679],[148.56341,-34.80552],[148.55865,-34.85934],[148.52788,-34.87223],[148.52227,-34.90146],[148.54999,-34.91012],[148.53213,-34.99133],[148.5831,-35.00263],[148.56463,-35.05717],[148.5733,-35.07721],[148.5483,-35.13216]]]}},{"type":"Feature","properties":{"id":"yilgarn","name":"Yilgarn","level":2,"centroid":[119.2586,-30.908],"bbox":[118.5032,-32.2036,120.0139,-29.6124]},"geometry":{"type":"Polygon","coordinates":[[[120.0139,-30.16112],[118.50322,-29.61242],[118.50793,-30.20329],[118.75149,-30.63279],[118.75519,-30.72096],[118.77287,-30.72095],[118.77292,-30.7579],[118.75862,-30.75811],[118.76121,-30.77043],[118.78486,-30.77043],[118.78487,-30.81152],[118.85964,-30.81748],[118.85965,-30.82726],[118.87724,-30.82725],[118.87725,-30.83747],[118.91735,-30.84718],[118.91182,-30.86262],[118.92832,-30.86262],[118.92967,-30.88529],[118.94392,-30.8952],[118.95749,-30.9263],[118.94558,-30.93378],[118.91983,-30.93434],[118.91841,-30.96757],[118.86342,-30.96213],[118.86342,-31.00724],[118.87431,-31.0207],[118.87046,-31.07487],[118.8439,-31.07486],[118.84855,-31.12096],[118.82356,-31.121],[118.82361,-31.14913],[118.81109,-31.14902],[118.81009,-31.21789],[118.77212,-31.2179],[118.77212,-31.24356],[118.75897,-31.24356],[118.73867,-31.25936],[118.73955,-31.32848],[118.76279,-31.32846],[118.76282,-31.35295],[118.74037,-31.35297],[118.74101,-31.55536],[118.75508,-31.55534],[118.75512,-31.61844],[118.80434,-31.61841],[118.80444,-31.69553],[118.73893,-31.69557],[118.91016,-31.90367],[118.97933,-31.96796],[119.09161,-31.96291],[119.09162,-31.97579],[119.13471,-31.97157],[119.13475,-32.01372],[119.17595,-32.01373],[119.17595,-32.08186],[119.18516,-32.08186],[119.18518,-32.10035],[119.08755,-32.10036],[119.17905,-32.20344],[120.00971,-32.20358],[120.0139,-30.16112]]]}},{"type":"Feature","properties":{"id":"york","name":"York","level":2,"centroid":[116.7217,-31.917],"bbox":[116.285,-32.1398,117.1583,-31.6941]},"geometry":{"type":"Polygon","coordinates":[[[116.28498,-32.11314],[116.34418,-32.11309],[116.34404,-32.09356],[116.44546,-32.08313],[116.44511,-32.11169],[116.50925,-32.11167],[116.50938,-32.13976],[116.61422,-32.13982],[116.61533,-32.11167],[116.67338,-32.11096],[116.68287,-32.12679],[116.71021,-32.11503],[116.70107,-32.09967],[116.72867,-32.0795],[116.71802,-32.06174],[116.73948,-32.05227],[116.75601,-32.08051],[116.82006,-32.05279],[116.81163,-32.04009],[116.92143,-31.99176],[116.93371,-31.99934],[117.04256,-31.96187],[117.05615,-31.97938],[117.05381,-31.96898],[117.06433,-31.96442],[117.09962,-31.98182],[117.08765,-31.95949],[117.10511,-31.94501],[117.09643,-31.93052],[117.14178,-31.91056],[117.11099,-31.8853],[117.15832,-31.85663],[117.12377,-31.79992],[117.10667,-31.80724],[117.07531,-31.79777],[117.05766,-31.77007],[117.01417,-31.78392],[116.93627,-31.69411],[116.90389,-31.69938],[116.92382,-31.7169],[116.87417,-31.73743],[116.87291,-31.76522],[116.85561,-31.74398],[116.82695,-31.75636],[116.81218,-31.73169],[116.78564,-31.74328],[116.77606,-31.72726],[116.75422,-31.73968],[116.74793,-31.72867],[116.57419,-31.80961],[116.54032,-31.80336],[116.5095,-31.81843],[116.54322,-31.88083],[116.55665,-31.88579],[116.52115,-31.91344],[116.41514,-31.90932],[116.40908,-32.01231],[116.30281,-32.00502],[116.30257,-32.02319],[116.32375,-32.02343],[116.32347,-32.06255],[116.285,-32.06209],[116.28498,-32.11314]]]}},{"type":"Feature","properties":{"id":"yorke-peninsula","name":"Yorke Peninsula","level":2,"centroid":[137.4748,-34.6926],"bbox":[136.8223,-35.3004,138.1273,-34.0849]},"geometry":{"type":"Polygon","coordinates":[[[137.91865,-34.09287],[137.53854,-34.0968],[137.51484,-34.1353],[137.44986,-34.1355],[137.49991,-34.22649],[137.50031,-34.31199],[137.47609,-34.39245],[137.44666,-34.39803],[137.41516,-34.45958],[137.42703,-34.47258],[137.46318,-34.42666],[137.4832,-34.43926],[137.47382,-34.51129],[137.50945,-34.61794],[137.45961,-34.80762],[137.45019,-34.90811],[137.37495,-34.95373],[137.34696,-34.92979],[137.30925,-34.92781],[137.27649,-34.89389],[137.09338,-34.91993],[137.01362,-34.89297],[137.01256,-34.92047],[136.97639,-34.94123],[136.96825,-35.0004],[136.93029,-35.02904],[136.96108,-35.08229],[136.94113,-35.1291],[136.89762,-35.15666],[136.88834,-35.18524],[136.84575,-35.19009],[136.84643,-35.22881],[136.82232,-35.244],[136.84857,-35.28209],[136.88274,-35.30035],[136.94155,-35.28324],[137.00236,-35.22301],[137.11144,-35.24292],[137.174,-35.23735],[137.23775,-35.1645],[137.33489,-35.16784],[137.35227,-35.13395],[137.42285,-35.09808],[137.55482,-35.11744],[137.63751,-35.16819],[137.67789,-35.16773],[137.69732,-35.14152],[137.75912,-35.11434],[137.72474,-35.05373],[137.764,-35.04059],[137.75731,-34.99656],[137.80503,-34.91217],[137.80007,-34.87753],[137.86503,-34.7779],[137.87682,-34.6684],[137.90768,-34.61585],[137.88088,-34.60518],[137.87565,-34.58553],[137.91598,-34.43079],[138.0071,-34.34902],[138.02174,-34.28506],[138.00155,-34.25704],[138.04603,-34.17078],[138.07742,-34.13354],[138.12726,-34.13191],[138.1184,-34.09503],[138.08121,-34.08494],[138.03376,-34.12157],[138.01249,-34.09291],[137.91865,-34.09287]]]}}]}