{"type":"FeatureCollection","features":[{"type":"Feature","properties":{"id":"d-abbottabad","name":"Abbottabad","level":2,"centroid":[73.2465,34.1562],"bbox":[72.944,33.8605,73.4758,34.4367]},"geometry":{"type":"Polygon","coordinates":[[[73.4067,34.4367],[73.3143,34.4271],[73.3102,34.389],[73.2958,34.3643],[73.2107,34.3208],[73.1628,34.3109],[73.152,34.2911],[73.104,34.2871],[73.098,34.2732],[73.0741,34.2673],[73.0465,34.2901],[73.0046,34.2911],[72.989,34.2881],[72.9746,34.2673],[72.944,34.2647],[72.9569,34.2256],[73.0413,34.1666],[73.0428,34.1432],[73.0631,34.1137],[73.0596,34.0799],[73.1033,34.0633],[73.1205,34.0466],[73.1241,34.0027],[73.0934,33.9868],[73.0919,33.9627],[73.1671,33.9474],[73.1793,33.9353],[73.189,33.8605],[73.2001,33.8738],[73.2603,33.8867],[73.274,33.9166],[73.3736,34.0255],[73.4731,34.0622],[73.4758,34.1521],[73.4384,34.2454],[73.3969,34.2908],[73.3905,34.3222],[73.3969,34.4205],[73.4067,34.4367]]]}},{"type":"Feature","properties":{"id":"d-astore","name":"Astore","level":2,"centroid":[74.8707,35.1866],"bbox":[74.3987,34.7242,75.2593,35.8592]},"geometry":{"type":"Polygon","coordinates":[[[75.2468,34.7242],[75.2466,34.7964],[75.2405,34.8182],[75.2222,34.8274],[75.2161,34.8675],[75.1876,34.8942],[75.1316,34.9],[75.1082,34.9201],[75.1377,34.9609],[75.1896,34.9918],[75.1957,35.0151],[75.214,35.0277],[75.2234,35.1342],[75.2306,35.1528],[75.258,35.1693],[75.2593,35.1816],[75.2462,35.2029],[75.2013,35.2157],[75.1707,35.2391],[75.1713,35.3481],[75.1452,35.3677],[75.1394,35.3943],[75.1159,35.4198],[75.0834,35.4304],[75.0801,35.4453],[75.0423,35.4516],[75.0208,35.4702],[75.0052,35.4707],[74.9954,35.4951],[74.9257,35.5227],[74.8508,35.5805],[74.8547,35.6366],[74.8834,35.6514],[74.8892,35.6705],[74.8873,35.7118],[74.8599,35.7213],[74.827,35.7634],[74.8201,35.7529],[74.7935,35.7456],[74.755,35.7562],[74.7407,35.8048],[74.7498,35.8444],[74.7335,35.8592],[74.6703,35.8576],[74.6566,35.8465],[74.6475,35.7842],[74.6254,35.7636],[74.6234,35.6652],[74.5806,35.627],[74.6514,35.6181],[74.654,35.5482],[74.6749,35.5296],[74.6755,35.5073],[74.7081,35.4808],[74.6996,35.347],[74.6951,35.3353],[74.6755,35.3295],[74.6677,35.3061],[74.6097,35.2742],[74.6078,35.2603],[74.5316,35.2556],[74.5055,35.2306],[74.4703,35.23],[74.4579,35.2109],[74.4358,35.2061],[74.4228,35.1635],[74.4013,35.1422],[74.3987,35.0995],[74.4083,35.0648],[74.4686,35.0882],[74.5296,35.0835],[74.547,35.0732],[74.5712,35.0486],[74.5809,35.0217],[74.5993,35.013],[74.6031,34.9503],[74.6235,34.9218],[74.6351,34.8757],[74.7444,34.8408],[74.8247,34.7717],[74.8644,34.751],[74.9554,34.7264],[75.2468,34.7242]]]}},{"type":"Feature","properties":{"id":"d-attock","name":"Attock","level":2,"centroid":[72.284,33.459],"bbox":[71.655,32.955,72.8302,34.0041]},"geometry":{"type":"Polygon","coordinates":[[[71.7818,32.974],[71.8011,32.9997],[71.8433,33.0053],[71.8521,33.0196],[71.8788,33.0282],[71.8847,33.045],[71.9387,33.0549],[71.9646,33.071],[72.0379,33.0704],[72.0645,33.0512],[72.0845,33.0506],[72.1541,33.0989],[72.2081,33.0754],[72.3554,33.076],[72.402,33.0983],[72.4212,33.0983],[72.4301,33.1175],[72.4486,33.1188],[72.4575,33.1436],[72.473,33.1479],[72.5026,33.1789],[72.5811,33.1715],[72.5929,33.1826],[72.5959,33.2037],[72.6432,33.2408],[72.6314,33.2755],[72.6514,33.2984],[72.6543,33.3355],[72.695,33.3435],[72.7165,33.3868],[72.7328,33.3942],[72.7572,33.4319],[72.8246,33.4467],[72.8283,33.4763],[72.7787,33.5177],[72.7713,33.5726],[72.701,33.5892],[72.6928,33.6323],[72.7091,33.6416],[72.7069,33.6662],[72.6299,33.7364],[72.6388,33.7721],[72.6603,33.7801],[72.6728,33.8035],[72.7254,33.7739],[72.8302,33.803],[72.8274,33.8533],[72.8043,33.8917],[72.7624,33.9027],[72.7393,33.9411],[72.7019,33.9201],[72.6909,33.8927],[72.6689,33.8826],[72.6237,33.8835],[72.6138,33.8972],[72.6248,33.9192],[72.616,33.942],[72.5918,33.9575],[72.5632,33.9612],[72.54,34.0041],[72.4509,34.0013],[72.3914,33.9685],[72.3705,33.9374],[72.3287,33.931],[72.2406,33.8689],[72.2362,33.771],[72.2263,33.7564],[72.1954,33.7371],[72.0865,33.7362],[72.0226,33.695],[71.9653,33.5869],[71.9499,33.5749],[71.9433,33.4584],[71.918,33.4455],[71.8938,33.4069],[71.8586,33.3775],[71.8057,33.3665],[71.7187,33.3168],[71.7176,33.2754],[71.6945,33.257],[71.6967,33.2174],[71.7452,33.1722],[71.7474,33.1298],[71.7385,33.1031],[71.7066,33.0717],[71.655,33.0561],[71.6587,33.0132],[71.6784,33.0035],[71.6888,32.955],[71.7385,32.955],[71.7818,32.974]]]}},{"type":"Feature","properties":{"id":"d-awaran","name":"Awaran","level":2,"centroid":[65.4401,26.1933],"bbox":[64.1633,25.446,66.3336,27.393]},"geometry":{"type":"Polygon","coordinates":[[[65.6548,27.393],[65.6341,27.3497],[65.6361,27.2554],[65.6276,27.2291],[65.5755,27.179],[65.4035,26.9606],[65.3869,26.9136],[65.3955,26.8386],[65.3823,26.7904],[65.3028,26.7178],[65.2971,26.6941],[65.2536,26.6519],[64.9859,26.447],[64.9764,26.4259],[64.9811,26.381],[64.9641,26.3623],[64.8298,26.3589],[64.7853,26.3623],[64.7238,26.3843],[64.5961,26.386],[64.4948,26.3572],[64.4911,26.2707],[64.475,26.2541],[64.5243,26.176],[64.576,26.1322],[64.579,26.0618],[64.4548,26.014],[64.4105,25.9356],[64.4001,25.8612],[64.3794,25.8439],[64.3691,25.7787],[64.3277,25.7401],[64.3395,25.6881],[64.4016,25.6681],[64.3957,25.6415],[64.3839,25.6295],[64.3055,25.6228],[64.2213,25.5815],[64.1737,25.5757],[64.1804,25.5568],[64.1633,25.4998],[64.1786,25.4876],[64.3004,25.4884],[64.3239,25.4656],[64.4078,25.446],[64.4384,25.4485],[64.4808,25.4778],[64.5747,25.5144],[64.7533,25.5291],[64.7975,25.5486],[64.8887,25.5543],[64.9193,25.5747],[65.1377,25.5739],[65.2225,25.5975],[65.2586,25.5804],[65.2651,25.5406],[65.3491,25.5722],[65.4306,25.5888],[65.5424,25.6533],[65.5769,25.6358],[65.5833,25.6164],[65.5596,25.5708],[65.5898,25.531],[65.6673,25.5203],[65.734,25.532],[65.8244,25.5028],[65.9192,25.5009],[66.114,25.5222],[66.1818,25.5436],[66.2066,25.6106],[66.2701,25.6562],[66.2787,25.6785],[66.2787,25.7367],[66.3271,25.7988],[66.3336,25.8278],[66.326,25.8801],[66.2841,25.946],[66.283,26.0572],[66.2539,26.1597],[66.2227,26.1906],[66.2205,26.2128],[66.2238,26.2756],[66.2388,26.3142],[66.2636,26.3257],[66.2754,26.3595],[66.2776,26.4222],[66.2894,26.4557],[66.2846,26.502],[66.2509,26.5365],[66.1992,26.5186],[66.1902,26.4952],[66.1668,26.4736],[66.1592,26.3749],[66.1461,26.3551],[66.1207,26.3539],[66.038,26.4465],[66.0022,26.5192],[66.0042,26.603],[66.0166,26.6147],[66.0504,26.7459],[66.0711,26.7741],[66.0869,26.8922],[66.111,26.9346],[66.1248,27.0917],[66.1124,27.1499],[66.0897,27.1573],[66.0469,27.115],[65.9698,27.118],[65.9443,27.1561],[65.9402,27.2333],[65.9119,27.2755],[65.8919,27.2835],[65.854,27.3282],[65.7872,27.3771],[65.6548,27.393]]]}},{"type":"Feature","properties":{"id":"d-azad-jammu-kashmir","name":"Azad Kashmir","level":2,"centroid":[73.9969,34.0643],"bbox":[73.3905,32.7977,75.4947,35.0882]},"geometry":{"type":"Polygon","coordinates":[[[74.338,32.7977],[74.3284,32.8186],[74.3269,32.9469],[74.3087,32.9964],[74.2634,33.0217],[74.1576,33.0293],[74.0381,33.1218],[73.9852,33.1737],[73.9791,33.1952],[73.9791,33.2471],[73.9882,33.2597],[74.029,33.2736],[74.1228,33.3444],[74.1349,33.3999],[74.1606,33.4353],[74.153,33.5299],[74.1213,33.5551],[74.1046,33.5828],[74.0699,33.5878],[73.9973,33.6206],[73.9761,33.6407],[73.9716,33.7086],[73.9867,33.7225],[73.9867,33.7464],[74.0185,33.7941],[74.0744,33.823],[74.1923,33.828],[74.2241,33.8481],[74.2725,33.9021],[74.2921,33.9385],[74.2906,33.9673],[74.2498,33.9974],[73.9912,33.9987],[73.9413,34.0087],[73.8839,34.0588],[73.8975,34.0951],[73.9172,34.1139],[74.0018,34.149],[74.0018,34.1765],[73.9958,34.224],[73.9565,34.279],[73.8325,34.3027],[73.8022,34.3364],[73.7962,34.3577],[73.8385,34.4487],[73.9081,34.516],[73.9474,34.6131],[73.9807,34.6368],[74.0547,34.6641],[74.1439,34.6654],[74.2982,34.735],[74.3133,34.7524],[74.3904,34.7536],[74.4297,34.7449],[74.4418,34.7288],[74.5008,34.7251],[74.5234,34.7014],[74.5915,34.694],[74.6111,34.6791],[74.6701,34.6704],[74.7124,34.6492],[74.8183,34.6467],[74.853,34.6293],[74.9891,34.6243],[75.0194,34.6169],[75.0299,34.6019],[75.1358,34.6007],[75.1963,34.5858],[75.2371,34.587],[75.2734,34.6032],[75.3157,34.6082],[75.4947,34.6119],[75.4256,34.6516],[75.3337,34.6834],[75.2718,34.724],[74.9554,34.7264],[74.8644,34.751],[74.8247,34.7717],[74.7444,34.8408],[74.6351,34.8757],[74.6235,34.9218],[74.6031,34.9503],[74.5993,35.013],[74.5809,35.0217],[74.5712,35.0486],[74.5296,35.0835],[74.4686,35.0882],[74.4299,35.0692],[74.3612,35.0621],[74.3235,35.0407],[74.2983,35.0407],[74.2122,35.0423],[74.1151,35.0853],[74.0803,35.047],[74.0726,34.92],[74.0127,34.8709],[73.9739,34.8177],[73.945,34.8154],[73.9281,34.8004],[73.8492,34.7963],[73.8112,34.7784],[73.7428,34.7674],[73.6935,34.6863],[73.6639,34.6678],[73.6576,34.5547],[73.5047,34.5564],[73.4617,34.5332],[73.4328,34.5297],[73.425,34.5181],[73.4243,34.4687],[73.3969,34.4205],[73.3905,34.3222],[73.3969,34.2908],[73.4384,34.2454],[73.4758,34.1521],[73.4737,34.0518],[73.499,33.946],[73.554,33.8765],[73.542,33.7875],[73.5547,33.7254],[73.5498,33.6198],[73.5892,33.5482],[73.5751,33.4871],[73.5758,33.4407],[73.5469,33.3866],[73.5519,33.3224],[73.573,33.3095],[73.5765,33.2229],[73.5829,33.2034],[73.6104,33.1792],[73.6146,33.1574],[73.5878,33.1126],[73.5906,33.0937],[73.6125,33.0683],[73.6632,33.0512],[73.6949,33.0518],[73.7463,33.0157],[73.7766,33.0063],[73.8464,33.0323],[73.8718,33.0311],[73.9,33.0181],[73.9246,32.9756],[73.9634,32.943],[74.241,32.8425],[74.3148,32.7992],[74.338,32.7977]]]}},{"type":"Feature","properties":{"id":"d-badin","name":"Badin","level":2,"centroid":[68.8562,24.6805],"bbox":[68.3777,24.2093,69.3559,25.2504]},"geometry":{"type":"Polygon","coordinates":[[[68.7623,24.2769],[68.8204,24.2755],[68.8386,24.2603],[68.837,24.219],[68.8597,24.2093],[68.8779,24.2135],[68.896,24.2507],[68.9278,24.2714],[68.9701,24.219],[69.0245,24.2217],[69.0804,24.255],[69.0607,24.3157],[69.0705,24.3661],[69.1294,24.4311],[69.1695,24.4546],[69.2061,24.4571],[69.2141,24.4676],[69.2275,24.4887],[69.2284,24.5569],[69.2373,24.5747],[69.2569,24.5844],[69.2614,24.6128],[69.2364,24.6315],[69.2453,24.6509],[69.2819,24.6833],[69.289,24.7133],[69.3559,24.7651],[69.3138,24.8021],[69.3101,24.8792],[69.2481,24.9247],[69.1727,24.9288],[69.1609,24.9495],[69.1439,24.9562],[69.1343,24.9904],[69.1173,24.9951],[69.0914,25.0219],[69.0242,25.0527],[68.9924,25.0828],[68.9909,25.2266],[68.9685,25.2504],[68.8762,25.1782],[68.8047,25.1751],[68.755,25.2023],[68.7069,25.2055],[68.7123,25.0894],[68.6592,25.0549],[68.5929,25.0536],[68.5995,25.0309],[68.6462,24.992],[68.6534,24.972],[68.6728,24.9555],[68.7215,24.9467],[68.7488,24.9208],[68.756,24.8666],[68.7469,24.8525],[68.6436,24.843],[68.6209,24.8106],[68.6059,24.8047],[68.5624,24.8348],[68.5306,24.8313],[68.4579,24.7363],[68.4248,24.7269],[68.4014,24.7068],[68.3777,24.7039],[68.3793,24.5528],[68.4028,24.5307],[68.4114,24.4951],[68.4349,24.4551],[68.4396,24.3623],[68.4655,24.3559],[68.4765,24.3202],[68.5666,24.2995],[68.6317,24.3123],[68.7328,24.3081],[68.7485,24.3031],[68.7623,24.2769]]]}},{"type":"Feature","properties":{"id":"d-bahawalnagar","name":"Bahawalnagar","level":2,"centroid":[73.0365,29.6824],"bbox":[72.3094,28.8773,73.9081,30.3851]},"geometry":{"type":"Polygon","coordinates":[[[72.5209,28.8773],[72.6743,28.9652],[72.8724,29.0379],[72.8951,29.0683],[72.9223,29.1449],[73.0191,29.2611],[73.0433,29.2782],[73.1249,29.435],[73.1944,29.5311],[73.205,29.5863],[73.2247,29.6087],[73.2776,29.761],[73.3245,29.9486],[73.3789,29.9774],[73.4364,29.9879],[73.5165,30.0258],[73.7085,30.0664],[73.7599,30.0899],[73.8854,30.1815],[73.8975,30.1998],[73.9081,30.2403],[73.893,30.3264],[73.8174,30.3695],[73.8158,30.3851],[73.7736,30.3745],[73.6873,30.3055],[73.6536,30.3096],[73.6299,30.3254],[73.5979,30.3249],[73.4737,30.2565],[73.4595,30.234],[73.4211,30.2059],[73.3731,30.1982],[73.3382,30.1727],[73.2974,30.1721],[73.188,30.1072],[73.1513,30.1021],[73.1229,30.0785],[73.033,30.0734],[73.02,30.0396],[72.9981,30.0247],[72.962,30.0253],[72.9153,30.0422],[72.8656,30.0273],[72.8011,30.036],[72.7745,30.0212],[72.7544,29.9853],[72.7136,29.972],[72.694,29.9412],[72.626,29.9212],[72.6035,29.8966],[72.6106,29.8894],[72.6071,29.8315],[72.6301,29.7955],[72.6733,29.7714],[72.6822,29.7524],[72.7023,29.7406],[72.713,29.6918],[72.7366,29.6764],[72.7408,29.6635],[72.7627,29.6558],[72.7845,29.6131],[72.7857,29.5951],[72.7632,29.538],[72.7082,29.484],[72.7041,29.4551],[72.6804,29.4263],[72.6911,29.4154],[72.7573,29.4082],[72.7934,29.3794],[72.7999,29.3536],[72.791,29.3226],[72.7662,29.2999],[72.7774,29.252],[72.7658,29.2444],[72.7239,29.2457],[72.6979,29.2709],[72.6532,29.2721],[72.5622,29.2608],[72.5174,29.2406],[72.3629,29.2343],[72.3138,29.1877],[72.3094,29.1726],[72.3441,29.0792],[72.3672,29.0691],[72.3845,29.0729],[72.3975,29.0931],[72.4337,29.0918],[72.4784,29.0615],[72.4813,28.987],[72.4856,28.9719],[72.5044,28.9719],[72.5116,28.9605],[72.5209,28.8773]]]}},{"type":"Feature","properties":{"id":"d-bahawalpur","name":"Bahawalpur","level":2,"centroid":[71.7266,28.8652],"bbox":[70.8776,27.8066,72.7999,29.9458]},"geometry":{"type":"Polygon","coordinates":[[[71.066,27.8066],[71.1095,27.8133],[71.1322,27.8361],[71.1896,27.8574],[71.2818,27.8601],[71.3438,27.8828],[71.5767,27.8815],[71.6553,27.8895],[71.7233,27.9309],[71.8277,27.9763],[71.8458,28.0844],[71.8957,28.1858],[71.9652,28.2524],[72.0907,28.3336],[72.1527,28.4108],[72.1724,28.5197],[72.2041,28.5835],[72.2223,28.6698],[72.2419,28.7042],[72.31,28.7758],[72.5209,28.8773],[72.5116,28.9605],[72.5044,28.9719],[72.4856,28.9719],[72.4813,28.987],[72.4784,29.0615],[72.4337,29.0918],[72.3975,29.0931],[72.3845,29.0729],[72.3672,29.0691],[72.3441,29.0792],[72.3268,29.1335],[72.3138,29.1448],[72.3138,29.1877],[72.3629,29.2343],[72.5174,29.2406],[72.5463,29.257],[72.5997,29.2671],[72.6979,29.2709],[72.7239,29.2457],[72.7658,29.2444],[72.7774,29.252],[72.7662,29.2999],[72.791,29.3226],[72.7999,29.3536],[72.7934,29.3794],[72.7573,29.4082],[72.6911,29.4154],[72.6804,29.4263],[72.7041,29.4551],[72.7082,29.484],[72.7632,29.538],[72.7857,29.5951],[72.7845,29.6131],[72.7627,29.6558],[72.7408,29.6635],[72.7366,29.6764],[72.713,29.6918],[72.7023,29.7406],[72.6822,29.7524],[72.6733,29.7714],[72.6301,29.7955],[72.6071,29.8315],[72.6106,29.8894],[72.5994,29.9007],[72.5399,29.9041],[72.4955,29.941],[72.477,29.9458],[72.4401,29.9249],[72.4031,29.9217],[72.3938,29.9057],[72.3458,29.9001],[72.3291,29.8745],[72.307,29.8713],[72.3014,29.8528],[72.2866,29.8424],[72.2783,29.7943],[72.2506,29.7726],[72.2404,29.6811],[72.172,29.6771],[72.1526,29.6369],[72.099,29.6225],[72.086,29.6016],[71.9788,29.5968],[71.9446,29.559],[71.843,29.5493],[71.8245,29.5308],[71.7792,29.5236],[71.7616,29.4979],[71.7376,29.4979],[71.7237,29.4793],[71.6368,29.4753],[71.6174,29.4391],[71.549,29.4246],[71.5435,29.4093],[71.4963,29.3787],[71.464,29.3811],[71.4252,29.4045],[71.3031,29.4109],[71.2579,29.4496],[71.2042,29.4737],[71.1673,29.4729],[71.1506,29.4657],[71.1321,29.4343],[71.061,29.4246],[71.0268,29.3964],[71.0249,29.3658],[71.0194,29.357],[70.9981,29.3554],[70.988,29.3288],[70.9519,29.3255],[70.9417,29.311],[70.9149,29.3022],[70.9099,29.2612],[70.888,29.2334],[70.8776,29.1843],[70.8963,29.1812],[70.9122,29.1311],[70.9134,29.0722],[70.9229,29.0634],[70.9625,29.036],[70.9885,29.036],[71.0199,29.0593],[71.0264,29.051],[71.0317,28.8491],[71.024,28.7947],[71.0004,28.7817],[70.9939,28.7428],[70.9714,28.734],[70.9702,28.7138],[70.9442,28.7008],[70.9389,28.6868],[70.9399,28.5705],[70.9179,28.5412],[70.8982,28.489],[70.9126,28.4501],[70.9436,28.4426],[70.9454,28.4312],[70.939,28.3938],[70.9454,28.1357],[70.9676,28.117],[70.975,28.0868],[70.9953,28.0786],[71.0064,28.024],[71.0231,28.002],[71.0305,27.8803],[71.0619,27.8443],[71.066,27.8066]]]}},{"type":"Feature","properties":{"id":"d-bajaur","name":"Bajaur","level":2,"centroid":[71.4725,34.7178],"bbox":[71.1253,34.4909,71.7793,34.9589]},"geometry":{"type":"Polygon","coordinates":[[[71.6509,34.4983],[71.6654,34.5425],[71.682,34.5456],[71.6941,34.573],[71.7441,34.5997],[71.7506,34.6164],[71.7663,34.6241],[71.7793,34.723],[71.7052,34.7238],[71.6663,34.7527],[71.6413,34.7793],[71.6321,34.8234],[71.6043,34.8417],[71.6043,34.8645],[71.5858,34.8698],[71.5839,34.885],[71.5589,34.8979],[71.5524,34.9146],[71.5302,34.9184],[71.4837,34.9589],[71.3399,34.8967],[71.2359,34.7842],[71.1253,34.7163],[71.1575,34.6481],[71.1773,34.6467],[71.1822,34.6318],[71.2069,34.6278],[71.2118,34.6142],[71.2283,34.6088],[71.3221,34.6048],[71.4011,34.6508],[71.4324,34.6576],[71.4587,34.6495],[71.4785,34.64],[71.4851,34.5289],[71.5015,34.4977],[71.5246,34.4909],[71.5509,34.499],[71.6509,34.4983]]]}},{"type":"Feature","properties":{"id":"d-bannu","name":"Bannu","level":2,"centroid":[70.6537,32.8317],"bbox":[70.3554,32.641,70.9467,33.0065]},"geometry":{"type":"Polygon","coordinates":[[[70.3878,32.6434],[70.4613,32.641],[70.4696,32.6576],[70.5041,32.6687],[70.5305,32.713],[70.5453,32.7144],[70.5559,32.7358],[70.6276,32.7402],[70.6792,32.7562],[70.7076,32.719],[70.7508,32.7207],[70.7708,32.7305],[70.7824,32.7606],[70.8003,32.7633],[70.8151,32.7863],[70.893,32.7889],[70.9004,32.804],[70.9267,32.8111],[70.9446,32.8261],[70.9467,32.8659],[70.9204,32.8854],[70.9141,32.9093],[70.8941,32.9323],[70.874,32.9385],[70.8635,32.9535],[70.8214,32.9561],[70.8077,32.9818],[70.7686,33.0065],[70.7451,33.0027],[70.7211,32.9786],[70.6877,32.9732],[70.6766,32.96],[70.6451,32.9491],[70.5915,32.9444],[70.5285,32.9522],[70.5081,32.9413],[70.4692,32.8729],[70.4637,32.8426],[70.4442,32.8286],[70.4415,32.7811],[70.4211,32.7679],[70.4109,32.7445],[70.3554,32.7032],[70.3563,32.6713],[70.3841,32.6604],[70.3878,32.6434]]]}},{"type":"Feature","properties":{"id":"d-barkhan","name":"Barkhan","level":2,"centroid":[69.6057,29.8719],"bbox":[69.0889,29.5324,70.0299,30.2725]},"geometry":{"type":"Polygon","coordinates":[[[69.789,30.2496],[69.7597,30.2264],[69.7502,30.2027],[69.7124,30.1741],[69.6821,30.0931],[69.6594,30.0702],[69.6338,30.0644],[69.6036,30.0718],[69.6074,30.1463],[69.5875,30.1446],[69.5686,30.1266],[69.5676,30.107],[69.4891,30.0595],[69.4815,30.0366],[69.4664,30.0284],[69.455,29.9727],[69.5008,29.9583],[69.4749,29.8661],[69.4342,29.8447],[69.4219,29.8275],[69.3661,29.8242],[69.3453,29.8127],[69.3283,29.7815],[69.2781,29.7725],[69.2223,29.724],[69.1996,29.715],[69.1722,29.6747],[69.0974,29.6657],[69.0889,29.6517],[69.0974,29.6361],[69.1258,29.6081],[69.1911,29.6016],[69.2024,29.5942],[69.2043,29.5777],[69.2318,29.5695],[69.2412,29.5563],[69.28,29.5407],[69.3406,29.5324],[69.4058,29.5489],[69.4986,29.6114],[69.5269,29.6188],[69.5934,29.582],[69.5945,29.5995],[69.6217,29.6205],[69.6353,29.656],[69.717,29.677],[69.7412,29.6954],[69.8138,29.8057],[69.8198,29.8306],[69.8742,29.8896],[69.8742,29.9263],[69.8939,29.9394],[69.906,30.0088],[69.9498,30.0258],[69.9589,30.137],[70.0269,30.2076],[70.0299,30.2277],[70.007,30.2609],[69.9698,30.2725],[69.8991,30.2249],[69.8355,30.2224],[69.789,30.2496]]]}},{"type":"Feature","properties":{"id":"d-battagram","name":"Battagram","level":2,"centroid":[73.1182,34.7893],"bbox":[72.8246,34.5856,73.4629,34.9516]},"geometry":{"type":"Polygon","coordinates":[[[73.4629,34.8991],[73.4221,34.9015],[73.3874,34.9231],[73.3389,34.924],[73.222,34.9196],[73.1988,34.9006],[73.1019,34.9032],[73.0808,34.9248],[73.0345,34.9369],[73.0282,34.9499],[72.9881,34.9516],[72.9281,34.898],[72.8958,34.8997],[72.9262,34.8606],[72.9155,34.819],[72.8794,34.7831],[72.8303,34.7743],[72.8246,34.7639],[72.844,34.7611],[72.8583,34.7364],[72.8871,34.7226],[72.8823,34.702],[72.9183,34.6625],[72.9183,34.6468],[72.8859,34.6192],[72.9003,34.5935],[72.9686,34.5886],[73.0058,34.6024],[73.0357,34.5866],[73.0609,34.5856],[73.0765,34.5945],[73.0932,34.6527],[73.1124,34.6714],[73.1652,34.6931],[73.1759,34.7502],[73.2586,34.7512],[73.2886,34.7108],[73.3377,34.7069],[73.3449,34.7483],[73.3653,34.7729],[73.3881,34.7827],[73.412,34.8231],[73.4288,34.8231],[73.4516,34.8486],[73.4624,34.8673],[73.4629,34.8991]]]}},{"type":"Feature","properties":{"id":"d-bhakkar","name":"Bhakkar","level":2,"centroid":[71.3752,31.6251],"bbox":[70.8446,31.1247,71.9482,32.1682]},"geometry":{"type":"Polygon","coordinates":[[[71.7136,31.1576],[71.7175,31.2123],[71.7571,31.221],[71.7652,31.2401],[71.8323,31.2531],[71.8923,31.234],[71.9126,31.2444],[71.9238,31.2913],[71.9482,31.307],[71.9431,31.3365],[71.9156,31.3556],[71.9167,31.4813],[71.8943,31.4926],[71.8882,31.5091],[71.8618,31.5151],[71.8587,31.5273],[71.8099,31.5585],[71.7622,31.6104],[71.6738,31.671],[71.6616,31.7453],[71.616,31.7802],[71.6065,31.8018],[71.5541,31.8261],[71.5573,31.8436],[71.6065,31.8693],[71.6144,31.8962],[71.6398,31.9111],[71.6414,31.9528],[71.6732,31.9717],[71.678,31.9906],[71.6986,31.9986],[71.6954,32.1278],[71.6891,32.1386],[71.6557,32.1453],[71.5477,32.1386],[71.489,32.1682],[71.4556,32.1641],[71.4366,32.1453],[71.3858,32.1467],[71.3635,32.1561],[71.3604,32.1682],[71.3032,32.1641],[71.3,32.1534],[71.2587,32.1453],[71.1633,32.1463],[71.1594,32.108],[71.0857,32.0809],[71.0769,32.0632],[71.0747,32.0007],[71.067,31.9783],[71.0438,31.9558],[71.0405,31.9044],[71.0185,31.8801],[71.0163,31.7988],[70.9734,31.7651],[70.9514,31.722],[70.8765,31.6442],[70.8446,31.5767],[70.8523,31.481],[70.8677,31.4247],[70.8579,31.3534],[70.885,31.3567],[70.9131,31.341],[70.9422,31.3377],[71.0517,31.3385],[71.0769,31.3178],[71.1419,31.3104],[71.1787,31.2839],[71.1787,31.2723],[71.2126,31.2383],[71.2611,31.2093],[71.2669,31.1562],[71.3134,31.1247],[71.3978,31.1313],[71.4288,31.1554],[71.4346,31.1968],[71.5044,31.225],[71.5732,31.2167],[71.579,31.1902],[71.6236,31.1487],[71.6866,31.1745],[71.7136,31.1576]]]}},{"type":"Feature","properties":{"id":"d-buner","name":"Buner","level":2,"centroid":[72.4959,34.4551],"bbox":[72.1878,34.1744,72.7322,34.6845]},"geometry":{"type":"Polygon","coordinates":[[[72.712,34.5255],[72.6854,34.5516],[72.6831,34.6526],[72.6731,34.6602],[72.6348,34.6627],[72.6232,34.6388],[72.5427,34.6236],[72.5151,34.64],[72.499,34.6845],[72.4703,34.6799],[72.45,34.6616],[72.4062,34.655],[72.3712,34.6372],[72.3631,34.6167],[72.3422,34.6106],[72.3294,34.5884],[72.2849,34.5862],[72.2754,34.5673],[72.2478,34.5617],[72.2208,34.5401],[72.1932,34.5366],[72.204,34.5234],[72.2006,34.4995],[72.1878,34.4868],[72.1981,34.4545],[72.2266,34.4389],[72.2287,34.4198],[72.2729,34.4033],[72.315,34.418],[72.3382,34.4146],[72.3561,34.3989],[72.414,34.3841],[72.4244,34.3605],[72.4588,34.3589],[72.4716,34.321],[72.4628,34.3015],[72.446,34.2926],[72.4419,34.262],[72.4224,34.2486],[72.4197,34.1995],[72.4291,34.1828],[72.4473,34.1756],[72.5174,34.1744],[72.5909,34.2352],[72.595,34.262],[72.6388,34.2776],[72.6752,34.3121],[72.7009,34.3163],[72.7009,34.3313],[72.7283,34.36],[72.7322,34.3929],[72.6915,34.4492],[72.7145,34.4979],[72.712,34.5255]]]}},{"type":"Feature","properties":{"id":"d-chagai","name":"Chagai","level":2,"centroid":[63.3261,28.9949],"bbox":[60.8769,27.894,65.5693,29.8607]},"geometry":{"type":"Polygon","coordinates":[[[65.226,29.6015],[65.0795,29.5645],[64.9425,29.5953],[64.7771,29.6138],[64.6212,29.6056],[64.4346,29.5809],[64.255,29.5151],[64.1156,29.437],[64.0259,29.4699],[63.9361,29.4884],[63.6408,29.5213],[63.3526,29.509],[62.9959,29.4761],[62.6486,29.4308],[62.5068,29.4246],[62.3155,29.4946],[61.7698,29.6302],[61.1225,29.8087],[60.8769,29.8607],[60.8815,29.8353],[60.9358,29.7636],[61.0327,29.6897],[61.3067,29.4164],[61.328,29.365],[61.3374,29.2723],[61.3682,29.2022],[61.4154,29.1568],[61.4934,29.1093],[61.5217,29.0722],[61.5761,28.9234],[61.6304,28.8303],[61.7887,28.6708],[61.9233,28.5651],[61.9847,28.5381],[62.1501,28.4987],[62.2186,28.4696],[62.3155,28.4509],[62.4005,28.4509],[62.4478,28.4322],[62.4998,28.3906],[62.5872,28.2846],[62.6344,28.2555],[62.7502,28.2763],[62.8116,28.2659],[62.814,28.118],[62.7856,28.0597],[62.7809,27.9804],[62.7988,27.894],[62.9189,27.9471],[63.0275,28.0353],[63.1322,28.1389],[63.2678,28.2088],[63.2765,28.2695],[63.4851,28.2758],[63.5279,28.3044],[63.562,28.3128],[63.7618,28.2835],[63.8277,28.294],[63.8737,28.3226],[63.9395,28.3359],[63.9886,28.3742],[64.1004,28.3875],[64.2004,28.46],[64.3368,28.474],[64.3907,28.5381],[64.5096,28.5437],[64.5413,28.5534],[64.6135,28.6147],[64.6936,28.6196],[64.7578,28.6578],[64.8149,28.6599],[64.8546,28.6794],[65.0251,28.6891],[65.1424,28.7788],[65.2852,28.8052],[65.4183,28.9209],[65.5292,28.9761],[65.5693,29.0271],[65.5668,29.064],[65.5125,29.1043],[65.4688,29.239],[65.3673,29.3444],[65.3643,29.3944],[65.2339,29.5265],[65.226,29.6015]]]}},{"type":"Feature","properties":{"id":"d-chakwal","name":"Chakwal","level":2,"centroid":[72.4774,32.8443],"bbox":[71.7818,32.5155,73.1909,33.1801]},"geometry":{"type":"Polygon","coordinates":[[[71.8408,32.5161],[71.8928,32.5155],[71.9284,32.5548],[71.958,32.5617],[71.9735,32.581],[71.989,32.5848],[71.9987,32.6035],[72.0386,32.6153],[72.0527,32.6608],[72.0778,32.677],[72.1008,32.6614],[72.2414,32.6571],[72.2754,32.6184],[72.3154,32.5897],[72.3354,32.586],[72.379,32.6109],[72.3909,32.6303],[72.4449,32.6346],[72.4716,32.6097],[72.4753,32.5704],[72.5174,32.5423],[72.5422,32.5368],[72.5838,32.5387],[72.6114,32.5586],[72.641,32.538],[72.6751,32.581],[72.8712,32.5879],[72.8934,32.6066],[72.9237,32.6097],[72.9578,32.6321],[73.0221,32.6103],[73.037,32.6165],[73.0444,32.6334],[73.071,32.6396],[73.0754,32.6527],[73.1213,32.6776],[73.1857,32.6838],[73.1909,32.6938],[73.1842,32.7287],[73.1576,32.7405],[73.1546,32.7542],[73.0777,32.7592],[73.0473,32.7754],[73.051,32.7965],[73.0784,32.8058],[73.0806,32.8201],[73.1036,32.8357],[73.1087,32.8705],[73.1324,32.886],[73.122,33.0264],[73.0858,33.0469],[73.0488,33.0518],[73.034,33.0481],[73.0207,33.022],[72.9689,33.0301],[72.9518,33.0475],[72.8875,33.058],[72.8675,33.0965],[72.7735,33.1039],[72.7572,33.1219],[72.6706,33.1219],[72.6151,33.1671],[72.5204,33.1801],[72.5026,33.1789],[72.473,33.1479],[72.4575,33.1436],[72.4486,33.1188],[72.4301,33.1175],[72.4212,33.0983],[72.402,33.0983],[72.3554,33.076],[72.2081,33.0754],[72.143,33.0983],[72.0845,33.0506],[72.0645,33.0512],[72.0379,33.0704],[71.989,33.0735],[71.8847,33.045],[71.8788,33.0282],[71.8521,33.0196],[71.8433,33.0053],[71.8011,32.9997],[71.7818,32.974],[71.7906,32.9734],[71.794,32.9462],[71.8195,32.9268],[71.8264,32.8608],[71.8553,32.8414],[71.8657,32.8171],[71.897,32.7996],[71.9039,32.784],[71.8854,32.7558],[71.8276,32.7228],[71.816,32.6907],[71.8149,32.6235],[71.8461,32.5748],[71.8408,32.5161]]]}},{"type":"Feature","properties":{"id":"d-charsadda","name":"Charsadda","level":2,"centroid":[71.7185,34.1944],"bbox":[71.4805,33.9973,71.9084,34.3989]},"geometry":{"type":"Polygon","coordinates":[[[71.4805,34.1394],[71.5473,34.132],[71.5703,34.1092],[71.5925,34.1025],[71.5918,34.0907],[71.602,34.0852],[71.6768,34.0757],[71.7004,34.0584],[71.7004,34.048],[71.7764,34.0529],[71.7947,34.0287],[71.8147,34.0217],[71.8231,34.0008],[71.8463,33.9973],[71.8726,34.0104],[71.8842,34.047],[71.8958,34.0514],[71.9084,34.1491],[71.9011,34.1709],[71.88,34.1848],[71.8779,34.1996],[71.8505,34.231],[71.82,34.2493],[71.8242,34.2719],[71.8495,34.3041],[71.8463,34.3207],[71.7947,34.3511],[71.7915,34.3694],[71.7599,34.3772],[71.7462,34.3937],[71.6816,34.3989],[71.6709,34.3608],[71.6552,34.3532],[71.6506,34.3379],[71.5784,34.2943],[71.5589,34.2507],[71.5432,34.2507],[71.5117,34.2208],[71.4805,34.1394]]]}},{"type":"Feature","properties":{"id":"d-chitral","name":"Chitral","level":2,"centroid":[72.2402,36.1798],"bbox":[71.1887,35.1663,73.8997,36.8575]},"geometry":{"type":"Polygon","coordinates":[[[72.5671,35.8503],[72.5401,35.8738],[72.5401,35.9357],[72.5585,35.9937],[72.5421,36.0625],[72.5537,36.1704],[72.5943,36.2235],[72.6524,36.2493],[72.7095,36.2578],[72.723,36.2727],[72.754,36.2789],[72.7733,36.2992],[72.8111,36.3046],[72.8498,36.3288],[72.8943,36.3725],[72.902,36.4176],[72.9146,36.4293],[73.0056,36.4667],[73.0985,36.5577],[73.0985,36.6035],[73.1149,36.6447],[73.2136,36.6835],[73.2862,36.6858],[73.3172,36.7029],[73.3549,36.706],[73.5,36.6967],[73.5658,36.6517],[73.8068,36.6509],[73.891,36.685],[73.8997,36.7029],[73.8968,36.7269],[73.8232,36.7858],[73.7236,36.8153],[73.7022,36.8575],[73.3955,36.8551],[73.1914,36.837],[73.0327,36.8406],[72.9601,36.8152],[72.6728,36.82],[72.6229,36.814],[72.5231,36.7704],[72.4506,36.7643],[72.3659,36.734],[72.2737,36.7292],[72.2374,36.7183],[72.2132,36.7025],[72.1694,36.6249],[71.8809,36.4739],[71.8076,36.4206],[71.7486,36.4206],[71.7391,36.4435],[71.7131,36.4587],[71.647,36.4568],[71.6115,36.337],[71.5123,36.2875],[71.2855,36.1407],[71.2099,36.0682],[71.1887,36.0319],[71.4037,35.9019],[71.4722,35.8349],[71.5029,35.7678],[71.5383,35.7199],[71.543,35.693],[71.51,35.6373],[71.5076,35.6143],[71.517,35.597],[71.5832,35.5682],[71.5974,35.5451],[71.5926,35.5009],[71.6399,35.4644],[71.6493,35.4336],[71.6423,35.3951],[71.569,35.3469],[71.5289,35.291],[71.5478,35.2505],[71.5974,35.2254],[71.6092,35.2023],[71.5891,35.1665],[71.7125,35.1663],[71.7853,35.2225],[71.7894,35.2484],[71.8069,35.2578],[71.8143,35.288],[71.8339,35.304],[71.8871,35.3122],[71.9013,35.3612],[71.9296,35.3832],[71.9397,35.4194],[71.9525,35.4255],[71.9613,35.4782],[71.9997,35.5232],[72.0199,35.5276],[72.0246,35.5479],[72.059,35.5709],[72.0894,35.5759],[72.1554,35.6197],[72.1736,35.7112],[72.2215,35.715],[72.2316,35.6969],[72.2687,35.6937],[72.4123,35.6937],[72.4271,35.7134],[72.4453,35.7177],[72.4601,35.7544],[72.5019,35.7659],[72.5161,35.785],[72.5336,35.7872],[72.541,35.825],[72.5671,35.8503]]]}},{"type":"Feature","properties":{"id":"d-dadu","name":"Dadu","level":2,"centroid":[67.5479,26.7946],"bbox":[67.1754,25.9702,68.1007,27.3479]},"geometry":{"type":"Polygon","coordinates":[[[67.1754,26.5994],[67.1996,26.5342],[67.2102,26.4571],[67.2223,26.4435],[67.2374,26.3907],[67.3493,26.2281],[67.3992,26.0992],[67.4597,26.0258],[67.462,25.9702],[67.5091,25.9977],[67.544,26.2488],[67.5656,26.2651],[67.6227,26.2692],[67.6787,26.3368],[67.6963,26.4176],[67.6952,26.4906],[67.7123,26.5448],[67.734,26.5591],[67.7631,26.5591],[67.845,26.5291],[67.889,26.5505],[67.902,26.5667],[67.9046,26.5952],[67.8936,26.6155],[67.8481,26.648],[67.8351,26.6805],[67.839,26.7438],[67.9553,26.8539],[67.9669,26.8904],[68.0118,26.9124],[68.0163,26.9263],[67.9819,26.961],[67.9838,26.9876],[68.0559,27.0044],[68.1007,27.0449],[68.0936,27.0686],[68.0533,27.0848],[68.0053,27.1207],[67.989,27.1461],[67.989,27.1634],[68.0098,27.1698],[68.0371,27.1987],[68.0247,27.2166],[67.9819,27.2206],[67.9501,27.2472],[67.9111,27.2477],[67.8773,27.2252],[67.8384,27.2218],[67.7442,27.227],[67.6845,27.2472],[67.5767,27.2408],[67.5585,27.2466],[67.5189,27.2933],[67.4851,27.2974],[67.4689,27.3153],[67.3877,27.2962],[67.3539,27.313],[67.3214,27.3441],[67.2323,27.3479],[67.2344,27.2905],[67.2011,27.2354],[67.2011,27.1332],[67.2314,27.074],[67.2314,26.9743],[67.2238,26.9406],[67.2026,26.9069],[67.2026,26.7099],[67.1981,26.6653],[67.1754,26.6208],[67.1754,26.5994]]]}},{"type":"Feature","properties":{"id":"d-dera-bugti","name":"Dera Bugti","level":2,"centroid":[69.0689,28.8803],"bbox":[68.3263,28.4001,69.7639,29.5654]},"geometry":{"type":"Polygon","coordinates":[[[68.5092,29.1373],[68.4844,29.1165],[68.4401,29.1191],[68.3824,29.1591],[68.3351,29.1436],[68.3263,29.1191],[68.3337,29.0868],[68.378,29.0597],[68.4623,28.942],[68.4756,28.9097],[68.4785,28.7335],[68.4948,28.6778],[68.4986,28.6038],[68.5203,28.5839],[68.5856,28.5432],[68.6055,28.5141],[68.6698,28.4892],[68.6991,28.4592],[68.7701,28.4467],[68.8363,28.421],[69.0539,28.4118],[69.1116,28.4343],[69.1287,28.4276],[69.1463,28.4001],[69.3662,28.4001],[69.404,28.4121],[69.4025,28.428],[69.3813,28.4374],[69.3708,28.4759],[69.3405,28.5051],[69.3405,28.5237],[69.4327,28.5623],[69.4479,28.5822],[69.4479,28.6087],[69.4721,28.6313],[69.4736,28.6645],[69.4902,28.6883],[69.5552,28.7334],[69.5537,28.7599],[69.4993,28.805],[69.4917,28.8222],[69.5023,28.8646],[69.5885,28.944],[69.596,28.9705],[69.6187,28.9877],[69.6278,29.0115],[69.7004,29.0683],[69.7049,29.0947],[69.7261,29.1159],[69.7366,29.1555],[69.7336,29.1832],[69.7639,29.2254],[69.7623,29.2505],[69.7321,29.269],[69.6837,29.2637],[69.6656,29.2769],[69.6474,29.3072],[69.6414,29.3744],[69.6187,29.3981],[69.5734,29.406],[69.5673,29.4442],[69.59,29.4864],[69.5939,29.5625],[69.5496,29.5654],[69.4872,29.5341],[69.4607,29.4616],[69.4673,29.4435],[69.5194,29.4221],[69.5232,29.3842],[69.5071,29.366],[69.4238,29.3396],[69.3973,29.3141],[69.3315,29.2843],[69.2886,29.2404],[69.2768,29.1875],[69.2649,29.1759],[69.2058,29.163],[69.1378,29.1643],[69.0905,29.1978],[69.0698,29.1991],[69.0491,29.1862],[69.0329,29.1514],[69.0166,29.1398],[68.9649,29.1372],[68.9353,29.1553],[68.8555,29.1785],[68.7638,29.1849],[68.7224,29.1978],[68.6855,29.1824],[68.6278,29.1785],[68.5332,29.1346],[68.5092,29.1373]]]}},{"type":"Feature","properties":{"id":"d-dera-ghazi-khan","name":"Dera Ghazi Khan","level":2,"centroid":[70.2315,30.0477],"bbox":[69.3405,28.4183,70.8312,31.2592]},"geometry":{"type":"Polygon","coordinates":[[[69.9698,30.2725],[70.0213,30.2485],[70.0269,30.2076],[69.9589,30.137],[69.9498,30.0258],[69.906,30.0088],[69.8939,29.9394],[69.8742,29.9263],[69.8742,29.8896],[69.8198,29.8306],[69.8138,29.8057],[69.7412,29.6954],[69.717,29.677],[69.6353,29.656],[69.6217,29.6205],[69.5945,29.5995],[69.59,29.4864],[69.5673,29.4442],[69.5734,29.406],[69.6187,29.3981],[69.6414,29.3744],[69.6474,29.3072],[69.6656,29.2769],[69.6837,29.2637],[69.7321,29.269],[69.7623,29.2505],[69.7639,29.2254],[69.7336,29.1832],[69.7366,29.1555],[69.7261,29.1159],[69.7049,29.0947],[69.7004,29.0683],[69.6278,29.0115],[69.6187,28.9877],[69.596,28.9705],[69.5885,28.944],[69.5023,28.8646],[69.4917,28.8222],[69.4993,28.805],[69.5537,28.7599],[69.5552,28.7334],[69.4902,28.6883],[69.4736,28.6645],[69.4721,28.6313],[69.4479,28.6087],[69.4479,28.5822],[69.4327,28.5623],[69.3405,28.5237],[69.3405,28.5051],[69.3708,28.4759],[69.3723,28.452],[69.4033,28.4201],[69.4191,28.4201],[69.4721,28.4666],[69.5567,28.4706],[69.5839,28.4613],[69.6278,28.4227],[69.7185,28.4183],[69.727,28.4486],[69.6751,28.4764],[69.6711,28.4943],[69.6463,28.5176],[69.6305,28.6157],[69.6429,28.6365],[69.6971,28.6449],[69.7264,28.6672],[69.7574,28.7122],[69.7659,28.7765],[69.8088,28.7918],[69.8218,28.825],[69.8404,28.8437],[69.8404,28.8734],[69.8156,28.9173],[69.8105,28.981],[69.8184,28.9983],[69.8404,29.0101],[69.8438,29.0511],[69.8675,29.0698],[69.872,29.124],[69.9402,29.1378],[69.9504,29.1797],[69.982,29.2053],[69.9809,29.2703],[70.004,29.2831],[70.0136,29.322],[70.0401,29.3387],[70.0429,29.5387],[70.0096,29.5706],[70.0108,29.5799],[70.0407,29.6181],[70.044,29.6672],[70.0971,29.7177],[70.1027,29.7789],[70.1179,29.7892],[70.1462,29.7843],[70.1969,29.7373],[70.2218,29.7402],[70.2454,29.7613],[70.2816,29.7642],[70.2934,29.7568],[70.3216,29.6721],[70.3498,29.6481],[70.3526,29.6191],[70.3758,29.6029],[70.4243,29.5971],[70.4457,29.6024],[70.5191,29.6706],[70.5225,29.7324],[70.5856,29.7524],[70.6003,29.7451],[70.6071,29.7181],[70.6437,29.6799],[70.6855,29.6696],[70.707,29.6789],[70.7283,29.717],[70.7987,29.7894],[70.8022,29.8366],[70.7927,29.8787],[70.8276,29.9028],[70.8312,29.9228],[70.8004,29.9458],[70.7738,29.9976],[70.7756,30.0294],[70.8016,30.0667],[70.8058,30.1281],[70.801,30.167],[70.762,30.2049],[70.7608,30.2366],[70.7821,30.3101],[70.7602,30.3704],[70.7969,30.402],[70.8063,30.426],[70.7572,30.5091],[70.7762,30.5468],[70.7667,30.6298],[70.7809,30.7026],[70.7294,30.7529],[70.72,30.7814],[70.7235,30.7936],[70.7478,30.8053],[70.7519,30.9134],[70.7827,30.9591],[70.7809,31.0037],[70.7779,31.0336],[70.7567,31.0676],[70.7501,31.1208],[70.7283,31.1491],[70.759,31.18],[70.7575,31.2098],[70.7257,31.246],[70.5891,31.2432],[70.5495,31.2592],[70.533,31.2554],[70.4879,31.2196],[70.4339,31.2027],[70.4174,31.1744],[70.4163,31.1254],[70.326,31.116],[70.2496,31.0704],[70.2447,31.0027],[70.225,30.9846],[70.2265,30.8613],[70.219,30.8393],[70.1872,30.8068],[70.1691,30.7562],[70.0557,30.6951],[70.0451,30.6808],[70.0678,30.6392],[70.0723,30.5897],[70.0496,30.535],[70.0269,30.5116],[70.0118,30.466],[69.9997,30.4595],[69.9906,30.4099],[69.9634,30.3825],[69.9593,30.3368],[69.9414,30.3293],[69.9358,30.3106],[69.9445,30.286],[69.9698,30.2725]]]}},{"type":"Feature","properties":{"id":"d-dera-ismail-khan","name":"Dera Ismail Khan","level":2,"centroid":[70.6674,31.7921],"bbox":[70.1671,31.1859,71.3081,32.4699]},"geometry":{"type":"Polygon","coordinates":[[[70.7575,31.2098],[70.7829,31.2225],[70.8027,31.2611],[70.8126,31.3184],[70.8655,31.3664],[70.8677,31.4247],[70.8523,31.481],[70.8446,31.5767],[70.8765,31.6442],[70.9514,31.722],[70.9734,31.7651],[71.0163,31.7988],[71.0185,31.8801],[71.0405,31.9044],[71.0438,31.9558],[71.067,31.9783],[71.0747,32.0007],[71.0769,32.0632],[71.0857,32.0809],[71.1594,32.108],[71.1738,32.2301],[71.2365,32.2906],[71.296,32.3138],[71.3081,32.3399],[71.3048,32.4626],[71.2395,32.4699],[71.2216,32.4319],[71.2086,32.4233],[71.1204,32.4075],[71.1074,32.3745],[71.0799,32.3586],[71.0799,32.3451],[71.0466,32.328],[71.0018,32.3195],[70.9728,32.2987],[70.899,32.2742],[70.8499,32.2693],[70.8426,32.2547],[70.805,32.2461],[70.7269,32.1996],[70.6777,32.191],[70.6546,32.1739],[70.5895,32.1678],[70.5721,32.1335],[70.5721,32.1077],[70.5417,32.0747],[70.5345,32.0342],[70.4043,32.0244],[70.387,32.0035],[70.3291,32.0035],[70.2857,32.0183],[70.2481,32.0084],[70.2278,32.0023],[70.2249,31.9827],[70.209,31.9753],[70.2076,31.963],[70.1787,31.9348],[70.1671,31.8796],[70.1772,31.6496],[70.1844,31.6237],[70.2221,31.6126],[70.2322,31.5929],[70.2495,31.5855],[70.2582,31.5128],[70.3088,31.4351],[70.3103,31.3387],[70.3363,31.3078],[70.345,31.22],[70.3566,31.22],[70.3667,31.2003],[70.3855,31.1904],[70.4222,31.1859],[70.4339,31.2027],[70.4879,31.2196],[70.5495,31.2592],[70.5891,31.2432],[70.6607,31.2413],[70.7103,31.2507],[70.7257,31.246],[70.7575,31.2098]]]}},{"type":"Feature","properties":{"id":"d-diamer","name":"Diamer","level":2,"centroid":[73.9567,35.5165],"bbox":[73.114,35.0407,74.7081,35.9641]},"geometry":{"type":"Polygon","coordinates":[[[74.4083,35.0648],[74.3987,35.0995],[74.4013,35.1422],[74.4228,35.1635],[74.4358,35.2061],[74.4579,35.2109],[74.4703,35.23],[74.5055,35.2306],[74.5316,35.2556],[74.6078,35.2603],[74.6097,35.2742],[74.6677,35.3061],[74.6755,35.3295],[74.6951,35.3353],[74.7081,35.4808],[74.6755,35.5073],[74.6749,35.5296],[74.654,35.5482],[74.6514,35.6181],[74.6345,35.6255],[74.5433,35.6229],[74.527,35.5964],[74.5081,35.5921],[74.3667,35.6033],[74.3517,35.6192],[74.2983,35.6282],[74.2866,35.6424],[74.2514,35.6483],[74.2443,35.6684],[74.2117,35.6859],[74.2019,35.7097],[74.1537,35.725],[74.0925,35.7678],[74.0736,35.7678],[74.0699,35.7893],[74.0159,35.7983],[74.0098,35.8388],[73.9569,35.8668],[73.7902,35.8598],[73.7081,35.8745],[73.6833,35.8967],[73.6514,35.8967],[73.5876,35.8904],[73.5635,35.8698],[73.509,35.8611],[73.4092,35.904],[73.4062,35.918],[73.3716,35.9476],[73.3349,35.9501],[73.3135,35.9641],[73.2626,35.9427],[73.2525,35.9023],[73.2362,35.8974],[73.2331,35.8809],[73.2005,35.871],[73.1914,35.8545],[73.1364,35.838],[73.1289,35.8254],[73.1381,35.8165],[73.1381,35.7726],[73.114,35.749],[73.1149,35.731],[73.1449,35.6744],[73.2107,35.6256],[73.2156,35.613],[73.3191,35.5768],[73.3346,35.5619],[73.4139,35.5493],[73.4284,35.5343],[73.5678,35.528],[73.6268,35.5036],[73.6626,35.506],[73.6887,35.4831],[73.7245,35.4784],[73.7632,35.4556],[73.771,35.4453],[73.7671,35.4209],[73.7226,35.3791],[73.7013,35.3333],[73.71,35.2448],[73.7497,35.1942],[73.8077,35.2014],[73.8997,35.1824],[73.9529,35.1389],[74.0816,35.1104],[74.1184,35.0811],[74.2122,35.0423],[74.3235,35.0407],[74.3612,35.0621],[74.4083,35.0648]]]}},{"type":"Feature","properties":{"id":"d-faisalabad","name":"Faisalabad","level":2,"centroid":[73.1041,31.2127],"bbox":[72.6549,30.7004,73.665,31.7284]},"geometry":{"type":"Polygon","coordinates":[[[73.2349,31.7056],[73.1621,31.7284],[73.1495,31.7126],[73.12,31.7047],[73.0905,31.675],[73.0913,31.6558],[73.0587,31.6248],[73.0571,31.6016],[73.009,31.5765],[72.9958,31.5223],[72.919,31.5097],[72.8941,31.4905],[72.8639,31.4839],[72.8553,31.4634],[72.8072,31.4362],[72.7809,31.4005],[72.7684,31.3634],[72.7552,31.3554],[72.7452,31.3296],[72.7545,31.2967],[72.7961,31.2922],[72.808,31.2448],[72.7933,31.2052],[72.7447,31.183],[72.7272,31.0678],[72.7628,31.0277],[72.7622,31.0112],[72.7419,30.9802],[72.7136,30.9584],[72.7074,30.9322],[72.6639,30.9177],[72.6549,30.8736],[72.6814,30.8493],[72.6933,30.8212],[72.6814,30.7954],[72.6848,30.7629],[72.7408,30.727],[72.7465,30.7058],[72.7997,30.7004],[72.8483,30.7088],[72.8827,30.7361],[72.8898,30.7581],[72.9331,30.7589],[72.9481,30.7748],[72.9975,30.7869],[73.0037,30.8051],[73.0522,30.8127],[73.0575,30.8309],[73.0805,30.8324],[73.0946,30.8575],[73.1397,30.859],[73.1502,30.8772],[73.1706,30.8832],[73.2059,30.8823],[73.2418,30.9324],[73.2641,30.9416],[73.2998,30.9768],[73.2901,31.0128],[73.3218,31.0388],[73.3218,31.0542],[73.3411,31.0577],[73.3701,31.0802],[73.377,31.1038],[73.4115,31.1262],[73.4694,31.1392],[73.5011,31.1735],[73.5812,31.2112],[73.6115,31.2431],[73.617,31.2891],[73.6336,31.2973],[73.6588,31.3323],[73.665,31.3473],[73.6403,31.3933],[73.6058,31.4212],[73.5705,31.4265],[73.5564,31.4009],[73.5405,31.3926],[73.4654,31.3978],[73.461,31.4189],[73.439,31.4272],[73.4319,31.4837],[73.4134,31.5003],[73.4028,31.5778],[73.3277,31.6176],[73.3039,31.6417],[73.265,31.647],[73.2615,31.6612],[73.2412,31.6703],[73.2349,31.7056]]]}},{"type":"Feature","properties":{"id":"d-ghanche","name":"Ghanche","level":2,"centroid":[76.772,35.3034],"bbox":[75.9179,34.8522,77.8149,35.6938]},"geometry":{"type":"Polygon","coordinates":[[[75.9212,35.2822],[75.9179,35.2556],[75.929,35.2215],[75.9759,35.2077],[75.9861,35.1851],[76.0287,35.1624],[76.1733,35.1629],[76.1902,35.1523],[76.2078,35.1177],[76.2677,35.1134],[76.2899,35.0905],[76.3186,35.0894],[76.3453,35.074],[76.4261,35.066],[76.4365,35.0292],[76.4593,35.0105],[76.4606,34.9859],[76.4899,34.9614],[76.4932,34.9283],[76.5186,34.9128],[76.5199,34.8668],[76.5381,34.8522],[76.7067,34.853],[76.7853,34.8716],[76.8186,34.9336],[76.9063,34.9856],[76.9577,35.0005],[77.006,35.0475],[77.0786,35.071],[77.2752,35.102],[77.3009,35.118],[77.3311,35.1588],[77.4475,35.1848],[77.5367,35.2836],[77.7333,35.3564],[77.8149,35.471],[77.8028,35.5042],[77.7499,35.5178],[77.7151,35.4968],[77.6592,35.4944],[77.6259,35.4747],[77.5897,35.4685],[77.4037,35.4624],[77.375,35.4734],[77.3447,35.5091],[77.3099,35.5116],[77.2842,35.5276],[77.189,35.5374],[77.1603,35.5903],[77.1346,35.5989],[77.1164,35.6247],[77.0348,35.6284],[77.0189,35.6515],[76.9401,35.6186],[76.8912,35.5556],[76.8723,35.5524],[76.8736,35.5116],[76.8397,35.4919],[76.8352,35.4782],[76.787,35.4713],[76.7485,35.4835],[76.7075,35.5513],[76.6899,35.5529],[76.6892,35.5646],[76.6684,35.5715],[76.6339,35.6091],[76.6046,35.6192],[76.6033,35.6319],[76.5772,35.6435],[76.5381,35.6843],[76.471,35.6938],[76.4495,35.6896],[76.443,35.6747],[76.4261,35.6673],[76.3668,35.6668],[76.3472,35.6462],[76.3277,35.643],[76.2931,35.6011],[76.2124,35.5625],[76.1798,35.528],[76.1459,35.519],[76.1303,35.5015],[76.0795,35.4978],[76.0703,35.4755],[76.0528,35.4713],[76.015,35.4368],[76.015,35.415],[75.9909,35.3954],[75.9804,35.3114],[75.9212,35.2822]]]}},{"type":"Feature","properties":{"id":"d-ghizer","name":"Ghizer","level":2,"centroid":[73.4322,36.2684],"bbox":[72.5401,35.7961,74.2989,36.8926]},"geometry":{"type":"Polygon","coordinates":[[[72.5671,35.8503],[72.6098,35.8173],[72.6582,35.8103],[72.6834,35.7961],[72.7898,35.815],[72.8169,35.8307],[72.8556,35.8314],[72.9291,35.8079],[73.024,35.8079],[73.0878,35.8291],[73.1289,35.8254],[73.1364,35.838],[73.1914,35.8545],[73.2005,35.871],[73.2331,35.8809],[73.2362,35.8974],[73.2525,35.9023],[73.2626,35.9427],[73.3135,35.9641],[73.3349,35.9501],[73.3716,35.9476],[73.4062,35.918],[73.4092,35.904],[73.509,35.8611],[73.5635,35.8698],[73.5876,35.8904],[73.6514,35.8967],[73.6833,35.8967],[73.7081,35.8745],[73.7902,35.8598],[73.9382,35.8672],[73.9335,35.8846],[73.9446,35.9067],[74.0045,35.921],[74.0234,35.9779],[74.0397,35.9895],[74.0449,36.008],[74.0677,36.0159],[74.1114,36.1386],[74.1061,36.177],[74.0579,36.2164],[74.0475,36.27],[74.0234,36.2836],[74.026,36.3498],[74.0719,36.3734],[74.0841,36.434],[74.137,36.4602],[74.1482,36.5109],[74.1839,36.5207],[74.2582,36.5682],[74.2704,36.5862],[74.2908,36.5919],[74.2989,36.6327],[74.2765,36.6401],[74.2582,36.6638],[74.2409,36.6638],[74.2052,36.7087],[74.1472,36.7176],[74.1381,36.7274],[74.1482,36.7617],[74.134,36.7682],[74.0924,36.8251],[74.0532,36.8176],[74.0033,36.8237],[73.9156,36.889],[73.8748,36.8926],[73.7841,36.8878],[73.7022,36.8575],[73.7236,36.8153],[73.8232,36.7858],[73.8968,36.7269],[73.8997,36.7029],[73.891,36.685],[73.8068,36.6509],[73.5658,36.6517],[73.5,36.6967],[73.3549,36.706],[73.3172,36.7029],[73.2862,36.6858],[73.2136,36.6835],[73.1333,36.6555],[73.1052,36.6299],[73.0985,36.5577],[73.0056,36.4667],[72.9146,36.4293],[72.902,36.4176],[72.8943,36.3725],[72.8498,36.3288],[72.8111,36.3046],[72.7733,36.2992],[72.754,36.2789],[72.723,36.2727],[72.7095,36.2578],[72.6524,36.2493],[72.5943,36.2235],[72.5672,36.1899],[72.5459,36.154],[72.543,36.0359],[72.5585,35.9937],[72.5401,35.9357],[72.5401,35.8738],[72.5671,35.8503]]]}},{"type":"Feature","properties":{"id":"d-ghotki","name":"Ghotki","level":2,"centroid":[69.6369,27.79],"bbox":[69.1952,27.3337,70.1114,28.2776]},"geometry":{"type":"Polygon","coordinates":[[[69.1952,27.9264],[69.2014,27.8938],[69.2208,27.8794],[69.227,27.8281],[69.2502,27.8068],[69.2533,27.776],[69.2789,27.7595],[69.2796,27.7458],[69.2804,27.6861],[69.1998,27.6786],[69.1967,27.6539],[69.2084,27.6374],[69.2479,27.6285],[69.2564,27.6093],[69.2781,27.599],[69.2913,27.5633],[69.3075,27.5543],[69.316,27.5296],[69.3439,27.4994],[69.3858,27.4849],[69.464,27.4808],[69.5012,27.4588],[69.5376,27.4794],[69.56,27.4637],[69.5648,27.4046],[69.5781,27.3928],[69.7168,27.3337],[69.7397,27.3564],[69.7986,27.3872],[69.9831,27.5965],[70.0436,27.7451],[70.1114,27.8335],[70.0859,27.8748],[70.0345,27.8868],[69.9589,27.9483],[69.9453,28.0057],[69.8591,28.0684],[69.8425,28.1031],[69.8349,28.2457],[69.8076,28.2776],[69.7718,28.2694],[69.7268,28.2174],[69.6493,28.1778],[69.6184,28.1723],[69.6158,28.1583],[69.5946,28.1482],[69.5867,28.0899],[69.5779,28.079],[69.5426,28.0876],[69.5303,28.1195],[69.4994,28.1459],[69.4853,28.1459],[69.4553,28.1109],[69.3936,28.1008],[69.3443,28.0557],[69.2826,28.0464],[69.2711,28.0285],[69.2491,28.0261],[69.2311,28.0067],[69.2192,27.945],[69.1952,27.9264]]]}},{"type":"Feature","properties":{"id":"d-gilgit","name":"Gilgit","level":2,"centroid":[74.4207,35.9255],"bbox":[73.9335,35.5921,74.9791,36.38]},"geometry":{"type":"Polygon","coordinates":[[[74.8989,36.0035],[74.8938,36.0227],[74.8221,36.0564],[74.8019,36.0765],[74.7433,36.0822],[74.6247,36.1407],[74.5348,36.147],[74.4873,36.1296],[74.4768,36.1075],[74.4254,36.098],[74.4006,36.108],[74.3719,36.1396],[74.3719,36.1512],[74.2501,36.178],[74.2097,36.2106],[74.1987,36.2211],[74.1993,36.2437],[74.1798,36.2579],[74.1654,36.2905],[74.142,36.301],[74.1361,36.3251],[74.112,36.3398],[74.1114,36.3493],[74.0886,36.3561],[74.076,36.38],[74.0638,36.3643],[74.026,36.3498],[74.0234,36.2836],[74.0475,36.27],[74.0579,36.2164],[74.1061,36.177],[74.1087,36.1265],[74.0677,36.0159],[74.0449,36.008],[74.0397,35.9895],[74.0234,35.9779],[74.0045,35.921],[73.9446,35.9067],[73.9335,35.8846],[73.9382,35.8672],[73.9569,35.8668],[74.0098,35.8388],[74.0159,35.7983],[74.0699,35.7893],[74.0736,35.7678],[74.0925,35.7678],[74.1537,35.725],[74.2019,35.7097],[74.2117,35.6859],[74.2443,35.6684],[74.2514,35.6483],[74.2866,35.6424],[74.2983,35.6282],[74.3517,35.6192],[74.3667,35.6033],[74.5081,35.5921],[74.527,35.5964],[74.5433,35.6229],[74.5806,35.627],[74.6234,35.6652],[74.6254,35.7636],[74.6475,35.7842],[74.6566,35.8465],[74.6703,35.8576],[74.7335,35.8592],[74.7498,35.8444],[74.7426,35.7773],[74.755,35.7562],[74.7935,35.7456],[74.8201,35.7529],[74.8404,35.7802],[74.872,35.7893],[74.8873,35.8025],[74.8938,35.8281],[74.9791,35.8587],[74.9765,35.9025],[74.957,35.9104],[74.9479,35.9505],[74.9296,35.96],[74.8989,36.0035]]]}},{"type":"Feature","properties":{"id":"d-gujranwala","name":"Gujranwala","level":2,"centroid":[74.0821,32.1208],"bbox":[73.6721,31.8184,74.5729,32.5199]},"geometry":{"type":"Polygon","coordinates":[[[74.5729,32.0876],[74.4932,32.0968],[74.4826,32.1163],[74.4684,32.1193],[74.4667,32.1499],[74.457,32.1619],[74.3934,32.1611],[74.3775,32.1806],[74.3245,32.1858],[74.3148,32.2052],[74.2936,32.2097],[74.2804,32.2329],[74.2336,32.262],[74.2292,32.2889],[74.1991,32.3142],[74.1983,32.3918],[74.1753,32.4097],[74.1691,32.4656],[74.1766,32.5199],[74.1471,32.514],[74.0817,32.4566],[74.0358,32.444],[74.0252,32.4231],[73.9996,32.4164],[73.9828,32.3955],[73.9184,32.3724],[73.8539,32.3754],[73.8409,32.3514],[73.7959,32.3409],[73.7904,32.3232],[73.7586,32.3146],[73.7532,32.3035],[73.6762,32.2976],[73.6721,32.2559],[73.7054,32.2278],[73.7054,32.2118],[73.7314,32.1788],[73.7329,32.1359],[73.7922,32.0955],[73.7907,32.0514],[73.8168,32.0195],[73.811,31.9643],[73.7965,31.952],[73.8001,31.933],[73.8375,31.9379],[73.8652,31.935],[73.8734,31.9254],[73.8734,31.8924],[73.8469,31.8729],[73.8477,31.8579],[73.8636,31.8399],[74.0811,31.8448],[74.1099,31.8381],[74.1116,31.8184],[74.1523,31.8199],[74.1918,31.864],[74.2602,31.8684],[74.2783,31.8727],[74.2935,31.89],[74.3602,31.8943],[74.376,31.9159],[74.4303,31.9456],[74.4359,31.9643],[74.4778,32.0065],[74.5167,32.0189],[74.532,32.0635],[74.558,32.0707],[74.5729,32.0876]]]}},{"type":"Feature","properties":{"id":"d-gujrat","name":"Gujrat","level":2,"centroid":[73.9688,32.6971],"bbox":[73.5626,32.3724,74.4066,33.0323]},"geometry":{"type":"Polygon","coordinates":[[[73.7712,33.008],[73.7664,32.944],[73.7066,32.9016],[73.6507,32.8339],[73.5995,32.798],[73.5941,32.7791],[73.5662,32.7556],[73.5626,32.6909],[73.6174,32.6596],[73.622,32.625],[73.6546,32.5923],[73.6748,32.5857],[73.6779,32.5583],[73.754,32.5158],[73.7718,32.4706],[73.8541,32.4103],[73.8539,32.3754],[73.9184,32.3724],[73.9828,32.3955],[73.9996,32.4164],[74.0252,32.4231],[74.0358,32.444],[74.0817,32.4566],[74.1471,32.514],[74.1877,32.5199],[74.2248,32.5445],[74.3104,32.5482],[74.3272,32.5683],[74.3519,32.5728],[74.3793,32.5959],[74.4066,32.6561],[74.4051,32.779],[74.3556,32.7754],[74.339,32.7856],[74.338,32.7977],[74.3148,32.7992],[74.241,32.8425],[73.9634,32.943],[73.9246,32.9756],[73.9,33.0181],[73.8718,33.0311],[73.8464,33.0323],[73.7914,33.0081],[73.7712,33.008]]]}},{"type":"Feature","properties":{"id":"d-gwadar","name":"Gwadar","level":2,"centroid":[63.1539,25.4135],"bbox":[61.5888,25.0395,65.268,25.7869]},"geometry":{"type":"Polygon","coordinates":[[[65.268,25.323],[65.2649,25.5576],[65.2586,25.5804],[65.2225,25.5975],[65.1377,25.5739],[64.9193,25.5747],[64.8887,25.5543],[64.7975,25.5486],[64.7533,25.5291],[64.5747,25.5144],[64.4808,25.4778],[64.4384,25.4485],[64.4078,25.446],[64.3239,25.4656],[64.3004,25.4884],[64.1786,25.4876],[64.1633,25.4998],[64.1804,25.5568],[64.1696,25.5869],[64.1145,25.6227],[64.0667,25.6292],[63.9603,25.5901],[63.8213,25.5625],[63.5542,25.4468],[63.4767,25.4012],[63.4541,25.3979],[63.4541,25.4615],[63.4207,25.5022],[63.1419,25.5389],[63.1185,25.5682],[63.0634,25.5739],[63.0481,25.6072],[62.9507,25.6406],[62.8992,25.6316],[62.8658,25.5999],[62.8009,25.5909],[62.6764,25.5942],[62.6096,25.6113],[62.4346,25.608],[62.3922,25.5983],[62.348,25.5698],[62.2695,25.5616],[62.154,25.5307],[62.1062,25.5307],[62.0773,25.5429],[62.0592,25.5625],[62.0565,25.5796],[62.0836,25.6145],[62.0872,25.6536],[62.0538,25.6837],[62.052,25.7861],[62.0295,25.7869],[62.0033,25.7788],[61.9564,25.7024],[61.9266,25.6951],[61.8986,25.7064],[61.8698,25.7373],[61.7958,25.7568],[61.7813,25.776],[61.6398,25.751],[61.628,25.5551],[61.607,25.4388],[61.607,25.3159],[61.5888,25.3008],[61.5888,25.2421],[61.6705,25.2379],[61.737,25.1955],[61.7506,25.175],[61.7445,25.1435],[61.7219,25.1038],[61.6856,25.0806],[61.6886,25.0504],[61.7551,25.0395],[61.8141,25.0545],[61.8579,25.1285],[62.0515,25.1394],[62.0545,25.2024],[62.1225,25.2557],[62.1497,25.2585],[62.2692,25.1914],[62.2873,25.1477],[62.2722,25.1011],[62.3024,25.0874],[62.3312,25.0874],[62.3599,25.0956],[62.372,25.1175],[62.3675,25.1353],[62.3493,25.1435],[62.3418,25.1586],[62.3463,25.1914],[62.372,25.227],[62.5066,25.279],[62.6139,25.2762],[62.6457,25.2585],[62.7016,25.2489],[62.7606,25.2256],[62.8694,25.2243],[62.9012,25.2338],[62.9102,25.2489],[62.9465,25.2489],[63.0055,25.2065],[63.0811,25.2174],[63.1476,25.2626],[63.1733,25.2626],[63.1975,25.2585],[63.2535,25.2256],[63.3895,25.2215],[63.4349,25.1983],[63.5014,25.2024],[63.509,25.2571],[63.5226,25.2858],[63.5649,25.3036],[63.6012,25.3459],[63.6269,25.3596],[63.6738,25.3705],[63.8189,25.3692],[63.9127,25.3172],[64.0064,25.3213],[64.0518,25.3364],[64.1621,25.3364],[64.1848,25.3254],[64.215,25.3254],[64.2922,25.2954],[64.3829,25.2379],[64.4645,25.2147],[64.5068,25.2202],[64.5613,25.2489],[64.6097,25.253],[64.6369,25.2325],[64.6444,25.2051],[64.6278,25.1518],[64.6974,25.1381],[64.7261,25.1531],[64.7336,25.1778],[64.6913,25.2079],[64.6913,25.2325],[64.7518,25.3022],[64.9695,25.3172],[65.0194,25.3118],[65.0889,25.279],[65.2401,25.2831],[65.268,25.323]]]}},{"type":"Feature","properties":{"id":"d-hafizabad","name":"Hafizabad","level":2,"centroid":[73.4789,31.9769],"bbox":[73.1148,31.7056,73.8168,32.2976]},"geometry":{"type":"Polygon","coordinates":[[[73.8001,31.933],[73.7965,31.952],[73.811,31.9643],[73.8168,32.0195],[73.7907,32.0514],[73.7922,32.0955],[73.7329,32.1359],[73.7314,32.1788],[73.7054,32.2118],[73.7054,32.2278],[73.6721,32.2559],[73.6762,32.2976],[73.6376,32.2956],[73.6026,32.2733],[73.5685,32.27],[73.5592,32.2523],[73.5033,32.2379],[73.4661,32.1801],[73.4467,32.1735],[73.4358,32.1532],[73.4156,32.1466],[73.383,32.1098],[73.3287,32.0947],[73.3217,32.0796],[73.2767,32.0526],[73.2396,32.0512],[73.2317,32.0296],[73.2131,32.0243],[73.2069,32.0059],[73.182,31.9954],[73.172,31.9104],[73.1487,31.8992],[73.144,31.8821],[73.1223,31.8709],[73.1148,31.856],[73.1246,31.7931],[73.1487,31.7773],[73.1621,31.7284],[73.2349,31.7056],[73.2667,31.7117],[73.2889,31.7166],[73.2923,31.7325],[73.338,31.7392],[73.3606,31.7565],[73.4832,31.7695],[73.5211,31.8098],[73.5544,31.8132],[73.5641,31.8304],[73.6918,31.8458],[73.7257,31.8645],[73.7341,31.8832],[73.7584,31.8919],[73.8001,31.933]]]}},{"type":"Feature","properties":{"id":"d-hangu","name":"Hangu","level":2,"centroid":[70.8539,33.3556],"bbox":[70.5054,33.1524,71.2206,33.5277]},"geometry":{"type":"Polygon","coordinates":[[[70.7576,33.1524],[70.7613,33.2341],[70.7792,33.2491],[70.8087,33.2509],[70.8572,33.2306],[70.8951,33.2473],[70.9183,33.2755],[70.9583,33.2993],[71.0457,33.2984],[71.0752,33.3072],[71.1237,33.3415],[71.1321,33.3978],[71.1469,33.3996],[71.1606,33.4251],[71.209,33.4462],[71.2206,33.4945],[71.2111,33.5165],[71.1003,33.5277],[71.0729,33.5105],[71.0738,33.499],[71.0081,33.4665],[70.946,33.4735],[70.9146,33.4997],[70.7886,33.5005],[70.7618,33.4881],[70.7599,33.4742],[70.7424,33.4712],[70.7312,33.4542],[70.7312,33.4302],[70.6859,33.3838],[70.6387,33.3916],[70.6211,33.3792],[70.6127,33.3436],[70.6007,33.3351],[70.5054,33.3243],[70.5054,33.2934],[70.56,33.2469],[70.5655,33.2059],[70.5924,33.2012],[70.6053,33.1842],[70.6479,33.1764],[70.6776,33.1578],[70.7576,33.1524]]]}},{"type":"Feature","properties":{"id":"d-haripur","name":"Haripur","level":2,"centroid":[72.8849,34.0266],"bbox":[72.5414,33.7323,73.189,34.3878]},"geometry":{"type":"Polygon","coordinates":[[[72.7322,34.3798],[72.7283,34.36],[72.7009,34.3313],[72.7009,34.3163],[72.7264,34.2792],[72.7325,34.2023],[72.7547,34.1862],[72.7601,34.1627],[72.6968,34.1036],[72.6759,34.0958],[72.6388,34.0466],[72.6044,34.0254],[72.5633,34.0226],[72.5414,34.0031],[72.5632,33.9612],[72.5918,33.9575],[72.616,33.942],[72.6248,33.9283],[72.6138,33.9091],[72.616,33.8872],[72.6689,33.8826],[72.6909,33.8927],[72.7019,33.9201],[72.7393,33.9411],[72.7624,33.9027],[72.8043,33.8917],[72.8307,33.8405],[72.8354,33.768],[72.8629,33.738],[72.8853,33.7323],[72.9661,33.7738],[73.047,33.7823],[73.09,33.8052],[73.1605,33.8181],[73.189,33.8605],[73.1793,33.9353],[73.1671,33.9474],[73.0919,33.9627],[73.0934,33.9868],[73.1241,34.0027],[73.1257,34.0352],[73.1033,34.0633],[73.0596,34.0799],[73.0631,34.1137],[73.0428,34.1432],[73.0413,34.1666],[72.9569,34.2256],[72.9439,34.265],[72.9047,34.2713],[72.9032,34.2846],[72.8503,34.3201],[72.8495,34.3347],[72.8257,34.3397],[72.8073,34.384],[72.7628,34.3878],[72.7322,34.3798]]]}},{"type":"Feature","properties":{"id":"d-hunza","name":"Hunza","level":2,"centroid":[75.1535,36.5615],"bbox":[74.0924,36.0017,76.0671,37.0038]},"geometry":{"type":"Polygon","coordinates":[[[75.9908,36.0577],[75.993,36.1051],[76.0581,36.2027],[76.0671,36.2515],[76.0414,36.2783],[76.0399,36.3003],[76.0626,36.4001],[75.9855,36.5266],[75.9023,36.6407],[75.7708,36.7413],[75.7239,36.751],[75.6468,36.7474],[75.606,36.7401],[75.5455,36.705],[75.4956,36.7171],[75.4881,36.7292],[75.4896,36.7995],[75.4654,36.8237],[75.4306,36.9011],[75.4155,36.9083],[75.2794,36.9216],[75.228,36.97],[75.1645,36.9893],[75.036,36.9857],[74.9649,36.9386],[74.9271,36.9289],[74.9075,36.9373],[74.9029,36.9591],[74.8878,36.9675],[74.782,37.0002],[74.7306,37.0038],[74.6777,36.999],[74.6157,36.9663],[74.41,36.9543],[74.3224,36.918],[74.2211,36.9071],[74.2044,36.9023],[74.1938,36.8721],[74.1591,36.8467],[74.0924,36.8251],[74.134,36.7682],[74.1482,36.7617],[74.1381,36.7274],[74.1472,36.7176],[74.2052,36.7087],[74.2297,36.6736],[74.2694,36.6572],[74.2765,36.6401],[74.2989,36.6327],[74.2994,36.6206],[74.3628,36.641],[74.4306,36.6357],[74.443,36.6274],[74.443,36.6039],[74.4736,36.5678],[74.4729,36.5421],[74.5133,36.54],[74.5263,36.528],[74.527,36.4992],[74.5075,36.4929],[74.4951,36.4688],[74.4749,36.4615],[74.4651,36.4447],[74.4677,36.3535],[74.3478,36.2868],[74.3485,36.2663],[74.3654,36.2537],[74.5413,36.2506],[74.6195,36.2936],[74.7361,36.2983],[74.7811,36.3178],[75.0508,36.3272],[75.2182,36.3183],[75.2645,36.2689],[75.2808,36.2647],[75.2964,36.2164],[75.428,36.2138],[75.4352,36.2006],[75.4619,36.1896],[75.4716,36.1717],[75.4951,36.1649],[75.4964,36.1512],[75.5277,36.1428],[75.5394,36.1254],[75.7277,36.1217],[75.7394,36.1033],[75.7596,36.0986],[75.7687,36.0754],[75.7843,36.0712],[75.7954,36.0317],[75.8163,36.0285],[75.8299,36.0048],[75.8957,36.0017],[75.9427,36.0275],[75.9576,36.0512],[75.9908,36.0577]]]}},{"type":"Feature","properties":{"id":"d-hyderabad","name":"Hyderabad","level":2,"centroid":[68.5101,25.3421],"bbox":[68.2793,25.0528,68.7135,25.7867]},"geometry":{"type":"Polygon","coordinates":[[[68.2879,25.0657],[68.4397,25.0609],[68.5404,25.0768],[68.5806,25.068],[68.5929,25.0536],[68.6384,25.0528],[68.6592,25.0549],[68.7123,25.0894],[68.7135,25.1688],[68.7042,25.2158],[68.6477,25.2336],[68.628,25.2691],[68.6315,25.29],[68.6453,25.3014],[68.6523,25.3411],[68.6211,25.3755],[68.6186,25.4409],[68.6245,25.4589],[68.6769,25.519],[68.6718,25.6123],[68.6038,25.6862],[68.5558,25.7029],[68.5587,25.7375],[68.5388,25.7475],[68.5269,25.7867],[68.4841,25.7834],[68.4737,25.7495],[68.4567,25.7328],[68.5055,25.6882],[68.5092,25.6283],[68.4694,25.6158],[68.4674,25.586],[68.395,25.5556],[68.3858,25.5273],[68.4178,25.498],[68.4201,25.466],[68.3967,25.449],[68.3556,25.4433],[68.3316,25.4176],[68.327,25.3913],[68.3356,25.3634],[68.3156,25.334],[68.3333,25.3139],[68.3373,25.2876],[68.3607,25.2757],[68.3807,25.2396],[68.3596,25.2262],[68.2793,25.2312],[68.3106,25.1448],[68.3083,25.095],[68.2879,25.0657]]]}},{"type":"Feature","properties":{"id":"d-islamabad","name":"Islamabad Capital Territory","level":2,"centroid":[73.0621,33.668],"bbox":[72.7817,33.4911,73.2943,33.811]},"geometry":{"type":"Polygon","coordinates":[[[72.8761,33.7266],[72.7881,33.6867],[72.7817,33.6586],[72.8071,33.6163],[72.8466,33.5776],[72.8797,33.5876],[72.9043,33.6134],[73.0111,33.6452],[73.0779,33.5708],[73.0797,33.5385],[73.0657,33.5057],[73.1103,33.4911],[73.146,33.4937],[73.1996,33.5403],[73.2316,33.5757],[73.2425,33.6534],[73.2943,33.6752],[73.2898,33.7029],[73.27,33.7254],[73.242,33.7348],[73.2271,33.7554],[73.1617,33.7922],[73.1485,33.811],[73.09,33.8052],[73.047,33.7823],[72.9661,33.7738],[72.8761,33.7266]]]}},{"type":"Feature","properties":{"id":"d-jacobabad","name":"Jacobabad","level":2,"centroid":[68.5453,28.1511],"bbox":[67.9186,27.8561,69.0021,28.3962]},"geometry":{"type":"Polygon","coordinates":[[[67.9186,27.9195],[67.9742,27.9102],[68.0772,27.9191],[68.0896,27.9089],[68.1609,27.9007],[68.1725,27.8829],[68.2112,27.8781],[68.2469,27.8603],[68.3433,27.8561],[68.3567,27.8679],[68.3591,27.8861],[68.353,27.9855],[68.3639,28.0486],[68.4959,28.0529],[68.5467,28.0966],[68.5733,28.1031],[68.6932,28.1031],[68.7743,28.0582],[68.8833,28.0518],[68.945,28.0293],[68.9462,28.1735],[68.9498,28.1895],[68.9631,28.1948],[68.9825,28.2951],[69.0007,28.3164],[69.0021,28.3962],[68.5286,28.3682],[68.4878,28.3269],[68.4712,28.323],[68.4318,28.2244],[68.4061,28.2071],[68.3169,28.1991],[68.2912,28.1871],[68.0327,28.003],[67.9843,27.943],[67.9186,27.9195]]]}},{"type":"Feature","properties":{"id":"d-jafarabad","name":"Jafarabad","level":2,"centroid":[68.2021,28.2216],"bbox":[67.6791,27.8615,69.1463,28.6174]},"geometry":{"type":"Polygon","coordinates":[[[68.4983,28.6174],[68.4457,28.6004],[68.4188,28.5647],[68.4181,28.5266],[68.4457,28.4618],[68.4429,28.4315],[68.4106,28.3825],[68.2983,28.3722],[68.2459,28.4012],[68.2122,28.3988],[68.1791,28.3521],[68.1197,28.3186],[68.1012,28.2815],[68.0777,28.2712],[68.0424,28.2089],[67.997,28.1808],[67.785,28.1393],[67.711,28.1363],[67.6875,28.1229],[67.6791,28.0235],[67.6841,27.9715],[67.7094,27.9285],[67.7162,27.8641],[67.8392,27.8615],[67.8634,27.9069],[67.9843,27.943],[68.0327,28.003],[68.1809,28.1018],[68.2413,28.1565],[68.3169,28.1991],[68.4061,28.2071],[68.4318,28.2244],[68.4712,28.323],[68.4878,28.3269],[68.5286,28.3682],[69.1463,28.4001],[69.1287,28.4276],[69.1116,28.4343],[69.0539,28.4118],[68.929,28.4151],[68.8363,28.421],[68.7701,28.4467],[68.6991,28.4592],[68.6698,28.4892],[68.6055,28.5141],[68.5856,28.5432],[68.5487,28.5598],[68.4986,28.6038],[68.4983,28.6174]]]}},{"type":"Feature","properties":{"id":"d-jamshoro","name":"Jamshoro","level":2,"centroid":[67.8247,25.6654],"bbox":[67.2881,24.913,68.4743,26.5591]},"geometry":{"type":"Polygon","coordinates":[[[67.3963,25.6411],[67.4057,25.4483],[67.4094,25.4284],[67.4339,25.4074],[67.4326,25.3742],[67.4032,25.3377],[67.4032,25.3023],[67.38,25.2702],[67.3763,25.2425],[67.2906,25.1383],[67.2881,25.1194],[67.2979,25.0895],[67.3605,25.0816],[67.3812,25.0607],[67.3983,25.0607],[67.4632,25.0174],[67.5184,24.9652],[67.5247,24.9166],[67.5556,24.913],[67.6193,24.9193],[67.6635,24.9475],[67.7352,24.9539],[67.7518,24.9616],[67.7879,25.0075],[67.836,25.028],[67.8531,25.0698],[67.8541,25.1325],[67.8659,25.1801],[67.938,25.2411],[67.949,25.3098],[68.0219,25.3736],[68.0791,25.3785],[68.0987,25.3665],[68.1637,25.3077],[68.1786,25.268],[68.2006,25.2538],[68.2562,25.2474],[68.2793,25.2312],[68.3738,25.2313],[68.3778,25.252],[68.3607,25.2757],[68.3373,25.2876],[68.3333,25.3139],[68.3156,25.334],[68.3356,25.3634],[68.3265,25.4016],[68.3356,25.4253],[68.3556,25.4433],[68.4126,25.4547],[68.4201,25.466],[68.4178,25.498],[68.3927,25.5134],[68.3892,25.5443],[68.4092,25.5665],[68.4674,25.586],[68.4743,25.6025],[68.4537,25.639],[68.3858,25.6473],[68.3345,25.6961],[68.3379,25.727],[68.3653,25.745],[68.3658,25.7758],[68.3561,25.7897],[68.278,25.8344],[68.2768,25.8781],[68.2922,25.9243],[68.2808,25.934],[68.2026,25.9443],[68.1621,25.992],[68.0559,26.0807],[68.0439,26.131],[67.9874,26.1499],[67.9663,26.1837],[67.9344,26.197],[67.9224,26.2457],[67.9372,26.3378],[67.9606,26.3843],[67.9623,26.4513],[67.9155,26.4712],[67.8556,26.5243],[67.7631,26.5591],[67.734,26.5591],[67.7123,26.5448],[67.6952,26.4906],[67.6963,26.4176],[67.6787,26.3368],[67.6227,26.2692],[67.5656,26.2651],[67.544,26.2488],[67.532,26.2047],[67.5303,26.1135],[67.5177,26.0766],[67.5154,26.0115],[67.5091,25.9977],[67.462,25.9702],[67.4597,25.8831],[67.4491,25.8532],[67.4566,25.7211],[67.4128,25.6802],[67.3963,25.6411]]]}},{"type":"Feature","properties":{"id":"d-jhal-magsi","name":"Jhal Magsi","level":2,"centroid":[67.5656,28.3516],"bbox":[67.2356,27.8267,67.8392,28.798]},"geometry":{"type":"Polygon","coordinates":[[[67.4695,27.8349],[67.5096,27.8387],[67.6063,27.8267],[67.6562,27.8574],[67.7162,27.8641],[67.7094,27.9285],[67.6841,27.9715],[67.6791,28.0235],[67.6875,28.1229],[67.711,28.1363],[67.785,28.1393],[67.8332,28.1521],[67.8298,28.2053],[67.7967,28.2721],[67.7878,28.4667],[67.794,28.4915],[67.8215,28.5127],[67.8392,28.5537],[67.8016,28.5877],[67.7926,28.6512],[67.7437,28.7129],[67.7609,28.7497],[67.7465,28.7908],[67.6851,28.798],[67.6218,28.7872],[67.5846,28.7545],[67.5866,28.7014],[67.566,28.6748],[67.4661,28.699],[67.4061,28.6706],[67.3187,28.6567],[67.2765,28.5921],[67.2593,28.5013],[67.2442,28.4937],[67.2356,28.3565],[67.2474,28.3375],[67.368,28.3243],[67.4078,28.2873],[67.4272,28.2522],[67.4261,28.2285],[67.4498,28.1668],[67.4433,28.1355],[67.452,27.917],[67.4695,27.8349]]]}},{"type":"Feature","properties":{"id":"d-jhang","name":"Jhang","level":2,"centroid":[72.3085,31.3036],"bbox":[71.5686,30.5828,73.1626,31.9427]},"geometry":{"type":"Polygon","coordinates":[[[72.1362,30.6999],[72.1663,30.7071],[72.1694,30.7231],[72.2431,30.7338],[72.2788,30.7618],[72.2501,30.7978],[72.1756,30.8085],[72.1624,30.8271],[72.1624,30.8465],[72.2151,30.8751],[72.2702,30.929],[72.2896,30.9716],[72.3114,30.9949],[72.3238,31.0401],[72.3626,31.0701],[72.3727,31.1245],[72.3921,31.1385],[72.413,31.1883],[72.4899,31.2056],[72.5209,31.1963],[72.5512,31.2175],[72.6295,31.2255],[72.7025,31.2891],[72.7545,31.2964],[72.7452,31.3296],[72.8072,31.4362],[72.8553,31.4634],[72.8639,31.4839],[72.8941,31.4905],[72.919,31.5097],[72.9958,31.5223],[73.009,31.5765],[73.0493,31.5937],[73.0587,31.6248],[73.0913,31.6558],[73.0905,31.675],[73.12,31.7047],[73.1495,31.7126],[73.1626,31.7291],[73.1487,31.7773],[73.1246,31.7931],[73.1138,31.857],[73.0843,31.8603],[73.0656,31.8801],[73.002,31.8841],[72.9361,31.9295],[72.891,31.9427],[72.8608,31.8887],[72.8344,31.8808],[72.822,31.857],[72.8065,31.8557],[72.801,31.8353],[72.7762,31.8228],[72.77,31.8096],[72.6978,31.8036],[72.6877,31.7878],[72.6373,31.7759],[72.6249,31.7581],[72.5793,31.7341],[72.479,31.7278],[72.4417,31.702],[72.4338,31.6864],[72.4123,31.6796],[72.4037,31.6598],[72.3758,31.6373],[72.3129,31.6307],[72.2896,31.593],[72.2687,31.5858],[72.2571,31.5653],[72.1996,31.56],[72.1686,31.5712],[72.202,31.5996],[72.2035,31.6122],[72.233,31.6261],[72.2539,31.6558],[72.2904,31.6816],[72.2912,31.7014],[72.2594,31.708],[72.2431,31.7265],[72.2043,31.7344],[72.1785,31.7341],[72.136,31.6822],[72.0685,31.675],[71.9855,31.5917],[71.9761,31.5441],[71.9474,31.5282],[71.9389,31.4985],[71.9168,31.4803],[71.9156,31.3556],[71.9431,31.3365],[71.9482,31.307],[71.9238,31.2913],[71.9126,31.2444],[71.873,31.2349],[71.8323,31.2531],[71.7652,31.2401],[71.7571,31.221],[71.7175,31.2123],[71.7114,31.1836],[71.7195,31.1073],[71.7263,31.094],[71.7447,31.0882],[71.7573,31.0525],[71.7496,31.0085],[71.7263,30.9794],[71.7253,30.9569],[71.7447,30.927],[71.769,30.9162],[71.7748,30.8987],[71.7661,30.8522],[71.7457,30.848],[71.7399,30.8297],[71.7147,30.8189],[71.6885,30.7781],[71.6381,30.7464],[71.6269,30.7113],[71.6015,30.7017],[71.5916,30.6589],[71.5742,30.6514],[71.5686,30.6291],[71.6265,30.6331],[71.671,30.5828],[71.6997,30.5841],[71.8042,30.6545],[71.9042,30.6571],[71.9511,30.6779],[71.9663,30.7001],[72.0571,30.7118],[72.1362,30.6999]]]}},{"type":"Feature","properties":{"id":"d-jhelum","name":"Jhelum","level":2,"centroid":[73.2659,32.7952],"bbox":[72.5255,32.3882,73.7712,33.1874]},"geometry":{"type":"Polygon","coordinates":[[[73.6014,33.1874],[73.5513,33.1696],[73.4632,33.169],[73.4321,33.1492],[73.3988,33.1516],[73.3907,33.1677],[73.3552,33.1702],[73.3204,33.1423],[73.3011,33.0791],[73.2338,33.0735],[73.2168,33.0531],[73.179,33.0481],[73.1539,33.027],[73.122,33.0264],[73.1324,32.886],[73.1087,32.8705],[73.1036,32.8357],[73.0806,32.8201],[73.0784,32.8058],[73.051,32.7965],[73.0473,32.7754],[73.0777,32.7592],[73.1546,32.7542],[73.1576,32.7405],[73.1842,32.7287],[73.1916,32.7119],[73.1857,32.6838],[73.1213,32.6776],[73.0754,32.6527],[73.071,32.6396],[73.0444,32.6334],[73.037,32.6165],[73.0221,32.6103],[72.9578,32.6321],[72.9237,32.6097],[72.8934,32.6066],[72.8712,32.5879],[72.6751,32.581],[72.641,32.538],[72.6114,32.5586],[72.5838,32.5387],[72.5405,32.5371],[72.5255,32.4998],[72.5303,32.4814],[72.5534,32.4609],[72.557,32.4026],[72.5679,32.3882],[72.6104,32.3913],[72.6225,32.4097],[72.7704,32.4282],[72.8104,32.4425],[72.8141,32.4548],[72.8565,32.4854],[72.9668,32.4916],[72.9875,32.5069],[73.0469,32.5171],[73.0832,32.5355],[73.2093,32.5376],[73.2275,32.5601],[73.2457,32.5631],[73.3136,32.5427],[73.3342,32.5621],[73.35,32.5631],[73.3633,32.5866],[73.4082,32.5918],[73.4337,32.6122],[73.4652,32.6163],[73.4834,32.6346],[73.5016,32.6367],[73.5113,32.6561],[73.5258,32.6591],[73.539,32.6812],[73.5662,32.6955],[73.5662,32.7556],[73.5941,32.7791],[73.5995,32.798],[73.6507,32.8339],[73.7361,32.9277],[73.7664,32.944],[73.7712,33.008],[73.6949,33.0518],[73.6632,33.0512],[73.6125,33.0683],[73.5906,33.0937],[73.5878,33.1126],[73.6146,33.1574],[73.6014,33.1874]]]}},{"type":"Feature","properties":{"id":"d-kachhi","name":"Kachhi","level":2,"centroid":[67.7687,29.1663],"bbox":[67.191,28.5537,68.5092,29.9288]},"geometry":{"type":"Polygon","coordinates":[[[67.3163,28.6543],[67.4061,28.6706],[67.4661,28.699],[67.566,28.6748],[67.5866,28.7014],[67.5811,28.74],[67.597,28.7702],[67.6307,28.792],[67.7189,28.7974],[67.7465,28.7908],[67.7609,28.7672],[67.7437,28.7129],[67.7926,28.6512],[67.8016,28.5877],[67.8392,28.5537],[67.989,28.5823],[67.9958,28.6403],[67.9766,28.6778],[67.9869,28.6972],[68.0027,28.7068],[68.0448,28.7092],[68.093,28.6929],[68.1185,28.702],[68.1508,28.7346],[68.1942,28.7576],[68.2707,28.7757],[68.3038,28.7956],[68.3086,28.8161],[68.2755,28.8535],[68.2597,28.8916],[68.2941,28.8976],[68.3589,28.938],[68.4292,28.9404],[68.4533,28.9538],[68.378,29.0597],[68.3337,29.0868],[68.3263,29.1191],[68.3351,29.1436],[68.3824,29.1591],[68.412,29.132],[68.4593,29.1165],[68.4844,29.1165],[68.5092,29.1373],[68.4076,29.2017],[68.3519,29.2167],[68.2356,29.3025],[68.2148,29.3079],[68.1816,29.2745],[68.158,29.2679],[68.0728,29.3075],[67.9877,29.2844],[67.9423,29.2951],[67.9196,29.3998],[67.8647,29.4155],[67.8628,29.4806],[67.8373,29.511],[67.8297,29.5505],[67.8032,29.5563],[67.6869,29.6271],[67.5989,29.6369],[67.5781,29.6525],[67.5544,29.6978],[67.5554,29.7856],[67.5099,29.8415],[67.5033,29.8759],[67.4655,29.88],[67.4249,29.9053],[67.4067,29.8945],[67.3447,29.9275],[67.2587,29.9288],[67.2333,29.9202],[67.2009,29.9006],[67.191,29.8432],[67.1967,29.8151],[67.2206,29.7784],[67.2305,29.7196],[67.3165,29.6915],[67.3236,29.6621],[67.3066,29.6192],[67.2432,29.5542],[67.2376,29.4978],[67.2057,29.4469],[67.2596,29.4325],[67.2947,29.4567],[67.3662,29.4815],[67.3765,29.4747],[67.3892,29.3908],[67.431,29.3739],[67.4704,29.3204],[67.5029,29.3126],[67.5241,29.253],[67.5194,29.0679],[67.4995,29.0613],[67.4399,29.0092],[67.4343,28.943],[67.3661,28.8958],[67.3756,28.8403],[67.3605,28.8096],[67.2939,28.7849],[67.3163,28.6543]]]}},{"type":"Feature","properties":{"id":"d-kalat","name":"Kalat","level":2,"centroid":[66.6586,28.8442],"bbox":[65.9145,27.9177,67.5251,29.5746]},"geometry":{"type":"Polygon","coordinates":[[[67.2939,28.7849],[67.3359,28.7955],[67.3728,28.8254],[67.3661,28.8958],[67.4343,28.943],[67.4399,29.0092],[67.4995,29.0613],[67.5194,29.0679],[67.5251,29.0861],[67.5241,29.253],[67.5131,29.2868],[67.5029,29.3126],[67.4704,29.3204],[67.431,29.3739],[67.3892,29.3908],[67.3765,29.4747],[67.3486,29.4794],[67.2596,29.4325],[67.2057,29.4469],[67.1431,29.3885],[66.9302,29.3885],[66.9161,29.3934],[66.9161,29.4106],[66.9359,29.4364],[66.9429,29.4659],[66.9246,29.483],[66.8597,29.4867],[66.8316,29.4794],[66.7752,29.4254],[66.7272,29.4045],[66.6859,29.4301],[66.685,29.4521],[66.7238,29.5282],[66.7193,29.5573],[66.703,29.5714],[66.6579,29.5746],[66.4964,29.4183],[66.4893,29.3567],[66.4604,29.3296],[66.4292,29.3195],[66.3437,29.3201],[66.3062,29.3566],[66.2824,29.3524],[66.2667,29.3323],[66.2637,29.2287],[66.2339,29.2067],[66.1987,29.1279],[66.1987,29.0979],[66.2357,29.0632],[66.2303,28.9093],[66.2131,28.8991],[66.1831,28.8404],[66.1239,28.7737],[66.0999,28.7292],[66.1031,28.6903],[66.1482,28.6753],[66.1536,28.6547],[66.1455,28.5446],[66.0453,28.3868],[65.984,28.3399],[65.9749,28.3089],[65.9145,28.2104],[65.9641,28.1547],[65.9578,28.1022],[65.9389,28.0751],[65.9506,28.0497],[66.0146,28.0242],[66.0399,28.0003],[66.0552,27.9365],[66.046,27.9247],[66.1163,27.9177],[66.2109,27.9242],[66.4182,28.0576],[66.4589,28.0693],[66.5175,28.1093],[66.5383,28.1127],[66.562,28.1369],[66.5809,28.1402],[66.6046,28.2369],[66.5923,28.2653],[66.5043,28.3494],[66.5005,28.3993],[66.5147,28.4376],[66.5667,28.4842],[66.5932,28.5249],[66.6992,28.5407],[66.7607,28.6163],[66.7739,28.657],[66.79,28.6703],[66.8051,28.7043],[66.8534,28.7541],[66.9026,28.7806],[66.9764,28.7864],[67.2939,28.7849]]]}},{"type":"Feature","properties":{"id":"d-karachi","name":"Karachi","level":2,"centroid":[67.2063,25.0296],"bbox":[66.6719,24.71,67.5612,25.6411]},"geometry":{"type":"Polygon","coordinates":[[[66.6899,24.9142],[66.6719,24.8777],[66.6765,24.853],[66.7022,24.8352],[66.8277,24.8352],[66.8821,24.8215],[66.9577,24.7817],[67.0257,24.7858],[67.0514,24.8009],[67.1452,24.7199],[67.1757,24.71],[67.2864,24.7418],[67.3849,24.7396],[67.4045,24.7252],[67.4155,24.7374],[67.4155,24.763],[67.4375,24.773],[67.4571,24.7685],[67.4865,24.7441],[67.5012,24.7163],[67.5355,24.7163],[67.5588,24.7296],[67.5612,24.7652],[67.5465,24.8063],[67.5269,24.8141],[67.5233,24.8286],[67.5184,24.9652],[67.4632,25.0174],[67.3983,25.0607],[67.3812,25.0607],[67.3605,25.0816],[67.2979,25.0895],[67.2881,25.1194],[67.2906,25.1383],[67.3763,25.2425],[67.38,25.2702],[67.4032,25.3023],[67.4032,25.3377],[67.4326,25.3742],[67.4339,25.4074],[67.4094,25.4284],[67.4057,25.4483],[67.3963,25.6411],[67.3478,25.5903],[67.3311,25.5357],[67.2903,25.5221],[67.2858,25.503],[67.2193,25.4484],[67.186,25.3842],[67.1739,25.2981],[67.1573,25.2803],[67.1497,25.2407],[67.1225,25.1996],[67.059,25.1586],[67.0257,25.1244],[67.0046,25.0285],[66.9864,25.008],[66.9653,24.9943],[66.8685,24.9874],[66.8488,24.9559],[66.7974,24.9463],[66.7203,24.9106],[66.6899,24.9142]]]}},{"type":"Feature","properties":{"id":"d-karak","name":"Karak","level":2,"centroid":[71.1021,33.0721],"bbox":[70.7576,32.7349,71.4611,33.3185]},"geometry":{"type":"Polygon","coordinates":[[[71.4307,33.1736],[71.4368,33.1973],[71.426,33.2261],[71.3235,33.2503],[71.3141,33.2898],[71.2993,33.2976],[71.1907,33.3185],[71.1415,33.2999],[71.0788,33.3118],[71.0457,33.2984],[70.9583,33.2993],[70.8772,33.2368],[70.8403,33.2315],[70.8087,33.2509],[70.7792,33.2491],[70.7613,33.2341],[70.7576,33.1524],[70.7961,33.147],[70.8599,33.1012],[70.8599,33.0764],[70.8118,33.05],[70.8072,33.0345],[70.7686,33.0065],[70.8077,32.9818],[70.8214,32.9561],[70.8635,32.9535],[70.9141,32.9093],[70.9204,32.8854],[70.9467,32.8659],[70.9446,32.8261],[70.9248,32.8106],[70.9299,32.7925],[70.9573,32.765],[70.992,32.7624],[71.0194,32.7349],[71.1165,32.7393],[71.1242,32.85],[71.166,32.8963],[71.2079,32.9258],[71.3334,32.9536],[71.4325,32.9573],[71.4589,32.9757],[71.4611,32.9997],[71.427,33.0182],[71.4281,33.1003],[71.4105,33.1326],[71.4105,33.1566],[71.4307,33.1736]]]}},{"type":"Feature","properties":{"id":"d-kashmore","name":"Kashmore","level":2,"centroid":[69.3315,28.2346],"bbox":[68.945,27.9264,69.8076,28.4706]},"geometry":{"type":"Polygon","coordinates":[[[69.1463,28.4001],[69.0021,28.3962],[69.0007,28.3164],[68.9825,28.2951],[68.9631,28.1948],[68.9498,28.1895],[68.9462,28.1735],[68.945,28.0294],[69.0643,28.0156],[69.1133,27.9542],[69.1347,27.9461],[69.1699,27.9509],[69.1952,27.9264],[69.2192,27.945],[69.2311,28.0067],[69.2491,28.0261],[69.2711,28.0285],[69.2826,28.0464],[69.3443,28.0557],[69.3936,28.1008],[69.4553,28.1109],[69.4853,28.1459],[69.4994,28.1459],[69.5303,28.1195],[69.5426,28.0876],[69.5779,28.079],[69.5867,28.0899],[69.5946,28.1482],[69.6158,28.1583],[69.6184,28.1723],[69.6493,28.1778],[69.7268,28.2174],[69.7718,28.2694],[69.8076,28.2776],[69.7896,28.3828],[69.7155,28.4201],[69.6278,28.4227],[69.5839,28.4613],[69.5567,28.4706],[69.4721,28.4666],[69.4191,28.4201],[69.3662,28.4001],[69.1463,28.4001]]]}},{"type":"Feature","properties":{"id":"d-kasur","name":"Kasur","level":2,"centroid":[74.1377,31.0272],"bbox":[73.6297,30.6509,74.6958,31.3229]},"geometry":{"type":"Polygon","coordinates":[[[73.6297,31.1055],[73.6385,31.0831],[73.6341,31.0641],[73.6553,31.0536],[73.6703,31.021],[73.6932,31.0097],[73.6977,30.9711],[73.7215,30.9597],[73.7533,30.915],[73.7815,30.912],[73.7842,30.8946],[73.8089,30.8794],[73.8195,30.8499],[73.9528,30.8431],[73.9669,30.8211],[73.989,30.8218],[74.0031,30.8029],[74.0349,30.7945],[74.0808,30.7323],[74.1011,30.7232],[74.1126,30.6792],[74.1384,30.6509],[74.2347,30.6639],[74.2589,30.7367],[74.28,30.7653],[74.3859,30.8471],[74.4297,30.9145],[74.5038,30.9807],[74.5779,31.0688],[74.6867,31.0817],[74.6958,31.0999],[74.6913,31.1296],[74.6701,31.1426],[74.6293,31.1426],[74.5839,31.1232],[74.5431,31.1283],[74.4962,31.1672],[74.4947,31.1891],[74.528,31.2331],[74.5254,31.3229],[74.4472,31.3095],[74.4314,31.3013],[74.4196,31.269],[74.2963,31.2545],[74.268,31.2349],[74.2442,31.2311],[74.1594,31.2379],[74.1312,31.2591],[74.042,31.2621],[74.0102,31.281],[73.9661,31.2779],[73.9555,31.2613],[73.9113,31.2545],[73.8954,31.2138],[73.8151,31.2062],[73.7912,31.1994],[73.7806,31.1851],[73.7374,31.1836],[73.7003,31.1564],[73.695,31.1405],[73.6411,31.1269],[73.6297,31.1055]]]}},{"type":"Feature","properties":{"id":"d-kech","name":"Kech","level":2,"centroid":[63.0738,26.022],"bbox":[61.7391,25.3979,64.579,26.6814]},"geometry":{"type":"Polygon","coordinates":[[[64.1737,25.5757],[64.2213,25.5815],[64.3055,25.6228],[64.3839,25.6295],[64.3957,25.6415],[64.4016,25.6681],[64.3395,25.6881],[64.3277,25.7401],[64.3691,25.7787],[64.3794,25.8439],[64.4001,25.8612],[64.4105,25.9356],[64.4548,26.014],[64.579,26.0618],[64.576,26.1322],[64.5243,26.176],[64.474,26.2556],[64.4445,26.2622],[64.3661,26.1906],[64.3336,26.1786],[64.239,26.1747],[64.1725,26.1455],[64.1414,26.1455],[64.0971,26.1667],[64.0616,26.2171],[63.9345,26.3152],[63.8946,26.3298],[63.7881,26.2927],[63.6462,26.3006],[63.6344,26.3139],[63.63,26.3722],[63.6152,26.392],[63.5945,26.392],[63.6004,26.4556],[63.5708,26.482],[63.4467,26.5151],[63.4082,26.5111],[63.2929,26.4503],[63.2456,26.441],[63.2205,26.4503],[63.1407,26.527],[63.154,26.5997],[63.1259,26.6341],[63.123,26.6603],[63.0738,26.6603],[63.0195,26.6751],[62.8612,26.6814],[62.8116,26.6729],[62.684,26.618],[62.4478,26.6054],[62.3249,26.5483],[62.28,26.5039],[62.2564,26.4617],[62.2564,26.3834],[62.247,26.3601],[62.2233,26.3537],[62.1997,26.2775],[62.143,26.2796],[62.1265,26.2987],[62.1194,26.3305],[62.0509,26.3559],[61.954,26.3135],[61.869,26.2923],[61.817,26.2521],[61.791,26.2055],[61.7863,26.0867],[61.7627,25.97],[61.7627,25.9275],[61.7391,25.8935],[61.7414,25.8616],[61.7532,25.8446],[61.7863,25.8403],[61.7934,25.8127],[61.7813,25.776],[61.7958,25.7568],[61.8698,25.7373],[61.8986,25.7064],[61.9266,25.6951],[61.9564,25.7024],[62.0033,25.7788],[62.052,25.7861],[62.0538,25.6837],[62.0872,25.6536],[62.0836,25.6145],[62.0565,25.5796],[62.0592,25.5625],[62.0773,25.5429],[62.1062,25.5307],[62.154,25.5307],[62.2695,25.5616],[62.348,25.5698],[62.3922,25.5983],[62.4346,25.608],[62.6096,25.6113],[62.6764,25.5942],[62.8009,25.5909],[62.8658,25.5999],[62.8992,25.6316],[62.9507,25.6406],[63.0481,25.6072],[63.0634,25.5739],[63.1185,25.5682],[63.1419,25.5389],[63.4207,25.5022],[63.4541,25.4615],[63.4541,25.3979],[63.4767,25.4012],[63.5542,25.4468],[63.8213,25.5625],[63.9603,25.5901],[64.0667,25.6292],[64.1145,25.6227],[64.1696,25.5869],[64.1737,25.5757]]]}},{"type":"Feature","properties":{"id":"d-khairpur","name":"Khairpur","level":2,"centroid":[69.092,26.7807],"bbox":[68.2252,26.1335,70.1449,27.6807]},"geometry":{"type":"Polygon","coordinates":[[[68.6913,27.6784],[68.6428,27.6807],[68.6106,27.6408],[68.5521,27.661],[68.5337,27.6531],[68.5208,27.6223],[68.5436,27.5997],[68.5359,27.5674],[68.5026,27.544],[68.3879,27.5344],[68.3794,27.4794],[68.3461,27.4416],[68.3298,27.4361],[68.3135,27.3921],[68.3321,27.3618],[68.3786,27.3226],[68.3763,27.3026],[68.2949,27.2868],[68.2252,27.1931],[68.2313,27.172],[68.2691,27.1499],[68.3681,27.14],[68.3784,27.1328],[68.3814,27.1071],[68.4036,27.0913],[68.4146,27.069],[68.4486,27.0598],[68.4693,27.0347],[68.4686,26.9452],[68.459,26.9287],[68.4198,26.9077],[68.4072,26.8701],[68.3548,26.8101],[68.357,26.661],[68.3459,26.6313],[68.3201,26.6154],[68.323,26.5923],[68.3328,26.5829],[68.47,26.5771],[68.5277,26.5533],[68.6998,26.5539],[68.79,26.5249],[68.8107,26.5064],[68.8328,26.5011],[68.8572,26.4733],[68.8735,26.4336],[68.8971,26.4223],[68.8971,26.4032],[68.9414,26.4025],[69.0033,26.3093],[69.0286,26.2906],[69.0368,26.2641],[69.056,26.2542],[69.07,26.2323],[69.0885,26.2276],[69.1055,26.1892],[69.1306,26.174],[69.1616,26.17],[69.2,26.1872],[69.2732,26.1945],[69.3641,26.1826],[69.3944,26.1614],[69.421,26.1587],[69.5392,26.1832],[69.5724,26.1574],[69.6508,26.1892],[69.7032,26.1812],[69.7372,26.1607],[69.7874,26.1627],[69.8665,26.1839],[69.8953,26.162],[69.9965,26.1554],[70.0372,26.1335],[70.0904,26.139],[70.1177,26.1847],[70.1252,26.2159],[70.1192,26.2742],[70.1449,26.3284],[70.1373,26.5234],[70.1282,26.5464],[70.1056,26.5667],[70.0118,26.6045],[69.9196,26.5734],[69.7699,26.5802],[69.655,26.664],[69.4857,26.7342],[69.4569,26.7599],[69.4554,26.9191],[69.466,26.9986],[69.493,27.0519],[69.4245,27.067],[69.3207,27.1152],[69.2641,27.1201],[69.1952,27.1421],[69.1572,27.1656],[69.1402,27.1663],[69.0929,27.1401],[69.0193,27.147],[68.9628,27.1725],[68.9279,27.209],[68.8868,27.2221],[68.8566,27.2531],[68.8566,27.2751],[68.9194,27.3302],[68.9186,27.3894],[68.9101,27.4072],[68.8341,27.4554],[68.8256,27.4856],[68.8667,27.5248],[68.8628,27.5427],[68.8884,27.5777],[68.8892,27.6093],[68.8481,27.6333],[68.721,27.6374],[68.6913,27.6784]]]}},{"type":"Feature","properties":{"id":"d-khanewal","name":"Khanewal","level":2,"centroid":[71.9843,30.3842],"bbox":[71.416,29.9527,72.5311,30.7118]},"geometry":{"type":"Polygon","coordinates":[[[71.4546,30.3931],[71.4818,30.4106],[71.5345,30.4079],[71.5457,30.3914],[71.6207,30.3469],[71.6269,30.3202],[71.6554,30.2896],[71.6796,30.2832],[71.6989,30.265],[71.7348,30.2618],[71.7485,30.2398],[71.8037,30.2275],[71.7944,30.1578],[71.7429,30.0988],[71.7392,30.0725],[71.6914,30.0596],[71.6654,30.0225],[71.6269,30.0134],[71.6164,29.9963],[71.6511,29.9581],[71.6741,29.9527],[71.7107,29.9726],[71.7941,29.9684],[71.8012,30.0009],[71.8224,30.0166],[71.9087,30.0193],[71.9511,30.0652],[72.0132,30.073],[72.0284,30.1176],[72.0435,30.1294],[72.0783,30.1189],[72.1026,30.094],[72.1722,30.1005],[72.1919,30.1254],[72.1934,30.1464],[72.2237,30.1713],[72.2283,30.187],[72.2934,30.2001],[72.31,30.2275],[72.3433,30.2446],[72.4053,30.2454],[72.4232,30.2713],[72.4319,30.3148],[72.4513,30.3307],[72.4445,30.3583],[72.4242,30.37],[72.4236,30.404],[72.4494,30.4223],[72.4751,30.4628],[72.4812,30.5267],[72.5145,30.5541],[72.5084,30.575],[72.5311,30.6115],[72.3221,30.6115],[72.3055,30.5919],[72.2298,30.5672],[72.1813,30.588],[72.1253,30.5854],[72.1177,30.6024],[72.1359,30.6336],[72.1359,30.7014],[72.0571,30.7118],[71.9663,30.7001],[71.9511,30.6779],[71.9042,30.6571],[71.8042,30.6545],[71.6997,30.5841],[71.671,30.5828],[71.6265,30.6331],[71.58,30.6347],[71.5519,30.6114],[71.5586,30.5597],[71.5431,30.5279],[71.5286,30.5263],[71.4901,30.5554],[71.4545,30.5288],[71.4576,30.4914],[71.416,30.4251],[71.4173,30.4117],[71.4546,30.3931]]]}},{"type":"Feature","properties":{"id":"d-kharan","name":"Kharan","level":2,"centroid":[64.6678,27.9431],"bbox":[62.7951,26.8801,66.2667,29.3323]},"geometry":{"type":"Polygon","coordinates":[[[66.046,27.9247],[66.0552,27.9365],[66.0399,28.0003],[66.0146,28.0242],[65.9506,28.0497],[65.9389,28.0751],[65.9578,28.1022],[65.9641,28.1547],[65.9145,28.2104],[65.9749,28.3089],[65.984,28.3399],[66.0453,28.3868],[66.1455,28.5446],[66.1536,28.6547],[66.1482,28.6753],[66.1031,28.6903],[66.0999,28.7292],[66.1239,28.7737],[66.1831,28.8404],[66.2131,28.8991],[66.2303,28.9093],[66.2357,29.0632],[66.1987,29.0979],[66.1987,29.1279],[66.2339,29.2067],[66.2637,29.2287],[66.2667,29.3323],[66.1797,29.2903],[66.1429,29.2497],[66.1313,29.2227],[65.9977,29.1247],[65.8757,29.1416],[65.8351,29.1281],[65.6841,29.035],[65.5692,29.0299],[65.5292,28.9761],[65.4183,28.9209],[65.2852,28.8052],[65.1424,28.7788],[65.0251,28.6891],[64.8546,28.6794],[64.8149,28.6599],[64.7578,28.6578],[64.6936,28.6196],[64.6135,28.6147],[64.5413,28.5534],[64.5096,28.5437],[64.3907,28.5381],[64.3368,28.474],[64.2004,28.46],[64.1004,28.3875],[64.0093,28.3812],[63.9395,28.3359],[63.8737,28.3226],[63.8277,28.294],[63.7896,28.2835],[63.6262,28.2975],[63.562,28.3128],[63.5279,28.3044],[63.4851,28.2758],[63.2765,28.2695],[63.2678,28.2088],[63.1322,28.1389],[63.0275,28.0353],[62.9189,27.9471],[62.7988,27.894],[62.8092,27.8573],[62.8399,27.8239],[62.8612,27.6022],[62.8588,27.487],[62.814,27.4241],[62.8021,27.3905],[62.7951,27.3402],[62.8045,27.2877],[62.8328,27.2646],[62.899,27.2457],[62.9888,27.2436],[63.0904,27.2751],[63.2179,27.2982],[63.2723,27.2772],[63.313,27.2442],[63.4714,27.2349],[63.5881,27.2408],[63.7467,27.2721],[63.8899,27.2878],[63.9273,27.2486],[63.9736,27.1624],[64.0132,27.133],[64.0639,27.1154],[64.1742,27.1062],[64.1587,27.0623],[64.1587,27.0372],[64.1728,27.0334],[64.2038,27.0623],[64.2094,27.1175],[64.2264,27.1338],[64.3053,27.1514],[64.38,27.2128],[64.4533,27.2905],[64.4773,27.2968],[64.5041,27.283],[64.521,27.2204],[64.5816,27.1238],[64.669,27.0485],[64.7226,27.0246],[64.7903,27.0246],[64.9383,27.0886],[65.0581,27.1564],[65.0821,27.1564],[65.1187,27.1338],[65.1793,27.0535],[65.2569,27.0334],[65.2865,26.9781],[65.2963,26.9254],[65.3471,26.8801],[65.3626,26.8801],[65.3838,26.9002],[65.4035,26.9606],[65.4331,27.0045],[65.5755,27.179],[65.6276,27.2291],[65.6361,27.2554],[65.6341,27.3497],[65.6497,27.3851],[65.6745,27.4235],[65.7456,27.4712],[65.7461,27.6158],[65.7658,27.6295],[65.7771,27.6595],[65.8278,27.6957],[65.8405,27.7531],[65.8828,27.7893],[65.9561,27.8292],[65.9801,27.8915],[66.046,27.9247]]]}},{"type":"Feature","properties":{"id":"d-kharmang","name":"Kharmang","level":2,"centroid":[76.1329,34.9351],"bbox":[75.7518,34.6853,76.5381,35.1858]},"geometry":{"type":"Polygon","coordinates":[[[76.5381,34.8522],[76.5199,34.8668],[76.5186,34.9128],[76.4932,34.9283],[76.4899,34.9614],[76.4606,34.9859],[76.4593,35.0105],[76.4365,35.0292],[76.4261,35.066],[76.3453,35.074],[76.3186,35.0894],[76.2899,35.0905],[76.2677,35.1134],[76.2078,35.1177],[76.1902,35.1523],[76.1733,35.1629],[76.0287,35.1624],[75.9837,35.1858],[75.929,35.1661],[75.8475,35.1592],[75.8332,35.1427],[75.8221,35.0995],[75.7583,35.0521],[75.7518,34.9891],[75.7648,34.9309],[75.8169,34.8925],[75.8202,34.8663],[75.8326,34.8545],[75.8769,34.8428],[75.8795,34.831],[75.9283,34.8219],[75.9648,34.7754],[75.9707,34.7358],[76.0019,34.7218],[76.0084,34.6941],[76.0656,34.7151],[76.1321,34.7114],[76.1518,34.689],[76.182,34.6853],[76.2985,34.6865],[76.3287,34.6952],[76.371,34.7586],[76.4799,34.7983],[76.5381,34.8522]]]}},{"type":"Feature","properties":{"id":"d-khushab","name":"Khushab","level":2,"centroid":[72.0262,32.1431],"bbox":[71.5541,31.4803,72.5661,32.677]},"geometry":{"type":"Polygon","coordinates":[[[71.9168,31.4803],[71.9389,31.4985],[71.9474,31.5282],[71.9761,31.5441],[71.9855,31.5917],[72.0359,31.6459],[72.0685,31.675],[72.136,31.6822],[72.1663,31.71],[72.1787,31.7489],[72.1515,31.7812],[72.1523,31.7931],[72.1725,31.8142],[72.1771,31.9058],[72.2074,31.944],[72.2144,31.9822],[72.2671,32.0434],[72.2656,32.165],[72.4192,32.291],[72.4417,32.295],[72.4487,32.3101],[72.4891,32.3192],[72.5271,32.3638],[72.5496,32.3684],[72.5661,32.3906],[72.557,32.4026],[72.5534,32.4609],[72.5303,32.4814],[72.5255,32.4998],[72.5405,32.5371],[72.4753,32.5704],[72.4716,32.6097],[72.4449,32.6346],[72.3909,32.6303],[72.379,32.6109],[72.3354,32.586],[72.3154,32.5897],[72.2754,32.6184],[72.2414,32.6571],[72.1008,32.6614],[72.0778,32.677],[72.0527,32.6608],[72.0386,32.6153],[71.9987,32.6035],[71.989,32.5848],[71.9735,32.581],[71.958,32.5617],[71.9284,32.5548],[71.8928,32.5155],[71.8408,32.5161],[71.8241,32.4958],[71.7871,32.4822],[71.7605,32.45],[71.7582,32.4343],[71.7374,32.4314],[71.7328,32.4051],[71.7698,32.3689],[71.7466,32.3162],[71.7304,32.3142],[71.7119,32.2732],[71.6749,32.238],[71.6761,32.1793],[71.6954,32.1278],[71.6986,31.9986],[71.678,31.9906],[71.6732,31.9717],[71.6414,31.9528],[71.6398,31.9111],[71.6144,31.8962],[71.6065,31.8693],[71.5573,31.8436],[71.5541,31.8261],[71.6065,31.8018],[71.616,31.7802],[71.6616,31.7453],[71.6738,31.671],[71.7622,31.6104],[71.8099,31.5585],[71.8587,31.5273],[71.8618,31.5151],[71.8882,31.5091],[71.8943,31.4926],[71.9168,31.4803]]]}},{"type":"Feature","properties":{"id":"d-khuzdar","name":"Khuzdar","level":2,"centroid":[66.6963,27.4182],"bbox":[65.6548,25.6996,67.4695,28.7864]},"geometry":{"type":"Polygon","coordinates":[[[67.2432,27.4378],[67.31,27.5107],[67.3221,27.5522],[67.3584,27.5884],[67.3795,27.6353],[67.4022,27.6434],[67.4279,27.6795],[67.4294,27.7451],[67.4521,27.7505],[67.4695,27.8349],[67.452,27.917],[67.4455,28.1915],[67.4078,28.2873],[67.368,28.3243],[67.2474,28.3375],[67.2356,28.3565],[67.2442,28.4937],[67.2593,28.5013],[67.2765,28.5921],[67.3163,28.6543],[67.2939,28.7849],[66.9764,28.7864],[66.9026,28.7806],[66.8742,28.7698],[66.8051,28.7043],[66.79,28.6703],[66.7739,28.657],[66.7607,28.6163],[66.6992,28.5407],[66.5932,28.5249],[66.5667,28.4842],[66.5147,28.4376],[66.5005,28.3993],[66.5043,28.3494],[66.5923,28.2653],[66.6046,28.2369],[66.5809,28.1402],[66.562,28.1369],[66.5383,28.1127],[66.5175,28.1093],[66.4589,28.0693],[66.4182,28.0576],[66.2109,27.9242],[66.1163,27.9177],[66.046,27.9247],[65.9801,27.8915],[65.9561,27.8292],[65.8828,27.7893],[65.8405,27.7531],[65.8278,27.6957],[65.7771,27.6595],[65.7658,27.6295],[65.7461,27.6158],[65.7456,27.4712],[65.6942,27.4409],[65.6548,27.393],[65.7872,27.3771],[65.854,27.3282],[65.8919,27.2835],[65.9119,27.2755],[65.9402,27.2333],[65.9443,27.1561],[65.9698,27.118],[66.0469,27.115],[66.0897,27.1573],[66.1124,27.1499],[66.1248,27.0917],[66.111,26.9346],[66.0869,26.8922],[66.0711,26.7741],[66.0504,26.7459],[66.0166,26.6147],[66.0042,26.603],[66.0056,26.5038],[66.0552,26.4243],[66.1207,26.3539],[66.1461,26.3551],[66.1627,26.3891],[66.1668,26.4736],[66.1902,26.4952],[66.1992,26.5186],[66.2391,26.5377],[66.2791,26.5149],[66.29,26.4677],[66.3369,26.4625],[66.3941,26.4203],[66.4563,26.4188],[66.4933,26.3992],[66.5606,26.4248],[66.5842,26.4248],[66.6245,26.4007],[66.7305,26.3992],[66.7776,26.4354],[66.7927,26.4263],[66.8062,26.2982],[66.8163,26.2771],[66.8701,26.2319],[66.8735,26.1927],[66.8953,26.1625],[66.8987,26.093],[66.9222,26.0507],[66.9542,25.9434],[66.9777,25.9101],[66.9861,25.839],[67.0114,25.8041],[67.0181,25.7148],[67.0467,25.6996],[67.1274,25.7027],[67.1526,25.7208],[67.1779,25.8405],[67.1829,26.0462],[67.2098,26.1006],[67.2132,26.1353],[67.2014,26.1957],[67.1375,26.2515],[67.1224,26.2967],[67.1241,26.3194],[67.0971,26.3495],[67.0786,26.4007],[67.04,26.4384],[67.0366,26.4595],[67.0063,26.464],[67.003,26.4851],[67.0097,26.5091],[67.0618,26.5287],[67.1089,26.5558],[67.1341,26.5844],[67.1754,26.5994],[67.1754,26.6208],[67.1981,26.6653],[67.2026,26.7099],[67.2026,26.8763],[67.1824,26.8767],[67.1252,26.9109],[67.1173,26.9284],[67.1065,27.0262],[67.1104,27.251],[67.0893,27.3836],[67.0603,27.4091],[66.993,27.4265],[66.9574,27.4526],[66.9476,27.5026],[66.9697,27.5384],[67.0028,27.5428],[67.0297,27.5656],[67.0505,27.5699],[67.0652,27.5905],[67.0909,27.5949],[67.1742,27.52],[67.2244,27.445],[67.2432,27.4378]]]}},{"type":"Feature","properties":{"id":"d-khyber","name":"Khyber","level":2,"centroid":[71.013,33.8925],"bbox":[70.4095,33.673,71.5271,34.2816]},"geometry":{"type":"Polygon","coordinates":[[[71.1434,34.2816],[71.1391,34.1688],[71.1225,34.1532],[71.1202,34.1199],[71.0895,34.1043],[71.0847,34.0828],[71.0446,34.0339],[70.9288,33.9751],[70.8438,33.9437],[70.4095,33.946],[70.4095,33.9256],[70.4306,33.9134],[70.4369,33.8504],[70.4548,33.8426],[70.4632,33.8023],[70.4864,33.7909],[70.4896,33.7778],[70.5033,33.776],[70.5152,33.7523],[70.5476,33.7422],[70.5626,33.7226],[70.6127,33.7237],[70.6243,33.7072],[70.6621,33.6908],[70.6687,33.6771],[70.7131,33.673],[70.8267,33.7196],[70.8942,33.7209],[70.9765,33.7784],[71.0456,33.7989],[71.0489,33.8099],[71.0931,33.8373],[71.1047,33.8347],[71.1079,33.8224],[71.1426,33.8128],[71.1679,33.7725],[71.2164,33.7594],[71.2185,33.7463],[71.2469,33.7349],[71.2617,33.7174],[71.3196,33.706],[71.4313,33.7086],[71.466,33.692],[71.5271,33.6902],[71.5265,33.7333],[71.5024,33.7518],[71.4969,33.771],[71.4793,33.7764],[71.4728,33.8103],[71.4599,33.8187],[71.4487,33.8541],[71.4237,33.8718],[71.4173,33.8979],[71.396,33.9141],[71.3932,33.931],[71.358,33.9579],[71.3617,34.0592],[71.4131,34.073],[71.3731,34.0884],[71.3649,34.1156],[71.3369,34.1334],[71.2382,34.1388],[71.2267,34.1565],[71.225,34.2409],[71.1789,34.2545],[71.169,34.2763],[71.1434,34.2816]]]}},{"type":"Feature","properties":{"id":"d-kohat","name":"Kohat","level":2,"centroid":[71.538,33.4042],"bbox":[71.0788,33.0561,72.0234,33.6955]},"geometry":{"type":"Polygon","coordinates":[[[71.655,33.0561],[71.7066,33.0717],[71.7385,33.1031],[71.7474,33.1298],[71.7452,33.1722],[71.6967,33.2174],[71.6901,33.2404],[71.6945,33.257],[71.7176,33.2754],[71.7187,33.3168],[71.8057,33.3665],[71.8586,33.3775],[71.8938,33.4069],[71.918,33.4455],[71.9433,33.4584],[71.9499,33.5749],[71.9653,33.5869],[72.0234,33.6955],[71.9285,33.6867],[71.9095,33.663],[71.86,33.6437],[71.809,33.6394],[71.7904,33.607],[71.8339,33.5676],[71.8024,33.5414],[71.7663,33.5414],[71.6802,33.4835],[71.633,33.4804],[71.595,33.4874],[71.5802,33.499],[71.5747,33.5128],[71.5877,33.5656],[71.5752,33.5742],[71.4145,33.5915],[71.383,33.573],[71.3284,33.5715],[71.3089,33.5931],[71.2821,33.5931],[71.233,33.6417],[71.1756,33.6501],[71.158,33.637],[71.1673,33.5854],[71.1516,33.57],[71.1164,33.5669],[71.1006,33.5483],[71.1003,33.5277],[71.2111,33.5165],[71.2206,33.4945],[71.2174,33.4726],[71.209,33.4462],[71.1606,33.4251],[71.1469,33.3996],[71.1321,33.3978],[71.1237,33.3415],[71.0788,33.3118],[71.1415,33.2999],[71.1907,33.3185],[71.2993,33.2976],[71.3141,33.2898],[71.3235,33.2503],[71.426,33.2261],[71.4368,33.1973],[71.4307,33.1736],[71.4578,33.1722],[71.4853,33.1492],[71.5294,33.1704],[71.5712,33.1676],[71.6207,33.0717],[71.655,33.0561]]]}},{"type":"Feature","properties":{"id":"d-kohistan","name":"Kohistan","level":2,"centroid":[73.2087,35.2966],"bbox":[72.6941,34.898,73.9342,35.8314]},"geometry":{"type":"Polygon","coordinates":[[[73.9342,35.1597],[73.8997,35.1824],[73.8077,35.2014],[73.7497,35.1942],[73.71,35.2448],[73.7013,35.3333],[73.7226,35.3791],[73.7671,35.4209],[73.771,35.4453],[73.7632,35.4556],[73.7245,35.4784],[73.6887,35.4831],[73.6626,35.506],[73.6268,35.5036],[73.5678,35.528],[73.4284,35.5343],[73.4139,35.5493],[73.3346,35.5619],[73.3191,35.5768],[73.2156,35.613],[73.2107,35.6256],[73.1449,35.6744],[73.1217,35.7129],[73.114,35.749],[73.1381,35.7726],[73.1343,35.8236],[73.0878,35.8291],[72.992,35.8063],[72.9291,35.8079],[72.8556,35.8314],[72.8237,35.8308],[72.8201,35.6761],[72.7595,35.5501],[72.7514,35.4277],[72.7271,35.4117],[72.7177,35.3832],[72.7285,35.354],[72.7568,35.3359],[72.7709,35.3029],[72.7541,35.2594],[72.7527,35.2264],[72.7325,35.2121],[72.6995,35.163],[72.6941,35.1241],[72.7406,35.1155],[72.749,35.0267],[72.7775,35.0189],[72.7775,34.9784],[72.8048,34.968],[72.808,34.9576],[72.8659,34.9525],[72.8744,34.93],[72.8691,34.9067],[72.9281,34.898],[72.9881,34.9516],[73.0134,34.955],[73.0471,34.9291],[73.0808,34.9248],[73.1019,34.9032],[73.1988,34.9006],[73.222,34.9196],[73.3389,34.924],[73.3874,34.9231],[73.4411,34.898],[73.4748,34.9006],[73.5201,34.9257],[73.5306,34.9499],[73.5454,34.9585],[73.5685,35.0129],[73.6043,35.0146],[73.6359,34.9991],[73.6991,35.0215],[73.7592,35.0224],[73.7813,35.0318],[73.7834,35.0465],[73.8119,35.0689],[73.8224,35.1034],[73.9024,35.1181],[73.9342,35.1597]]]}},{"type":"Feature","properties":{"id":"d-kohlu","name":"Kohlu","level":2,"centroid":[68.7885,29.5441],"bbox":[68.0085,29.1346,69.5939,29.9727]},"geometry":{"type":"Polygon","coordinates":[[[68.4545,29.9608],[68.3671,29.8899],[68.3368,29.8759],[68.3008,29.8743],[68.2271,29.8242],[68.1627,29.8152],[68.1362,29.7988],[68.0719,29.7397],[68.0085,29.641],[68.0378,29.6098],[68.1864,29.6016],[68.2072,29.5736],[68.2649,29.5374],[68.263,29.5217],[68.2261,29.4847],[68.2204,29.4624],[68.1646,29.3941],[68.1675,29.3479],[68.3519,29.2167],[68.4076,29.2017],[68.4992,29.1385],[68.5332,29.1346],[68.6278,29.1785],[68.6855,29.1824],[68.7224,29.1978],[68.7638,29.1849],[68.8555,29.1785],[68.9353,29.1553],[68.9649,29.1372],[69.0166,29.1398],[69.0329,29.1514],[69.0491,29.1862],[69.0698,29.1991],[69.0905,29.1978],[69.1378,29.1643],[69.2383,29.1669],[69.2768,29.1875],[69.2886,29.2404],[69.3315,29.2843],[69.3973,29.3141],[69.4238,29.3396],[69.5071,29.366],[69.5232,29.3842],[69.5194,29.4221],[69.4673,29.4435],[69.4607,29.4616],[69.4872,29.5341],[69.5496,29.5654],[69.5939,29.5625],[69.5934,29.582],[69.5496,29.609],[69.5269,29.6188],[69.4986,29.6114],[69.4058,29.5489],[69.3406,29.5324],[69.28,29.5407],[69.2412,29.5563],[69.2318,29.5695],[69.2043,29.5777],[69.2024,29.5942],[69.1911,29.6016],[69.1258,29.6081],[69.0889,29.6517],[69.1059,29.6698],[69.1722,29.6747],[69.1996,29.715],[69.2223,29.724],[69.2781,29.7725],[69.3283,29.7815],[69.3453,29.8127],[69.3661,29.8242],[69.4219,29.8275],[69.4342,29.8447],[69.4749,29.8661],[69.4891,29.8989],[69.4958,29.9654],[69.455,29.9727],[69.2999,29.9194],[69.0558,29.9194],[69.0057,29.9251],[68.9621,29.9489],[68.7928,29.8456],[68.6537,29.8275],[68.5913,29.8472],[68.4545,29.9608]]]}},{"type":"Feature","properties":{"id":"d-kurram","name":"Kurram","level":2,"centroid":[70.3072,33.6749],"bbox":[69.8681,33.2782,70.7811,34.0554]},"geometry":{"type":"Polygon","coordinates":[[[70.5073,33.2902],[70.5054,33.3243],[70.6007,33.3351],[70.6127,33.3436],[70.6211,33.3792],[70.6387,33.3916],[70.6859,33.3838],[70.7016,33.3939],[70.7312,33.4302],[70.7312,33.4542],[70.7424,33.4712],[70.7599,33.4742],[70.7618,33.4881],[70.7811,33.497],[70.7768,33.5036],[70.7633,33.5166],[70.7087,33.5278],[70.708,33.5447],[70.6817,33.5581],[70.676,33.5727],[70.6413,33.5771],[70.6265,33.5885],[70.5717,33.6621],[70.5665,33.72],[70.5476,33.7422],[70.5152,33.7523],[70.5033,33.776],[70.4896,33.7778],[70.4864,33.7909],[70.4632,33.8023],[70.4548,33.8426],[70.4369,33.8504],[70.4306,33.9134],[70.4095,33.9256],[70.4095,33.946],[70.3689,33.9496],[70.3382,33.9692],[70.2933,33.9692],[70.239,33.9849],[70.0972,34.0397],[69.9413,34.0554],[69.8728,33.9927],[69.8681,33.8967],[69.9295,33.7947],[69.9768,33.7436],[70.0216,33.724],[70.0925,33.722],[70.1209,33.7102],[70.1209,33.6827],[70.135,33.6473],[70.1681,33.6198],[70.1658,33.5784],[70.1492,33.5607],[70.1445,33.5154],[70.1917,33.4583],[70.2721,33.409],[70.298,33.3419],[70.2752,33.2911],[70.3326,33.2861],[70.3547,33.3011],[70.379,33.3011],[70.3884,33.2861],[70.4443,33.2782],[70.5073,33.2902]]]}},{"type":"Feature","properties":{"id":"d-lahore","name":"Lahore","level":2,"centroid":[74.3364,31.4338],"bbox":[73.9936,31.2311,74.6051,31.6888]},"geometry":{"type":"Polygon","coordinates":[[[73.9983,31.281],[74.042,31.2621],[74.1312,31.2591],[74.1594,31.2379],[74.2442,31.2311],[74.268,31.2349],[74.2963,31.2545],[74.4196,31.269],[74.4314,31.3013],[74.4472,31.3095],[74.5254,31.3229],[74.5265,31.3636],[74.5446,31.3881],[74.5885,31.4191],[74.6051,31.4642],[74.6036,31.49],[74.5779,31.5158],[74.5567,31.5802],[74.5491,31.6395],[74.5133,31.6888],[74.4917,31.6879],[74.4641,31.6761],[74.4586,31.6503],[74.442,31.6503],[74.4268,31.6315],[74.3868,31.6515],[74.3344,31.6292],[74.2682,31.6174],[74.2544,31.6033],[74.2502,31.5798],[74.2309,31.5692],[74.2171,31.5116],[74.1964,31.4987],[74.184,31.4516],[74.1702,31.4493],[74.1551,31.4257],[74.1151,31.4222],[74.1026,31.4057],[74.0861,31.4045],[74.0737,31.3939],[74.064,31.3586],[74.0309,31.3562],[73.9936,31.3056],[73.9983,31.281]]]}},{"type":"Feature","properties":{"id":"d-lakki-marwat","name":"Lakki Marwat","level":2,"centroid":[70.8303,32.5246],"bbox":[70.3878,32.1856,71.2395,32.8106]},"geometry":{"type":"Polygon","coordinates":[[[71.1165,32.7393],[71.0194,32.7349],[70.992,32.7624],[70.9573,32.765],[70.9299,32.7925],[70.9248,32.8106],[70.9004,32.804],[70.893,32.7889],[70.8151,32.7863],[70.8003,32.7633],[70.7824,32.7606],[70.7708,32.7305],[70.7508,32.7207],[70.7076,32.719],[70.6792,32.7562],[70.6276,32.7402],[70.5559,32.7358],[70.5453,32.7144],[70.5305,32.713],[70.5041,32.6687],[70.4696,32.6576],[70.4613,32.641],[70.3878,32.6434],[70.3878,32.6331],[70.4063,32.6136],[70.422,32.5715],[70.46,32.5528],[70.4739,32.52],[70.4952,32.5184],[70.5026,32.4989],[70.5359,32.495],[70.5516,32.4809],[70.5776,32.424],[70.5981,32.4127],[70.6139,32.3477],[70.6518,32.3433],[70.6697,32.3193],[70.6918,32.3157],[70.6939,32.2917],[70.6844,32.2712],[70.6634,32.2578],[70.6539,32.2159],[70.6528,32.199],[70.6704,32.1856],[70.7269,32.1996],[70.805,32.2461],[70.8426,32.2547],[70.8499,32.2693],[70.899,32.2742],[70.9728,32.2987],[71.0018,32.3195],[71.0278,32.3195],[71.0799,32.3451],[71.0799,32.3586],[71.1074,32.3745],[71.1204,32.4075],[71.2216,32.4319],[71.2395,32.4699],[71.2233,32.535],[71.1705,32.5397],[71.144,32.5564],[71.1154,32.6463],[71.1165,32.7393]]]}},{"type":"Feature","properties":{"id":"d-lasbela","name":"Lasbela","level":2,"centroid":[66.6833,25.847],"bbox":[65.2651,24.9106,67.4597,27.5949]},"geometry":{"type":"MultiPolygon","coordinates":[[[[66.29,26.4677],[66.2776,26.4222],[66.2754,26.3595],[66.2636,26.3257],[66.2388,26.3142],[66.2238,26.2756],[66.2205,26.2128],[66.2227,26.1906],[66.2539,26.1597],[66.283,26.0572],[66.2841,25.946],[66.326,25.8801],[66.3336,25.8278],[66.3271,25.7988],[66.2787,25.7367],[66.2787,25.6785],[66.2701,25.6562],[66.2066,25.6106],[66.1818,25.5436],[66.114,25.5222],[65.9192,25.5009],[65.8244,25.5028],[65.734,25.532],[65.6673,25.5203],[65.6124,25.5252],[65.5725,25.5465],[65.5596,25.5708],[65.5833,25.6164],[65.5769,25.6358],[65.5424,25.6533],[65.4306,25.5888],[65.3491,25.5722],[65.2651,25.5406],[65.268,25.323],[65.3641,25.3473],[65.5395,25.3446],[65.5592,25.3418],[65.5697,25.309],[65.6816,25.2981],[65.733,25.3049],[65.7436,25.3159],[65.8736,25.3569],[65.9976,25.3541],[66.049,25.3815],[66.0974,25.3801],[66.2713,25.4142],[66.4285,25.391],[66.4467,25.3664],[66.4724,25.3555],[66.5071,25.3596],[66.5132,25.3801],[66.5026,25.3965],[66.4285,25.4211],[66.3559,25.462],[66.2924,25.4593],[66.1987,25.4183],[66.167,25.4224],[66.1609,25.4525],[66.1836,25.5002],[66.2229,25.5139],[66.3877,25.5303],[66.5298,25.4648],[66.6024,25.417],[66.6145,25.3377],[66.6009,25.2913],[66.6115,25.2708],[66.7581,25.1846],[66.7627,25.1011],[66.7506,25.0696],[66.7234,25.0532],[66.6899,24.9142],[66.7203,24.9106],[66.7974,24.9463],[66.8488,24.9559],[66.8685,24.9874],[66.9653,24.9943],[67.0046,25.0285],[67.0257,25.1244],[67.059,25.1586],[67.1225,25.1996],[67.1497,25.2407],[67.1573,25.2803],[67.1739,25.2981],[67.186,25.3842],[67.2193,25.4484],[67.2858,25.503],[67.2903,25.5221],[67.3311,25.5357],[67.3478,25.5903],[67.3962,25.6407],[67.4128,25.6802],[67.4566,25.7211],[67.4491,25.8532],[67.4597,25.8831],[67.4597,26.0258],[67.3992,26.0992],[67.3493,26.2281],[67.2374,26.3907],[67.2223,26.4435],[67.2102,26.4571],[67.1996,26.5342],[67.1754,26.5994],[67.1341,26.5844],[67.1089,26.5558],[67.0618,26.5287],[67.0097,26.5091],[67.0063,26.464],[67.0366,26.4595],[67.04,26.4384],[67.0786,26.4007],[67.0971,26.3495],[67.1241,26.3194],[67.1224,26.2967],[67.1375,26.2515],[67.2014,26.1957],[67.2132,26.1353],[67.2098,26.1006],[67.1829,26.0462],[67.1779,25.8405],[67.1526,25.7208],[67.1274,25.7027],[67.0467,25.6996],[67.0181,25.7148],[67.0114,25.8041],[66.9861,25.839],[66.9777,25.9101],[66.9542,25.9434],[66.9222,26.0507],[66.8987,26.093],[66.8953,26.1625],[66.8735,26.1927],[66.8701,26.2319],[66.8163,26.2771],[66.8062,26.2982],[66.7927,26.4263],[66.7776,26.4354],[66.7305,26.3992],[66.6245,26.4007],[66.5842,26.4248],[66.5421,26.4203],[66.4933,26.3992],[66.4563,26.4188],[66.3941,26.4203],[66.3369,26.4625],[66.29,26.4677]]],[[[67.2026,26.8763],[67.2026,26.9069],[67.2238,26.9406],[67.2314,26.9743],[67.2314,27.074],[67.2011,27.1332],[67.2011,27.2354],[67.2344,27.2905],[67.2314,27.3725],[67.2432,27.4378],[67.2244,27.445],[67.1742,27.52],[67.1069,27.5884],[67.0799,27.5949],[67.0028,27.5428],[66.9697,27.5384],[66.9476,27.5026],[66.9489,27.4743],[66.9574,27.4526],[66.993,27.4265],[67.0444,27.4167],[67.0893,27.3836],[67.1104,27.251],[67.1065,27.0262],[67.1173,26.9284],[67.1252,26.9109],[67.1824,26.8767],[67.2026,26.8763]]]]}},{"type":"Feature","properties":{"id":"d-layyah","name":"Layyah","level":2,"centroid":[71.2132,30.9514],"bbox":[70.72,30.5279,71.7748,31.3567]},"geometry":{"type":"Polygon","coordinates":[[[70.7667,30.629],[70.836,30.6286],[70.8503,30.6473],[70.8708,30.6542],[70.9316,30.6521],[70.9923,30.6286],[71.0662,30.6297],[71.0792,30.65],[71.117,30.6767],[71.1183,30.7215],[71.1431,30.73],[71.1561,30.7508],[71.1722,30.7524],[71.2572,30.7177],[71.2944,30.6761],[71.3441,30.6446],[71.3472,30.6286],[71.3715,30.6069],[71.4314,30.5765],[71.4723,30.5793],[71.489,30.5707],[71.4901,30.5554],[71.5102,30.5363],[71.5431,30.5279],[71.5586,30.5597],[71.5519,30.6114],[71.5742,30.6514],[71.5916,30.6589],[71.6015,30.7017],[71.6269,30.7113],[71.6294,30.7364],[71.6575,30.7656],[71.6885,30.7781],[71.7147,30.8189],[71.7399,30.8297],[71.7457,30.848],[71.7661,30.8522],[71.7748,30.8987],[71.769,30.9162],[71.7447,30.927],[71.7253,30.9569],[71.7263,30.9794],[71.7496,31.0085],[71.7573,31.0525],[71.7447,31.0882],[71.7263,31.094],[71.7195,31.1073],[71.7157,31.1554],[71.6866,31.1745],[71.6236,31.1487],[71.579,31.1902],[71.5732,31.2167],[71.5044,31.225],[71.4346,31.1968],[71.4288,31.1554],[71.3978,31.1313],[71.3134,31.1247],[71.2669,31.1562],[71.2611,31.2093],[71.2126,31.2383],[71.1787,31.2723],[71.1787,31.2839],[71.1419,31.3104],[71.0769,31.3178],[71.0517,31.3385],[70.9422,31.3377],[70.9131,31.341],[70.885,31.3567],[70.8579,31.3534],[70.8126,31.3184],[70.8027,31.2611],[70.7829,31.2225],[70.7575,31.2098],[70.759,31.18],[70.7283,31.1491],[70.7501,31.1208],[70.7567,31.0676],[70.7779,31.0336],[70.7809,31.0037],[70.7827,30.9591],[70.7519,30.9134],[70.7478,30.8053],[70.7235,30.7936],[70.72,30.7814],[70.7294,30.7529],[70.7809,30.7026],[70.7667,30.629]]]}},{"type":"Feature","properties":{"id":"d-lodhran","name":"Lodhran","level":2,"centroid":[71.7153,29.698],"bbox":[71.3561,29.3787,72.1714,29.9963]},"geometry":{"type":"Polygon","coordinates":[[[72.1714,29.676],[72.1537,29.7046],[72.1324,29.7046],[72.0907,29.7299],[72.0752,29.7577],[72.0529,29.7695],[72.022,29.808],[72.0196,29.8607],[72.009,29.8715],[71.9786,29.8747],[71.9606,29.8962],[71.9389,29.9038],[71.9327,29.9376],[71.9092,29.9446],[71.9023,29.9661],[71.8521,29.9699],[71.8236,29.9479],[71.7925,29.9699],[71.7107,29.9726],[71.6741,29.9527],[71.6511,29.9581],[71.6164,29.9963],[71.6033,29.9898],[71.5984,29.972],[71.5712,29.9619],[71.5645,29.93],[71.5402,29.8981],[71.516,29.8922],[71.5073,29.8468],[71.4898,29.8451],[71.4113,29.7804],[71.4239,29.7148],[71.4239,29.639],[71.3939,29.5741],[71.3561,29.5353],[71.3667,29.4965],[71.39,29.472],[71.391,29.4551],[71.3696,29.4315],[71.3688,29.4109],[71.4252,29.4045],[71.464,29.3811],[71.4963,29.3787],[71.5435,29.4093],[71.549,29.4246],[71.6174,29.4391],[71.6368,29.4753],[71.7237,29.4793],[71.7376,29.4979],[71.7616,29.4979],[71.7792,29.5236],[71.8245,29.5308],[71.843,29.5493],[71.9446,29.559],[71.9788,29.5968],[72.086,29.6016],[72.099,29.6225],[72.1526,29.6369],[72.1714,29.676]]]}},{"type":"Feature","properties":{"id":"d-loralai","name":"Loralai","level":2,"centroid":[68.8072,30.2456],"bbox":[67.7436,29.8275,69.789,30.6166]},"geometry":{"type":"Polygon","coordinates":[[[67.7436,30.5661],[67.7667,30.5114],[67.8482,30.4848],[67.8548,30.4393],[67.8041,30.3595],[67.8195,30.3187],[67.9167,30.3179],[67.9499,30.2934],[68.0227,30.2705],[68.0766,30.2223],[68.1466,30.2101],[68.1589,30.1823],[68.2422,30.1315],[68.264,30.0906],[68.2819,30.0767],[68.404,30.0145],[68.4342,29.976],[68.5913,29.8472],[68.6537,29.8275],[68.7928,29.8456],[68.9621,29.9489],[69.0057,29.9251],[69.0558,29.9194],[69.2999,29.9194],[69.4153,29.9538],[69.455,29.9727],[69.4664,30.0284],[69.4815,30.0366],[69.4891,30.0595],[69.5676,30.107],[69.5686,30.1266],[69.5875,30.1446],[69.6074,30.1463],[69.6036,30.0718],[69.6338,30.0644],[69.6594,30.0702],[69.6821,30.0931],[69.7124,30.1741],[69.7502,30.2027],[69.7597,30.2264],[69.789,30.2496],[69.769,30.2786],[69.7143,30.3003],[69.6105,30.3834],[69.5799,30.384],[69.5496,30.3971],[69.4929,30.4436],[69.4163,30.473],[69.3822,30.517],[69.2923,30.5463],[69.2403,30.596],[69.2091,30.6017],[69.1432,30.5803],[69.1449,30.5693],[69.1097,30.5377],[68.9885,30.4831],[68.9039,30.4491],[68.8503,30.4442],[68.8179,30.4588],[68.7699,30.4989],[68.7361,30.5086],[68.6952,30.5086],[68.6149,30.4867],[68.4979,30.4916],[68.4753,30.5062],[68.4429,30.5086],[68.3851,30.5074],[68.3174,30.4867],[68.2822,30.4916],[68.2653,30.505],[68.2526,30.545],[68.2286,30.556],[68.1398,30.5426],[68.1257,30.5547],[68.0355,30.5705],[68.0129,30.6106],[67.9847,30.6166],[67.9326,30.5887],[67.7436,30.5661]]]}},{"type":"Feature","properties":{"id":"d-lower-dir","name":"Lower Dir","level":2,"centroid":[71.8677,34.8002],"bbox":[71.4846,34.5966,72.201,35.0256]},"geometry":{"type":"Polygon","coordinates":[[[71.7462,34.6051],[71.9048,34.5966],[72.0479,34.617],[72.0677,34.6427],[72.1681,34.6481],[72.173,34.6616],[72.1928,34.6671],[72.201,34.7415],[72.173,34.7861],[72.1549,34.7928],[72.1187,34.8405],[72.0128,34.8385],[71.9805,34.8459],[71.9723,34.8739],[71.946,34.899],[71.9464,34.9277],[71.9274,34.9386],[71.9235,34.9595],[71.8933,34.9729],[71.8868,35.0076],[71.8182,35.0256],[71.7729,35.0108],[71.7479,34.992],[71.6595,34.9899],[71.6306,34.9744],[71.5766,34.9634],[71.4846,34.9616],[71.5302,34.9184],[71.5524,34.9146],[71.5589,34.8979],[71.5839,34.885],[71.5858,34.8698],[71.6043,34.8645],[71.6043,34.8417],[71.6321,34.8234],[71.6413,34.7793],[71.6663,34.7527],[71.7052,34.7238],[71.7793,34.723],[71.7663,34.6241],[71.7462,34.6051]]]}},{"type":"Feature","properties":{"id":"d-malakand","name":"Malakand","level":2,"centroid":[71.8933,34.4989],"bbox":[71.6302,34.3217,72.204,34.644]},"geometry":{"type":"Polygon","coordinates":[[[71.6816,34.3989],[71.7462,34.3937],[71.7599,34.3772],[71.7915,34.3694],[71.7947,34.3511],[71.8432,34.3217],[71.8916,34.366],[71.9574,34.3999],[71.9689,34.438],[71.9887,34.4448],[71.999,34.4684],[72.0412,34.4702],[72.0712,34.4545],[72.0927,34.4545],[72.1453,34.4823],[72.1871,34.4862],[72.2006,34.4995],[72.204,34.5234],[72.1885,34.5423],[72.1541,34.549],[72.1103,34.5812],[72.1113,34.644],[72.0677,34.6427],[72.0479,34.617],[71.9048,34.5966],[71.7462,34.6051],[71.6941,34.573],[71.682,34.5456],[71.6654,34.5425],[71.6561,34.5013],[71.6302,34.4761],[71.633,34.4593],[71.6816,34.3989]]]}},{"type":"Feature","properties":{"id":"d-mandi-bahauddin","name":"Mandi Bahauddin","level":2,"centroid":[73.4165,32.377],"bbox":[73.0051,32.0512,73.8541,32.6909]},"geometry":{"type":"Polygon","coordinates":[[[73.1745,32.5385],[73.189,32.4928],[73.1844,32.4732],[73.1277,32.4418],[73.1083,32.4189],[73.0113,32.3874],[73.0051,32.371],[73.0416,32.3402],[73.0486,32.3238],[73.0408,32.27],[73.0672,32.2458],[73.0695,32.228],[73.1083,32.1998],[73.1681,32.1965],[73.1813,32.1499],[73.2146,32.1197],[73.2177,32.0723],[73.2396,32.0512],[73.2767,32.0526],[73.3217,32.0796],[73.3287,32.0947],[73.383,32.1098],[73.4156,32.1466],[73.4358,32.1532],[73.4467,32.1735],[73.4661,32.1801],[73.5033,32.2379],[73.5592,32.2523],[73.5685,32.27],[73.6026,32.2733],[73.6228,32.2923],[73.7454,32.3002],[73.7586,32.3146],[73.7904,32.3232],[73.7959,32.3409],[73.8409,32.3514],[73.8541,32.3756],[73.8541,32.4103],[73.7718,32.4706],[73.754,32.5158],[73.6779,32.5583],[73.6748,32.5857],[73.6546,32.5923],[73.622,32.625],[73.6174,32.6596],[73.5626,32.6909],[73.539,32.6812],[73.5367,32.6687],[73.5113,32.6561],[73.5016,32.6367],[73.4834,32.6346],[73.4652,32.6163],[73.4337,32.6122],[73.4082,32.5918],[73.3633,32.5866],[73.35,32.5631],[73.3342,32.5621],[73.3136,32.5427],[73.2457,32.5631],[73.2275,32.5601],[73.2093,32.5376],[73.1745,32.5385]]]}},{"type":"Feature","properties":{"id":"d-mansehra","name":"Mansehra","level":2,"centroid":[73.3836,34.6761],"bbox":[72.693,34.2673,74.1151,35.1597]},"geometry":{"type":"Polygon","coordinates":[[[74.1151,35.0853],[74.0816,35.1104],[73.9529,35.1389],[73.9342,35.1597],[73.9024,35.1181],[73.8224,35.1034],[73.8119,35.0689],[73.7834,35.0465],[73.7813,35.0318],[73.7592,35.0224],[73.6991,35.0215],[73.6359,34.9991],[73.6043,35.0146],[73.5685,35.0129],[73.5454,34.9585],[73.5306,34.9499],[73.5201,34.9257],[73.4629,34.8991],[73.4624,34.8673],[73.4516,34.8486],[73.4288,34.8231],[73.412,34.8231],[73.3881,34.7827],[73.3653,34.7729],[73.3449,34.7483],[73.3377,34.7069],[73.2886,34.7108],[73.2586,34.7512],[73.1759,34.7502],[73.1652,34.6931],[73.1124,34.6714],[73.0932,34.6527],[73.0765,34.5945],[73.0609,34.5856],[73.0357,34.5866],[73.0058,34.6024],[72.9686,34.5886],[72.9003,34.5935],[72.8859,34.6192],[72.9183,34.6468],[72.9183,34.6625],[72.8823,34.702],[72.8871,34.7226],[72.8583,34.7364],[72.844,34.7611],[72.8236,34.764],[72.7768,34.7473],[72.7685,34.6625],[72.7469,34.6251],[72.7709,34.5915],[72.7625,34.5451],[72.712,34.5255],[72.7145,34.4979],[72.693,34.4391],[72.7322,34.3929],[72.7322,34.3798],[72.7628,34.3878],[72.8073,34.384],[72.8257,34.3397],[72.8495,34.3347],[72.8503,34.3201],[72.8702,34.3137],[72.8756,34.2985],[72.9032,34.2846],[72.9117,34.2688],[72.9746,34.2673],[72.989,34.2881],[73.0225,34.2911],[73.0465,34.2901],[73.0741,34.2673],[73.098,34.2732],[73.104,34.2871],[73.1592,34.294],[73.1628,34.3109],[73.2107,34.3208],[73.2958,34.3643],[73.3102,34.389],[73.3143,34.4271],[73.4067,34.4367],[73.4243,34.4687],[73.425,34.5181],[73.4328,34.5297],[73.4617,34.5332],[73.5047,34.5564],[73.6576,34.5547],[73.6639,34.6678],[73.6935,34.6863],[73.7428,34.7674],[73.8112,34.7784],[73.8492,34.7963],[73.9281,34.8004],[73.945,34.8154],[73.9887,34.8281],[74.0,34.857],[74.0726,34.92],[74.0803,35.047],[74.1151,35.0853]]]}},{"type":"Feature","properties":{"id":"d-mardan","name":"Mardan","level":2,"centroid":[72.0946,34.2807],"bbox":[71.82,34.0543,72.4256,34.4868]},"geometry":{"type":"Polygon","coordinates":[[[71.9073,34.1083],[72.015,34.1006],[72.0249,34.0802],[72.0726,34.0584],[72.1483,34.0543],[72.1632,34.0802],[72.1822,34.0843],[72.1876,34.1229],[72.2076,34.1352],[72.2169,34.2125],[72.2916,34.2246],[72.2992,34.2693],[72.3235,34.2798],[72.3329,34.3102],[72.4098,34.3398],[72.4256,34.3685],[72.414,34.3841],[72.3561,34.3989],[72.3382,34.4146],[72.315,34.418],[72.2729,34.4033],[72.2287,34.4198],[72.2266,34.4389],[72.1981,34.4545],[72.1878,34.4868],[72.1453,34.4823],[72.0927,34.4545],[72.0712,34.4545],[72.0412,34.4702],[71.999,34.4684],[71.9887,34.4448],[71.9689,34.438],[71.9574,34.3999],[71.8916,34.366],[71.8432,34.3217],[71.8495,34.3041],[71.8242,34.2719],[71.82,34.2493],[71.8505,34.231],[71.8779,34.1996],[71.88,34.1848],[71.9011,34.1709],[71.9073,34.1083]]]}},{"type":"Feature","properties":{"id":"d-mastung","name":"Mastung","level":2,"centroid":[66.9025,29.7373],"bbox":[66.2824,29.3195,67.504,30.2005]},"geometry":{"type":"Polygon","coordinates":[[[66.2824,29.3524],[66.3062,29.3566],[66.3437,29.3201],[66.4292,29.3195],[66.4604,29.3296],[66.4893,29.3567],[66.4964,29.4183],[66.5975,29.5102],[66.6417,29.5651],[66.676,29.5777],[66.7193,29.5573],[66.7238,29.5282],[66.685,29.4521],[66.6859,29.4301],[66.6985,29.4159],[66.7442,29.4057],[66.8316,29.4794],[66.895,29.4904],[66.9246,29.483],[66.9429,29.4659],[66.9161,29.3934],[67.1431,29.3885],[67.2263,29.472],[67.2432,29.5542],[67.3066,29.6192],[67.3236,29.6621],[67.3165,29.6915],[67.2305,29.7196],[67.2206,29.7784],[67.1967,29.8151],[67.191,29.8432],[67.2009,29.9006],[67.2587,29.9288],[67.3447,29.9275],[67.4067,29.8945],[67.4293,29.908],[67.4434,29.9434],[67.4913,29.9862],[67.504,30.0167],[67.497,30.0911],[67.4814,30.096],[67.48,30.1167],[67.4631,30.1228],[67.356,30.1375],[67.3208,30.2005],[67.2821,30.1806],[67.2314,30.1368],[67.1389,30.1197],[67.1169,30.0968],[67.1146,30.0435],[67.0904,30.0301],[66.9913,30.0129],[66.923,29.9843],[66.9054,29.9996],[66.8635,30.074],[66.8327,30.0911],[66.7842,30.093],[66.7578,30.074],[66.7071,29.9996],[66.6477,29.8182],[66.63,29.7972],[66.5948,29.7857],[66.5089,29.8144],[66.4428,29.8239],[66.3777,29.821],[66.3849,29.7855],[66.3694,29.6678],[66.412,29.619],[66.4081,29.587],[66.3616,29.5314],[66.3403,29.4674],[66.3094,29.4269],[66.2824,29.3524]]]}},{"type":"Feature","properties":{"id":"d-matiari","name":"Matiari","level":2,"centroid":[68.4121,25.8385],"bbox":[68.2751,25.6158,68.5388,26.0253]},"geometry":{"type":"Polygon","coordinates":[[[68.4694,25.6158],[68.5092,25.6283],[68.5055,25.6882],[68.4567,25.7328],[68.4737,25.7495],[68.4841,25.7834],[68.5125,25.7882],[68.4922,25.8532],[68.5122,25.9184],[68.5388,25.9609],[68.5343,25.9815],[68.5196,25.9908],[68.4774,25.9934],[68.4272,26.0207],[68.3851,26.0253],[68.3481,25.9742],[68.2838,25.9314],[68.2922,25.9104],[68.2768,25.8781],[68.2751,25.8467],[68.2865,25.8231],[68.3248,25.8087],[68.3658,25.7758],[68.3653,25.745],[68.3379,25.727],[68.3345,25.7131],[68.3464,25.6786],[68.3858,25.6473],[68.4537,25.639],[68.4694,25.6158]]]}},{"type":"Feature","properties":{"id":"d-mianwali","name":"Mianwali","level":2,"centroid":[71.4951,32.6246],"bbox":[71.1154,32.1386,71.9039,33.1741]},"geometry":{"type":"Polygon","coordinates":[[[71.6872,32.139],[71.6761,32.1793],[71.6749,32.238],[71.7119,32.2732],[71.7304,32.3142],[71.7466,32.3162],[71.7698,32.3689],[71.7328,32.4051],[71.7374,32.4314],[71.7582,32.4343],[71.7605,32.45],[71.7871,32.4822],[71.8241,32.4958],[71.8438,32.526],[71.8461,32.5748],[71.8149,32.6235],[71.8206,32.7082],[71.8276,32.7228],[71.8854,32.7558],[71.9039,32.784],[71.897,32.7996],[71.8657,32.8171],[71.8553,32.8414],[71.8264,32.8608],[71.8264,32.9074],[71.8195,32.9268],[71.794,32.9462],[71.7906,32.9734],[71.7385,32.955],[71.6888,32.955],[71.6784,33.0035],[71.6587,33.0132],[71.655,33.0561],[71.6207,33.0717],[71.5712,33.1676],[71.5294,33.1704],[71.4853,33.1492],[71.4578,33.1722],[71.4325,33.1741],[71.4182,33.1704],[71.4105,33.1566],[71.4105,33.1326],[71.4281,33.1003],[71.427,33.0182],[71.4611,32.9997],[71.4589,32.9757],[71.4325,32.9573],[71.3334,32.9536],[71.2079,32.9258],[71.166,32.8963],[71.1242,32.85],[71.1154,32.6463],[71.144,32.5564],[71.1705,32.5397],[71.2233,32.535],[71.2343,32.4709],[71.3048,32.4626],[71.3114,32.4059],[71.3081,32.3399],[71.296,32.3138],[71.2365,32.2906],[71.1738,32.2301],[71.1633,32.1463],[71.2587,32.1453],[71.3,32.1534],[71.3032,32.1641],[71.3604,32.1682],[71.3635,32.1561],[71.3858,32.1467],[71.4366,32.1453],[71.4556,32.1641],[71.489,32.1682],[71.5477,32.1386],[71.6176,32.1453],[71.6872,32.139]]]}},{"type":"Feature","properties":{"id":"d-mirpurkhas","name":"Mirpurkhas","level":2,"centroid":[69.1766,25.2295],"bbox":[68.8892,24.7651,69.4979,25.6915]},"geometry":{"type":"Polygon","coordinates":[[[69.4979,24.852],[69.4834,24.918],[69.4543,24.9465],[69.452,24.961],[69.4229,24.9822],[69.4212,25.0427],[69.3944,25.0908],[69.3961,25.1167],[69.4201,25.1613],[69.4201,25.2202],[69.4076,25.2404],[69.3523,25.2662],[69.2756,25.3428],[69.1936,25.4032],[69.1838,25.4685],[69.1621,25.4928],[69.174,25.5124],[69.194,25.5174],[69.1794,25.5843],[69.1624,25.597],[69.152,25.6236],[69.0892,25.6689],[68.9887,25.6662],[68.9518,25.6915],[68.923,25.6889],[68.8892,25.6571],[68.9201,25.6329],[68.927,25.5923],[68.9236,25.5277],[68.9039,25.4954],[68.9051,25.4412],[68.9513,25.4037],[68.9732,25.339],[68.9767,25.2628],[68.9685,25.2504],[68.9909,25.2266],[68.9924,25.0828],[69.0242,25.0527],[69.0914,25.0219],[69.1173,24.9951],[69.1343,24.9904],[69.1439,24.9562],[69.1609,24.9495],[69.1727,24.9288],[69.2481,24.9247],[69.3101,24.8792],[69.3138,24.8021],[69.3559,24.7651],[69.4237,24.7862],[69.4979,24.852]]]}},{"type":"Feature","properties":{"id":"d-mohmand","name":"Mohmand","level":2,"centroid":[71.3273,34.4034],"bbox":[70.9737,34.073,71.682,34.7163]},"geometry":{"type":"Polygon","coordinates":[[[71.6509,34.4983],[71.5509,34.499],[71.5246,34.4909],[71.5015,34.4977],[71.4851,34.5289],[71.4785,34.64],[71.4587,34.6495],[71.4324,34.6576],[71.4011,34.6508],[71.3221,34.6048],[71.2283,34.6088],[71.2118,34.6142],[71.2069,34.6278],[71.1822,34.6318],[71.1773,34.6467],[71.1575,34.6481],[71.1253,34.7163],[71.1036,34.7027],[71.0871,34.6755],[71.0847,34.5569],[70.9737,34.555],[70.9737,34.4751],[71.0044,34.4303],[71.0658,34.3699],[71.1272,34.3563],[71.1414,34.3368],[71.1434,34.2816],[71.169,34.2763],[71.1789,34.2545],[71.225,34.2409],[71.2267,34.1565],[71.2382,34.1388],[71.3369,34.1334],[71.3649,34.1156],[71.3731,34.0884],[71.4131,34.073],[71.4626,34.1305],[71.4802,34.1358],[71.5117,34.2208],[71.5432,34.2507],[71.5589,34.2507],[71.5784,34.2943],[71.6209,34.3165],[71.6709,34.3608],[71.682,34.4051],[71.633,34.4593],[71.6302,34.4761],[71.6509,34.4983]]]}},{"type":"Feature","properties":{"id":"d-multan","name":"Multan","level":2,"centroid":[71.3903,29.9213],"bbox":[71.0085,29.4083,71.8056,30.4079]},"geometry":{"type":"Polygon","coordinates":[[[71.3688,29.4109],[71.3696,29.4315],[71.391,29.4551],[71.39,29.472],[71.3667,29.4965],[71.3561,29.5353],[71.3939,29.5741],[71.4239,29.639],[71.4239,29.7148],[71.4113,29.7804],[71.4898,29.8451],[71.5073,29.8468],[71.516,29.8922],[71.5402,29.8981],[71.5645,29.93],[71.5712,29.9619],[71.5984,29.972],[71.6269,30.0134],[71.6654,30.0225],[71.6914,30.0596],[71.7392,30.0725],[71.7429,30.0988],[71.7944,30.1578],[71.8056,30.2114],[71.8037,30.2275],[71.7925,30.2355],[71.7485,30.2398],[71.7348,30.2618],[71.6989,30.265],[71.6796,30.2832],[71.6554,30.2896],[71.6269,30.3202],[71.6207,30.3469],[71.5457,30.3914],[71.5345,30.4079],[71.4737,30.4074],[71.4546,30.3931],[71.4514,30.3657],[71.4253,30.3566],[71.3701,30.3057],[71.3651,30.2328],[71.287,30.1572],[71.2851,30.1213],[71.2777,30.1106],[71.2597,30.1084],[71.2429,30.0805],[71.2566,30.0343],[71.251,30.0204],[71.2243,30.007],[71.2287,29.9522],[71.1698,29.9269],[71.1623,29.886],[71.1412,29.8688],[71.1449,29.8457],[71.1741,29.8193],[71.1667,29.7886],[71.1381,29.7596],[71.1431,29.7294],[71.1648,29.7116],[71.1691,29.6836],[71.1139,29.6265],[71.0581,29.6173],[71.0569,29.6043],[71.0289,29.5887],[71.0252,29.5315],[71.0085,29.4964],[71.0258,29.4694],[71.0436,29.4083],[71.061,29.4246],[71.1321,29.4343],[71.1506,29.4657],[71.183,29.4745],[71.2579,29.4496],[71.3031,29.4109],[71.3688,29.4109]]]}},{"type":"Feature","properties":{"id":"d-musakhel","name":"Musakhel","level":2,"centroid":[69.9222,30.8045],"bbox":[69.5156,30.2224,70.2537,31.4281]},"geometry":{"type":"Polygon","coordinates":[[[69.6105,30.3834],[69.7143,30.3003],[69.769,30.2786],[69.803,30.2364],[69.8355,30.2224],[69.8991,30.2249],[69.9698,30.2725],[69.9445,30.286],[69.9358,30.3106],[69.9414,30.3293],[69.9593,30.3368],[69.9634,30.3825],[69.9906,30.4099],[69.9997,30.4595],[70.0118,30.466],[70.0269,30.5116],[70.0496,30.535],[70.0723,30.5897],[70.0678,30.6392],[70.0451,30.6808],[70.0557,30.6951],[70.1691,30.7562],[70.1872,30.8068],[70.219,30.8393],[70.2265,30.8613],[70.225,30.9846],[70.2447,31.0027],[70.2537,31.237],[70.2522,31.4113],[70.2295,31.4255],[70.2144,31.4281],[70.1645,31.3984],[70.1071,31.383],[70.0704,31.3219],[70.0721,31.2604],[69.9952,31.1984],[69.973,31.1984],[69.9405,31.23],[69.9109,31.2389],[69.8503,31.2212],[69.7868,31.2174],[69.7646,31.2022],[69.7483,31.1731],[69.7474,31.1158],[69.7739,31.0121],[69.7729,30.9334],[69.7597,30.896],[69.7218,30.8546],[69.718,30.8303],[69.6651,30.7474],[69.5913,30.6937],[69.5733,30.666],[69.5657,30.5545],[69.543,30.5382],[69.5156,30.4966],[69.5213,30.4738],[69.5695,30.4542],[69.5799,30.4306],[69.613,30.4118],[69.6197,30.3906],[69.6105,30.3834]]]}},{"type":"Feature","properties":{"id":"d-muzaffargarh","name":"Muzaffargarh","level":2,"centroid":[70.9722,29.9625],"bbox":[70.4897,28.9444,71.4902,30.7508]},"geometry":{"type":"Polygon","coordinates":[[[70.4921,28.9444],[70.5188,28.9465],[70.5437,28.9636],[70.5437,28.9806],[70.5999,28.993],[70.6011,29.037],[70.6354,29.0577],[70.649,29.0567],[70.6667,29.0272],[70.6928,29.0086],[70.7655,29.0184],[70.7691,29.0624],[70.7602,29.0861],[70.7738,29.1058],[70.8052,29.1115],[70.8324,29.1342],[70.8448,29.1652],[70.8371,29.1828],[70.8776,29.1843],[70.888,29.2334],[70.9099,29.2612],[70.9149,29.3022],[70.9417,29.311],[70.9519,29.3255],[70.988,29.3288],[70.9981,29.3554],[71.0194,29.357],[71.0268,29.3964],[71.0436,29.4083],[71.0258,29.4694],[71.0085,29.4872],[71.0252,29.5315],[71.0289,29.5887],[71.0569,29.6043],[71.0581,29.6173],[71.1139,29.6265],[71.1691,29.6836],[71.1648,29.7116],[71.1431,29.7294],[71.1381,29.7596],[71.1667,29.7886],[71.1741,29.8193],[71.1449,29.8457],[71.1412,29.8688],[71.1623,29.886],[71.1698,29.9269],[71.2287,29.9522],[71.2243,30.007],[71.251,30.0204],[71.2566,30.0343],[71.2429,30.0805],[71.2597,30.1084],[71.2777,30.1106],[71.2851,30.1213],[71.287,30.1572],[71.3651,30.2328],[71.3701,30.3057],[71.4253,30.3566],[71.4514,30.3657],[71.4576,30.3908],[71.4173,30.4117],[71.416,30.4251],[71.4576,30.4914],[71.4545,30.5288],[71.4902,30.554],[71.489,30.5707],[71.4723,30.5793],[71.4314,30.5765],[71.3715,30.6069],[71.3472,30.6286],[71.3441,30.6446],[71.2944,30.6761],[71.2851,30.6953],[71.2467,30.7247],[71.2101,30.7332],[71.2001,30.7465],[71.1561,30.7508],[71.1431,30.73],[71.1183,30.7215],[71.117,30.6767],[71.0792,30.65],[71.0662,30.6297],[70.9923,30.6286],[70.9316,30.6521],[70.8708,30.6542],[70.8503,30.6473],[70.836,30.6286],[70.7667,30.629],[70.7762,30.5468],[70.7572,30.5091],[70.8063,30.426],[70.7969,30.402],[70.7602,30.3704],[70.7821,30.3101],[70.7608,30.2366],[70.762,30.2049],[70.801,30.167],[70.8058,30.1281],[70.8016,30.0667],[70.7756,30.0294],[70.7738,29.9976],[70.8004,29.9458],[70.8312,29.9228],[70.8294,29.9099],[70.7927,29.8787],[70.8022,29.8366],[70.7987,29.7894],[70.7283,29.717],[70.707,29.6789],[70.6855,29.6696],[70.6878,29.6397],[70.6291,29.5691],[70.6285,29.5293],[70.6466,29.4797],[70.6319,29.463],[70.6308,29.4345],[70.6037,29.3805],[70.5755,29.3549],[70.5828,29.3343],[70.6043,29.319],[70.602,29.2861],[70.5885,29.259],[70.5484,29.2314],[70.5292,29.193],[70.5524,29.1571],[70.5535,29.1393],[70.5394,29.0831],[70.5174,29.0654],[70.5157,29.0101],[70.4897,28.9864],[70.4921,28.9444]]]}},{"type":"Feature","properties":{"id":"d-nagar","name":"Nagar","level":2,"centroid":[74.6327,36.2837],"bbox":[74.076,36.0035,75.2935,36.641]},"geometry":{"type":"Polygon","coordinates":[[[75.2935,36.2185],[75.2808,36.2647],[75.2645,36.2689],[75.228,36.3157],[75.1062,36.3256],[74.7811,36.3178],[74.7361,36.2983],[74.6195,36.2936],[74.5413,36.2506],[74.4729,36.2463],[74.3544,36.2584],[74.3478,36.2868],[74.4677,36.3535],[74.4651,36.4447],[74.4749,36.4615],[74.4951,36.4688],[74.5075,36.4929],[74.527,36.4992],[74.5263,36.528],[74.5133,36.54],[74.4729,36.5421],[74.4736,36.5678],[74.443,36.6039],[74.443,36.6274],[74.4045,36.6405],[74.3628,36.641],[74.2994,36.6206],[74.2969,36.5984],[74.2704,36.5862],[74.2582,36.5682],[74.1839,36.5207],[74.1482,36.5109],[74.137,36.4602],[74.0841,36.434],[74.076,36.38],[74.0886,36.3561],[74.1114,36.3493],[74.112,36.3398],[74.1361,36.3251],[74.142,36.301],[74.1654,36.2905],[74.1798,36.2579],[74.1993,36.2437],[74.1987,36.2211],[74.2501,36.178],[74.3719,36.1512],[74.3719,36.1396],[74.4006,36.108],[74.4254,36.098],[74.4768,36.1075],[74.4873,36.1296],[74.5348,36.147],[74.6247,36.1407],[74.7433,36.0822],[74.8019,36.0765],[74.8221,36.0564],[74.8938,36.0227],[74.8989,36.0035],[74.9402,36.0456],[74.9829,36.0539],[75.0033,36.0761],[75.0573,36.0777],[75.0766,36.0695],[75.0827,36.0547],[75.1183,36.0531],[75.1621,36.0777],[75.1723,36.1641],[75.2222,36.1764],[75.2323,36.1904],[75.2588,36.1953],[75.2935,36.2185]]]}},{"type":"Feature","properties":{"id":"d-narowal","name":"Narowal","level":2,"centroid":[74.983,32.2303],"bbox":[74.5733,31.9427,75.3961,32.5031]},"geometry":{"type":"Polygon","coordinates":[[[74.6865,31.9504],[74.7003,31.9427],[74.7805,31.9556],[74.8055,32.0037],[74.8976,32.0778],[74.9378,32.0778],[74.9921,32.0497],[75.0536,32.0577],[75.1126,32.0878],[75.2213,32.0978],[75.278,32.1298],[75.2874,32.1498],[75.3134,32.1678],[75.3323,32.2098],[75.3819,32.2458],[75.3961,32.2657],[75.389,32.2917],[75.3418,32.3256],[75.2993,32.3775],[75.2095,32.4334],[75.1244,32.4354],[75.0772,32.4972],[75.0441,32.5031],[74.9803,32.4613],[74.9123,32.4792],[74.9099,32.4701],[74.8605,32.4455],[74.8507,32.4164],[74.8234,32.4037],[74.8181,32.3709],[74.7925,32.3411],[74.7616,32.3292],[74.7571,32.3105],[74.728,32.3008],[74.7307,32.2724],[74.7024,32.25],[74.6962,32.1955],[74.6697,32.1836],[74.6644,32.1656],[74.638,32.1439],[74.6097,32.1372],[74.6071,32.1185],[74.5733,32.0876],[74.5814,32.0692],[74.6115,32.0549],[74.6115,32.0265],[74.6644,31.9921],[74.6865,31.9504]]]}},{"type":"Feature","properties":{"id":"d-nasirabad","name":"Nasirabad","level":2,"centroid":[68.1514,28.5297],"bbox":[67.7878,28.1521,68.4983,28.9538]},"geometry":{"type":"Polygon","coordinates":[[[68.4533,28.9538],[68.4292,28.9404],[68.3589,28.938],[68.2941,28.8976],[68.2597,28.8916],[68.2755,28.8535],[68.3086,28.8161],[68.3038,28.7956],[68.2707,28.7757],[68.1942,28.7576],[68.1508,28.7346],[68.1185,28.702],[68.093,28.6929],[68.0448,28.7092],[68.0027,28.7068],[67.9869,28.6972],[67.9766,28.6778],[67.9958,28.6403],[67.989,28.5823],[67.8381,28.5532],[67.8215,28.5127],[67.794,28.4915],[67.7878,28.4667],[67.7967,28.2721],[67.8298,28.2053],[67.8332,28.1521],[67.997,28.1808],[68.0424,28.2089],[68.0777,28.2712],[68.1012,28.2815],[68.1197,28.3186],[68.1791,28.3521],[68.2122,28.3988],[68.2459,28.4012],[68.2983,28.3722],[68.4106,28.3825],[68.4429,28.4315],[68.4457,28.4618],[68.4181,28.5266],[68.4188,28.5647],[68.4457,28.6004],[68.4983,28.6174],[68.4948,28.6778],[68.4726,28.7776],[68.4756,28.9097],[68.4533,28.9538]]]}},{"type":"Feature","properties":{"id":"d-naushehro-feroze","name":"Naushehro Feroze","level":2,"centroid":[68.1578,26.8086],"bbox":[67.8325,26.454,68.4693,27.172]},"geometry":{"type":"Polygon","coordinates":[[[68.2313,27.172],[68.2137,27.167],[68.1738,27.1262],[68.1368,27.1183],[68.1228,27.0742],[68.098,27.0634],[68.1007,27.0449],[68.0747,27.0183],[68.0559,27.0044],[67.9838,26.9876],[67.9819,26.961],[68.0163,26.9263],[68.0118,26.9124],[67.9669,26.8904],[67.9553,26.8539],[67.839,26.7438],[67.8325,26.7061],[67.8481,26.648],[67.8936,26.6155],[67.9046,26.5952],[67.902,26.5667],[67.889,26.5505],[67.845,26.5291],[67.9155,26.4712],[67.9603,26.454],[67.9706,26.4984],[68.006,26.5116],[68.0193,26.5295],[68.0681,26.5275],[68.1243,26.5044],[68.156,26.5103],[68.1708,26.5315],[68.2706,26.5328],[68.3328,26.5829],[68.3171,26.5989],[68.3201,26.6154],[68.3459,26.6313],[68.357,26.661],[68.3548,26.8101],[68.4072,26.8701],[68.4198,26.9077],[68.459,26.9287],[68.4686,26.9452],[68.4693,27.0347],[68.4486,27.0598],[68.4146,27.069],[68.4036,27.0913],[68.3814,27.1071],[68.3784,27.1328],[68.3681,27.14],[68.2691,27.1499],[68.2313,27.172]]]}},{"type":"Feature","properties":{"id":"d-nawabshah","name":"Nawabshah","level":2,"centroid":[68.3664,26.305],"bbox":[67.9224,25.9314,68.8971,26.5829]},"geometry":{"type":"Polygon","coordinates":[[[68.3328,26.5829],[68.2706,26.5328],[68.1708,26.5315],[68.156,26.5103],[68.1243,26.5044],[68.0349,26.5315],[67.9809,26.5064],[67.9706,26.4984],[67.9603,26.454],[67.9606,26.3843],[67.9372,26.3378],[67.9224,26.2457],[67.9344,26.197],[67.9663,26.1837],[67.9874,26.1499],[68.0439,26.131],[68.0559,26.0807],[68.2135,25.9402],[68.2838,25.9314],[68.3481,25.9742],[68.3851,26.0253],[68.4272,26.0207],[68.4774,25.9934],[68.5207,25.9901],[68.5149,26.0257],[68.4872,26.0527],[68.4733,26.0848],[68.4329,26.0973],[68.426,26.1076],[68.4306,26.1252],[68.471,26.1335],[68.4976,26.1626],[68.4976,26.1874],[68.5126,26.1895],[68.538,26.1843],[68.553,26.1594],[68.5876,26.1387],[68.6881,26.1335],[68.6985,26.1429],[68.6984,26.1726],[68.6651,26.1978],[68.6725,26.2276],[68.725,26.2555],[68.736,26.276],[68.8107,26.2853],[68.8565,26.3171],[68.869,26.3773],[68.8934,26.384],[68.8971,26.4012],[68.8971,26.4223],[68.8735,26.4336],[68.8572,26.4733],[68.8328,26.5011],[68.7235,26.55],[68.5277,26.5533],[68.47,26.5771],[68.3328,26.5829]]]}},{"type":"Feature","properties":{"id":"d-north-waziristan","name":"North Waziristan","level":2,"centroid":[70.0943,32.9216],"bbox":[69.4691,32.5006,70.8599,33.3011]},"geometry":{"type":"Polygon","coordinates":[[[70.3554,32.6951],[70.3674,32.7173],[70.4109,32.7445],[70.4211,32.7679],[70.4415,32.7811],[70.4442,32.8286],[70.4637,32.8426],[70.4692,32.8729],[70.5081,32.9413],[70.5285,32.9522],[70.5915,32.9444],[70.6766,32.96],[70.6877,32.9732],[70.7211,32.9786],[70.7451,33.0027],[70.7692,33.0066],[70.8072,33.0345],[70.8118,33.05],[70.8599,33.0764],[70.8599,33.1012],[70.847,33.1167],[70.7961,33.147],[70.6776,33.1578],[70.6479,33.1764],[70.6053,33.1842],[70.5924,33.2012],[70.5655,33.2059],[70.56,33.2469],[70.5073,33.2902],[70.4443,33.2782],[70.3884,33.2861],[70.379,33.3011],[70.3547,33.3011],[70.3326,33.2861],[70.2752,33.2911],[70.0311,33.1384],[69.8941,33.089],[69.7807,33.0909],[69.6248,33.1186],[69.587,33.1087],[69.5161,33.0731],[69.4783,33.0137],[69.4783,32.9899],[69.5043,32.9503],[69.5492,32.9404],[69.6248,32.9404],[69.6366,32.9245],[69.6342,32.7995],[69.5468,32.7737],[69.5066,32.722],[69.509,32.6743],[69.5232,32.6405],[69.5232,32.5908],[69.5066,32.5629],[69.4691,32.5431],[69.5172,32.5011],[69.58,32.5006],[69.6167,32.5216],[69.6315,32.5805],[69.6552,32.5965],[69.8431,32.605],[69.8751,32.597],[69.9005,32.5746],[69.9699,32.5701],[70.0724,32.602],[70.0789,32.616],[70.1761,32.6205],[70.2169,32.6399],[70.2632,32.6454],[70.3177,32.6883],[70.3554,32.6951]]]}},{"type":"Feature","properties":{"id":"d-nowshera","name":"Nowshera","level":2,"centroid":[71.984,33.8905],"bbox":[71.6977,33.6394,72.2756,34.1083]},"geometry":{"type":"Polygon","coordinates":[[[72.2756,33.8938],[72.2208,33.9083],[72.2109,33.9247],[72.2109,33.9438],[72.2405,33.9793],[72.2471,34.0516],[72.2405,34.0775],[72.1796,34.0843],[72.1632,34.0802],[72.1483,34.0543],[72.1023,34.0529],[72.0249,34.0802],[72.015,34.1006],[71.9073,34.1083],[71.8958,34.0514],[71.8842,34.047],[71.8726,34.0104],[71.8463,33.9973],[71.8231,34.0008],[71.8147,34.0217],[71.7947,34.0287],[71.7764,34.0529],[71.7004,34.048],[71.6977,33.9673],[71.7213,33.9589],[71.7536,33.9236],[71.7599,33.8973],[71.7599,33.8755],[71.7484,33.8591],[71.7089,33.8358],[71.7138,33.8181],[71.7524,33.761],[71.7718,33.758],[71.7996,33.7364],[71.8422,33.7333],[71.8496,33.7172],[71.8357,33.6717],[71.8117,33.6571],[71.809,33.6394],[71.86,33.6437],[71.9095,33.663],[71.9285,33.6867],[72.0234,33.6955],[72.0865,33.7362],[72.2076,33.7436],[72.2362,33.771],[72.2406,33.8689],[72.2756,33.8938]]]}},{"type":"Feature","properties":{"id":"d-nushki","name":"Nushki","level":2,"centroid":[65.8538,29.4686],"bbox":[65.226,29.0299,66.412,29.8799]},"geometry":{"type":"Polygon","coordinates":[[[65.5692,29.0299],[65.6841,29.035],[65.8351,29.1281],[65.8757,29.1416],[65.9977,29.1247],[66.1313,29.2227],[66.1429,29.2497],[66.1797,29.2903],[66.2765,29.3375],[66.3094,29.4269],[66.3403,29.4674],[66.3616,29.5314],[66.4081,29.587],[66.412,29.619],[66.3694,29.6678],[66.3849,29.7855],[66.381,29.8174],[66.3558,29.8443],[66.304,29.8799],[66.23,29.8517],[65.226,29.6015],[65.2339,29.5265],[65.3643,29.3944],[65.3673,29.3444],[65.4688,29.239],[65.5125,29.1043],[65.5668,29.064],[65.5692,29.0299]]]}},{"type":"Feature","properties":{"id":"d-okara","name":"Okara","level":2,"centroid":[73.6472,30.7247],"bbox":[73.2059,30.303,74.1384,31.1042]},"geometry":{"type":"Polygon","coordinates":[[[73.2998,30.9768],[73.2641,30.9416],[73.2418,30.9324],[73.2059,30.8823],[73.2182,30.8817],[73.2377,30.8446],[73.2556,30.8329],[73.2597,30.7962],[73.297,30.763],[73.3356,30.744],[73.3425,30.7251],[73.3218,30.6978],[73.3163,30.6717],[73.3177,30.6527],[73.3411,30.6206],[73.308,30.5685],[73.3201,30.528],[73.3277,30.5163],[73.355,30.5176],[73.4004,30.5619],[73.4125,30.5893],[73.4595,30.5893],[73.4625,30.5711],[73.4913,30.5659],[73.4958,30.5528],[73.5428,30.5437],[73.5549,30.5241],[73.5958,30.5176],[73.6124,30.3279],[73.6536,30.3096],[73.6748,30.303],[73.6973,30.3101],[73.7736,30.3745],[73.8158,30.3851],[73.8143,30.3995],[73.837,30.4125],[73.8612,30.453],[73.9005,30.4764],[73.9338,30.5194],[73.961,30.535],[74.0109,30.5441],[74.0381,30.565],[74.0487,30.6222],[74.0714,30.6444],[74.1384,30.6509],[74.1126,30.6792],[74.1011,30.7232],[74.0808,30.7323],[74.0349,30.7945],[74.0031,30.8029],[73.989,30.8218],[73.9669,30.8211],[73.9528,30.8431],[73.8195,30.8499],[73.8089,30.8794],[73.7842,30.8946],[73.7815,30.912],[73.7533,30.915],[73.7215,30.9597],[73.6977,30.9711],[73.6932,31.0097],[73.6703,31.021],[73.6553,31.0536],[73.6341,31.0641],[73.6358,31.1035],[73.5944,31.1042],[73.5855,31.0921],[73.5564,31.0838],[73.4884,31.0831],[73.461,31.0641],[73.4107,31.0513],[73.3975,31.0286],[73.3807,31.0256],[73.3595,30.9884],[73.2998,30.9768]]]}},{"type":"Feature","properties":{"id":"d-orakzai","name":"Orakzai","level":2,"centroid":[71.1873,33.6343],"bbox":[70.5626,33.4681,71.8496,33.8373]},"geometry":{"type":"Polygon","coordinates":[[[70.7811,33.497],[70.9146,33.4997],[70.9294,33.4951],[70.9358,33.4773],[70.9627,33.4681],[71.0275,33.4704],[71.0738,33.499],[71.0729,33.5105],[71.1016,33.5291],[71.1006,33.5483],[71.1164,33.5669],[71.1516,33.57],[71.1673,33.5854],[71.158,33.637],[71.1756,33.6501],[71.233,33.6417],[71.2821,33.5931],[71.3089,33.5931],[71.3284,33.5715],[71.383,33.573],[71.4145,33.5915],[71.5752,33.5742],[71.5877,33.5656],[71.5747,33.5128],[71.5802,33.499],[71.595,33.4874],[71.633,33.4804],[71.6802,33.4835],[71.7663,33.5414],[71.8024,33.5414],[71.8339,33.5676],[71.7904,33.607],[71.8117,33.6571],[71.8357,33.6717],[71.8496,33.7172],[71.8422,33.7333],[71.7996,33.7364],[71.7718,33.758],[71.732,33.7603],[71.7219,33.7433],[71.6978,33.7364],[71.6913,33.7156],[71.6746,33.7071],[71.6672,33.691],[71.6432,33.684],[71.6348,33.6671],[71.5672,33.6586],[71.5404,33.6694],[71.5271,33.6902],[71.466,33.692],[71.4313,33.7086],[71.3196,33.706],[71.2617,33.7174],[71.2469,33.7349],[71.2185,33.7463],[71.2164,33.7594],[71.1679,33.7725],[71.1426,33.8128],[71.1079,33.8224],[71.1047,33.8347],[71.0931,33.8373],[71.0489,33.8099],[71.0456,33.7989],[70.9765,33.7784],[70.8942,33.7209],[70.8267,33.7196],[70.7131,33.673],[70.6687,33.6771],[70.6621,33.6908],[70.6243,33.7072],[70.6127,33.7237],[70.5626,33.7226],[70.5717,33.6621],[70.6265,33.5885],[70.6413,33.5771],[70.676,33.5727],[70.6817,33.5581],[70.708,33.5447],[70.7087,33.5278],[70.7633,33.5166],[70.7811,33.497]]]}},{"type":"Feature","properties":{"id":"d-pakpattan","name":"Pakpattan","level":2,"centroid":[73.2288,30.326],"bbox":[72.8283,30.0232,73.6124,30.5893]},"geometry":{"type":"Polygon","coordinates":[[[73.6124,30.3279],[73.5958,30.5176],[73.5549,30.5241],[73.5428,30.5437],[73.4958,30.5528],[73.4913,30.5659],[73.4625,30.5711],[73.4595,30.5893],[73.4125,30.5893],[73.4004,30.5619],[73.3444,30.5163],[73.3277,30.5163],[73.308,30.5685],[73.2429,30.5646],[73.1914,30.5385],[73.1687,30.5046],[73.1414,30.4915],[73.1006,30.4471],[73.0157,30.4132],[72.9597,30.4236],[72.9521,30.4419],[72.9219,30.4406],[72.8779,30.3962],[72.834,30.3857],[72.8283,30.3698],[72.8461,30.3701],[72.8598,30.3492],[72.881,30.3439],[72.887,30.3243],[72.9037,30.323],[72.9294,30.2851],[72.9128,30.2537],[72.9119,30.0419],[72.9803,30.0232],[73.02,30.0396],[73.033,30.0734],[73.1229,30.0785],[73.1513,30.1021],[73.188,30.1072],[73.2974,30.1721],[73.3382,30.1727],[73.3731,30.1982],[73.4211,30.2059],[73.4595,30.234],[73.4737,30.2565],[73.6124,30.3279]]]}},{"type":"Feature","properties":{"id":"d-panjgur","name":"Panjgur","level":2,"centroid":[64.1989,26.7544],"bbox":[63.123,26.1455,65.3927,27.2968]},"geometry":{"type":"Polygon","coordinates":[[[63.313,27.2442],[63.3408,27.1701],[63.2841,27.1427],[63.2628,27.1154],[63.251,26.9112],[63.2226,26.9028],[63.2203,26.7953],[63.2037,26.7763],[63.1801,26.6624],[63.123,26.6603],[63.1259,26.6341],[63.154,26.5997],[63.1407,26.527],[63.1495,26.5125],[63.2205,26.4503],[63.2456,26.441],[63.3166,26.4582],[63.4082,26.5111],[63.4792,26.5098],[63.5147,26.4913],[63.5708,26.482],[63.6004,26.4556],[63.5945,26.392],[63.6152,26.392],[63.63,26.3722],[63.6344,26.3139],[63.6462,26.3006],[63.7881,26.2927],[63.8946,26.3298],[63.9345,26.3152],[64.0616,26.2171],[64.0971,26.1667],[64.1414,26.1455],[64.1725,26.1455],[64.239,26.1747],[64.3026,26.172],[64.3661,26.1906],[64.4445,26.2622],[64.475,26.2541],[64.4911,26.2707],[64.4948,26.3572],[64.5961,26.386],[64.7238,26.3843],[64.7853,26.3623],[64.8298,26.3589],[64.9641,26.3623],[64.9811,26.381],[64.9764,26.4259],[64.9859,26.447],[65.2536,26.6519],[65.2971,26.6941],[65.3028,26.7178],[65.3823,26.7904],[65.3927,26.8141],[65.3869,26.9136],[65.3626,26.8801],[65.3471,26.8801],[65.3147,26.9027],[65.2963,26.9254],[65.2865,26.9781],[65.2569,27.0334],[65.1793,27.0535],[65.1187,27.1338],[65.0821,27.1564],[65.0581,27.1564],[64.9383,27.0886],[64.7903,27.0246],[64.7226,27.0246],[64.669,27.0485],[64.5816,27.1238],[64.521,27.2204],[64.5041,27.283],[64.4773,27.2968],[64.4533,27.2905],[64.38,27.2128],[64.3053,27.1514],[64.2264,27.1338],[64.2094,27.1175],[64.2038,27.0623],[64.1728,27.0334],[64.1587,27.0372],[64.1587,27.0623],[64.1742,27.1062],[64.0639,27.1154],[64.0132,27.133],[63.9736,27.1624],[63.9273,27.2486],[63.8899,27.2878],[63.7467,27.2721],[63.5881,27.2408],[63.4714,27.2349],[63.313,27.2442]]]}},{"type":"Feature","properties":{"id":"d-peshawar","name":"Peshawar","level":2,"centroid":[71.566,33.9124],"bbox":[71.358,33.6586,71.7599,34.1394]},"geometry":{"type":"Polygon","coordinates":[[[71.4131,34.073],[71.3617,34.0592],[71.358,33.9579],[71.3932,33.931],[71.396,33.9141],[71.4173,33.8979],[71.4237,33.8718],[71.4487,33.8541],[71.4599,33.8187],[71.4728,33.8103],[71.4793,33.7764],[71.4969,33.771],[71.5024,33.7518],[71.5265,33.7333],[71.5228,33.7087],[71.5404,33.6694],[71.5672,33.6586],[71.6348,33.6671],[71.6432,33.684],[71.6672,33.691],[71.6746,33.7071],[71.6913,33.7156],[71.6978,33.7364],[71.7219,33.7433],[71.732,33.7603],[71.7524,33.761],[71.7089,33.8358],[71.7484,33.8591],[71.7599,33.8755],[71.7599,33.8973],[71.7536,33.9236],[71.7213,33.9589],[71.6977,33.9673],[71.7004,34.0584],[71.6768,34.0757],[71.602,34.0852],[71.5918,34.0907],[71.5925,34.1025],[71.5703,34.1092],[71.5473,34.132],[71.4805,34.1394],[71.4247,34.0944],[71.4131,34.073]]]}},{"type":"Feature","properties":{"id":"d-pishin","name":"Pishin","level":2,"centroid":[67.3389,30.7778],"bbox":[66.803,30.3348,67.9086,31.2343]},"geometry":{"type":"Polygon","coordinates":[[[66.9803,30.4706],[67.0001,30.4507],[67.0199,30.3937],[67.0728,30.3538],[67.1279,30.3348],[67.1675,30.3405],[67.1763,30.3576],[67.2248,30.3785],[67.2463,30.3769],[67.2601,30.3944],[67.3193,30.4199],[67.3447,30.4624],[67.3687,30.4843],[67.4208,30.5062],[67.4476,30.5511],[67.4744,30.562],[67.5012,30.5608],[67.5378,30.5353],[67.5392,30.5025],[67.566,30.4879],[67.6196,30.5062],[67.6859,30.5547],[67.7465,30.5669],[67.7422,30.6409],[67.5801,30.6506],[67.5322,30.6785],[67.5703,30.7161],[67.5703,30.7403],[67.5322,30.7766],[67.5322,30.8057],[67.5449,30.8263],[67.6816,30.8602],[67.7126,30.882],[67.7662,30.9582],[67.8127,30.969],[67.8409,30.9968],[67.855,31.0258],[67.8832,31.0331],[67.903,31.0524],[67.9086,31.079],[67.8987,31.1007],[67.7888,31.1079],[67.7084,31.1297],[67.6111,31.1405],[67.559,31.1948],[67.4758,31.2045],[67.4547,31.2189],[67.4497,31.2343],[67.3507,31.2332],[67.3413,31.0559],[67.3025,31.0244],[67.2754,30.9779],[67.2038,30.9198],[67.1051,30.9231],[67.0567,30.8999],[66.9676,30.9015],[66.9366,30.8849],[66.9289,30.8467],[66.9366,30.7835],[66.9076,30.7519],[66.8147,30.707],[66.803,30.6703],[66.8747,30.637],[66.987,30.487],[66.9803,30.4706]]]}},{"type":"Feature","properties":{"id":"d-qambar-shahdadkot","name":"Qambar Shahdadkot","level":2,"centroid":[67.8923,27.5368],"bbox":[67.2323,27.0634,68.5436,27.9195]},"geometry":{"type":"Polygon","coordinates":[[[67.2432,27.4378],[67.2323,27.3479],[67.3214,27.3441],[67.3539,27.313],[67.3877,27.2962],[67.4689,27.3153],[67.4851,27.2974],[67.5189,27.2933],[67.5585,27.2466],[67.5767,27.2408],[67.6845,27.2472],[67.7442,27.227],[67.8384,27.2218],[67.8773,27.2252],[67.9111,27.2477],[67.9501,27.2472],[67.9819,27.2206],[68.0247,27.2166],[68.0371,27.1987],[68.0098,27.1698],[67.989,27.1634],[67.989,27.1461],[68.0053,27.1207],[68.0728,27.0715],[68.098,27.0634],[68.1228,27.0742],[68.1368,27.1183],[68.1738,27.1262],[68.2137,27.167],[68.2313,27.172],[68.2252,27.1931],[68.2949,27.2868],[68.3763,27.3026],[68.3786,27.3226],[68.3321,27.3618],[68.3135,27.3921],[68.3298,27.4361],[68.3461,27.4416],[68.3794,27.4794],[68.3879,27.5344],[68.5026,27.544],[68.5359,27.5674],[68.5436,27.5997],[68.4708,27.6518],[68.4243,27.6724],[68.4057,27.7067],[68.3608,27.7341],[68.3515,27.7739],[68.3298,27.7883],[68.322,27.8123],[68.2988,27.8267],[68.2887,27.8596],[68.2469,27.8603],[68.2112,27.8781],[68.1725,27.8829],[68.1609,27.9007],[68.0896,27.9089],[68.0772,27.9191],[67.9742,27.9102],[67.9186,27.9195],[67.8634,27.9069],[67.8392,27.8615],[67.691,27.8641],[67.6562,27.8574],[67.6063,27.8267],[67.5096,27.8387],[67.4642,27.8334],[67.4521,27.7505],[67.4294,27.7451],[67.4279,27.6795],[67.4022,27.6434],[67.3795,27.6353],[67.3584,27.5884],[67.3221,27.5522],[67.31,27.5107],[67.2432,27.4378]]]}},{"type":"Feature","properties":{"id":"d-qilla-abdullah","name":"Qilla Abdullah","level":2,"centroid":[66.7446,30.7186],"bbox":[66.2607,30.0309,67.3507,31.3382]},"geometry":{"type":"Polygon","coordinates":[[[67.3507,31.2332],[67.1442,31.2413],[67.1395,31.2514],[67.071,31.2675],[67.0734,31.3382],[66.9907,31.3341],[66.8891,31.2877],[66.7521,31.1988],[66.7332,31.1746],[66.7308,31.1119],[66.6056,30.9945],[66.4875,30.9722],[66.4544,30.9581],[66.4355,30.9378],[66.4213,30.9013],[66.4048,30.8851],[66.3906,30.808],[66.3765,30.7979],[66.3646,30.7187],[66.341,30.6781],[66.3103,30.5785],[66.3127,30.5439],[66.3528,30.4991],[66.3646,30.4666],[66.3717,30.3953],[66.3599,30.275],[66.3339,30.2219],[66.2772,30.1463],[66.2607,30.081],[66.2796,30.0523],[66.3196,30.0309],[66.3384,30.059],[66.4643,30.1444],[66.4894,30.1511],[66.5281,30.1277],[66.5572,30.1277],[66.5746,30.1293],[66.5998,30.1662],[66.6211,30.1745],[66.6637,30.1745],[66.7372,30.1511],[66.7856,30.1528],[66.8321,30.1946],[66.8631,30.2732],[66.9115,30.3518],[66.9424,30.4386],[66.9734,30.4536],[66.987,30.487],[66.8747,30.637],[66.803,30.6703],[66.8147,30.707],[66.9076,30.7519],[66.9366,30.7835],[66.9289,30.8467],[66.9366,30.8849],[66.9676,30.9015],[67.0567,30.8999],[67.1051,30.9231],[67.2038,30.9198],[67.2754,30.9779],[67.3025,31.0244],[67.3413,31.0559],[67.3507,31.2332]]]}},{"type":"Feature","properties":{"id":"d-qilla-saifullah","name":"Qilla Saifullah","level":2,"centroid":[68.3826,30.9066],"bbox":[67.4497,30.4442,69.4198,31.6456]},"geometry":{"type":"Polygon","coordinates":[[[67.7466,30.5679],[67.9326,30.5887],[67.9847,30.6166],[68.0129,30.6106],[68.0355,30.5705],[68.1257,30.5547],[68.1398,30.5426],[68.2286,30.556],[68.2526,30.545],[68.2653,30.505],[68.2822,30.4916],[68.3174,30.4867],[68.3851,30.5074],[68.4429,30.5086],[68.4753,30.5062],[68.4979,30.4916],[68.6149,30.4867],[68.6952,30.5086],[68.7361,30.5086],[68.7699,30.4989],[68.8179,30.4588],[68.8503,30.4442],[68.9039,30.4491],[69.1097,30.5377],[69.1449,30.5693],[69.1393,30.6045],[69.1182,30.6251],[69.1097,30.6506],[69.1238,30.6809],[69.269,30.7379],[69.3169,30.7972],[69.3395,30.8602],[69.4128,30.9207],[69.4198,30.9424],[69.4086,30.9557],[69.3719,30.9316],[69.3338,30.9303],[69.3085,30.9449],[69.2775,30.9944],[69.2239,31.0065],[69.1534,31.056],[69.1224,31.0633],[69.0984,31.0645],[69.042,31.044],[68.9828,31.0476],[68.8926,31.0971],[68.8813,31.0959],[68.8404,31.044],[68.8151,31.0403],[68.7784,31.0548],[68.7699,31.1321],[68.7502,31.1671],[68.7432,31.2466],[68.7262,31.2768],[68.6783,31.3021],[68.5359,31.2382],[68.3513,31.2346],[68.3076,31.2262],[68.1891,31.1586],[68.1102,31.1586],[68.0651,31.1779],[67.9946,31.1912],[67.9678,31.2165],[67.9481,31.2647],[67.9396,31.4032],[67.9467,31.4225],[68.0214,31.4657],[68.02,31.5066],[67.9537,31.5475],[67.8987,31.6159],[67.8858,31.6456],[67.8789,31.6444],[67.8624,31.6202],[67.7679,31.5438],[67.6333,31.5498],[67.5766,31.5337],[67.5766,31.5156],[67.6025,31.4793],[67.6002,31.439],[67.6214,31.4229],[67.6592,31.4148],[67.7963,31.4148],[67.8128,31.3805],[67.8128,31.3563],[67.7939,31.3382],[67.6758,31.2998],[67.6096,31.2655],[67.4497,31.2343],[67.4547,31.2189],[67.4758,31.2045],[67.559,31.1948],[67.6111,31.1405],[67.7084,31.1297],[67.7888,31.1079],[67.8705,31.1079],[67.8987,31.1007],[67.9086,31.079],[67.903,31.0524],[67.8832,31.0331],[67.855,31.0258],[67.8409,30.9968],[67.8127,30.969],[67.7662,30.9582],[67.7126,30.882],[67.6816,30.8602],[67.5449,30.8263],[67.5322,30.8057],[67.5322,30.7766],[67.5703,30.7403],[67.5703,30.7161],[67.5322,30.6785],[67.5801,30.6506],[67.7422,30.6409],[67.7466,30.5679]]]}},{"type":"Feature","properties":{"id":"d-quetta","name":"Quetta","level":2,"centroid":[66.8178,30.1102],"bbox":[66.304,29.7857,67.3481,30.4706]},"geometry":{"type":"Polygon","coordinates":[[[66.3777,29.821],[66.4428,29.8239],[66.5089,29.8144],[66.5948,29.7857],[66.63,29.7972],[66.6477,29.8182],[66.7071,29.9996],[66.7578,30.074],[66.7842,30.093],[66.8327,30.0911],[66.8635,30.074],[66.9054,29.9996],[66.923,29.9843],[66.9913,30.0129],[67.0904,30.0301],[67.1146,30.0435],[67.1169,30.0968],[67.1389,30.1197],[67.2314,30.1368],[67.2821,30.1806],[67.3393,30.2092],[67.3481,30.2568],[67.3371,30.2853],[67.2887,30.3081],[67.2512,30.3766],[67.2248,30.3785],[67.1763,30.3576],[67.1675,30.3405],[67.1279,30.3348],[67.0728,30.3538],[67.0199,30.3937],[67.0001,30.4507],[66.9803,30.4706],[66.9734,30.4536],[66.9424,30.4386],[66.9115,30.3518],[66.8631,30.2732],[66.8321,30.1946],[66.803,30.1628],[66.7856,30.1528],[66.7372,30.1511],[66.6637,30.1745],[66.6211,30.1745],[66.5998,30.1662],[66.5746,30.1293],[66.5572,30.1277],[66.5281,30.1277],[66.4894,30.1511],[66.4643,30.1444],[66.3384,30.059],[66.3196,30.0309],[66.3788,29.9807],[66.3812,29.9664],[66.3765,29.948],[66.304,29.8799],[66.3777,29.821]]]}},{"type":"Feature","properties":{"id":"d-rahim-yar-khan","name":"Rahim Yar Khan","level":2,"centroid":[70.5106,28.3845],"bbox":[69.7718,27.709,71.066,29.1828]},"geometry":{"type":"Polygon","coordinates":[[[70.1114,27.8335],[70.2764,27.9897],[70.3958,28.0311],[70.4412,28.0324],[70.4835,28.0204],[70.5939,27.9323],[70.603,27.8387],[70.6756,27.721],[70.7028,27.7116],[70.8615,27.709],[71.0339,27.7999],[71.066,27.8066],[71.0619,27.8443],[71.0305,27.8803],[71.0231,28.002],[71.0064,28.024],[70.9953,28.0786],[70.975,28.0868],[70.9676,28.117],[70.9454,28.1357],[70.939,28.3938],[70.9454,28.4312],[70.9436,28.4426],[70.9126,28.4501],[70.8982,28.489],[70.9179,28.5412],[70.9399,28.5705],[70.9365,28.666],[70.9442,28.7008],[70.9702,28.7138],[70.9714,28.734],[70.9939,28.7428],[70.9956,28.7724],[71.024,28.7947],[71.0305,28.8154],[71.0264,29.051],[71.0199,29.0593],[70.9885,29.036],[70.9625,29.036],[70.9134,29.0722],[70.9122,29.1311],[70.8963,29.1812],[70.8371,29.1828],[70.8448,29.1652],[70.8324,29.1342],[70.8052,29.1115],[70.7738,29.1058],[70.7602,29.0861],[70.7703,29.0412],[70.7655,29.0184],[70.7537,29.0122],[70.6928,29.0086],[70.6667,29.0272],[70.649,29.0567],[70.6354,29.0577],[70.6011,29.037],[70.5999,28.993],[70.5437,28.9806],[70.5437,28.9636],[70.5188,28.9465],[70.4921,28.9444],[70.435,28.9134],[70.3622,28.9084],[70.3572,28.904],[70.3741,28.8897],[70.3746,28.8324],[70.3724,28.8081],[70.3521,28.7884],[70.3182,28.7913],[70.3058,28.8062],[70.2748,28.8057],[70.2658,28.8007],[70.2562,28.7562],[70.2415,28.7424],[70.1704,28.7147],[70.1462,28.7167],[70.1151,28.7389],[70.0649,28.7285],[70.0486,28.6983],[70.0717,28.6583],[70.0694,28.5815],[70.0581,28.5612],[70.0407,28.5532],[70.0299,28.5156],[69.9828,28.5147],[69.9633,28.5039],[69.9351,28.4468],[69.8697,28.4401],[69.843,28.4214],[69.7972,28.4179],[69.7718,28.3949],[69.7896,28.3828],[69.8077,28.2764],[69.8349,28.2457],[69.8425,28.1031],[69.8591,28.0684],[69.9453,28.0057],[69.9589,27.9483],[70.0345,27.8868],[70.0859,27.8748],[70.1114,27.8335]]]}},{"type":"Feature","properties":{"id":"d-rajanpur","name":"Rajanpur","level":2,"centroid":[70.1772,29.1255],"bbox":[69.6305,28.3949,70.6878,29.7892]},"geometry":{"type":"Polygon","coordinates":[[[69.7718,28.3949],[69.7972,28.4179],[69.843,28.4214],[69.8697,28.4401],[69.9351,28.4468],[69.9633,28.5039],[69.9828,28.5147],[70.0299,28.5156],[70.0407,28.5532],[70.0581,28.5612],[70.0694,28.5815],[70.0717,28.6583],[70.0486,28.6983],[70.0649,28.7285],[70.1151,28.7389],[70.1462,28.7167],[70.1704,28.7147],[70.2415,28.7424],[70.2562,28.7562],[70.2658,28.8007],[70.2748,28.8057],[70.3058,28.8062],[70.3182,28.7913],[70.3521,28.7884],[70.3724,28.8081],[70.3746,28.8324],[70.3741,28.8897],[70.3572,28.904],[70.435,28.9134],[70.4948,28.9475],[70.4897,28.9864],[70.5157,29.0101],[70.5174,29.0654],[70.5394,29.0831],[70.5535,29.1393],[70.5524,29.1571],[70.5292,29.193],[70.5484,29.2314],[70.5964,29.2683],[70.6043,29.319],[70.5828,29.3343],[70.5755,29.3549],[70.6037,29.3805],[70.6308,29.4345],[70.6319,29.463],[70.6466,29.4797],[70.6285,29.5293],[70.6291,29.5691],[70.6878,29.6397],[70.6855,29.6696],[70.6437,29.6799],[70.6071,29.7181],[70.6003,29.7451],[70.5755,29.7554],[70.5225,29.7324],[70.5191,29.6706],[70.4457,29.6024],[70.4102,29.5971],[70.3758,29.6029],[70.3526,29.6191],[70.3498,29.6481],[70.3216,29.6721],[70.2934,29.7568],[70.2816,29.7642],[70.2454,29.7613],[70.2218,29.7402],[70.1969,29.7373],[70.1462,29.7843],[70.1179,29.7892],[70.1027,29.7789],[70.0971,29.7177],[70.044,29.6672],[70.0407,29.6181],[70.0108,29.5799],[70.0096,29.5706],[70.0429,29.5387],[70.0401,29.3387],[70.0136,29.322],[70.004,29.2831],[69.9809,29.2703],[69.982,29.2053],[69.9504,29.1797],[69.9402,29.1378],[69.872,29.124],[69.8675,29.0698],[69.8438,29.0511],[69.8404,29.0101],[69.8184,28.9983],[69.8105,28.981],[69.8156,28.9173],[69.8404,28.8734],[69.8404,28.8437],[69.8218,28.825],[69.8088,28.7918],[69.7659,28.7765],[69.7574,28.7122],[69.7264,28.6672],[69.6971,28.6449],[69.6429,28.6365],[69.6305,28.6157],[69.6463,28.5176],[69.6711,28.4943],[69.6751,28.4764],[69.727,28.4486],[69.7185,28.4183],[69.7472,28.3988],[69.7718,28.3949]]]}},{"type":"Feature","properties":{"id":"d-rawalpindi","name":"Rawalpindi","level":2,"centroid":[73.1585,33.4471],"bbox":[72.582,33.022,73.6014,34.0622]},"geometry":{"type":"Polygon","coordinates":[[[73.4731,34.0622],[73.3553,34.0115],[73.274,33.9166],[73.2603,33.8867],[73.2001,33.8738],[73.1794,33.8367],[73.1485,33.811],[73.1617,33.7922],[73.2271,33.7554],[73.242,33.7348],[73.27,33.7254],[73.2952,33.686],[73.2867,33.6658],[73.2425,33.6534],[73.2316,33.5757],[73.146,33.4937],[73.1103,33.4911],[73.0657,33.5057],[73.0797,33.5385],[73.0779,33.5708],[73.0111,33.6452],[72.9043,33.6134],[72.8797,33.5876],[72.8466,33.5776],[72.7867,33.6415],[72.7817,33.6586],[72.7881,33.6867],[72.8064,33.7002],[72.8853,33.7323],[72.8629,33.738],[72.8354,33.768],[72.8302,33.803],[72.7254,33.7739],[72.6728,33.8035],[72.6603,33.7801],[72.6388,33.7721],[72.6299,33.7364],[72.6936,33.6816],[72.7128,33.6527],[72.6928,33.6323],[72.701,33.5892],[72.7713,33.5726],[72.7787,33.5177],[72.8283,33.4763],[72.8275,33.4603],[72.8135,33.4393],[72.7572,33.4319],[72.7328,33.3942],[72.7165,33.3868],[72.695,33.3435],[72.6543,33.3355],[72.6514,33.2984],[72.6314,33.2755],[72.6432,33.2408],[72.5959,33.2037],[72.582,33.1723],[72.6151,33.1671],[72.6706,33.1219],[72.7572,33.1219],[72.7735,33.1039],[72.8675,33.0965],[72.8875,33.058],[72.9518,33.0475],[72.9689,33.0301],[73.0207,33.022],[73.034,33.0481],[73.0673,33.0512],[73.1354,33.022],[73.179,33.0481],[73.2168,33.0531],[73.2338,33.0735],[73.3011,33.0791],[73.3204,33.1423],[73.3552,33.1702],[73.3907,33.1677],[73.3988,33.1516],[73.4321,33.1492],[73.4632,33.169],[73.5513,33.1696],[73.6014,33.1874],[73.5829,33.2034],[73.573,33.3095],[73.5519,33.3224],[73.5498,33.3448],[73.5469,33.3866],[73.5758,33.4407],[73.5751,33.4871],[73.5892,33.5482],[73.5498,33.6198],[73.5547,33.7254],[73.542,33.7875],[73.554,33.8765],[73.499,33.946],[73.4731,34.0622]]]}},{"type":"Feature","properties":{"id":"d-sahiwal","name":"Sahiwal","level":2,"centroid":[72.8802,30.5561],"bbox":[72.4053,30.2001,73.3425,30.8832]},"geometry":{"type":"Polygon","coordinates":[[[72.8283,30.3698],[72.834,30.3857],[72.8779,30.3962],[72.9219,30.4406],[72.9521,30.4419],[72.9597,30.4236],[72.99,30.4132],[73.0369,30.4197],[73.1006,30.4471],[73.202,30.545],[73.2172,30.545],[73.2429,30.5646],[73.308,30.5685],[73.3411,30.6206],[73.3177,30.6527],[73.3163,30.6717],[73.3218,30.6978],[73.3425,30.7251],[73.3356,30.744],[73.297,30.763],[73.2597,30.7962],[73.2556,30.8329],[73.2377,30.8446],[73.2182,30.8817],[73.1706,30.8832],[73.1502,30.8772],[73.1397,30.859],[73.0946,30.8575],[73.0805,30.8324],[73.0575,30.8309],[73.0522,30.8127],[73.0037,30.8051],[72.9975,30.7869],[72.9481,30.7748],[72.9331,30.7589],[72.8898,30.7581],[72.8827,30.7361],[72.8483,30.7088],[72.7997,30.7004],[72.7465,30.7058],[72.7357,30.6857],[72.7114,30.6721],[72.704,30.6191],[72.6882,30.6098],[72.6221,30.6025],[72.5921,30.5894],[72.5633,30.5909],[72.5304,30.6098],[72.5084,30.575],[72.5145,30.5541],[72.4812,30.5267],[72.4751,30.4628],[72.4494,30.4223],[72.4236,30.404],[72.4242,30.37],[72.4445,30.3583],[72.4513,30.3307],[72.4319,30.3148],[72.4232,30.2713],[72.4053,30.2454],[72.4539,30.238],[72.4524,30.2092],[72.4827,30.2001],[72.5281,30.2302],[72.5448,30.2616],[72.6326,30.2707],[72.6462,30.306],[72.6629,30.3165],[72.7265,30.3178],[72.7371,30.3348],[72.7825,30.3492],[72.7901,30.3622],[72.8283,30.3698]]]}},{"type":"Feature","properties":{"id":"d-sanghar","name":"Sanghar","level":2,"centroid":[69.2922,25.9049],"bbox":[68.426,25.4665,70.2172,26.4032]},"geometry":{"type":"Polygon","coordinates":[[[68.8971,26.4032],[68.8934,26.384],[68.869,26.3773],[68.8565,26.3171],[68.8107,26.2853],[68.736,26.276],[68.725,26.2555],[68.6725,26.2276],[68.6651,26.1978],[68.6984,26.1726],[68.6985,26.1429],[68.6881,26.1335],[68.5876,26.1387],[68.553,26.1594],[68.538,26.1843],[68.5126,26.1895],[68.4976,26.1874],[68.4976,26.1626],[68.471,26.1335],[68.4306,26.1252],[68.426,26.1076],[68.4329,26.0973],[68.4733,26.0848],[68.4872,26.0527],[68.5149,26.0257],[68.5207,25.9901],[68.5343,25.9815],[68.5351,25.9476],[68.5122,25.9184],[68.4922,25.8532],[68.5063,25.8],[68.5125,25.7882],[68.5269,25.7867],[68.5388,25.7475],[68.5587,25.7375],[68.5558,25.7029],[68.6038,25.6862],[68.6149,25.6656],[68.6676,25.6183],[68.695,25.6214],[68.7077,25.6308],[68.7181,25.66],[68.7654,25.6849],[68.8139,25.6891],[68.8462,25.6683],[68.8855,25.6652],[68.8892,25.6571],[68.923,25.6889],[68.9518,25.6915],[68.9887,25.6662],[69.0892,25.6689],[69.1173,25.6516],[69.152,25.6236],[69.1624,25.597],[69.1794,25.5843],[69.194,25.5174],[69.5176,25.5191],[69.5462,25.5263],[69.5673,25.5191],[69.5644,25.4732],[69.6209,25.4665],[69.6518,25.4758],[69.67,25.4933],[69.7214,25.4995],[69.7585,25.549],[69.7768,25.5592],[69.7927,25.6009],[69.8384,25.6365],[69.8744,25.6467],[69.9286,25.7146],[69.9674,25.7157],[69.9868,25.69],[70.0028,25.6884],[70.0884,25.7352],[70.1466,25.7368],[70.2172,25.7686],[70.0889,25.8831],[70.0617,25.9293],[70.0587,25.9864],[70.0436,26.0055],[70.0375,26.0476],[70.0904,26.139],[70.0372,26.1335],[69.9965,26.1554],[69.8953,26.162],[69.8665,26.1839],[69.7874,26.1627],[69.7372,26.1607],[69.7032,26.1812],[69.6508,26.1892],[69.5724,26.1574],[69.5392,26.1832],[69.5163,26.1839],[69.4742,26.1653],[69.421,26.1587],[69.3944,26.1614],[69.3641,26.1826],[69.2518,26.1945],[69.1461,26.17],[69.1055,26.1892],[69.0885,26.2276],[69.07,26.2323],[69.056,26.2542],[69.0368,26.2641],[69.0286,26.2906],[69.0033,26.3093],[68.9414,26.4025],[68.8971,26.4032]]]}},{"type":"Feature","properties":{"id":"d-sargodha","name":"Sargodha","level":2,"centroid":[72.6846,32.0746],"bbox":[72.1515,31.562,73.241,32.5385]},"geometry":{"type":"Polygon","coordinates":[[[72.5661,32.3906],[72.5496,32.3684],[72.5271,32.3638],[72.4891,32.3192],[72.4487,32.3101],[72.4417,32.295],[72.4192,32.291],[72.2656,32.165],[72.2671,32.0434],[72.2144,31.9822],[72.2074,31.944],[72.1771,31.9058],[72.1725,31.8142],[72.1515,31.7812],[72.1787,31.7489],[72.1785,31.7341],[72.2431,31.7265],[72.2594,31.708],[72.2912,31.7014],[72.2904,31.6816],[72.2539,31.6558],[72.233,31.6261],[72.2035,31.6122],[72.195,31.5917],[72.1756,31.5838],[72.1686,31.5712],[72.181,31.562],[72.2571,31.5653],[72.2687,31.5858],[72.2896,31.593],[72.3129,31.6307],[72.3758,31.6373],[72.4037,31.6598],[72.4123,31.6796],[72.4338,31.6864],[72.4417,31.702],[72.479,31.7278],[72.5793,31.7341],[72.6249,31.7581],[72.6373,31.7759],[72.6877,31.7878],[72.6978,31.8036],[72.77,31.8096],[72.7762,31.8228],[72.801,31.8353],[72.8065,31.8557],[72.822,31.857],[72.8344,31.8808],[72.8608,31.8887],[72.891,31.9427],[72.9361,31.9295],[73.002,31.8841],[73.0656,31.8801],[73.0843,31.8603],[73.1148,31.856],[73.1223,31.8709],[73.144,31.8821],[73.1487,31.8992],[73.172,31.9104],[73.182,31.9954],[73.2069,32.0059],[73.2131,32.0243],[73.241,32.0427],[73.2177,32.0723],[73.2092,32.1315],[73.1813,32.1499],[73.1751,32.1886],[73.1681,32.1965],[73.1083,32.1998],[73.0695,32.228],[73.0672,32.2458],[73.0408,32.27],[73.0486,32.3238],[73.0416,32.3402],[73.0051,32.371],[73.0113,32.3874],[73.1083,32.4189],[73.1277,32.4418],[73.1844,32.4732],[73.189,32.4928],[73.1745,32.5385],[73.0832,32.5355],[73.0469,32.5171],[72.9875,32.5069],[72.9668,32.4916],[72.8565,32.4854],[72.8141,32.4548],[72.8104,32.4425],[72.7704,32.4282],[72.6225,32.4097],[72.6104,32.3913],[72.5661,32.3906]]]}},{"type":"Feature","properties":{"id":"d-shangla","name":"Shangla","level":2,"centroid":[72.7029,34.8234],"bbox":[72.499,34.5255,72.9262,35.1241]},"geometry":{"type":"Polygon","coordinates":[[[72.8246,34.7639],[72.8303,34.7743],[72.8794,34.7831],[72.9155,34.819],[72.9262,34.8606],[72.8958,34.8997],[72.8691,34.9067],[72.8744,34.93],[72.8659,34.9525],[72.808,34.9576],[72.8048,34.968],[72.7775,34.9784],[72.7775,35.0189],[72.749,35.0267],[72.7406,35.1155],[72.6941,35.1241],[72.6934,35.0869],[72.6712,35.0764],[72.6597,35.0306],[72.6341,35.0174],[72.6334,35.0075],[72.6024,34.982],[72.5835,34.9787],[72.5734,34.9605],[72.5714,34.8328],[72.5539,34.8178],[72.5458,34.7918],[72.5336,34.7004],[72.499,34.6845],[72.5051,34.6653],[72.5151,34.64],[72.5427,34.6236],[72.6232,34.6388],[72.6348,34.6627],[72.6731,34.6602],[72.6831,34.6526],[72.6854,34.5516],[72.712,34.5255],[72.7481,34.5333],[72.7625,34.5451],[72.7685,34.5698],[72.7709,34.5915],[72.7469,34.6251],[72.7685,34.6625],[72.7768,34.7473],[72.8246,34.7639]]]}},{"type":"Feature","properties":{"id":"d-sheikhpura","name":"Sheikhpura","level":2,"centroid":[73.8973,31.5976],"bbox":[73.2349,30.9768,74.6865,32.0876]},"geometry":{"type":"Polygon","coordinates":[[[73.2349,31.7056],[73.2412,31.6703],[73.2615,31.6612],[73.265,31.647],[73.3039,31.6417],[73.3277,31.6176],[73.4028,31.5778],[73.4134,31.5003],[73.4319,31.4837],[73.439,31.4272],[73.461,31.4189],[73.4654,31.3978],[73.5405,31.3926],[73.5564,31.4009],[73.5705,31.4265],[73.6058,31.4212],[73.6403,31.3933],[73.665,31.3473],[73.6336,31.2973],[73.617,31.2891],[73.6115,31.2431],[73.5812,31.2112],[73.5011,31.1735],[73.4694,31.1392],[73.4115,31.1262],[73.377,31.1038],[73.3701,31.0802],[73.3411,31.0577],[73.3218,31.0542],[73.3218,31.0388],[73.2901,31.0128],[73.2915,30.9939],[73.2998,30.9768],[73.3437,30.9836],[73.3595,30.9884],[73.3807,31.0256],[73.3975,31.0286],[73.4107,31.0513],[73.461,31.0641],[73.4884,31.0831],[73.5564,31.0838],[73.5855,31.0921],[73.5944,31.1042],[73.6297,31.1055],[73.6411,31.1269],[73.695,31.1405],[73.7003,31.1564],[73.7374,31.1836],[73.7806,31.1851],[73.7912,31.1994],[73.8151,31.2062],[73.8954,31.2138],[73.9113,31.2545],[73.9555,31.2613],[73.9661,31.2779],[73.9983,31.281],[73.9936,31.3056],[74.0309,31.3562],[74.064,31.3586],[74.0737,31.3939],[74.0861,31.4045],[74.1026,31.4057],[74.1151,31.4222],[74.1551,31.4257],[74.1702,31.4493],[74.184,31.4516],[74.1964,31.4987],[74.2171,31.5116],[74.2309,31.5692],[74.2502,31.5798],[74.2544,31.6033],[74.2682,31.6174],[74.3344,31.6292],[74.3868,31.6515],[74.4268,31.6315],[74.442,31.6503],[74.4586,31.6503],[74.4641,31.6761],[74.5133,31.6888],[74.4902,31.7154],[74.4917,31.7797],[74.5098,31.8092],[74.5401,31.8413],[74.6232,31.8914],[74.658,31.9222],[74.6671,31.944],[74.6865,31.9504],[74.6644,31.9921],[74.6115,32.0265],[74.6115,32.0549],[74.5814,32.0692],[74.5729,32.0876],[74.558,32.0707],[74.532,32.0635],[74.5167,32.0189],[74.4778,32.0065],[74.4359,31.9643],[74.4303,31.9456],[74.376,31.9159],[74.3602,31.8943],[74.2935,31.89],[74.2783,31.8727],[74.2602,31.8684],[74.1918,31.864],[74.1523,31.8199],[74.1116,31.8184],[74.1099,31.8381],[74.0811,31.8448],[73.8636,31.8399],[73.8477,31.8579],[73.8469,31.8729],[73.8734,31.8924],[73.8734,31.9254],[73.8652,31.935],[73.8138,31.9365],[73.7969,31.9322],[73.7584,31.8919],[73.7341,31.8832],[73.7257,31.8645],[73.6918,31.8458],[73.5641,31.8304],[73.5544,31.8132],[73.5211,31.8098],[73.4832,31.7695],[73.3606,31.7565],[73.338,31.7392],[73.2923,31.7325],[73.2889,31.7166],[73.2349,31.7056]]]}},{"type":"Feature","properties":{"id":"d-shigar","name":"Shigar","level":2,"centroid":[75.8142,35.7736],"bbox":[74.8989,35.2822,77.0189,36.2185]},"geometry":{"type":"Polygon","coordinates":[[[77.0189,35.6515],[76.9849,35.6739],[76.9123,35.6923],[76.7762,35.7733],[76.684,35.8052],[76.6674,35.8236],[76.6734,35.8959],[76.6643,35.9192],[76.6356,35.9302],[76.5056,35.8665],[76.4738,35.8604],[76.2788,35.8616],[76.244,35.8849],[76.238,35.9179],[76.2213,35.9436],[76.1397,35.9999],[76.0807,35.9987],[76.0354,36.0085],[76.0097,36.0232],[75.9908,36.0577],[75.9576,36.0512],[75.9427,36.0275],[75.8957,36.0017],[75.8299,36.0048],[75.8163,36.0285],[75.7954,36.0317],[75.7843,36.0712],[75.7687,36.0754],[75.7596,36.0986],[75.7394,36.1033],[75.7277,36.1217],[75.5394,36.1254],[75.5277,36.1428],[75.4964,36.1512],[75.4951,36.1649],[75.4716,36.1717],[75.4619,36.1896],[75.4137,36.2174],[75.2935,36.2185],[75.2588,36.1953],[75.2323,36.1904],[75.2222,36.1764],[75.1723,36.1641],[75.1621,36.0777],[75.1183,36.0531],[75.0827,36.0547],[75.0766,36.0695],[75.0573,36.0777],[75.0033,36.0761],[74.9829,36.0539],[74.9402,36.0456],[74.8989,36.0035],[74.9296,35.96],[74.9479,35.9505],[74.957,35.9104],[74.9804,35.8946],[74.9822,35.8512],[75.0076,35.8337],[75.0134,35.8141],[75.0376,35.8043],[75.0476,35.787],[75.0935,35.7823],[75.0989,35.762],[75.1223,35.7576],[75.1339,35.7386],[75.1731,35.7126],[75.1902,35.6723],[75.2328,35.6587],[75.2498,35.6401],[75.2907,35.6374],[75.3116,35.6187],[75.3557,35.6176],[75.3746,35.599],[75.4078,35.59],[75.4176,35.5731],[75.441,35.5603],[75.4554,35.4994],[75.4697,35.4888],[75.4814,35.4506],[75.5055,35.441],[75.5107,35.4283],[75.5407,35.4267],[75.5537,35.4081],[75.5902,35.3932],[75.5967,35.3683],[75.6254,35.3449],[75.6417,35.3364],[75.7479,35.3295],[75.7791,35.3481],[75.8071,35.3518],[75.8306,35.3741],[75.8619,35.3746],[75.8808,35.3699],[75.8866,35.3444],[75.9192,35.3183],[75.9212,35.2822],[75.9804,35.3114],[75.9909,35.3954],[76.015,35.415],[76.015,35.4368],[76.0528,35.4713],[76.0703,35.4755],[76.0795,35.4978],[76.1303,35.5015],[76.1459,35.519],[76.1798,35.528],[76.2124,35.5625],[76.2931,35.6011],[76.3277,35.643],[76.3472,35.6462],[76.3668,35.6668],[76.4261,35.6673],[76.443,35.6747],[76.4495,35.6896],[76.471,35.6938],[76.527,35.6906],[76.5674,35.661],[76.5772,35.6435],[76.6033,35.6319],[76.6046,35.6192],[76.6339,35.6091],[76.6684,35.5715],[76.6892,35.5646],[76.6899,35.5529],[76.7075,35.5513],[76.7485,35.4835],[76.787,35.4713],[76.8352,35.4782],[76.8397,35.4919],[76.8736,35.5116],[76.8723,35.5524],[76.8912,35.5556],[76.9401,35.6186],[77.0189,35.6515]]]}},{"type":"Feature","properties":{"id":"d-shikarpur","name":"Shikarpur","level":2,"centroid":[68.6493,27.8895],"bbox":[68.2909,27.6185,69.1076,28.1031]},"geometry":{"type":"Polygon","coordinates":[[[68.6913,27.6784],[68.7032,27.7211],[68.7621,27.7513],[68.8737,27.7575],[68.8884,27.7986],[68.9124,27.8068],[68.9147,27.8308],[68.9287,27.8363],[68.9442,27.8657],[69.0736,27.9493],[69.1076,27.9588],[69.0867,27.9807],[69.0805,28.0026],[69.0457,28.0211],[68.9611,28.0249],[68.8833,28.0518],[68.7743,28.0582],[68.6932,28.1031],[68.5733,28.1031],[68.5467,28.0966],[68.4959,28.0529],[68.3639,28.0486],[68.353,27.9855],[68.3567,27.8679],[68.3433,27.8561],[68.2909,27.8574],[68.2988,27.8267],[68.322,27.8123],[68.3298,27.7883],[68.3515,27.7739],[68.3608,27.7341],[68.4057,27.7067],[68.4243,27.6724],[68.5211,27.6185],[68.5337,27.6531],[68.5521,27.661],[68.6106,27.6408],[68.6428,27.6807],[68.6913,27.6784]]]}},{"type":"Feature","properties":{"id":"d-sialkot","name":"Sialkot","level":2,"centroid":[74.5021,32.4232],"bbox":[74.1735,32.0876,74.9123,32.8288]},"geometry":{"type":"Polygon","coordinates":[[[74.5733,32.0876],[74.6071,32.1185],[74.6097,32.1372],[74.638,32.1439],[74.6644,32.1656],[74.6697,32.1836],[74.6962,32.1955],[74.7024,32.25],[74.7307,32.2724],[74.728,32.3008],[74.7571,32.3105],[74.7616,32.3292],[74.7925,32.3411],[74.8181,32.3709],[74.8234,32.4037],[74.8507,32.4164],[74.8605,32.4455],[74.9099,32.4701],[74.9123,32.4792],[74.8646,32.4952],[74.6874,32.4952],[74.6567,32.533],[74.6567,32.5529],[74.6236,32.5728],[74.6189,32.5967],[74.6638,32.6405],[74.6638,32.6703],[74.6378,32.724],[74.6716,32.8021],[74.6701,32.8225],[74.6535,32.8288],[74.6096,32.7729],[74.5325,32.7449],[74.4796,32.7576],[74.4342,32.7932],[74.4051,32.779],[74.4066,32.6561],[74.3793,32.5959],[74.3519,32.5728],[74.3272,32.5683],[74.3104,32.5482],[74.2248,32.5445],[74.1766,32.5199],[74.1735,32.508],[74.1753,32.4097],[74.1983,32.3918],[74.1991,32.3142],[74.2292,32.2889],[74.2336,32.262],[74.2804,32.2329],[74.2936,32.2097],[74.3148,32.2052],[74.3245,32.1858],[74.3775,32.1806],[74.3934,32.1611],[74.457,32.1619],[74.4667,32.1499],[74.4684,32.1193],[74.4826,32.1163],[74.4932,32.0968],[74.5733,32.0876]]]}},{"type":"Feature","properties":{"id":"d-sibi","name":"Sibi","level":2,"centroid":[67.8868,29.8831],"bbox":[67.3208,29.2679,68.4545,30.3187]},"geometry":{"type":"Polygon","coordinates":[[[67.3208,30.2005],[67.356,30.1375],[67.4631,30.1228],[67.48,30.1167],[67.4814,30.096],[67.497,30.0911],[67.504,30.0167],[67.4913,29.9862],[67.4434,29.9434],[67.4249,29.9053],[67.4655,29.88],[67.5033,29.8759],[67.5099,29.8415],[67.5497,29.8004],[67.5544,29.6978],[67.5781,29.6525],[67.5989,29.6369],[67.6869,29.6271],[67.8032,29.5563],[67.8297,29.5505],[67.8373,29.511],[67.8628,29.4806],[67.8647,29.4155],[67.9196,29.3998],[67.9423,29.2951],[67.9877,29.2844],[68.0728,29.3075],[68.158,29.2679],[68.1816,29.2745],[68.2157,29.3033],[68.2129,29.3174],[68.1675,29.3479],[68.1646,29.3941],[68.2204,29.4624],[68.2261,29.4847],[68.263,29.5217],[68.2649,29.5374],[68.2072,29.5736],[68.1864,29.6016],[68.0378,29.6098],[68.0085,29.641],[68.0719,29.7397],[68.1362,29.7988],[68.1627,29.8152],[68.2271,29.8242],[68.3008,29.8743],[68.3368,29.8759],[68.3671,29.8899],[68.4545,29.9608],[68.4342,29.976],[68.4238,29.9989],[68.3595,30.0415],[68.2819,30.0767],[68.264,30.0906],[68.2422,30.1315],[68.1589,30.1823],[68.1466,30.2101],[68.0766,30.2223],[68.0227,30.2705],[67.9499,30.2934],[67.9167,30.3179],[67.8195,30.3187],[67.8195,30.3005],[67.8019,30.2815],[67.738,30.253],[67.7028,30.2511],[67.6874,30.2301],[67.6565,30.2282],[67.6257,30.2378],[67.5618,30.2853],[67.4891,30.2644],[67.401,30.3024],[67.3614,30.2967],[67.3381,30.2829],[67.3481,30.2568],[67.3393,30.2092],[67.3208,30.2005]]]}},{"type":"Feature","properties":{"id":"d-skardu","name":"Skardu","level":2,"centroid":[75.4492,35.1445],"bbox":[74.827,34.5733,76.0084,35.8587]},"geometry":{"type":"Polygon","coordinates":[[[74.9789,35.8587],[74.8938,35.8281],[74.8873,35.8025],[74.8404,35.7802],[74.827,35.7634],[74.8599,35.7213],[74.8873,35.7118],[74.8892,35.6705],[74.8834,35.6514],[74.8547,35.6366],[74.8508,35.5805],[74.9257,35.5227],[74.9954,35.4951],[75.0052,35.4707],[75.0208,35.4702],[75.0423,35.4516],[75.0801,35.4453],[75.0834,35.4304],[75.1159,35.4198],[75.1394,35.3943],[75.1452,35.3677],[75.1713,35.3481],[75.1707,35.2391],[75.2013,35.2157],[75.2462,35.2029],[75.2593,35.1816],[75.258,35.1693],[75.2306,35.1528],[75.2234,35.1342],[75.214,35.0277],[75.1957,35.0151],[75.1896,34.9918],[75.1377,34.9609],[75.1082,34.9201],[75.1132,34.9084],[75.1876,34.8942],[75.2161,34.8675],[75.2222,34.8274],[75.2405,34.8182],[75.2466,34.7964],[75.2468,34.7242],[75.2718,34.724],[75.3337,34.6834],[75.4256,34.6516],[75.4947,34.6119],[75.6393,34.6069],[75.6634,34.5858],[75.7148,34.5733],[75.8948,34.5795],[75.9537,34.6306],[76.0084,34.6941],[76.0078,34.7095],[76.0019,34.7218],[75.9707,34.7358],[75.9648,34.7754],[75.9283,34.8219],[75.8795,34.831],[75.8769,34.8428],[75.8326,34.8545],[75.8202,34.8663],[75.8169,34.8925],[75.7648,34.9309],[75.7518,34.9891],[75.7583,35.0521],[75.8221,35.0995],[75.8332,35.1427],[75.8475,35.1592],[75.929,35.1661],[75.9635,35.1848],[75.9861,35.1851],[75.9759,35.2077],[75.929,35.2215],[75.9212,35.2327],[75.9192,35.3183],[75.8866,35.3444],[75.8808,35.3699],[75.8619,35.3746],[75.8306,35.3741],[75.8071,35.3518],[75.7791,35.3481],[75.7479,35.3295],[75.6417,35.3364],[75.6254,35.3449],[75.5967,35.3683],[75.5902,35.3932],[75.5537,35.4081],[75.5407,35.4267],[75.5107,35.4283],[75.5055,35.441],[75.4814,35.4506],[75.4697,35.4888],[75.4554,35.4994],[75.441,35.5603],[75.4176,35.5731],[75.4078,35.59],[75.3746,35.599],[75.3557,35.6176],[75.3116,35.6187],[75.2907,35.6374],[75.2498,35.6401],[75.2328,35.6587],[75.1902,35.6723],[75.1811,35.7031],[75.1519,35.7325],[75.1339,35.7386],[75.1223,35.7576],[75.0989,35.762],[75.0935,35.7823],[75.0476,35.787],[74.9789,35.8587]]]}},{"type":"Feature","properties":{"id":"d-south-waziristan","name":"South Waziristan","level":2,"centroid":[69.8785,32.1366],"bbox":[69.2515,31.0704,70.5776,32.6951]},"geometry":{"type":"Polygon","coordinates":[[[70.0704,31.3219],[70.1071,31.383],[70.1645,31.3984],[70.2144,31.4281],[70.2295,31.4255],[70.2522,31.4113],[70.2496,31.0704],[70.326,31.116],[70.4163,31.1254],[70.4222,31.1859],[70.3855,31.1904],[70.3667,31.2003],[70.3566,31.22],[70.345,31.22],[70.3363,31.3078],[70.3103,31.3387],[70.3088,31.4351],[70.2582,31.5128],[70.2495,31.5855],[70.2322,31.5929],[70.2221,31.6126],[70.1844,31.6237],[70.1677,31.8827],[70.1425,31.9225],[70.0962,31.936],[70.0933,31.9986],[70.0456,32.0869],[70.0557,32.1053],[70.076,32.1077],[70.1005,32.1286],[70.1179,32.1286],[70.1353,32.1592],[70.1743,32.1812],[70.183,32.2094],[70.2119,32.2204],[70.2698,32.2241],[70.2886,32.2314],[70.2929,32.2449],[70.3137,32.2495],[70.3794,32.3184],[70.3952,32.3207],[70.447,32.4255],[70.4896,32.4341],[70.5322,32.3989],[70.5702,32.3989],[70.5776,32.4278],[70.5516,32.4809],[70.5359,32.495],[70.5026,32.4989],[70.4952,32.5184],[70.4739,32.52],[70.46,32.5528],[70.422,32.5715],[70.4063,32.6136],[70.3878,32.6331],[70.3841,32.6604],[70.3563,32.6713],[70.3554,32.6951],[70.3177,32.6883],[70.2632,32.6454],[70.2169,32.6399],[70.1761,32.6205],[70.0789,32.616],[70.0724,32.602],[69.9699,32.5701],[69.9005,32.5746],[69.8751,32.597],[69.8431,32.605],[69.6552,32.5965],[69.6227,32.5631],[69.6215,32.5271],[69.58,32.5006],[69.5172,32.5011],[69.4691,32.5431],[69.268,32.4234],[69.2515,32.3875],[69.2515,32.0898],[69.2869,32.0257],[69.3056,31.9274],[69.3405,31.9132],[69.3541,31.8799],[69.3813,31.8593],[69.5779,31.8632],[69.5885,31.8811],[69.6263,31.8824],[69.6731,31.9222],[69.6822,31.9748],[69.6988,31.9864],[69.7729,31.9902],[69.7865,32.0043],[69.8122,32.0094],[69.8697,31.9838],[69.8667,31.962],[69.844,31.935],[69.844,31.9158],[69.8999,31.9042],[69.9075,31.8144],[69.9846,31.7938],[69.9831,31.7642],[69.9498,31.7321],[69.9453,31.7089],[69.9483,31.6369],[69.977,31.5983],[69.974,31.5119],[69.9468,31.4849],[69.9498,31.4629],[69.977,31.4384],[70.0284,31.4294],[70.033,31.3494],[70.0542,31.3158],[70.0704,31.3219]]]}},{"type":"Feature","properties":{"id":"d-sukkur","name":"Sukkur","level":2,"centroid":[69.1706,27.4667],"bbox":[68.6913,27.0519,69.7168,27.9588]},"geometry":{"type":"Polygon","coordinates":[[[69.493,27.0519],[69.4978,27.1023],[69.5219,27.148],[69.593,27.2301],[69.7168,27.3337],[69.5781,27.3928],[69.5648,27.4046],[69.56,27.4637],[69.5376,27.4794],[69.5012,27.4588],[69.464,27.4808],[69.3858,27.4849],[69.3439,27.4994],[69.316,27.5296],[69.3075,27.5543],[69.2913,27.5633],[69.2781,27.599],[69.2564,27.6093],[69.2479,27.6285],[69.2084,27.6374],[69.1967,27.6539],[69.1998,27.6786],[69.2804,27.6861],[69.2789,27.7595],[69.2533,27.776],[69.2502,27.8068],[69.227,27.8281],[69.2208,27.8794],[69.2014,27.8938],[69.196,27.9246],[69.1818,27.943],[69.1699,27.9509],[69.1347,27.9461],[69.1076,27.9588],[69.0736,27.9493],[68.9442,27.8657],[68.9287,27.8363],[68.9147,27.8308],[68.9124,27.8068],[68.8884,27.7986],[68.8737,27.7575],[68.7621,27.7513],[68.7032,27.7211],[68.6913,27.6784],[68.721,27.6374],[68.8481,27.6333],[68.8892,27.6093],[68.8884,27.5777],[68.8628,27.5427],[68.8667,27.5248],[68.8256,27.4856],[68.8341,27.4554],[68.9101,27.4072],[68.9186,27.3894],[68.9194,27.3302],[68.8566,27.2751],[68.8566,27.2531],[68.8868,27.2221],[68.9279,27.209],[68.9628,27.1725],[69.0193,27.147],[69.0929,27.1401],[69.1402,27.1663],[69.1572,27.1656],[69.1952,27.1421],[69.2641,27.1201],[69.3207,27.1152],[69.4245,27.067],[69.493,27.0519]]]}},{"type":"Feature","properties":{"id":"d-swabi","name":"Swabi","level":2,"centroid":[72.4457,34.1276],"bbox":[72.1813,33.8938,72.7601,34.3605]},"geometry":{"type":"Polygon","coordinates":[[[72.5414,34.0031],[72.5633,34.0226],[72.6044,34.0254],[72.6388,34.0466],[72.6759,34.0958],[72.6968,34.1036],[72.7601,34.1627],[72.7547,34.1862],[72.7325,34.2023],[72.7264,34.2792],[72.7022,34.3166],[72.6752,34.3121],[72.6388,34.2776],[72.595,34.262],[72.5909,34.2352],[72.5174,34.1744],[72.4473,34.1756],[72.4291,34.1828],[72.4197,34.1995],[72.4163,34.2308],[72.4224,34.2486],[72.4419,34.262],[72.446,34.2926],[72.4628,34.3015],[72.4696,34.3416],[72.4588,34.3589],[72.4244,34.3605],[72.4098,34.3398],[72.3329,34.3102],[72.3235,34.2798],[72.2992,34.2693],[72.2916,34.2246],[72.2169,34.2125],[72.2118,34.1465],[72.1876,34.1229],[72.1813,34.102],[72.1822,34.0843],[72.2405,34.0775],[72.2471,34.0516],[72.2405,33.9793],[72.2109,33.9438],[72.2208,33.9083],[72.2756,33.8938],[72.3287,33.931],[72.3705,33.9374],[72.3914,33.9685],[72.4509,34.0013],[72.5414,34.0031]]]}},{"type":"Feature","properties":{"id":"d-swat","name":"Swat","level":2,"centroid":[72.4769,35.2229],"bbox":[72.1103,34.5366,72.8269,35.8503]},"geometry":{"type":"Polygon","coordinates":[[[72.2428,35.6959],[72.2512,35.6241],[72.2687,35.6159],[72.2775,35.5819],[72.2977,35.5654],[72.3004,35.527],[72.324,35.5133],[72.3327,35.4744],[72.3536,35.4667],[72.3557,35.4387],[72.3873,35.4123],[72.3887,35.3529],[72.3792,35.3254],[72.3597,35.3221],[72.3482,35.2765],[72.3348,35.2737],[72.3152,35.2297],[72.3037,35.2253],[72.2957,35.1608],[72.2673,35.1393],[72.2619,35.1079],[72.2357,35.0919],[72.2282,35.0615],[72.2148,35.0566],[72.2053,34.9749],[72.1851,34.9583],[72.1716,34.8958],[72.1588,34.892],[72.1339,34.8416],[72.1187,34.8405],[72.1911,34.7591],[72.201,34.7415],[72.201,34.6941],[72.1928,34.6671],[72.173,34.6616],[72.1681,34.6481],[72.1113,34.644],[72.1103,34.5812],[72.1541,34.549],[72.1932,34.5366],[72.2208,34.5401],[72.2478,34.5617],[72.2754,34.5673],[72.2849,34.5862],[72.3294,34.5884],[72.3422,34.6106],[72.3631,34.6167],[72.3712,34.6372],[72.4062,34.655],[72.45,34.6616],[72.4703,34.6799],[72.5127,34.6866],[72.5336,34.7004],[72.5458,34.7918],[72.5539,34.8178],[72.5714,34.8328],[72.5734,34.9605],[72.5835,34.9787],[72.6024,34.982],[72.6334,35.0075],[72.6341,35.0174],[72.6597,35.0306],[72.6712,35.0764],[72.6934,35.0869],[72.6995,35.163],[72.7325,35.2121],[72.7527,35.2264],[72.7541,35.2594],[72.7709,35.3029],[72.7568,35.3359],[72.7285,35.354],[72.7177,35.3832],[72.7271,35.4117],[72.7514,35.4277],[72.7595,35.5501],[72.7898,35.6022],[72.8269,35.7117],[72.8237,35.8308],[72.7898,35.815],[72.6834,35.7961],[72.6582,35.8103],[72.6098,35.8173],[72.5671,35.8503],[72.541,35.825],[72.5336,35.7872],[72.5161,35.785],[72.5019,35.7659],[72.4601,35.7544],[72.4453,35.7177],[72.4271,35.7134],[72.4123,35.6937],[72.2428,35.6959]]]}},{"type":"Feature","properties":{"id":"d-tando-allahyar","name":"Tando Allahyar","level":2,"centroid":[68.7968,25.4163],"bbox":[68.6186,25.1751,68.9767,25.6891]},"geometry":{"type":"Polygon","coordinates":[[[68.7069,25.2055],[68.755,25.2023],[68.8047,25.1751],[68.8762,25.1782],[68.9386,25.22],[68.9767,25.2628],[68.9732,25.339],[68.9594,25.3849],[68.9513,25.4037],[68.9051,25.4412],[68.9039,25.4954],[68.9236,25.5277],[68.927,25.5579],[68.9201,25.6329],[68.8936,25.6475],[68.8855,25.6652],[68.8462,25.6683],[68.8139,25.6891],[68.7654,25.6849],[68.7181,25.66],[68.7077,25.6308],[68.695,25.6214],[68.6676,25.6183],[68.6769,25.5856],[68.6769,25.519],[68.6245,25.4589],[68.6186,25.4409],[68.6211,25.3755],[68.6523,25.3411],[68.6453,25.3014],[68.6315,25.29],[68.628,25.2691],[68.6477,25.2336],[68.6904,25.2252],[68.7069,25.2055]]]}},{"type":"Feature","properties":{"id":"d-tando-muhammad-khan","name":"Tando Muhammad Khan","level":2,"centroid":[68.4748,24.9142],"bbox":[68.2605,24.7039,68.756,25.0768]},"geometry":{"type":"Polygon","coordinates":[[[68.3777,24.7039],[68.4014,24.7068],[68.4248,24.7269],[68.4579,24.7363],[68.5306,24.8313],[68.5624,24.8348],[68.6059,24.8047],[68.6209,24.8106],[68.6436,24.843],[68.7469,24.8525],[68.756,24.8666],[68.7488,24.9208],[68.7215,24.9467],[68.6728,24.9555],[68.6534,24.972],[68.6462,24.992],[68.5995,25.0309],[68.5806,25.068],[68.5228,25.0768],[68.4397,25.0609],[68.2879,25.0657],[68.2801,25.0218],[68.2605,24.9952],[68.2691,24.9563],[68.3174,24.8832],[68.315,24.8676],[68.2931,24.8519],[68.2884,24.8284],[68.3283,24.753],[68.3777,24.7039]]]}},{"type":"Feature","properties":{"id":"d-tank","name":"Tank","level":2,"centroid":[70.3842,32.17],"bbox":[70.0456,31.8827,70.6939,32.4341]},"geometry":{"type":"Polygon","coordinates":[[[70.6704,32.1856],[70.6528,32.199],[70.6539,32.2159],[70.6634,32.2578],[70.6844,32.2712],[70.6939,32.2917],[70.6918,32.3157],[70.6697,32.3193],[70.6518,32.3433],[70.6139,32.3477],[70.5981,32.4127],[70.5776,32.424],[70.5702,32.3989],[70.5526,32.3966],[70.5322,32.3989],[70.4896,32.4341],[70.4655,32.4341],[70.4359,32.4083],[70.4304,32.3809],[70.4146,32.3692],[70.3952,32.3207],[70.3794,32.3184],[70.3137,32.2495],[70.2929,32.2449],[70.2886,32.2314],[70.2698,32.2241],[70.2119,32.2204],[70.183,32.2094],[70.1743,32.1812],[70.1353,32.1592],[70.1179,32.1286],[70.1005,32.1286],[70.076,32.1077],[70.0557,32.1053],[70.0456,32.0869],[70.0933,31.9986],[70.0962,31.936],[70.1425,31.9225],[70.1677,31.8827],[70.1787,31.9348],[70.2076,31.963],[70.209,31.9753],[70.2249,31.9827],[70.2278,32.0023],[70.2857,32.0183],[70.3291,32.0035],[70.387,32.0035],[70.4043,32.0244],[70.5345,32.0342],[70.5417,32.0747],[70.5721,32.1077],[70.5721,32.1335],[70.5895,32.1678],[70.6546,32.1739],[70.6704,32.1856]]]}},{"type":"Feature","properties":{"id":"d-tharparkar","name":"Tharparkar","level":2,"centroid":[70.1929,24.761],"bbox":[69.0607,24.1542,71.108,25.7102]},"geometry":{"type":"Polygon","coordinates":[[[69.0804,24.255],[69.1334,24.2369],[69.209,24.2286],[69.2422,24.2383],[69.2543,24.2534],[69.3027,24.2576],[69.4464,24.2534],[69.4721,24.2369],[69.534,24.2397],[69.5824,24.27],[69.6006,24.2714],[69.6807,24.1969],[69.6958,24.1693],[69.7276,24.1583],[70.0315,24.1542],[70.0647,24.1611],[70.0783,24.1762],[70.0995,24.2355],[70.1282,24.2783],[70.1857,24.2865],[70.3006,24.3279],[70.3883,24.3403],[70.5077,24.3898],[70.5576,24.3926],[70.5803,24.3788],[70.5848,24.343],[70.5712,24.2562],[70.5818,24.2341],[70.6211,24.2107],[70.7738,24.2011],[70.8509,24.2135],[70.8933,24.2466],[70.9114,24.2879],[70.9401,24.321],[70.9749,24.3361],[71.0551,24.3375],[71.0747,24.3472],[71.1065,24.3898],[71.108,24.4091],[71.1004,24.4201],[71.0203,24.4284],[70.9991,24.4683],[70.9929,24.5527],[71.0055,24.6099],[71.0626,24.6494],[71.0577,24.7084],[71.0306,24.7391],[71.0229,24.7778],[70.919,24.9394],[70.9144,24.9765],[70.8933,25.0203],[70.8857,25.1189],[70.8691,25.1463],[70.7421,25.2544],[70.7179,25.2817],[70.7043,25.3323],[70.6499,25.3801],[70.6423,25.4115],[70.6362,25.6843],[70.6105,25.7075],[70.5788,25.7102],[70.5455,25.6952],[70.4291,25.6871],[70.242,25.6969],[70.1602,25.6215],[70.1335,25.5853],[70.1364,25.576],[70.158,25.5711],[70.204,25.5813],[70.185,25.5233],[70.2071,25.5222],[70.2248,25.5371],[70.2471,25.5387],[70.2876,25.5289],[70.2973,25.5124],[70.2959,25.4588],[70.2602,25.4411],[70.2343,25.4153],[70.2495,25.3928],[70.2976,25.3911],[70.3039,25.3839],[70.2994,25.2323],[70.1755,25.1944],[70.1246,25.1904],[70.097,25.1718],[69.9926,25.1718],[69.9597,25.1936],[69.9061,25.2025],[69.8526,25.1936],[69.8036,25.1444],[69.7501,25.1403],[69.718,25.1201],[69.7055,25.0935],[69.7554,25.0256],[69.7545,24.9933],[69.7394,24.9755],[69.7055,24.9674],[69.6493,24.9982],[69.6154,24.9933],[69.5994,24.9828],[69.5896,24.9424],[69.5601,24.8995],[69.4478,24.8016],[69.4094,24.7797],[69.3568,24.766],[69.289,24.7133],[69.2819,24.6833],[69.2453,24.6509],[69.2364,24.6315],[69.2614,24.6128],[69.2569,24.5844],[69.2373,24.5747],[69.2284,24.5569],[69.2275,24.4887],[69.2061,24.4571],[69.1695,24.4546],[69.1294,24.4311],[69.0705,24.3661],[69.0607,24.3157],[69.0804,24.255]]]}},{"type":"Feature","properties":{"id":"d-thatta","name":"Thatta","level":2,"centroid":[67.9381,24.4352],"bbox":[67.1648,23.7313,68.7594,25.3785]},"geometry":{"type":"Polygon","coordinates":[[[67.1757,24.71],[67.183,24.6938],[67.1663,24.6471],[67.1648,24.5316],[67.2676,24.3898],[67.2782,24.3306],[67.2949,24.3086],[67.316,24.1542],[67.3463,24.0727],[67.3735,24.023],[67.4627,23.907],[67.567,23.8309],[67.6305,23.8019],[67.7016,23.8019],[67.7999,23.7687],[67.824,23.7687],[67.8437,23.7894],[67.8664,23.8669],[67.886,23.8641],[67.9027,23.8033],[67.9888,23.741],[68.0176,23.7313],[68.0402,23.7382],[68.0584,23.8489],[68.072,23.8475],[68.0796,23.8296],[68.1476,23.8282],[68.2156,23.8669],[68.2686,23.8793],[68.2852,23.9015],[68.3321,23.9084],[68.3396,23.9415],[68.3789,23.9678],[68.3956,23.9581],[68.3971,23.9443],[68.4303,23.9374],[68.7539,23.9457],[68.7509,24.2341],[68.7594,24.2888],[68.7485,24.3031],[68.7038,24.3123],[68.6317,24.3123],[68.5666,24.2995],[68.5031,24.3131],[68.4765,24.3202],[68.4655,24.3559],[68.4396,24.3623],[68.4349,24.4551],[68.4114,24.4951],[68.4028,24.5307],[68.3793,24.5528],[68.3818,24.6994],[68.3283,24.753],[68.3174,24.7829],[68.2931,24.8107],[68.2931,24.8519],[68.315,24.8676],[68.3174,24.8832],[68.2691,24.9563],[68.2605,24.9952],[68.2801,25.0218],[68.2863,25.0629],[68.3083,25.095],[68.3091,25.1629],[68.2813,25.2297],[68.2562,25.2474],[68.1888,25.2595],[68.1637,25.3077],[68.0791,25.3785],[68.0219,25.3736],[67.949,25.3098],[67.938,25.2411],[67.8659,25.1801],[67.8541,25.1325],[67.8531,25.0698],[67.836,25.028],[67.7879,25.0075],[67.7518,24.9616],[67.7352,24.9539],[67.6635,24.9475],[67.6339,24.9257],[67.5967,24.9148],[67.5247,24.9166],[67.5233,24.8286],[67.5269,24.8141],[67.5465,24.8063],[67.5612,24.7652],[67.5588,24.7296],[67.5355,24.7163],[67.5012,24.7163],[67.4865,24.7441],[67.4571,24.7685],[67.4375,24.773],[67.4155,24.763],[67.4155,24.7374],[67.4045,24.7252],[67.3849,24.7396],[67.2864,24.7418],[67.1757,24.71]]]}},{"type":"Feature","properties":{"id":"d-toba-tek-singh","name":"Toba Tek Singh","level":2,"centroid":[72.4893,30.8902],"bbox":[72.1177,30.5672,72.808,31.2922]},"geometry":{"type":"Polygon","coordinates":[[[72.5304,30.6098],[72.5633,30.5909],[72.5921,30.5894],[72.6221,30.6025],[72.6882,30.6098],[72.704,30.6191],[72.7114,30.6721],[72.7436,30.6954],[72.7408,30.727],[72.6848,30.7629],[72.6814,30.7954],[72.6933,30.8212],[72.6814,30.8493],[72.6549,30.8736],[72.656,30.9002],[72.6639,30.9177],[72.7074,30.9322],[72.7136,30.9584],[72.7419,30.9802],[72.7622,31.0112],[72.7628,31.0277],[72.7272,31.0678],[72.7266,31.0795],[72.7447,31.183],[72.7933,31.2052],[72.808,31.2448],[72.7961,31.2922],[72.7025,31.2891],[72.6295,31.2255],[72.5512,31.2175],[72.5209,31.1963],[72.4899,31.2056],[72.413,31.1883],[72.3921,31.1385],[72.3727,31.1245],[72.3626,31.0701],[72.3238,31.0401],[72.3114,30.9949],[72.2896,30.9716],[72.2702,30.929],[72.2151,30.8751],[72.1624,30.8465],[72.1624,30.8271],[72.1756,30.8085],[72.2501,30.7978],[72.2788,30.7618],[72.2431,30.7338],[72.1694,30.7231],[72.1663,30.7071],[72.1362,30.6999],[72.1359,30.6336],[72.1177,30.6024],[72.1253,30.5854],[72.1813,30.588],[72.2298,30.5672],[72.3055,30.5919],[72.3221,30.6115],[72.5304,30.6098]]]}},{"type":"Feature","properties":{"id":"d-umerkot","name":"Umerkot","level":2,"centroid":[69.783,25.3499],"bbox":[69.1621,24.852,70.3039,25.7686]},"geometry":{"type":"Polygon","coordinates":[[[70.2476,25.7011],[70.2416,25.7375],[70.2172,25.7686],[70.1466,25.7368],[70.0884,25.7352],[70.0028,25.6884],[69.9868,25.69],[69.9674,25.7157],[69.9286,25.7146],[69.8744,25.6467],[69.8384,25.6365],[69.7927,25.6009],[69.7768,25.5592],[69.7585,25.549],[69.7214,25.4995],[69.67,25.4933],[69.6518,25.4758],[69.6209,25.4665],[69.5644,25.4732],[69.5673,25.5191],[69.5462,25.5263],[69.5176,25.5191],[69.174,25.5124],[69.1621,25.4928],[69.1838,25.4685],[69.1936,25.4032],[69.2756,25.3428],[69.3523,25.2662],[69.4076,25.2404],[69.4201,25.2202],[69.4201,25.1613],[69.3961,25.1167],[69.3944,25.0908],[69.4212,25.0427],[69.4229,24.9822],[69.452,24.961],[69.4543,24.9465],[69.4834,24.918],[69.4979,24.852],[69.5601,24.8995],[69.5896,24.9424],[69.5994,24.9828],[69.6154,24.9933],[69.6493,24.9982],[69.693,24.9691],[69.7394,24.9755],[69.7599,25.0095],[69.7313,25.0685],[69.7055,25.0935],[69.7055,25.1064],[69.7501,25.1403],[69.8036,25.1444],[69.8526,25.1936],[69.9061,25.2025],[69.9597,25.1936],[69.9926,25.1718],[70.097,25.1718],[70.1246,25.1904],[70.1755,25.1944],[70.2994,25.2323],[70.3039,25.3839],[70.2976,25.3911],[70.2495,25.3928],[70.2343,25.4153],[70.2602,25.4411],[70.2959,25.4588],[70.2973,25.5124],[70.2876,25.5289],[70.2471,25.5387],[70.2248,25.5371],[70.2071,25.5222],[70.185,25.5233],[70.204,25.5813],[70.158,25.5711],[70.1364,25.576],[70.1335,25.5853],[70.1602,25.6215],[70.2476,25.7011]]]}},{"type":"Feature","properties":{"id":"d-upper-dir","name":"Upper Dir","level":2,"centroid":[72.0294,35.223],"bbox":[71.4846,34.8385,72.3887,35.715]},"geometry":{"type":"Polygon","coordinates":[[[71.5891,35.1665],[71.5737,35.1231],[71.5359,35.0863],[71.5194,35.0167],[71.4981,35.0012],[71.4846,34.9616],[71.5766,34.9634],[71.6306,34.9744],[71.6595,34.9899],[71.7479,34.992],[71.7729,35.0108],[71.8182,35.0256],[71.8868,35.0076],[71.8933,34.9729],[71.9235,34.9595],[71.9274,34.9386],[71.9464,34.9277],[71.946,34.899],[71.9723,34.8739],[71.9805,34.8459],[72.0128,34.8385],[72.1339,34.8416],[72.1588,34.892],[72.1716,34.8958],[72.1851,34.9583],[72.2053,34.9749],[72.2148,35.0566],[72.2282,35.0615],[72.2357,35.0919],[72.2619,35.1079],[72.2673,35.1393],[72.2957,35.1608],[72.3037,35.2253],[72.3152,35.2297],[72.3348,35.2737],[72.3482,35.2765],[72.3597,35.3221],[72.3792,35.3254],[72.3887,35.3529],[72.3873,35.4123],[72.3557,35.4387],[72.3536,35.4667],[72.3327,35.4744],[72.324,35.5133],[72.3004,35.527],[72.2977,35.5654],[72.2775,35.5819],[72.2687,35.6159],[72.2512,35.6241],[72.2428,35.6959],[72.2316,35.6969],[72.2215,35.715],[72.1736,35.7112],[72.1554,35.6197],[72.0894,35.5759],[72.059,35.5709],[72.0246,35.5479],[72.0199,35.5276],[71.9997,35.5232],[71.9613,35.4782],[71.9525,35.4255],[71.9397,35.4194],[71.9296,35.3832],[71.9013,35.3612],[71.8871,35.3122],[71.8339,35.304],[71.8143,35.288],[71.8069,35.2578],[71.7894,35.2484],[71.7853,35.2225],[71.7516,35.19],[71.693,35.1625],[71.5891,35.1665]]]}},{"type":"Feature","properties":{"id":"d-vihari","name":"Vihari","level":2,"centroid":[72.4155,30.0474],"bbox":[71.7941,29.676,72.9294,30.3701]},"geometry":{"type":"Polygon","coordinates":[[[72.6035,29.8966],[72.626,29.9212],[72.6792,29.9325],[72.7023,29.9489],[72.7136,29.972],[72.7544,29.9853],[72.7834,30.0283],[72.8123,30.036],[72.8656,30.0273],[72.9119,30.0419],[72.9128,30.2537],[72.9294,30.2851],[72.9037,30.323],[72.887,30.3243],[72.881,30.3439],[72.8598,30.3492],[72.8461,30.3701],[72.7901,30.3622],[72.7825,30.3492],[72.7371,30.3348],[72.7265,30.3178],[72.6629,30.3165],[72.6462,30.306],[72.6326,30.2707],[72.5448,30.2616],[72.5281,30.2302],[72.4827,30.2001],[72.4524,30.2092],[72.4539,30.238],[72.4418,30.2446],[72.3433,30.2446],[72.31,30.2275],[72.2934,30.2001],[72.2283,30.187],[72.2237,30.1713],[72.1934,30.1464],[72.1919,30.1254],[72.1722,30.1005],[72.1026,30.094],[72.0783,30.1189],[72.0435,30.1294],[72.0284,30.1176],[72.0132,30.073],[71.9511,30.0652],[71.9087,30.0193],[71.8224,30.0166],[71.8012,30.0009],[71.7941,29.9684],[71.8236,29.9479],[71.8521,29.9699],[71.9023,29.9661],[71.9092,29.9446],[71.9327,29.9376],[71.9389,29.9038],[71.9606,29.8962],[71.9786,29.8747],[72.009,29.8715],[72.0196,29.8607],[72.022,29.808],[72.0529,29.7695],[72.0752,29.7577],[72.0907,29.7299],[72.1324,29.7046],[72.1537,29.7046],[72.1714,29.676],[72.2404,29.6811],[72.2506,29.7726],[72.2783,29.7943],[72.2866,29.8424],[72.3014,29.8528],[72.307,29.8713],[72.3291,29.8745],[72.3458,29.9001],[72.3938,29.9057],[72.4031,29.9217],[72.4401,29.9249],[72.477,29.9458],[72.4955,29.941],[72.5399,29.9041],[72.6035,29.8966]]]}},{"type":"Feature","properties":{"id":"d-zhob","name":"Zhob","level":2,"centroid":[69.1214,31.3693],"bbox":[67.8858,30.3824,70.0721,32.0094]},"geometry":{"type":"Polygon","coordinates":[[[69.1432,30.5803],[69.2091,30.6017],[69.2403,30.596],[69.2923,30.5463],[69.3822,30.517],[69.4352,30.4607],[69.4929,30.4436],[69.5496,30.3971],[69.6093,30.3824],[69.6197,30.3906],[69.613,30.4118],[69.5799,30.4306],[69.5695,30.4542],[69.5213,30.4738],[69.5156,30.4966],[69.543,30.5382],[69.5657,30.5545],[69.5733,30.666],[69.5913,30.6937],[69.6651,30.7474],[69.718,30.8303],[69.7218,30.8546],[69.7597,30.896],[69.7729,30.9334],[69.7739,31.0121],[69.7521,31.0858],[69.7483,31.1731],[69.7646,31.2022],[69.7868,31.2174],[69.8503,31.2212],[69.8858,31.2363],[69.9405,31.23],[69.973,31.1984],[69.9952,31.1984],[70.0721,31.2604],[70.0704,31.3219],[70.0542,31.3158],[70.033,31.3494],[70.0284,31.4294],[69.977,31.4384],[69.9498,31.4629],[69.9468,31.4849],[69.974,31.5119],[69.977,31.5983],[69.9483,31.6369],[69.9453,31.7089],[69.9498,31.7321],[69.9831,31.7642],[69.9846,31.7938],[69.9075,31.8144],[69.8999,31.9042],[69.844,31.9158],[69.844,31.935],[69.8667,31.962],[69.8697,31.9838],[69.8122,32.0094],[69.7865,32.0043],[69.7729,31.9902],[69.6988,31.9864],[69.6822,31.9748],[69.6731,31.9222],[69.6263,31.8824],[69.5885,31.8811],[69.5779,31.8632],[69.3813,31.8593],[69.3541,31.8799],[69.3405,31.9132],[69.3056,31.9274],[69.2728,31.9155],[69.2184,31.8693],[69.1263,31.7609],[69.0932,31.7388],[69.0743,31.7047],[69.0247,31.6645],[68.9302,31.6202],[68.8026,31.6182],[68.7672,31.6444],[68.6184,31.8152],[68.5428,31.8392],[68.5121,31.8252],[68.4766,31.781],[68.4483,31.767],[68.3349,31.767],[68.2735,31.785],[68.205,31.8413],[68.1813,31.8413],[68.1601,31.8332],[68.1412,31.8051],[68.127,31.7449],[68.0254,31.6564],[67.8858,31.6456],[67.8987,31.6159],[67.9537,31.5475],[68.02,31.5066],[68.0214,31.4657],[67.9467,31.4225],[67.9396,31.4032],[67.9481,31.2647],[67.9678,31.2165],[67.9946,31.1912],[68.0651,31.1779],[68.1102,31.1586],[68.1891,31.1586],[68.3076,31.2262],[68.3513,31.2346],[68.5359,31.2382],[68.6783,31.3021],[68.7262,31.2768],[68.7432,31.2466],[68.7502,31.1671],[68.7699,31.1321],[68.7784,31.0548],[68.8151,31.0403],[68.8404,31.044],[68.8813,31.0959],[68.8926,31.0971],[68.9828,31.0476],[69.042,31.044],[69.0984,31.0645],[69.1224,31.0633],[69.1534,31.056],[69.2239,31.0065],[69.2775,30.9944],[69.3085,30.9449],[69.3338,30.9303],[69.3719,30.9316],[69.4086,30.9557],[69.4198,30.9424],[69.4128,30.9207],[69.3395,30.8602],[69.3169,30.7972],[69.269,30.7379],[69.1238,30.6809],[69.1097,30.6506],[69.1182,30.6251],[69.1393,30.6045],[69.1432,30.5803]]]}},{"type":"Feature","properties":{"id":"d-ziarat","name":"Ziarat","level":2,"centroid":[67.5754,30.3956],"bbox":[67.2463,30.2301,67.8548,30.5661]},"geometry":{"type":"Polygon","coordinates":[[[67.3381,30.2829],[67.3614,30.2967],[67.401,30.3024],[67.4891,30.2644],[67.5618,30.2853],[67.6257,30.2378],[67.6874,30.2301],[67.7028,30.2511],[67.7667,30.2625],[67.8195,30.3005],[67.8195,30.3348],[67.8041,30.3595],[67.8548,30.4393],[67.8482,30.4848],[67.7667,30.5114],[67.7436,30.5661],[67.6859,30.5547],[67.6196,30.5062],[67.566,30.4879],[67.5392,30.5025],[67.5378,30.5353],[67.5012,30.5608],[67.4744,30.562],[67.4476,30.5511],[67.4208,30.5062],[67.3687,30.4843],[67.3447,30.4624],[67.3193,30.4199],[67.2601,30.3944],[67.2463,30.3769],[67.2887,30.3081],[67.3381,30.2829]]]}}]}