{"type":"FeatureCollection","features":[{"type":"Feature","properties":{"id":"albert-eden-local-board-area","name":"Albert-Eden Local Board Area","level":2,"centroid":[174.7466,-36.8784],"bbox":[174.6907,-36.9059,174.8024,-36.8509]},"geometry":{"type":"Polygon","coordinates":[[[174.71112,-36.86096],[174.71011,-36.85967],[174.70835,-36.85997],[174.70895,-36.85891],[174.70793,-36.85833],[174.70849,-36.85631],[174.70764,-36.85542],[174.70593,-36.8554],[174.70706,-36.85507],[174.70693,-36.85314],[174.70568,-36.85161],[174.70322,-36.85092],[174.70346,-36.85239],[174.70281,-36.85378],[174.70121,-36.8564],[174.69991,-36.85722],[174.69914,-36.86259],[174.6972,-36.86546],[174.6975,-36.86615],[174.69627,-36.86896],[174.69675,-36.86983],[174.69806,-36.8702],[174.69897,-36.86994],[174.69868,-36.86947],[174.69979,-36.87055],[174.6989,-36.87128],[174.69072,-36.87167],[174.69071,-36.87214],[174.69794,-36.87204],[174.70331,-36.87373],[174.70492,-36.87331],[174.70503,-36.87392],[174.70455,-36.87336],[174.7024,-36.87405],[174.7023,-36.87352],[174.70047,-36.87386],[174.69913,-36.87274],[174.6974,-36.87257],[174.69527,-36.87373],[174.69548,-36.87548],[174.69408,-36.87857],[174.69579,-36.87939],[174.69611,-36.88006],[174.69558,-36.88069],[174.69628,-36.88139],[174.69498,-36.88265],[174.6956,-36.88408],[174.69425,-36.88603],[174.69962,-36.88705],[174.70042,-36.88613],[174.70215,-36.8861],[174.70191,-36.88753],[174.70345,-36.88768],[174.70381,-36.88699],[174.70473,-36.88753],[174.70447,-36.88911],[174.70565,-36.88917],[174.70577,-36.89119],[174.70531,-36.89201],[174.70328,-36.89291],[174.70305,-36.89506],[174.70207,-36.89549],[174.70271,-36.89606],[174.70423,-36.89558],[174.70478,-36.89654],[174.70615,-36.89506],[174.70737,-36.89641],[174.70694,-36.89739],[174.70894,-36.89729],[174.70809,-36.89908],[174.7116,-36.89841],[174.71136,-36.90041],[174.71445,-36.90003],[174.71572,-36.90152],[174.71659,-36.90158],[174.71692,-36.90002],[174.71944,-36.8976],[174.72609,-36.89637],[174.72747,-36.89711],[174.72919,-36.89485],[174.73347,-36.89699],[174.73469,-36.89961],[174.73784,-36.90192],[174.73867,-36.8993],[174.73825,-36.89919],[174.74007,-36.89501],[174.76331,-36.9],[174.76305,-36.90084],[174.77206,-36.90272],[174.77175,-36.90371],[174.77429,-36.90437],[174.77477,-36.90587],[174.77755,-36.90447],[174.77887,-36.89911],[174.7823,-36.89304],[174.78902,-36.89277],[174.79182,-36.89583],[174.79204,-36.8985],[174.79447,-36.89919],[174.79884,-36.89395],[174.80083,-36.89445],[174.80241,-36.89269],[174.7888,-36.88454],[174.78366,-36.87962],[174.77951,-36.87455],[174.77636,-36.87534],[174.77666,-36.87345],[174.77421,-36.87244],[174.76853,-36.86766],[174.76756,-36.86616],[174.76373,-36.86724],[174.76174,-36.86719],[174.76163,-36.86647],[174.75937,-36.86749],[174.7593,-36.86803],[174.7548,-36.86968],[174.7532,-36.86934],[174.75531,-36.86275],[174.75467,-36.86244],[174.74745,-36.86775],[174.74477,-36.86875],[174.73389,-36.86814],[174.72584,-36.8688],[174.7259,-36.86819],[174.71902,-36.86797],[174.71902,-36.86385],[174.71854,-36.86443],[174.71794,-36.86381],[174.71715,-36.86397],[174.71666,-36.86479],[174.71531,-36.86345],[174.71405,-36.86352],[174.71332,-36.8626],[174.71222,-36.86283],[174.71201,-36.86206],[174.71077,-36.86254],[174.71112,-36.86096]]]}},{"type":"Feature","properties":{"id":"aotea-great-barrier-local-board-area","name":"Aotea/Great Barrier Local Board Area","level":2,"centroid":[175.3002,-36.1986],"bbox":[175.0499,-36.3475,175.5505,-36.0497]},"geometry":{"type":"MultiPolygon","coordinates":[[[[175.33898,-36.16367],[175.33278,-36.1715],[175.30288,-36.167],[175.31244,-36.18126],[175.33099,-36.1901],[175.33688,-36.18559],[175.33279,-36.18017],[175.34258,-36.17795],[175.33898,-36.16367]]],[[[175.0909,-36.16562],[175.07739,-36.17911],[175.05098,-36.18446],[175.04995,-36.22063],[175.07881,-36.23044],[175.10582,-36.2281],[175.1141,-36.18222],[175.10735,-36.17142],[175.0909,-36.16562]]],[[[175.49643,-36.11559],[175.48562,-36.1282],[175.49092,-36.13821],[175.51366,-36.12346],[175.49643,-36.11559]]],[[[175.39738,-36.04971],[175.36924,-36.05606],[175.3672,-36.06622],[175.35136,-36.07037],[175.34391,-36.06624],[175.33934,-36.07335],[175.34787,-36.07684],[175.33867,-36.09472],[175.34942,-36.10851],[175.36443,-36.1177],[175.37651,-36.11655],[175.35963,-36.12225],[175.36727,-36.12752],[175.34966,-36.13078],[175.34425,-36.12505],[175.33017,-36.13484],[175.32048,-36.1257],[175.31092,-36.1293],[175.31484,-36.13636],[175.30991,-36.13987],[175.31663,-36.1478],[175.32619,-36.13827],[175.35362,-36.14956],[175.33929,-36.15857],[175.35149,-36.16877],[175.36212,-36.16159],[175.3631,-36.17236],[175.351,-36.17642],[175.36986,-36.18226],[175.34648,-36.18605],[175.35148,-36.19239],[175.34707,-36.19655],[175.35562,-36.19595],[175.35187,-36.20019],[175.36006,-36.20873],[175.33878,-36.20435],[175.34929,-36.21648],[175.33614,-36.21433],[175.32526,-36.18861],[175.31774,-36.19891],[175.30785,-36.18599],[175.31185,-36.20026],[175.30638,-36.20245],[175.31374,-36.2075],[175.3087,-36.21242],[175.3143,-36.22556],[175.32538,-36.22655],[175.32297,-36.21954],[175.35024,-36.22854],[175.36293,-36.246],[175.37477,-36.24671],[175.38591,-36.25585],[175.39241,-36.25232],[175.38866,-36.24252],[175.39674,-36.23561],[175.40407,-36.25666],[175.39766,-36.26059],[175.40053,-36.26826],[175.40874,-36.26383],[175.41849,-36.26888],[175.42163,-36.26156],[175.43766,-36.25859],[175.44283,-36.26993],[175.43397,-36.27165],[175.4302,-36.28203],[175.43489,-36.28666],[175.4333,-36.30932],[175.4534,-36.30548],[175.45501,-36.31372],[175.4683,-36.30898],[175.47015,-36.30097],[175.48684,-36.30108],[175.4883,-36.31102],[175.49503,-36.31314],[175.49352,-36.32308],[175.47961,-36.31907],[175.4743,-36.33192],[175.52914,-36.34753],[175.53695,-36.33791],[175.53871,-36.31884],[175.55054,-36.31441],[175.54315,-36.29503],[175.50854,-36.26403],[175.50423,-36.26925],[175.49351,-36.26591],[175.48933,-36.26016],[175.49342,-36.25719],[175.47769,-36.24538],[175.47739,-36.2276],[175.48876,-36.21672],[175.47968,-36.21015],[175.48012,-36.20052],[175.48181,-36.20653],[175.48668,-36.18669],[175.49573,-36.18774],[175.49468,-36.1797],[175.50539,-36.174],[175.49621,-36.16737],[175.48252,-36.16908],[175.47605,-36.15785],[175.4715,-36.16253],[175.44706,-36.15334],[175.43511,-36.14075],[175.42414,-36.14878],[175.41838,-36.14148],[175.41056,-36.14678],[175.41316,-36.1333],[175.42985,-36.14295],[175.42357,-36.11827],[175.42838,-36.11156],[175.44035,-36.11168],[175.43064,-36.10449],[175.42451,-36.10682],[175.42236,-36.08593],[175.40691,-36.09227],[175.40759,-36.08256],[175.40213,-36.07965],[175.41012,-36.07143],[175.40353,-36.07008],[175.41289,-36.06161],[175.39738,-36.04971]]]]}},{"type":"Feature","properties":{"id":"a-pa-tiki-district","name":"ÅpÅtiki District","level":2,"centroid":[177.6048,-38.0353],"bbox":[177.102,-38.5341,178.1076,-37.5364]},"geometry":{"type":"Polygon","coordinates":[[[177.20305,-38.52422],[177.22583,-38.5341],[177.24065,-38.51039],[177.25739,-38.50828],[177.23692,-38.42634],[177.46369,-38.33354],[177.4863,-38.29627],[177.48428,-38.27445],[177.49755,-38.26077],[177.48989,-38.26111],[177.49109,-38.25004],[177.48175,-38.23992],[177.49183,-38.23973],[177.50097,-38.21345],[177.53333,-38.21836],[177.53366,-38.2093],[177.56037,-38.20938],[177.55646,-38.2047],[177.57323,-38.19266],[177.60479,-38.18662],[177.6024,-38.17119],[177.65359,-38.15858],[177.65079,-38.14105],[177.66412,-38.11693],[177.70326,-38.1064],[177.68978,-38.09774],[177.69417,-38.09342],[177.68585,-38.08318],[177.67672,-38.0866],[177.69748,-38.06272],[177.67432,-38.02494],[177.68114,-38.01239],[177.7008,-38.02217],[177.72436,-38.02265],[177.73998,-38.04205],[177.84902,-38.11128],[177.86097,-38.11166],[177.97229,-37.84501],[178.07301,-37.76359],[178.03883,-37.73308],[177.99447,-37.76438],[177.99224,-37.75289],[177.97819,-37.74431],[177.97861,-37.73081],[177.9933,-37.71659],[177.9866,-37.69722],[177.99819,-37.68967],[177.99237,-37.69054],[177.98963,-37.64492],[177.97514,-37.63022],[177.97815,-37.61702],[177.98668,-37.60876],[178.03981,-37.59754],[178.10755,-37.59872],[178.08528,-37.54239],[178.03697,-37.54154],[178.00803,-37.55331],[177.98346,-37.53641],[177.98089,-37.55437],[177.99232,-37.57397],[177.96524,-37.59433],[177.95411,-37.61541],[177.91951,-37.62026],[177.90815,-37.61662],[177.90385,-37.60524],[177.86378,-37.65659],[177.83485,-37.6642],[177.81574,-37.65825],[177.78819,-37.68092],[177.74946,-37.6751],[177.72765,-37.68016],[177.70775,-37.72256],[177.67057,-37.73873],[177.68418,-37.76045],[177.6526,-37.7859],[177.65645,-37.79663],[177.6507,-37.80541],[177.62911,-37.81464],[177.62004,-37.80787],[177.61276,-37.81195],[177.61653,-37.82149],[177.60646,-37.8381],[177.58828,-37.83757],[177.58408,-37.86738],[177.55432,-37.88362],[177.54819,-37.90601],[177.53011,-37.92031],[177.48592,-37.93513],[177.49173,-37.94302],[177.48496,-37.95093],[177.4425,-37.95867],[177.43775,-37.96879],[177.38718,-37.98543],[177.2638,-37.99238],[177.15745,-37.98656],[177.1478,-37.9956],[177.16087,-37.99005],[177.16188,-38.007],[177.14598,-38.00474],[177.13808,-38.02106],[177.14384,-38.03405],[177.16025,-38.03977],[177.14938,-38.04416],[177.13514,-38.03559],[177.13467,-38.04213],[177.11914,-38.01782],[177.10199,-38.02479],[177.12074,-38.05819],[177.12961,-38.05902],[177.13251,-38.07598],[177.15232,-38.07438],[177.15317,-38.08156],[177.16263,-38.08258],[177.165,-38.10735],[177.17276,-38.11507],[177.15903,-38.11988],[177.15674,-38.14262],[177.16414,-38.15996],[177.15664,-38.1668],[177.15168,-38.22226],[177.14498,-38.22689],[177.16127,-38.23983],[177.1676,-38.26307],[177.20729,-38.26407],[177.23035,-38.29016],[177.23081,-38.31174],[177.21449,-38.32073],[177.21497,-38.34178],[177.23802,-38.34746],[177.2395,-38.36415],[177.22568,-38.36878],[177.22374,-38.37969],[177.20504,-38.38364],[177.21216,-38.4012],[177.19453,-38.42018],[177.1905,-38.46896],[177.18153,-38.48759],[177.20606,-38.50319],[177.20305,-38.52422]]]}},{"type":"Feature","properties":{"id":"a-ra-kei-local-board-area","name":"ÅrÄkei Local Board Area","level":2,"centroid":[174.8358,-36.8753],"bbox":[174.7795,-36.907,174.892,-36.8436]},"geometry":{"type":"Polygon","coordinates":[[[174.7926,-36.8488],[174.79827,-36.85373],[174.7988,-36.85304],[174.80546,-36.85285],[174.80656,-36.85469],[174.80925,-36.85548],[174.80935,-36.85866],[174.81263,-36.86107],[174.81208,-36.86193],[174.81036,-36.86147],[174.80923,-36.86245],[174.80807,-36.86202],[174.80895,-36.86357],[174.80775,-36.86555],[174.80632,-36.86625],[174.80456,-36.8659],[174.80528,-36.86437],[174.8034,-36.86208],[174.79814,-36.86168],[174.79603,-36.86431],[174.79556,-36.86325],[174.78862,-36.86369],[174.78917,-36.86309],[174.78855,-36.86263],[174.78759,-36.8643],[174.78414,-36.86499],[174.78185,-36.86684],[174.78295,-36.87097],[174.781,-36.87186],[174.78141,-36.87299],[174.77951,-36.87455],[174.7888,-36.88454],[174.80593,-36.89508],[174.81053,-36.9039],[174.81148,-36.90347],[174.81838,-36.90701],[174.81795,-36.90359],[174.82461,-36.89569],[174.82379,-36.89489],[174.82488,-36.89194],[174.82952,-36.88791],[174.83141,-36.88806],[174.8377,-36.89284],[174.83921,-36.89126],[174.84102,-36.89236],[174.84343,-36.8919],[174.84429,-36.89079],[174.84702,-36.88979],[174.84924,-36.88749],[174.85229,-36.88804],[174.85332,-36.88739],[174.85337,-36.88833],[174.85483,-36.8885],[174.85556,-36.88395],[174.85313,-36.8752],[174.85059,-36.8722],[174.8457,-36.87021],[174.84546,-36.86827],[174.84895,-36.86781],[174.85148,-36.86613],[174.85541,-36.86732],[174.85746,-36.86947],[174.86216,-36.87001],[174.8661,-36.86998],[174.86977,-36.86859],[174.87417,-36.86948],[174.87741,-36.86842],[174.88173,-36.87196],[174.88153,-36.87298],[174.8859,-36.87325],[174.88945,-36.8718],[174.89204,-36.87173],[174.88543,-36.86955],[174.87978,-36.86487],[174.88044,-36.86467],[174.88049,-36.86225],[174.8833,-36.86021],[174.88216,-36.85722],[174.88278,-36.85592],[174.88087,-36.85342],[174.88085,-36.85233],[174.87565,-36.84845],[174.87541,-36.8465],[174.86769,-36.84509],[174.86397,-36.84362],[174.86269,-36.84428],[174.86103,-36.84692],[174.86061,-36.849],[174.85548,-36.85073],[174.85079,-36.84982],[174.84773,-36.85072],[174.84566,-36.85045],[174.83622,-36.84701],[174.83435,-36.84805],[174.83323,-36.84783],[174.82453,-36.84431],[174.82425,-36.84361],[174.82355,-36.84506],[174.82192,-36.84557],[174.81694,-36.84539],[174.81826,-36.84945],[174.81442,-36.85184],[174.81081,-36.84969],[174.81067,-36.84898],[174.80809,-36.85177],[174.80008,-36.85306],[174.79706,-36.85205],[174.7926,-36.8488]],[[174.81276,-36.86126],[174.82083,-36.86536],[174.82826,-36.86356],[174.83201,-36.86527],[174.83405,-36.86507],[174.82601,-36.86511],[174.82228,-36.86634],[174.81798,-36.86541],[174.81935,-36.87123],[174.82268,-36.87214],[174.82125,-36.87282],[174.81901,-36.87178],[174.81796,-36.87245],[174.81831,-36.87459],[174.8175,-36.87376],[174.8168,-36.87468],[174.81728,-36.87277],[174.81884,-36.8709],[174.81747,-36.86753],[174.81491,-36.87006],[174.81307,-36.87073],[174.81004,-36.86973],[174.80874,-36.86838],[174.81012,-36.86384],[174.81295,-36.86265],[174.81226,-36.86201],[174.81276,-36.86126]]]}},{"type":"Feature","properties":{"id":"area-outside-territorial-authority","name":"Area Outside Territorial Authority","level":2,"centroid":[174.6571,-36.0024],"bbox":[172.1193,-37.8608,177.1948,-34.144]},"geometry":{"type":"MultiPolygon","coordinates":[[[[176.96675,-37.84634],[176.96139,-37.84831],[176.96181,-37.8501],[176.95938,-37.85298],[176.96071,-37.85627],[176.96578,-37.85567],[176.96785,-37.85886],[176.97349,-37.86082],[176.98057,-37.8579],[176.98519,-37.85947],[176.9871,-37.85735],[176.98498,-37.8551],[176.97882,-37.85542],[176.97583,-37.85247],[176.967,-37.85057],[176.9679,-37.84766],[176.96675,-37.84634]]],[[[176.42,-37.60519],[176.41645,-37.60433],[176.41603,-37.60282],[176.41229,-37.60372],[176.41621,-37.60724],[176.41439,-37.61218],[176.41726,-37.61659],[176.41406,-37.61887],[176.41499,-37.6203],[176.41361,-37.62418],[176.40806,-37.62416],[176.40749,-37.62566],[176.40677,-37.64712],[176.41113,-37.6423],[176.416,-37.64328],[176.42415,-37.64127],[176.42464,-37.63859],[176.42776,-37.63669],[176.42886,-37.6294],[176.43161,-37.6291],[176.43227,-37.62647],[176.43809,-37.62084],[176.43566,-37.61924],[176.43635,-37.61492],[176.43172,-37.61418],[176.42854,-37.61076],[176.42588,-37.61157],[176.42444,-37.60746],[176.42,-37.60519]]],[[[177.18333,-37.51108],[177.17774,-37.51111],[177.16711,-37.5173],[177.17926,-37.52936],[177.18698,-37.53008],[177.19041,-37.52679],[177.19484,-37.52682],[177.19217,-37.52018],[177.19432,-37.5159],[177.18787,-37.51531],[177.18333,-37.51108]]],[[[176.26198,-37.26777],[176.25219,-37.27028],[176.24759,-37.26946],[176.24249,-37.2749],[176.23838,-37.27261],[176.23198,-37.27859],[176.23139,-37.28408],[176.23573,-37.29183],[176.23154,-37.29716],[176.23665,-37.2968],[176.2374,-37.29917],[176.24239,-37.3019],[176.24872,-37.30161],[176.25288,-37.30454],[176.25475,-37.30968],[176.25778,-37.31059],[176.25945,-37.30948],[176.25906,-37.30768],[176.25664,-37.30694],[176.25779,-37.30528],[176.26224,-37.30714],[176.26441,-37.30393],[176.27007,-37.30446],[176.27097,-37.30145],[176.26839,-37.30056],[176.26922,-37.29608],[176.27602,-37.29033],[176.27133,-37.28595],[176.27682,-37.28224],[176.27456,-37.28047],[176.27509,-37.27575],[176.27946,-37.27568],[176.28048,-37.2736],[176.27634,-37.27379],[176.27611,-37.27185],[176.27783,-37.2707],[176.2752,-37.26826],[176.27384,-37.26972],[176.26982,-37.26967],[176.26611,-37.26762],[176.26198,-37.26777]]],[[[172.14636,-34.14404],[172.14387,-34.14482],[172.14283,-34.14873],[172.14182,-34.14805],[172.14139,-34.15193],[172.13093,-34.15325],[172.12967,-34.1521],[172.12702,-34.15368],[172.12405,-34.14985],[172.12284,-34.15111],[172.1193,-34.14922],[172.12189,-34.15373],[172.1214,-34.15631],[172.12879,-34.15883],[172.12857,-34.16202],[172.13122,-34.16624],[172.13473,-34.16516],[172.13771,-34.16674],[172.13574,-34.17075],[172.14427,-34.16872],[172.14388,-34.16744],[172.14781,-34.16581],[172.14363,-34.16358],[172.14783,-34.16074],[172.14571,-34.15984],[172.14304,-34.15332],[172.14728,-34.15177],[172.15302,-34.15264],[172.15354,-34.14967],[172.15606,-34.1493],[172.15518,-34.14629],[172.15713,-34.14577],[172.15655,-34.14462],[172.14636,-34.14404]]]]}},{"type":"Feature","properties":{"id":"ashburton-district","name":"Ashburton District","level":2,"centroid":[171.3968,-43.6425],"bbox":[170.5987,-44.1894,172.1949,-43.0957]},"geometry":{"type":"Polygon","coordinates":[[[170.61558,-43.43152],[170.61433,-43.44348],[170.60333,-43.45056],[170.59873,-43.46571],[170.61363,-43.46492],[170.61425,-43.45461],[170.64225,-43.46428],[170.69162,-43.45218],[170.71731,-43.47871],[170.76322,-43.51234],[170.854,-43.53194],[170.90057,-43.58251],[170.92418,-43.61402],[170.92324,-43.62266],[170.94266,-43.63419],[170.97283,-43.67163],[171.0279,-43.70014],[171.1026,-43.71309],[171.14481,-43.73772],[171.18133,-43.7329],[171.19369,-43.74854],[171.20548,-43.75055],[171.22179,-43.76389],[171.2375,-43.76616],[171.23766,-43.77728],[171.24523,-43.77958],[171.25456,-43.79222],[171.25005,-43.80234],[171.26108,-43.80576],[171.25924,-43.81209],[171.26375,-43.81611],[171.25766,-43.8353],[171.26187,-43.8391],[171.25853,-43.85127],[171.26485,-43.86241],[171.26325,-43.87149],[171.27351,-43.89201],[171.27512,-43.91224],[171.30927,-43.9862],[171.33933,-44.01452],[171.39048,-44.04701],[171.41544,-44.05592],[171.44507,-44.08311],[171.47575,-44.0995],[171.4869,-44.11764],[171.49768,-44.17214],[171.50675,-44.18937],[171.64013,-44.11993],[172.00683,-43.96692],[172.19494,-43.90372],[172.17258,-43.87621],[172.14915,-43.8641],[172.14299,-43.84961],[172.10461,-43.82282],[172.10212,-43.81353],[172.05154,-43.75873],[172.03068,-43.74939],[172.0371,-43.74394],[171.89623,-43.68217],[171.84007,-43.6451],[171.71431,-43.5435],[171.6853,-43.54218],[171.66361,-43.52962],[171.65556,-43.51744],[171.64025,-43.51345],[171.6432,-43.50805],[171.63165,-43.50459],[171.62195,-43.48384],[171.6068,-43.47933],[171.6229,-43.47002],[171.62329,-43.46432],[171.59923,-43.43487],[171.58632,-43.42674],[171.58274,-43.41514],[171.56488,-43.39618],[171.54052,-43.38967],[171.50525,-43.36073],[171.42699,-43.33519],[171.35285,-43.27805],[171.33811,-43.27493],[171.30409,-43.27947],[171.27117,-43.27371],[171.18366,-43.2289],[171.15809,-43.22053],[171.13698,-43.18346],[171.14184,-43.15599],[171.15001,-43.14322],[171.15387,-43.10622],[171.11351,-43.09569],[171.11539,-43.09957],[171.10539,-43.11213],[171.09515,-43.1008],[171.07973,-43.10202],[171.0766,-43.11189],[171.06328,-43.11532],[171.06758,-43.12827],[171.04151,-43.13966],[171.03738,-43.14587],[171.04727,-43.16361],[171.02003,-43.17453],[171.01372,-43.19163],[171.00422,-43.19534],[170.99174,-43.21764],[170.94847,-43.22727],[170.94426,-43.22144],[170.94821,-43.20599],[170.92873,-43.20654],[170.91296,-43.21604],[170.90684,-43.22871],[170.87309,-43.24582],[170.87576,-43.25245],[170.86523,-43.26482],[170.87069,-43.27253],[170.86026,-43.2814],[170.83121,-43.28306],[170.82272,-43.28953],[170.81992,-43.29969],[170.80571,-43.30447],[170.7928,-43.29907],[170.75982,-43.3183],[170.73133,-43.31524],[170.70531,-43.3188],[170.71676,-43.33278],[170.71614,-43.34324],[170.67741,-43.34765],[170.64672,-43.36931],[170.64605,-43.37404],[170.65763,-43.37741],[170.65663,-43.38689],[170.63293,-43.39682],[170.63503,-43.4014],[170.61555,-43.41796],[170.61558,-43.43152]]]}},{"type":"Feature","properties":{"id":"a-tara-papatoetoe-local-board-area","name":"Åtara-Papatoetoe Local Board Area","level":2,"centroid":[174.8568,-36.9875],"bbox":[174.8086,-37.0296,174.905,-36.9453]},"geometry":{"type":"Polygon","coordinates":[[[174.88557,-36.94977],[174.88175,-36.9493],[174.88172,-36.95061],[174.88027,-36.94943],[174.88091,-36.95476],[174.87946,-36.94756],[174.8788,-36.94857],[174.87589,-36.94648],[174.873,-36.94818],[174.86928,-36.94802],[174.86763,-36.94892],[174.86961,-36.95039],[174.86787,-36.95273],[174.86842,-36.94988],[174.86361,-36.94894],[174.86174,-36.94535],[174.86001,-36.94601],[174.8584,-36.94859],[174.85648,-36.94809],[174.85742,-36.94997],[174.85235,-36.95234],[174.8529,-36.9537],[174.85563,-36.95287],[174.85572,-36.95514],[174.85772,-36.95478],[174.85626,-36.95594],[174.85737,-36.95778],[174.85405,-36.95548],[174.85437,-36.95409],[174.84957,-36.95512],[174.85111,-36.9565],[174.84957,-36.96049],[174.84758,-36.96148],[174.84805,-36.96313],[174.84544,-36.96502],[174.84634,-36.9665],[174.84523,-36.9685],[174.84523,-36.96543],[174.8432,-36.96434],[174.84201,-36.96527],[174.84608,-36.96422],[174.84723,-36.95886],[174.84927,-36.95721],[174.84149,-36.95554],[174.83718,-36.96028],[174.83939,-36.96361],[174.8372,-36.96443],[174.83469,-36.96857],[174.8309,-36.96705],[174.82566,-36.96962],[174.83249,-36.97276],[174.82972,-36.9748],[174.82764,-36.97388],[174.82497,-36.97686],[174.82326,-36.97614],[174.83632,-36.98781],[174.83271,-36.98929],[174.83604,-36.99027],[174.83551,-36.99167],[174.83318,-36.99016],[174.82974,-36.9941],[174.82768,-36.99424],[174.83319,-36.99671],[174.82991,-36.99573],[174.83009,-36.99783],[174.82802,-36.99534],[174.82839,-36.99841],[174.82684,-36.99632],[174.82703,-36.99305],[174.82316,-36.9919],[174.8199,-36.99282],[174.81981,-36.9946],[174.82302,-36.99608],[174.81923,-36.99528],[174.82005,-36.9973],[174.81604,-36.99572],[174.81438,-36.99734],[174.81294,-36.99691],[174.81287,-36.99924],[174.81083,-36.99838],[174.80859,-37.00057],[174.8113,-37.00378],[174.81249,-37.00319],[174.81079,-37.00565],[174.81978,-37.00354],[174.81508,-37.00662],[174.81459,-37.00982],[174.81569,-37.01034],[174.81933,-37.0101],[174.82252,-37.00693],[174.82082,-37.00924],[174.82175,-37.00967],[174.82827,-37.008],[174.82387,-37.01024],[174.82393,-37.01132],[174.83853,-37.02301],[174.84106,-37.02723],[174.84444,-37.02959],[174.85266,-37.02888],[174.85373,-37.02722],[174.85244,-37.02685],[174.85352,-37.02616],[174.85285,-37.02396],[174.85104,-37.02517],[174.84998,-37.02168],[174.84744,-37.02319],[174.84634,-37.01981],[174.84148,-37.01997],[174.83714,-37.0153],[174.83933,-37.01434],[174.83971,-37.01135],[174.84421,-37.00902],[174.84327,-37.00874],[174.8453,-37.00579],[174.84518,-37.00276],[174.84696,-37.00225],[174.84842,-36.99779],[174.88999,-36.99631],[174.8878,-36.99207],[174.89624,-36.9901],[174.89639,-36.9858],[174.90103,-36.98447],[174.90214,-36.98076],[174.89775,-36.97816],[174.90496,-36.95416],[174.90259,-36.9533],[174.89956,-36.94847],[174.89227,-36.94873],[174.89176,-36.95061],[174.88557,-36.94977]]]}},{"type":"Feature","properties":{"id":"a-torohanga-district","name":"Åtorohanga District","level":2,"centroid":[175.2386,-38.2286],"bbox":[174.7784,-38.4945,175.6988,-37.9626]},"geometry":{"type":"Polygon","coordinates":[[[174.8706,-37.97825],[174.8649,-37.98648],[174.87295,-37.99767],[174.86057,-37.98951],[174.85167,-38.00244],[174.85509,-38.01596],[174.84765,-38.00926],[174.84416,-38.01621],[174.84857,-38.02471],[174.82293,-38.01935],[174.82853,-38.00865],[174.82072,-38.00628],[174.78951,-38.02722],[174.77843,-38.06786],[174.77988,-38.084],[174.80949,-38.07986],[174.82893,-38.05971],[174.82855,-38.04488],[174.84325,-38.03964],[174.84694,-38.06177],[174.85878,-38.03675],[174.8602,-38.05603],[174.88845,-38.04673],[174.8794,-38.05291],[174.8902,-38.06478],[174.90803,-38.04966],[174.91108,-38.05515],[174.89516,-38.06407],[174.89541,-38.07049],[174.90948,-38.06616],[174.89954,-38.07541],[174.88387,-38.06899],[174.87585,-38.07829],[174.91742,-38.07496],[174.90335,-38.08387],[174.92115,-38.09187],[174.90383,-38.08732],[174.89744,-38.09618],[174.89599,-38.08572],[174.86539,-38.09862],[174.87538,-38.11546],[174.89438,-38.10668],[174.88632,-38.11501],[174.8931,-38.12001],[174.86613,-38.12366],[174.85899,-38.09942],[174.84973,-38.10701],[174.85498,-38.11943],[174.84657,-38.11651],[174.84795,-38.10225],[174.82722,-38.10772],[174.82982,-38.11735],[174.81996,-38.12151],[174.81853,-38.12896],[174.82937,-38.12742],[174.84252,-38.11702],[174.84294,-38.12833],[174.85544,-38.12945],[174.85829,-38.14029],[174.8575,-38.15243],[174.83524,-38.17357],[174.83587,-38.20744],[174.88235,-38.18959],[174.97811,-38.19739],[174.97411,-38.17081],[174.98748,-38.16235],[175.0186,-38.16364],[175.01211,-38.1742],[175.04854,-38.17469],[175.05663,-38.20104],[175.1304,-38.22147],[175.12673,-38.2277],[175.17943,-38.21683],[175.18762,-38.23614],[175.18348,-38.26101],[175.21871,-38.26482],[175.2123,-38.2855],[175.23075,-38.28832],[175.21931,-38.30991],[175.26649,-38.30961],[175.26462,-38.30151],[175.31921,-38.30684],[175.33326,-38.36342],[175.34912,-38.35965],[175.35429,-38.37286],[175.34428,-38.37534],[175.35737,-38.3933],[175.37198,-38.40251],[175.41156,-38.39704],[175.40264,-38.37381],[175.42246,-38.36906],[175.4352,-38.40236],[175.47315,-38.39645],[175.47977,-38.41382],[175.56549,-38.49453],[175.61219,-38.48761],[175.61107,-38.44207],[175.69884,-38.37906],[175.68892,-38.3325],[175.66031,-38.31947],[175.68334,-38.30123],[175.68568,-38.2868],[175.67524,-38.18513],[175.66498,-38.16465],[175.64982,-38.16174],[175.64235,-38.1492],[175.57015,-38.17169],[175.55237,-38.19868],[175.51125,-38.15683],[175.50573,-38.13575],[175.47074,-38.12208],[175.47047,-38.12896],[175.45135,-38.12607],[175.44462,-38.10496],[175.40791,-38.08982],[175.3781,-38.08082],[175.28378,-38.09181],[175.20036,-38.067],[175.19185,-38.05279],[175.20635,-38.03737],[175.20383,-38.01672],[175.21416,-38.00986],[175.20121,-38.00175],[175.16289,-38.00162],[175.15129,-38.02717],[175.13122,-38.02724],[175.13121,-38.01362],[175.10434,-38.00398],[175.12022,-37.99437],[175.10175,-37.97831],[175.04014,-37.98679],[175.04016,-37.97825],[174.97753,-37.97648],[174.95774,-37.96264],[174.92604,-37.9903],[174.89383,-37.97611],[174.8706,-37.97825]]]}},{"type":"Feature","properties":{"id":"buller-district","name":"Buller District","level":2,"centroid":[172.0088,-41.6493],"bbox":[171.3258,-42.524,172.6919,-40.7745]},"geometry":{"type":"Polygon","coordinates":[[[172.2178,-40.77455],[172.13394,-40.85032],[172.09415,-40.91442],[172.11173,-41.02688],[172.09973,-41.10032],[172.10782,-41.27463],[172.09543,-41.2906],[172.0916,-41.27615],[172.06084,-41.38815],[171.98637,-41.44561],[171.85815,-41.62437],[171.71855,-41.7192],[171.67075,-41.73989],[171.58943,-41.72702],[171.60099,-41.74208],[171.59454,-41.76648],[171.59269,-41.74804],[171.5681,-41.74874],[171.58996,-41.74499],[171.58707,-41.72742],[171.5474,-41.75056],[171.46232,-41.74978],[171.45061,-41.77481],[171.45385,-41.88932],[171.4176,-41.91817],[171.39157,-42.02138],[171.36558,-42.03492],[171.36053,-42.07216],[171.32581,-42.11407],[171.36371,-42.13733],[171.39889,-42.18801],[171.41248,-42.1765],[171.41266,-42.22088],[171.43852,-42.23987],[171.44042,-42.206],[171.48872,-42.18133],[171.53916,-42.11612],[171.5452,-42.07229],[171.58561,-42.05627],[171.61394,-42.06976],[171.62576,-42.08312],[171.58077,-42.12183],[171.57768,-42.14162],[171.60239,-42.18324],[171.64342,-42.20346],[171.6583,-42.24387],[171.64934,-42.28292],[171.75912,-42.33],[171.78476,-42.36145],[171.84177,-42.36912],[171.85859,-42.34597],[171.88834,-42.34501],[171.92394,-42.40335],[171.96143,-42.41428],[171.94837,-42.44073],[171.92131,-42.4544],[171.92722,-42.48436],[171.96548,-42.50922],[171.99302,-42.50337],[172.03897,-42.52398],[172.19892,-42.49562],[172.22713,-42.47952],[172.23586,-42.45642],[172.27879,-42.4499],[172.34719,-42.39182],[172.41685,-42.38376],[172.44689,-42.36151],[172.44871,-42.32861],[172.46615,-42.31951],[172.47903,-42.27703],[172.45363,-42.27479],[172.43093,-42.30557],[172.3479,-42.2767],[172.35444,-42.25614],[172.33338,-42.23867],[172.3494,-42.22228],[172.33347,-42.14911],[172.2515,-42.15028],[172.24767,-42.13237],[172.22096,-42.13163],[172.20561,-42.11452],[172.20673,-42.09831],[172.1352,-42.10404],[172.10494,-42.04893],[172.12004,-42.01457],[172.08098,-42.00767],[172.07003,-41.96454],[172.05063,-41.95191],[172.07737,-41.92049],[172.06539,-41.89438],[172.09289,-41.89195],[172.09383,-41.87438],[172.11573,-41.8684],[172.11628,-41.78915],[172.09728,-41.77431],[172.11786,-41.75623],[172.12742,-41.71572],[172.21336,-41.68905],[172.25147,-41.70266],[172.25381,-41.66796],[172.23736,-41.6402],[172.26443,-41.62728],[172.29102,-41.63483],[172.32758,-41.60349],[172.34304,-41.51154],[172.41886,-41.47069],[172.43111,-41.42913],[172.4162,-41.41228],[172.46118,-41.39436],[172.51227,-41.41282],[172.58436,-41.37619],[172.58155,-41.34369],[172.60032,-41.30118],[172.57456,-41.25805],[172.65757,-41.23933],[172.69186,-41.2088],[172.67392,-41.18836],[172.62921,-41.19503],[172.61835,-41.16018],[172.55304,-41.10252],[172.51984,-41.09565],[172.51411,-41.06763],[172.48604,-41.055],[172.49161,-41.02266],[172.43966,-41.02044],[172.41937,-41.03355],[172.38271,-41.02256],[172.3503,-41.06339],[172.32465,-41.05941],[172.33372,-41.03503],[172.31082,-41.01134],[172.38635,-40.94934],[172.37577,-40.9344],[172.29765,-40.92248],[172.30103,-40.91026],[172.28154,-40.89893],[172.28997,-40.87774],[172.26246,-40.85898],[172.23383,-40.86924],[172.24876,-40.80686],[172.2178,-40.77455]]]}},{"type":"Feature","properties":{"id":"carterton-district","name":"Carterton District","level":2,"centroid":[175.6312,-41.0542],"bbox":[175.2702,-41.3623,175.9923,-40.746]},"geometry":{"type":"Polygon","coordinates":[[[175.43507,-40.74605],[175.39946,-40.75536],[175.38019,-40.7805],[175.37696,-40.80912],[175.35664,-40.8148],[175.36107,-40.87293],[175.35081,-40.89597],[175.33772,-40.90017],[175.33321,-40.91451],[175.27018,-40.93868],[175.2799,-40.94954],[175.30394,-40.93409],[175.3419,-40.93639],[175.3774,-40.92106],[175.40401,-40.93272],[175.38458,-40.9528],[175.38193,-40.97379],[175.39334,-40.98781],[175.38774,-40.99583],[175.39401,-41.00461],[175.39074,-41.00798],[175.40193,-41.01996],[175.39334,-41.02904],[175.39356,-41.04164],[175.40058,-41.04136],[175.39897,-41.0562],[175.41366,-41.06367],[175.44098,-41.05967],[175.4809,-41.06431],[175.4938,-41.0583],[175.49906,-41.06938],[175.5084,-41.0721],[175.50294,-41.08495],[175.51303,-41.0966],[175.49034,-41.11769],[175.47676,-41.12029],[175.4883,-41.1321],[175.47649,-41.13539],[175.47551,-41.14256],[175.4899,-41.14979],[175.49301,-41.14522],[175.51751,-41.14702],[175.52996,-41.15518],[175.57762,-41.16076],[175.57623,-41.17006],[175.59167,-41.17696],[175.58182,-41.19819],[175.59474,-41.20551],[175.64689,-41.20889],[175.64655,-41.21364],[175.67678,-41.21788],[175.68827,-41.23103],[175.69599,-41.22826],[175.69606,-41.23671],[175.72093,-41.22936],[175.73018,-41.2031],[175.75124,-41.20356],[175.75585,-41.20895],[175.74667,-41.23493],[175.73911,-41.23339],[175.74399,-41.23802],[175.72689,-41.2541],[175.73462,-41.25901],[175.73791,-41.25084],[175.7495,-41.25478],[175.75563,-41.26089],[175.75036,-41.27544],[175.80176,-41.28562],[175.79556,-41.3024],[175.77351,-41.29796],[175.76691,-41.31668],[175.80978,-41.3252],[175.78475,-41.34319],[175.80145,-41.35145],[175.80117,-41.36234],[175.83132,-41.34659],[175.84164,-41.32987],[175.86287,-41.31701],[175.86604,-41.29101],[175.88276,-41.27416],[175.91454,-41.25649],[175.96314,-41.24462],[175.99225,-41.19631],[175.93858,-41.18527],[175.93506,-41.16447],[175.92408,-41.14999],[175.90182,-41.14533],[175.89834,-41.1556],[175.87823,-41.14085],[175.85972,-41.14374],[175.83804,-41.16],[175.82165,-41.15287],[175.81412,-41.14399],[175.81681,-41.13794],[175.7966,-41.13055],[175.789,-41.11279],[175.77385,-41.1109],[175.77269,-41.10074],[175.75914,-41.09376],[175.76382,-41.08644],[175.73894,-41.0836],[175.7522,-41.06711],[175.75395,-41.0524],[175.77703,-41.04119],[175.7531,-41.01937],[175.75731,-41.00297],[175.7411,-41.00314],[175.73915,-41.01512],[175.7311,-41.01393],[175.72913,-41.01973],[175.68796,-41.02369],[175.69635,-41.03939],[175.67309,-41.0434],[175.66799,-41.06292],[175.65865,-41.05972],[175.65954,-41.06518],[175.65015,-41.07052],[175.64591,-41.06425],[175.63224,-41.06939],[175.62774,-41.05712],[175.65541,-41.04407],[175.66412,-41.00736],[175.56067,-40.92425],[175.54274,-40.89629],[175.51661,-40.88265],[175.49665,-40.88374],[175.49243,-40.86487],[175.47368,-40.84561],[175.49063,-40.80438],[175.49206,-40.77673],[175.45763,-40.76594],[175.43507,-40.74605]]]}},{"type":"Feature","properties":{"id":"central-hawke-s-bay-district","name":"Central Hawke's Bay District","level":2,"centroid":[176.5306,-40.0557],"bbox":[176.0938,-40.4313,176.9673,-39.6801]},"geometry":{"type":"Polygon","coordinates":[[[176.18391,-39.68616],[176.18055,-39.71106],[176.16909,-39.71792],[176.17685,-39.74405],[176.13795,-39.82388],[176.13499,-39.85059],[176.1172,-39.88677],[176.12689,-39.89155],[176.12612,-39.90478],[176.10683,-39.91709],[176.11543,-39.9294],[176.10974,-39.94186],[176.1245,-39.94776],[176.11711,-39.95774],[176.12111,-39.96245],[176.10317,-39.97723],[176.09383,-39.9955],[176.1255,-40.0136],[176.13663,-40.02858],[176.15427,-40.01223],[176.16516,-40.01762],[176.21354,-40.01782],[176.21785,-40.02882],[176.23878,-40.02733],[176.23866,-40.03839],[176.26224,-40.0451],[176.26376,-40.06271],[176.29724,-40.06805],[176.29978,-40.07609],[176.32088,-40.08563],[176.32321,-40.09372],[176.30927,-40.11781],[176.31319,-40.12392],[176.3296,-40.12251],[176.33654,-40.12786],[176.33383,-40.13863],[176.34322,-40.14554],[176.37875,-40.15814],[176.36601,-40.1732],[176.36664,-40.18743],[176.3587,-40.19788],[176.36172,-40.21533],[176.37017,-40.2144],[176.37027,-40.23425],[176.38031,-40.23742],[176.37972,-40.25854],[176.3863,-40.26571],[176.37809,-40.27248],[176.39922,-40.28488],[176.38891,-40.32299],[176.40567,-40.33302],[176.37064,-40.35862],[176.39188,-40.3617],[176.38685,-40.37219],[176.39147,-40.37777],[176.40704,-40.37864],[176.41778,-40.39232],[176.43643,-40.39151],[176.43391,-40.40294],[176.46139,-40.41181],[176.49259,-40.41155],[176.49286,-40.40013],[176.54996,-40.42117],[176.55875,-40.40721],[176.57852,-40.4146],[176.58733,-40.43129],[176.58972,-40.42255],[176.62257,-40.42802],[176.63625,-40.40747],[176.63612,-40.38874],[176.65309,-40.35143],[176.67285,-40.32212],[176.6669,-40.30107],[176.68602,-40.27038],[176.67822,-40.26565],[176.74026,-40.22743],[176.78703,-40.21833],[176.7944,-40.20533],[176.82261,-40.18325],[176.82738,-40.1681],[176.84538,-40.1546],[176.84564,-40.14288],[176.86968,-40.13054],[176.87049,-40.09843],[176.89479,-40.07661],[176.87927,-40.06065],[176.88301,-40.03777],[176.90402,-40.00315],[176.90816,-39.98153],[176.92714,-39.95852],[176.93213,-39.93529],[176.95885,-39.91214],[176.96732,-39.88407],[176.91726,-39.87625],[176.90626,-39.89263],[176.85341,-39.88893],[176.85937,-39.84417],[176.84019,-39.84349],[176.8337,-39.85207],[176.81346,-39.84268],[176.82127,-39.83029],[176.80989,-39.8059],[176.78712,-39.82012],[176.76921,-39.80742],[176.73592,-39.8374],[176.72975,-39.85765],[176.71939,-39.85449],[176.68171,-39.86156],[176.67099,-39.85379],[176.67,-39.83451],[176.65864,-39.82548],[176.64235,-39.8206],[176.63986,-39.82469],[176.60236,-39.81134],[176.57154,-39.79121],[176.49421,-39.76723],[176.4944,-39.76068],[176.48128,-39.75754],[176.4779,-39.74808],[176.49463,-39.71974],[176.47881,-39.70356],[176.45084,-39.69722],[176.44538,-39.68857],[176.40937,-39.68006],[176.38838,-39.68849],[176.37473,-39.70848],[176.35926,-39.71763],[176.36388,-39.72655],[176.34773,-39.77732],[176.32629,-39.76817],[176.31529,-39.75201],[176.2689,-39.74847],[176.18391,-39.68616]]]}},{"type":"Feature","properties":{"id":"central-otago-district","name":"Central Otago District","level":2,"centroid":[169.6041,-45.1309],"bbox":[168.7687,-45.8132,170.4395,-44.4486]},"geometry":{"type":"Polygon","coordinates":[[[169.5425,-44.4486],[169.52074,-44.48419],[169.5276,-44.49752],[169.50057,-44.52178],[169.49097,-44.54943],[169.35793,-44.56139],[169.35362,-44.57953],[169.36994,-44.58582],[169.36386,-44.60531],[169.38129,-44.6334],[169.35947,-44.64914],[169.35145,-44.67698],[169.38014,-44.75846],[169.30713,-44.76291],[169.25924,-44.82943],[169.19049,-44.8725],[169.11871,-44.86783],[169.09315,-44.89679],[169.05911,-44.89847],[169.05772,-44.92084],[169.04269,-44.92667],[169.05029,-44.93592],[169.04403,-44.9663],[169.0706,-45.00158],[169.03939,-45.03504],[169.04465,-45.06064],[168.9935,-45.04982],[168.88703,-45.07185],[168.8508,-45.04984],[168.8247,-45.06064],[168.82081,-45.07017],[168.83473,-45.08664],[168.82577,-45.12725],[168.84133,-45.14102],[168.82383,-45.18082],[168.83821,-45.18614],[168.85075,-45.23768],[168.81253,-45.29433],[168.80862,-45.32651],[168.77272,-45.35614],[168.76865,-45.40267],[168.77874,-45.43665],[168.82522,-45.44606],[168.85399,-45.43207],[168.85882,-45.45201],[168.8869,-45.46282],[168.9068,-45.44949],[168.95957,-45.35912],[169.01279,-45.30347],[169.07291,-45.27108],[169.0902,-45.28609],[169.09929,-45.31995],[169.14821,-45.33877],[169.17074,-45.38048],[169.20926,-45.40238],[169.20114,-45.43251],[169.17213,-45.43995],[169.17311,-45.45251],[169.15352,-45.46897],[169.18443,-45.51173],[169.16737,-45.54997],[169.19799,-45.56863],[169.17412,-45.59058],[169.18324,-45.60745],[169.17752,-45.65673],[169.22211,-45.67256],[169.24033,-45.69511],[169.26951,-45.69052],[169.27891,-45.70258],[169.29015,-45.68815],[169.40298,-45.68658],[169.39506,-45.74286],[169.41789,-45.73701],[169.44762,-45.77467],[169.44741,-45.79031],[169.47726,-45.78736],[169.52447,-45.81316],[169.57644,-45.79864],[169.59504,-45.77526],[169.64282,-45.76932],[169.67303,-45.69341],[169.68305,-45.70733],[169.7394,-45.71982],[169.75723,-45.67945],[169.78087,-45.66801],[169.77802,-45.65584],[169.79567,-45.64224],[169.80169,-45.60344],[169.81883,-45.57592],[169.8137,-45.56084],[169.90609,-45.54216],[169.91379,-45.52322],[169.90645,-45.49712],[170.02953,-45.47647],[170.08619,-45.40891],[170.12817,-45.38023],[170.12005,-45.35251],[170.1563,-45.32759],[170.18648,-45.26502],[170.21648,-45.25732],[170.21665,-45.23466],[170.25448,-45.22897],[170.34993,-45.24142],[170.38311,-45.21249],[170.3642,-45.18702],[170.38276,-45.17371],[170.4121,-45.17548],[170.43947,-45.13367],[170.40389,-45.12263],[170.40836,-45.10226],[170.3978,-45.08093],[170.38554,-45.07787],[170.34944,-45.0217],[170.34734,-44.98963],[170.36983,-44.97232],[170.37338,-44.95239],[170.36564,-44.9401],[170.34906,-44.9431],[170.35016,-44.90776],[170.31935,-44.90305],[170.30168,-44.91951],[170.25199,-44.91883],[170.24207,-44.93072],[170.16449,-44.946],[170.0941,-44.94002],[170.06866,-44.92318],[170.08187,-44.91212],[170.06381,-44.88362],[170.03094,-44.87006],[169.99796,-44.82506],[169.99369,-44.78648],[169.97018,-44.74407],[169.94422,-44.65398],[169.89127,-44.64428],[169.83619,-44.6689],[169.80564,-44.66134],[169.75488,-44.63892],[169.75715,-44.61213],[169.73059,-44.56507],[169.7085,-44.60098],[169.641,-44.59601],[169.64069,-44.56478],[169.6634,-44.53723],[169.64769,-44.5311],[169.63432,-44.50175],[169.64748,-44.48115],[169.64189,-44.46642],[169.57387,-44.46235],[169.5425,-44.4486]]]}},{"type":"Feature","properties":{"id":"christchurch-city","name":"Christchurch City","level":2,"centroid":[172.7455,-43.646],"bbox":[172.3615,-43.9017,173.1294,-43.3903]},"geometry":{"type":"Polygon","coordinates":[[[172.39567,-43.45574],[172.39301,-43.46301],[172.43903,-43.4685],[172.42398,-43.51267],[172.45777,-43.56025],[172.48677,-43.55032],[172.56089,-43.59849],[172.55246,-43.60491],[172.56828,-43.60691],[172.5698,-43.62146],[172.62777,-43.62386],[172.6273,-43.64777],[172.6186,-43.6865],[172.58382,-43.72142],[172.60727,-43.7314],[172.6049,-43.75104],[172.58049,-43.75382],[172.57298,-43.77022],[172.36153,-43.85973],[172.72924,-43.82705],[172.74061,-43.83216],[172.74497,-43.85378],[172.75637,-43.84769],[172.77166,-43.85997],[172.7854,-43.85047],[172.78209,-43.86811],[172.80316,-43.8623],[172.80658,-43.87366],[172.8223,-43.85918],[172.81234,-43.88003],[172.8403,-43.87508],[172.82663,-43.88847],[172.8477,-43.88965],[172.85714,-43.87649],[172.86826,-43.89446],[172.90821,-43.89016],[172.93036,-43.90167],[172.94927,-43.89541],[172.91248,-43.86266],[172.9032,-43.82267],[172.92516,-43.79607],[172.90734,-43.78016],[172.91034,-43.76222],[172.92231,-43.75925],[172.92781,-43.77663],[172.9327,-43.75048],[172.9426,-43.76361],[172.96291,-43.76481],[172.94868,-43.77447],[172.96633,-43.78399],[172.94246,-43.78767],[172.94898,-43.80021],[172.9679,-43.80046],[172.94514,-43.81951],[172.93898,-43.85368],[172.96727,-43.87333],[172.96893,-43.888],[172.98856,-43.8866],[172.99316,-43.87159],[172.99584,-43.88716],[173.01637,-43.88109],[173.00422,-43.86838],[173.03736,-43.87274],[173.04035,-43.85479],[173.06278,-43.85047],[173.05729,-43.83759],[173.0784,-43.85302],[173.08522,-43.8325],[173.1026,-43.8333],[173.09401,-43.82221],[173.10658,-43.81612],[173.09611,-43.80758],[173.11319,-43.79901],[173.10846,-43.77465],[173.12728,-43.77645],[173.12938,-43.74595],[173.12411,-43.7367],[173.09818,-43.74547],[173.09497,-43.73288],[173.11832,-43.72712],[173.0988,-43.71998],[173.10734,-43.7004],[173.08684,-43.68294],[173.07628,-43.69924],[173.05665,-43.69144],[173.0731,-43.67528],[173.03475,-43.66234],[173.04722,-43.65139],[173.02373,-43.65169],[172.99335,-43.67562],[173.00758,-43.65398],[172.99008,-43.65975],[172.99919,-43.64485],[172.97813,-43.63324],[172.96082,-43.64834],[172.9605,-43.63411],[172.94691,-43.63876],[172.93201,-43.6229],[172.89491,-43.68898],[172.88484,-43.67176],[172.91142,-43.62401],[172.9036,-43.63253],[172.89285,-43.61355],[172.88085,-43.62464],[172.87247,-43.62006],[172.87929,-43.60898],[172.85327,-43.60369],[172.83422,-43.63628],[172.83624,-43.65163],[172.81386,-43.66215],[172.82502,-43.60409],[172.81553,-43.61731],[172.75468,-43.62119],[172.7496,-43.63863],[172.74347,-43.62208],[172.71986,-43.62422],[172.69905,-43.65607],[172.68179,-43.63653],[172.67436,-43.66437],[172.66093,-43.6678],[172.66834,-43.63091],[172.64997,-43.64063],[172.654,-43.61991],[172.69079,-43.60563],[172.7336,-43.61048],[172.75136,-43.59749],[172.80811,-43.58721],[172.77812,-43.58469],[172.77585,-43.56901],[172.74422,-43.56615],[172.73756,-43.55601],[172.70277,-43.55454],[172.72427,-43.52512],[172.74171,-43.53967],[172.7458,-43.56055],[172.75401,-43.55617],[172.72241,-43.47956],[172.71128,-43.39138],[172.70652,-43.42874],[172.70427,-43.39354],[172.68331,-43.39027],[172.6098,-43.42899],[172.39567,-43.45574]]]}},{"type":"Feature","properties":{"id":"clutha-district","name":"Clutha District","level":2,"centroid":[169.5984,-46.0387],"bbox":[168.9934,-46.6373,170.2035,-45.4401]},"geometry":{"type":"Polygon","coordinates":[[[169.17216,-45.44007],[169.14725,-45.4505],[169.13024,-45.52455],[169.05866,-45.64115],[169.02469,-45.65964],[168.99337,-45.72854],[169.00347,-45.79577],[169.02895,-45.80893],[169.0052,-45.86349],[169.05039,-45.86396],[169.05662,-45.85011],[169.08046,-45.85816],[169.07447,-45.87107],[169.09907,-45.88436],[169.07341,-45.92475],[169.09972,-45.94804],[169.06725,-45.98043],[169.07272,-46.00162],[169.12636,-46.00179],[169.07969,-46.00266],[169.08176,-46.01439],[169.1036,-46.03681],[169.15333,-46.04874],[169.158,-46.06222],[169.13557,-46.08539],[169.16329,-46.09579],[169.16317,-46.11711],[169.13762,-46.12733],[169.12978,-46.14777],[169.16097,-46.15216],[169.16696,-46.19187],[169.19829,-46.20044],[169.18631,-46.22326],[169.1962,-46.23761],[169.18901,-46.27992],[169.17685,-46.28568],[169.19692,-46.30431],[169.17742,-46.32187],[169.19071,-46.32636],[169.14238,-46.35348],[169.13414,-46.37544],[169.19587,-46.40415],[169.19681,-46.4388],[169.16184,-46.46784],[169.17769,-46.48985],[169.25068,-46.51462],[169.22556,-46.54984],[169.19052,-46.55692],[169.26489,-46.58585],[169.27411,-46.61134],[169.26537,-46.61567],[169.35995,-46.63735],[169.35603,-46.61994],[169.37929,-46.60704],[169.43807,-46.61278],[169.44734,-46.60583],[169.43308,-46.59161],[169.46769,-46.58072],[169.47678,-46.56106],[169.56193,-46.56108],[169.58357,-46.57864],[169.61702,-46.54023],[169.69786,-46.52034],[169.69277,-46.50998],[169.7229,-46.49025],[169.70533,-46.47354],[169.68312,-46.48489],[169.66347,-46.47131],[169.62946,-46.49025],[169.61511,-46.47981],[169.6542,-46.46679],[169.75342,-46.48321],[169.75847,-46.46601],[169.78169,-46.46514],[169.78114,-46.45255],[169.81907,-46.44976],[169.79417,-46.43468],[169.79994,-46.41222],[169.78034,-46.39764],[169.79809,-46.3547],[169.97287,-46.27195],[170.00961,-46.23805],[170.12661,-46.18377],[170.17848,-46.14506],[170.20033,-46.09188],[170.19225,-46.05278],[170.20346,-46.05186],[170.15953,-45.99629],[170.10735,-45.98586],[170.12733,-45.96025],[170.09999,-45.95134],[170.09472,-45.93172],[170.02063,-45.92384],[170.02178,-45.85454],[170.0503,-45.8546],[170.05067,-45.77882],[170.01079,-45.77071],[169.99401,-45.75102],[169.97596,-45.75571],[169.9459,-45.72068],[169.91931,-45.71438],[169.89077,-45.75811],[169.85675,-45.75326],[169.79679,-45.77811],[169.75864,-45.76106],[169.76035,-45.74121],[169.7394,-45.71982],[169.68305,-45.70733],[169.67542,-45.69274],[169.64656,-45.76586],[169.59504,-45.77526],[169.57339,-45.80011],[169.52447,-45.81316],[169.47726,-45.78736],[169.44741,-45.79031],[169.42483,-45.74339],[169.39448,-45.74168],[169.40298,-45.68658],[169.29015,-45.68815],[169.27891,-45.70258],[169.26951,-45.69052],[169.24033,-45.69511],[169.22211,-45.67256],[169.17752,-45.65673],[169.17412,-45.59058],[169.19799,-45.56863],[169.1673,-45.5497],[169.18443,-45.51173],[169.15352,-45.46897],[169.17216,-45.44007]]]}},{"type":"Feature","properties":{"id":"devonport-takapuna-local-board-area","name":"Devonport-Takapuna Local Board Area","level":2,"centroid":[174.7712,-36.7894],"bbox":[174.7287,-36.834,174.8138,-36.7448]},"geometry":{"type":"Polygon","coordinates":[[[174.73928,-36.74481],[174.73743,-36.74569],[174.73743,-36.74887],[174.73484,-36.74937],[174.73159,-36.75144],[174.73217,-36.75208],[174.72873,-36.75355],[174.73791,-36.76202],[174.74372,-36.7736],[174.75472,-36.79124],[174.76132,-36.79936],[174.76305,-36.79911],[174.76152,-36.79861],[174.76695,-36.79524],[174.76568,-36.7944],[174.76642,-36.79033],[174.7687,-36.79097],[174.76733,-36.79257],[174.77057,-36.79335],[174.76923,-36.79443],[174.77069,-36.79483],[174.76792,-36.79568],[174.76778,-36.79703],[174.76934,-36.79714],[174.77049,-36.79584],[174.77307,-36.79732],[174.77102,-36.79706],[174.76985,-36.79834],[174.77031,-36.7999],[174.76869,-36.8],[174.76925,-36.8015],[174.77077,-36.80211],[174.77111,-36.80379],[174.77516,-36.80686],[174.78186,-36.80177],[174.77857,-36.80778],[174.78102,-36.80833],[174.78471,-36.80675],[174.78261,-36.80918],[174.77924,-36.80974],[174.77908,-36.81178],[174.77006,-36.81362],[174.76806,-36.81533],[174.76827,-36.81795],[174.76676,-36.81861],[174.76592,-36.82159],[174.76766,-36.82115],[174.76778,-36.81959],[174.77219,-36.81731],[174.78881,-36.81334],[174.78356,-36.81838],[174.78999,-36.81845],[174.7941,-36.81695],[174.79459,-36.8179],[174.79184,-36.81988],[174.79398,-36.82166],[174.7917,-36.82251],[174.79083,-36.82397],[174.78687,-36.82214],[174.78753,-36.82323],[174.7849,-36.82377],[174.78574,-36.82264],[174.78426,-36.82146],[174.78014,-36.82368],[174.78023,-36.82549],[174.77669,-36.82452],[174.7745,-36.82517],[174.77396,-36.8271],[174.7721,-36.82785],[174.7729,-36.82937],[174.77729,-36.8283],[174.7785,-36.82675],[174.78071,-36.8267],[174.78169,-36.82713],[174.78102,-36.82839],[174.78253,-36.82813],[174.7848,-36.82993],[174.7829,-36.8302],[174.78618,-36.83133],[174.78584,-36.83197],[174.78307,-36.83161],[174.78606,-36.83215],[174.78703,-36.8309],[174.78799,-36.83206],[174.78739,-36.83071],[174.79078,-36.83068],[174.79607,-36.83289],[174.79502,-36.83399],[174.79901,-36.83175],[174.80352,-36.83149],[174.80708,-36.82841],[174.80892,-36.82852],[174.80985,-36.83052],[174.80971,-36.8298],[174.8126,-36.8296],[174.81376,-36.82831],[174.81339,-36.82588],[174.81093,-36.82519],[174.80607,-36.81976],[174.8079,-36.81624],[174.80742,-36.81494],[174.80033,-36.81193],[174.79254,-36.80057],[174.78653,-36.79751],[174.78323,-36.794],[174.78138,-36.79379],[174.77528,-36.78787],[174.77502,-36.7851],[174.77674,-36.78461],[174.77684,-36.78105],[174.77797,-36.77926],[174.77645,-36.77825],[174.77598,-36.77351],[174.77059,-36.7692],[174.76646,-36.76436],[174.76771,-36.76357],[174.76829,-36.75987],[174.77021,-36.75998],[174.76922,-36.7581],[174.76417,-36.75276],[174.76273,-36.75258],[174.76006,-36.75371],[174.75469,-36.75829],[174.75106,-36.75645],[174.75137,-36.75385],[174.74734,-36.75101],[174.74569,-36.74749],[174.74114,-36.74705],[174.73928,-36.74481]]]}},{"type":"Feature","properties":{"id":"dunedin-city","name":"Dunedin City","level":2,"centroid":[170.2437,-45.6405],"bbox":[169.7366,-46.0521,170.7509,-45.229]},"geometry":{"type":"Polygon","coordinates":[[[170.31373,-45.24248],[170.25448,-45.22897],[170.21665,-45.23466],[170.21648,-45.25732],[170.18648,-45.26502],[170.1563,-45.32759],[170.12005,-45.35251],[170.12817,-45.38023],[170.08619,-45.40891],[170.02953,-45.47647],[169.90645,-45.49712],[169.91379,-45.52322],[169.90609,-45.54216],[169.8137,-45.56084],[169.81883,-45.57592],[169.80169,-45.60344],[169.79567,-45.64224],[169.73659,-45.71228],[169.74404,-45.73338],[169.76035,-45.74121],[169.75864,-45.76106],[169.79679,-45.77811],[169.85675,-45.75326],[169.89077,-45.75811],[169.91931,-45.71438],[169.9459,-45.72068],[169.97596,-45.75571],[169.99401,-45.75102],[170.01079,-45.77071],[170.05067,-45.77882],[170.0503,-45.8546],[170.02178,-45.85454],[170.02082,-45.92426],[170.09472,-45.93172],[170.09999,-45.95134],[170.12733,-45.96025],[170.12232,-45.97526],[170.10333,-45.97777],[170.10735,-45.98586],[170.15953,-45.99629],[170.20366,-46.05206],[170.28961,-45.96803],[170.34201,-45.94274],[170.60734,-45.89741],[170.66307,-45.90382],[170.68724,-45.892],[170.65793,-45.86483],[170.6606,-45.85101],[170.68661,-45.86192],[170.67387,-45.8721],[170.68117,-45.88149],[170.72968,-45.88196],[170.75069,-45.86783],[170.74147,-45.86149],[170.74853,-45.84587],[170.6909,-45.85457],[170.68022,-45.84621],[170.69557,-45.83805],[170.73233,-45.84505],[170.73378,-45.82308],[170.7509,-45.80457],[170.74107,-45.79632],[170.7477,-45.78719],[170.72831,-45.77219],[170.72104,-45.79823],[170.66917,-45.8145],[170.67192,-45.83309],[170.65751,-45.83761],[170.64216,-45.82439],[170.6511,-45.83927],[170.60249,-45.84557],[170.59712,-45.86943],[170.57473,-45.87898],[170.53176,-45.88009],[170.51837,-45.89358],[170.50613,-45.88042],[170.56691,-45.86257],[170.60545,-45.82083],[170.61838,-45.82751],[170.62915,-45.81936],[170.62865,-45.79642],[170.71799,-45.78673],[170.69216,-45.75541],[170.66129,-45.7602],[170.63854,-45.73849],[170.62698,-45.74171],[170.6261,-45.76332],[170.61781,-45.74952],[170.62967,-45.74866],[170.61813,-45.7343],[170.59816,-45.73297],[170.5805,-45.74683],[170.56805,-45.7405],[170.57774,-45.71513],[170.59127,-45.71334],[170.60211,-45.72811],[170.61005,-45.69649],[170.6528,-45.67101],[170.65434,-45.65076],[170.67427,-45.64024],[170.65942,-45.64165],[170.64617,-45.62155],[170.66315,-45.63987],[170.66402,-45.62392],[170.68237,-45.61226],[170.67087,-45.60768],[170.67406,-45.59835],[170.69462,-45.61929],[170.72524,-45.59595],[170.72714,-45.54894],[170.70869,-45.55109],[170.7156,-45.55948],[170.63679,-45.55978],[170.61154,-45.57581],[170.5618,-45.55395],[170.55291,-45.50937],[170.48159,-45.50924],[170.47644,-45.53297],[170.41934,-45.51873],[170.37748,-45.55453],[170.34172,-45.54581],[170.3593,-45.52124],[170.31002,-45.49786],[170.20939,-45.50672],[170.20922,-45.4819],[170.25723,-45.46209],[170.26568,-45.44412],[170.28487,-45.44428],[170.28431,-45.34959],[170.32487,-45.3625],[170.32506,-45.32408],[170.39489,-45.32791],[170.42087,-45.30795],[170.42344,-45.29544],[170.39414,-45.26857],[170.31355,-45.26842],[170.31373,-45.24248]]]}},{"type":"Feature","properties":{"id":"far-north-district","name":"Far North District","level":2,"centroid":[173.4864,-35.0357],"bbox":[172.6435,-35.6741,174.3293,-34.3973]},"geometry":{"type":"Polygon","coordinates":[[[174.3101,-35.30189],[174.28991,-35.2739],[174.32571,-35.24824],[174.29093,-35.2323],[174.32933,-35.17215],[174.25189,-35.2219],[174.2636,-35.26092],[174.18831,-35.24833],[174.21299,-35.28155],[174.11958,-35.24152],[174.14876,-35.28849],[174.11474,-35.28299],[174.12168,-35.30834],[174.20734,-35.29557],[174.23322,-35.32546],[174.15811,-35.3127],[174.1806,-35.33127],[174.136,-35.34145],[174.13369,-35.31484],[174.10725,-35.34491],[174.1431,-35.36744],[174.10408,-35.36216],[174.12164,-35.3123],[174.0507,-35.27812],[174.08341,-35.27171],[174.07097,-35.21084],[173.96263,-35.21732],[174.05039,-35.19325],[174.00376,-35.15719],[173.97736,-35.17541],[174.00415,-35.13765],[174.0387,-35.16801],[174.06954,-35.14631],[174.04489,-35.15562],[174.06706,-35.19419],[174.12615,-35.15634],[174.07459,-35.11492],[173.96328,-35.11886],[173.91994,-35.02681],[173.85969,-35.01927],[173.8618,-34.98982],[173.75525,-35.01101],[173.78308,-35.0383],[173.74792,-35.03778],[173.73814,-35.08596],[173.70036,-35.05495],[173.75721,-35.00009],[173.71202,-34.99434],[173.69981,-34.95167],[173.64625,-34.9668],[173.55923,-34.9136],[173.52628,-34.95082],[173.56085,-35.01306],[173.52608,-34.98043],[173.42546,-34.98206],[173.37302,-34.88156],[173.4701,-34.84942],[173.41188,-34.83323],[173.40011,-34.7831],[173.3825,-34.84029],[173.28609,-34.86214],[173.33917,-34.95352],[173.31614,-35.01019],[173.2506,-34.99282],[173.23062,-35.0191],[173.21374,-34.93362],[173.28116,-34.8924],[173.1319,-34.83183],[173.07775,-34.75887],[173.15598,-34.82302],[173.17458,-34.80253],[173.03509,-34.67075],[172.98514,-34.52799],[172.95722,-34.53314],[172.98876,-34.57223],[172.97651,-34.62062],[172.94073,-34.58461],[172.96349,-34.55795],[172.90809,-34.57927],[172.94627,-34.52737],[172.85046,-34.53907],[172.89522,-34.53117],[172.86071,-34.50926],[172.92395,-34.51627],[172.90064,-34.46539],[172.94604,-34.47468],[172.92218,-34.50197],[173.00033,-34.51494],[173.0305,-34.39727],[172.96429,-34.42646],[172.8574,-34.41404],[172.79519,-34.45407],[172.6796,-34.42025],[172.64345,-34.47423],[172.8498,-34.62826],[173.11262,-34.93659],[173.17292,-35.12045],[173.13671,-35.17603],[173.07103,-35.16435],[173.05405,-35.19188],[173.16359,-35.29344],[173.20999,-35.26063],[173.20079,-35.29612],[173.15638,-35.30061],[173.21419,-35.37828],[173.2479,-35.32826],[173.22309,-35.31716],[173.28144,-35.27684],[173.23169,-35.33893],[173.2753,-35.33808],[173.21937,-35.38226],[173.35382,-35.52088],[173.40829,-35.43021],[173.38171,-35.3893],[173.4811,-35.40011],[173.4319,-35.35795],[173.5397,-35.37486],[173.53502,-35.24345],[173.54917,-35.33839],[173.56355,-35.30054],[173.58865,-35.34547],[173.6421,-35.30632],[173.52476,-35.4055],[173.6193,-35.43697],[173.54762,-35.41041],[173.52874,-35.43871],[173.50529,-35.39147],[173.52523,-35.44975],[173.49928,-35.45728],[173.4812,-35.40749],[173.43815,-35.41321],[173.46477,-35.45412],[173.42309,-35.41985],[173.40165,-35.47243],[173.4282,-35.48598],[173.36396,-35.54061],[173.48156,-35.67408],[173.5065,-35.63544],[173.59782,-35.6535],[173.59865,-35.60357],[173.77323,-35.59493],[173.84555,-35.62425],[174.14143,-35.56165],[174.26594,-35.43731],[174.28763,-35.36142],[174.25428,-35.30458],[174.3101,-35.30189]]]}},{"type":"Feature","properties":{"id":"franklin-local-board-area","name":"Franklin Local Board Area","level":2,"centroid":[174.9136,-37.0834],"bbox":[174.5359,-37.2924,175.2913,-36.8743]},"geometry":{"type":"Polygon","coordinates":[[[175.2913,-37.02404],[175.28333,-36.98851],[175.25353,-36.97213],[175.24918,-36.95778],[175.19214,-36.93034],[175.15887,-36.95103],[175.1409,-36.92735],[175.11214,-36.94967],[175.09528,-36.94018],[175.07982,-36.95849],[175.07813,-36.93804],[175.08656,-36.9369],[175.07713,-36.91482],[175.09878,-36.90025],[175.06963,-36.90434],[175.03812,-36.87433],[175.02227,-36.88371],[174.98357,-36.88137],[174.99779,-36.92401],[174.99065,-36.91008],[174.96329,-36.91356],[174.97527,-36.93522],[174.96972,-36.94885],[174.95941,-36.91375],[174.93934,-36.9183],[174.93284,-36.931],[174.94914,-36.97748],[174.96843,-36.98295],[174.95205,-36.98562],[174.95347,-36.99986],[174.92429,-36.99896],[174.9564,-37.05082],[174.98674,-37.05017],[174.98953,-37.06886],[174.95752,-37.07841],[174.94656,-37.10926],[174.93961,-37.09516],[174.91966,-37.09147],[174.9208,-37.10976],[174.9172,-37.09433],[174.89948,-37.11616],[174.91239,-37.09772],[174.9095,-37.08639],[174.897,-37.08563],[174.8975,-37.06159],[174.86729,-37.08624],[174.86999,-37.11195],[174.86085,-37.08899],[174.87599,-37.07339],[174.85228,-37.05631],[174.79686,-37.09619],[174.793,-37.1376],[174.78001,-37.13745],[174.7877,-37.10788],[174.77612,-37.10492],[174.78873,-37.10477],[174.79246,-37.09236],[174.77545,-37.08874],[174.73944,-37.1264],[174.69063,-37.13665],[174.70832,-37.15221],[174.74242,-37.14671],[174.74462,-37.16585],[174.76788,-37.15701],[174.79217,-37.16324],[174.79409,-37.17449],[174.78692,-37.16335],[174.77553,-37.17284],[174.77496,-37.16293],[174.76858,-37.17292],[174.74578,-37.17016],[174.74674,-37.18817],[174.74153,-37.16177],[174.72524,-37.16235],[174.72422,-37.15222],[174.70371,-37.15732],[174.72873,-37.18958],[174.71348,-37.19692],[174.71908,-37.21385],[174.73747,-37.22194],[174.74544,-37.24129],[174.72992,-37.23545],[174.732,-37.25125],[174.72751,-37.2328],[174.71821,-37.24467],[174.71864,-37.22758],[174.70454,-37.2335],[174.71901,-37.21615],[174.70114,-37.2174],[174.70618,-37.20815],[174.69338,-37.21632],[174.70364,-37.19569],[174.68721,-37.20313],[174.70255,-37.18558],[174.68252,-37.18804],[174.69662,-37.16996],[174.6801,-37.17458],[174.69914,-37.15134],[174.66647,-37.16316],[174.68953,-37.14686],[174.65431,-37.14481],[174.66242,-37.13728],[174.65156,-37.13461],[174.66996,-37.13476],[174.66742,-37.11843],[174.64269,-37.12053],[174.66888,-37.10604],[174.65318,-37.10524],[174.65954,-37.09965],[174.64835,-37.08527],[174.63554,-37.087],[174.65822,-37.08174],[174.64251,-37.07762],[174.66468,-37.06822],[174.65657,-37.06684],[174.66647,-37.05969],[174.65829,-37.04374],[174.62844,-37.0361],[174.60666,-37.04898],[174.56379,-37.04269],[174.53589,-37.06088],[174.65963,-37.29243],[174.65819,-37.28204],[174.68929,-37.26615],[174.72253,-37.25813],[174.73888,-37.26794],[174.80632,-37.22684],[174.84812,-37.2342],[174.85036,-37.25117],[174.88679,-37.23063],[174.93076,-37.23311],[174.92994,-37.20623],[174.94799,-37.19574],[174.97322,-37.19476],[174.99026,-37.21659],[175.05447,-37.18079],[175.07381,-37.19475],[175.08622,-37.19252],[175.08127,-37.18164],[175.08956,-37.17951],[175.13074,-37.18637],[175.1539,-37.13611],[175.14082,-37.09873],[175.15561,-37.04704],[175.15209,-37.02156],[175.16388,-37.01608],[175.18476,-37.04076],[175.2913,-37.02404]]]}},{"type":"Feature","properties":{"id":"gisborne-district","name":"Gisborne District","level":2,"centroid":[177.836,-38.2533],"bbox":[177.1222,-38.9722,178.5497,-37.5344]},"geometry":{"type":"Polygon","coordinates":[[[177.12217,-38.58392],[177.30756,-38.6597],[177.30899,-38.5969],[177.35343,-38.62456],[177.39243,-38.62206],[177.44768,-38.63582],[177.40875,-38.69938],[177.4293,-38.69218],[177.43967,-38.7041],[177.46623,-38.70561],[177.47588,-38.73176],[177.46989,-38.75544],[177.48353,-38.75506],[177.49421,-38.77797],[177.51443,-38.77445],[177.53127,-38.79155],[177.53894,-38.81264],[177.53065,-38.81971],[177.56096,-38.80161],[177.59313,-38.80314],[177.59978,-38.8519],[177.62607,-38.84338],[177.63756,-38.87113],[177.66238,-38.84582],[177.66016,-38.9047],[177.72174,-38.89828],[177.7289,-38.9188],[177.74923,-38.89667],[177.77612,-38.91281],[177.79903,-38.89439],[177.80474,-38.91182],[177.84453,-38.9215],[177.83692,-38.95597],[177.89878,-38.97217],[177.91039,-38.91311],[177.90296,-38.88786],[177.92046,-38.86688],[177.91178,-38.82793],[177.92312,-38.82171],[177.9292,-38.78706],[177.9511,-38.76357],[177.97229,-38.75787],[177.93517,-38.75046],[177.9354,-38.71997],[177.95175,-38.69768],[177.98186,-38.67709],[178.01476,-38.6709],[178.04856,-38.70385],[178.06965,-38.7079],[178.08024,-38.67813],[178.12444,-38.65074],[178.14719,-38.65204],[178.15883,-38.629],[178.19916,-38.60518],[178.20309,-38.58739],[178.29187,-38.52932],[178.27986,-38.47496],[178.31181,-38.43393],[178.34684,-38.41583],[178.33655,-38.40514],[178.34025,-38.37871],[178.3175,-38.38252],[178.30563,-38.36265],[178.32972,-38.35241],[178.3256,-38.30544],[178.3594,-38.28897],[178.33471,-38.2832],[178.33283,-38.25955],[178.30954,-38.23306],[178.33518,-38.21979],[178.33843,-38.19164],[178.36761,-38.17593],[178.34801,-38.17099],[178.31776,-38.13933],[178.32196,-38.12219],[178.35935,-38.10986],[178.37396,-38.09351],[178.37272,-38.07208],[178.36158,-38.06859],[178.37158,-38.04992],[178.33684,-38.03715],[178.33716,-38.00933],[178.39142,-37.96118],[178.3993,-37.94089],[178.38698,-37.91917],[178.41267,-37.85907],[178.4517,-37.83321],[178.45005,-37.8134],[178.5239,-37.7336],[178.54974,-37.68736],[178.48057,-37.64004],[178.37162,-37.63304],[178.34083,-37.62173],[178.31633,-37.60194],[178.32517,-37.59097],[178.30139,-37.59624],[178.29407,-37.58437],[178.29372,-37.57008],[178.3169,-37.56617],[178.31467,-37.55619],[178.2165,-37.54687],[178.2095,-37.53517],[178.17132,-37.53445],[178.16394,-37.55254],[178.08528,-37.54239],[178.10755,-37.59872],[178.03981,-37.59754],[177.97815,-37.61702],[177.99819,-37.68967],[177.9866,-37.69722],[177.9933,-37.71659],[177.97819,-37.74431],[177.99447,-37.76438],[178.03883,-37.73308],[178.07301,-37.76359],[177.97229,-37.84501],[177.86097,-38.11166],[177.73998,-38.04205],[177.72436,-38.02265],[177.68114,-38.01239],[177.67432,-38.02494],[177.69748,-38.06272],[177.67672,-38.0866],[177.68585,-38.08318],[177.70326,-38.1064],[177.66412,-38.11693],[177.65359,-38.15858],[177.6024,-38.17119],[177.60479,-38.18662],[177.57323,-38.19266],[177.56037,-38.20938],[177.53366,-38.2093],[177.53211,-38.21851],[177.50097,-38.21345],[177.49183,-38.23973],[177.48175,-38.23992],[177.49755,-38.26077],[177.46369,-38.33354],[177.23692,-38.42634],[177.25487,-38.51275],[177.24089,-38.51021],[177.22583,-38.5341],[177.20255,-38.52432],[177.1668,-38.57793],[177.12217,-38.58392]]]}},{"type":"Feature","properties":{"id":"gore-district","name":"Gore District","level":2,"centroid":[168.9498,-46.0451],"bbox":[168.7014,-46.2989,169.1983,-45.7913]},"geometry":{"type":"Polygon","coordinates":[[[169.00347,-45.79577],[168.99312,-45.79134],[168.97012,-45.79621],[168.96262,-45.80998],[168.93952,-45.83557],[168.84447,-45.83434],[168.81905,-45.87701],[168.82357,-45.8953],[168.84211,-45.90686],[168.81451,-45.90653],[168.80248,-45.93143],[168.8047,-45.93577],[168.81409,-45.93791],[168.81794,-45.94936],[168.81598,-45.95736],[168.82826,-45.96889],[168.83509,-45.97045],[168.82909,-45.98402],[168.83168,-45.98718],[168.82702,-45.99099],[168.81551,-45.98434],[168.78783,-45.98748],[168.78785,-46.02121],[168.77074,-46.02659],[168.76675,-46.03323],[168.77043,-46.04005],[168.78606,-46.05083],[168.82485,-46.06113],[168.82927,-46.07008],[168.81835,-46.07245],[168.81552,-46.07924],[168.80749,-46.0833],[168.82618,-46.0898],[168.81004,-46.09866],[168.80536,-46.10483],[168.80601,-46.11785],[168.79113,-46.11778],[168.78299,-46.11245],[168.75743,-46.108],[168.70456,-46.12988],[168.70136,-46.17357],[168.70803,-46.17762],[168.75447,-46.18089],[168.76213,-46.18493],[168.77562,-46.1822],[168.79614,-46.18941],[168.79077,-46.19425],[168.79289,-46.19765],[168.78125,-46.20663],[168.78194,-46.2229],[168.76688,-46.23507],[168.79605,-46.24405],[168.8023,-46.24293],[168.83292,-46.25132],[168.8404,-46.24802],[168.83729,-46.2417],[168.9129,-46.24273],[168.91248,-46.26048],[168.95637,-46.261],[168.96862,-46.2572],[168.99553,-46.26235],[168.99852,-46.26733],[168.99119,-46.27855],[169.03815,-46.29885],[169.04563,-46.29594],[169.05428,-46.28344],[169.06292,-46.2777],[169.12718,-46.27203],[169.13535,-46.26716],[169.15492,-46.26855],[169.17685,-46.28568],[169.18901,-46.27992],[169.1857,-46.2548],[169.1962,-46.23761],[169.18632,-46.23052],[169.18631,-46.22326],[169.19806,-46.21263],[169.19829,-46.20044],[169.18186,-46.19571],[169.18585,-46.18929],[169.16696,-46.19187],[169.17036,-46.18275],[169.16209,-46.1812],[169.15962,-46.17564],[169.16898,-46.16044],[169.16217,-46.15751],[169.15934,-46.1517],[169.15172,-46.15468],[169.14329,-46.14981],[169.13282,-46.15094],[169.12886,-46.13864],[169.13483,-46.13683],[169.13344,-46.13149],[169.13888,-46.12628],[169.15379,-46.12483],[169.16317,-46.11711],[169.16011,-46.11612],[169.16222,-46.11195],[169.15788,-46.10666],[169.16329,-46.09579],[169.14829,-46.09229],[169.14844,-46.08552],[169.13557,-46.08539],[169.13801,-46.07815],[169.15308,-46.07346],[169.15787,-46.06844],[169.15333,-46.04874],[169.13618,-46.04806],[169.11934,-46.03722],[169.1036,-46.03681],[169.0896,-46.02421],[169.08833,-46.01703],[169.08176,-46.01439],[169.07969,-46.00266],[169.12636,-46.00179],[169.10817,-45.99514],[169.08865,-46.00121],[169.07272,-46.00162],[169.07139,-45.9885],[169.06658,-45.9853],[169.07478,-45.97033],[169.0944,-45.9595],[169.09972,-45.94804],[169.09724,-45.93856],[169.09039,-45.9376],[169.07341,-45.92475],[169.0765,-45.91956],[169.08475,-45.91671],[169.09015,-45.89393],[169.09907,-45.88436],[169.07447,-45.87107],[169.07322,-45.86497],[169.08046,-45.85816],[169.05662,-45.85011],[169.04968,-45.85852],[169.05039,-45.86396],[169.0052,-45.86349],[169.00551,-45.84793],[169.01203,-45.83409],[169.0254,-45.82192],[169.02895,-45.80893],[169.01354,-45.80357],[169.00347,-45.79577]]]}},{"type":"Feature","properties":{"id":"grey-district","name":"Grey District","level":2,"centroid":[171.6624,-42.4096],"bbox":[171.1291,-42.7625,172.1958,-42.0567]},"geometry":{"type":"Polygon","coordinates":[[[171.32943,-42.1223],[171.30358,-42.27068],[171.29225,-42.28029],[171.28049,-42.31308],[171.26647,-42.32421],[171.24043,-42.37336],[171.22938,-42.38064],[171.21859,-42.37962],[171.20278,-42.43136],[171.18978,-42.44003],[171.19395,-42.44286],[171.17724,-42.48761],[171.15504,-42.52755],[171.12912,-42.55991],[171.15158,-42.56123],[171.16245,-42.57418],[171.16296,-42.59117],[171.17939,-42.61735],[171.19798,-42.6267],[171.19911,-42.6372],[171.20961,-42.63866],[171.23617,-42.65826],[171.22945,-42.67741],[171.24579,-42.70987],[171.29308,-42.72254],[171.31443,-42.74929],[171.35709,-42.75771],[171.37304,-42.74665],[171.40701,-42.73526],[171.46412,-42.73091],[171.5026,-42.74252],[171.51299,-42.7378],[171.54788,-42.74519],[171.57482,-42.75945],[171.59275,-42.76248],[171.61371,-42.75951],[171.62652,-42.75107],[171.67103,-42.76182],[171.70135,-42.75598],[171.75025,-42.76202],[171.87371,-42.73187],[171.88292,-42.72887],[171.88576,-42.71796],[171.90799,-42.7047],[171.91564,-42.68173],[171.92778,-42.67155],[171.92573,-42.66637],[171.94246,-42.66352],[171.95837,-42.65366],[171.97234,-42.65347],[171.97422,-42.63919],[172.01555,-42.63184],[172.02849,-42.63676],[172.09393,-42.62089],[172.10271,-42.60613],[172.09901,-42.59229],[172.12137,-42.56639],[172.133,-42.55521],[172.15606,-42.55297],[172.18232,-42.52813],[172.18091,-42.5134],[172.19577,-42.49633],[172.1886,-42.49292],[172.14632,-42.49858],[172.05449,-42.52403],[172.03447,-42.52319],[172.02282,-42.51254],[171.99302,-42.50337],[171.98237,-42.51132],[171.96548,-42.50922],[171.92722,-42.48436],[171.91757,-42.46554],[171.92557,-42.4618],[171.92115,-42.45473],[171.93565,-42.43968],[171.94837,-42.44073],[171.96135,-42.41401],[171.94413,-42.40443],[171.92394,-42.40335],[171.90537,-42.37929],[171.88834,-42.34501],[171.8742,-42.34991],[171.85859,-42.34597],[171.85767,-42.35669],[171.84523,-42.36135],[171.84177,-42.36912],[171.814,-42.35927],[171.78476,-42.36145],[171.78828,-42.355],[171.76811,-42.34526],[171.7686,-42.33778],[171.76072,-42.33585],[171.75912,-42.33],[171.73706,-42.3253],[171.72326,-42.31316],[171.69341,-42.30084],[171.68259,-42.28804],[171.64934,-42.28292],[171.6583,-42.24387],[171.64807,-42.22524],[171.6498,-42.22023],[171.64011,-42.21287],[171.64342,-42.20346],[171.61738,-42.18499],[171.60239,-42.18324],[171.57779,-42.14212],[171.58077,-42.12183],[171.61356,-42.10018],[171.62664,-42.08095],[171.58794,-42.05674],[171.58179,-42.05762],[171.58304,-42.06694],[171.55732,-42.0647],[171.5452,-42.07229],[171.54731,-42.08936],[171.53655,-42.10131],[171.53916,-42.11612],[171.52591,-42.12044],[171.52309,-42.13459],[171.51081,-42.14629],[171.50951,-42.15805],[171.50102,-42.16134],[171.48872,-42.18133],[171.47119,-42.18639],[171.4637,-42.19706],[171.45078,-42.19737],[171.44042,-42.206],[171.44449,-42.22826],[171.43852,-42.23987],[171.429,-42.23721],[171.41266,-42.22088],[171.415,-42.21319],[171.40357,-42.19461],[171.4118,-42.18896],[171.41248,-42.1765],[171.39889,-42.18801],[171.39332,-42.18162],[171.39444,-42.17212],[171.37588,-42.16399],[171.36876,-42.15692],[171.37139,-42.15338],[171.36215,-42.14869],[171.36355,-42.13718],[171.35196,-42.13576],[171.34502,-42.12382],[171.33612,-42.12645],[171.32943,-42.1223]]]}},{"type":"Feature","properties":{"id":"hamilton-city","name":"Hamilton City","level":2,"centroid":[175.2646,-37.7727],"bbox":[175.1843,-37.846,175.3449,-37.6993]},"geometry":{"type":"Polygon","coordinates":[[[175.21149,-37.82095],[175.21183,-37.8324],[175.22564,-37.83223],[175.22732,-37.82462],[175.22926,-37.8246],[175.23138,-37.82141],[175.23247,-37.82186],[175.23337,-37.81929],[175.22681,-37.81753],[175.23066,-37.81527],[175.24033,-37.80658],[175.24088,-37.80698],[175.24381,-37.80438],[175.24564,-37.80482],[175.24603,-37.80422],[175.26589,-37.80897],[175.26616,-37.81555],[175.26807,-37.82196],[175.27118,-37.82032],[175.27238,-37.82219],[175.2713,-37.82304],[175.27189,-37.82433],[175.27955,-37.82396],[175.28473,-37.82641],[175.28301,-37.82895],[175.28968,-37.83179],[175.29082,-37.8309],[175.29234,-37.83176],[175.2945,-37.82841],[175.29684,-37.82781],[175.2977,-37.83188],[175.30553,-37.84081],[175.30684,-37.84604],[175.30806,-37.84589],[175.30897,-37.84196],[175.31451,-37.83608],[175.31996,-37.83354],[175.32363,-37.83035],[175.32599,-37.82702],[175.32678,-37.82736],[175.32838,-37.82645],[175.33005,-37.82412],[175.33044,-37.82262],[175.32965,-37.82088],[175.3256,-37.81759],[175.32338,-37.81453],[175.32337,-37.81087],[175.32492,-37.81362],[175.32674,-37.81381],[175.32812,-37.81509],[175.32863,-37.81245],[175.32971,-37.81212],[175.33154,-37.80962],[175.33055,-37.80864],[175.33138,-37.80769],[175.33037,-37.80726],[175.33029,-37.80634],[175.33166,-37.80589],[175.33228,-37.80059],[175.33439,-37.79897],[175.33346,-37.79733],[175.3353,-37.79581],[175.3412,-37.79571],[175.34487,-37.79288],[175.33927,-37.78894],[175.33638,-37.78497],[175.33302,-37.77448],[175.33023,-37.76988],[175.32719,-37.76671],[175.31594,-37.75942],[175.30672,-37.74514],[175.29336,-37.74823],[175.28961,-37.74045],[175.28742,-37.7328],[175.28988,-37.72179],[175.2864,-37.72257],[175.27821,-37.71954],[175.27919,-37.7169],[175.27628,-37.71376],[175.27268,-37.71347],[175.26217,-37.7097],[175.25747,-37.71052],[175.25198,-37.71728],[175.24855,-37.71839],[175.2469,-37.7173],[175.23452,-37.71648],[175.22784,-37.71984],[175.22938,-37.72061],[175.22785,-37.72291],[175.22271,-37.71906],[175.21897,-37.7136],[175.21605,-37.70272],[175.21105,-37.69933],[175.2073,-37.70862],[175.20729,-37.71298],[175.20854,-37.71729],[175.20723,-37.72525],[175.20981,-37.73282],[175.20662,-37.73592],[175.20564,-37.74057],[175.2023,-37.74011],[175.19784,-37.7408],[175.19466,-37.74232],[175.18727,-37.74211],[175.1843,-37.74299],[175.19104,-37.74584],[175.19164,-37.74819],[175.19081,-37.75017],[175.19806,-37.75096],[175.19941,-37.75367],[175.20303,-37.75342],[175.20332,-37.75495],[175.20657,-37.75722],[175.20964,-37.76246],[175.2025,-37.76348],[175.20207,-37.76438],[175.20408,-37.76618],[175.20383,-37.76726],[175.20597,-37.76941],[175.20845,-37.76989],[175.21306,-37.7672],[175.21385,-37.76589],[175.21596,-37.76734],[175.21819,-37.76718],[175.21761,-37.77417],[175.21961,-37.77686],[175.21842,-37.77839],[175.21981,-37.78004],[175.21818,-37.78142],[175.21853,-37.78254],[175.22144,-37.78304],[175.22113,-37.78518],[175.22362,-37.78466],[175.22606,-37.78668],[175.22949,-37.78716],[175.22813,-37.79672],[175.23305,-37.79731],[175.23161,-37.80325],[175.22828,-37.80705],[175.21968,-37.81139],[175.21825,-37.81436],[175.21133,-37.81441],[175.21149,-37.82095]]]}},{"type":"Feature","properties":{"id":"hastings-district","name":"Hastings District","level":2,"centroid":[176.6193,-39.3743],"bbox":[176.1427,-39.8926,177.096,-38.856]},"geometry":{"type":"Polygon","coordinates":[[[176.17612,-39.1439],[176.1798,-39.18506],[176.19473,-39.19643],[176.20004,-39.22574],[176.25523,-39.23649],[176.25726,-39.2446],[176.27655,-39.23998],[176.29233,-39.25102],[176.29331,-39.27718],[176.30506,-39.29192],[176.29886,-39.30527],[176.28152,-39.30925],[176.2728,-39.33768],[176.26382,-39.33734],[176.26544,-39.34946],[176.27589,-39.3623],[176.30241,-39.35661],[176.31074,-39.37022],[176.33213,-39.37496],[176.33152,-39.38746],[176.32037,-39.38932],[176.32857,-39.39344],[176.32277,-39.41406],[176.31037,-39.41699],[176.317,-39.41953],[176.30249,-39.43711],[176.31443,-39.45354],[176.30855,-39.47079],[176.32158,-39.47895],[176.31379,-39.4824],[176.31594,-39.49723],[176.33718,-39.48834],[176.33201,-39.49826],[176.34214,-39.5012],[176.31846,-39.50808],[176.29158,-39.50085],[176.25694,-39.51186],[176.23211,-39.53201],[176.21017,-39.53365],[176.1992,-39.55706],[176.17039,-39.5815],[176.14273,-39.58468],[176.15274,-39.59828],[176.17899,-39.60525],[176.16509,-39.64865],[176.20087,-39.67299],[176.18391,-39.68616],[176.2689,-39.74847],[176.31529,-39.75201],[176.32629,-39.76817],[176.34773,-39.77732],[176.36388,-39.72655],[176.35926,-39.71763],[176.38838,-39.68849],[176.40937,-39.68006],[176.44538,-39.68857],[176.49463,-39.71974],[176.4779,-39.74808],[176.49421,-39.76723],[176.65864,-39.82548],[176.67,-39.83451],[176.67099,-39.85379],[176.6855,-39.86243],[176.72975,-39.85765],[176.73592,-39.8374],[176.77206,-39.80664],[176.78655,-39.82014],[176.80998,-39.80592],[176.82082,-39.84823],[176.85937,-39.84417],[176.85341,-39.88893],[176.90626,-39.89263],[176.91726,-39.87625],[176.96647,-39.88297],[176.99647,-39.84225],[177.00504,-39.84159],[176.99421,-39.79772],[177.01486,-39.73169],[177.09596,-39.64247],[177.07642,-39.63548],[177.03263,-39.6499],[176.97865,-39.6316],[176.95344,-39.60948],[176.92646,-39.56167],[176.88608,-39.57058],[176.85905,-39.55004],[176.81479,-39.55465],[176.83094,-39.52019],[176.81317,-39.49725],[176.83652,-39.47694],[176.82547,-39.46275],[176.84092,-39.45176],[176.83141,-39.43849],[176.84737,-39.43398],[176.84558,-39.41847],[176.85674,-39.41609],[176.85391,-39.39261],[176.87072,-39.38794],[176.88602,-39.39728],[176.92002,-39.33934],[176.93622,-39.33925],[176.98953,-39.294],[177.03437,-39.2369],[177.04074,-39.19929],[177.08595,-39.16997],[177.07969,-39.15063],[177.07132,-39.15515],[177.06433,-39.14754],[177.05574,-39.15775],[177.04048,-39.14991],[177.04042,-39.15844],[177.03032,-39.15886],[177.03338,-39.14926],[177.02154,-39.15223],[177.01857,-39.13951],[176.9818,-39.11868],[176.98538,-39.11106],[176.95638,-39.09002],[176.92052,-39.10691],[176.88649,-39.10153],[176.8694,-39.07907],[176.8449,-39.06903],[176.83588,-39.05799],[176.83877,-39.0436],[176.82617,-39.04625],[176.81877,-39.02255],[176.7981,-39.02338],[176.77794,-39.01097],[176.77721,-38.99993],[176.7165,-38.99954],[176.69771,-38.85596],[176.59847,-38.93329],[176.59673,-38.95933],[176.61036,-38.99826],[176.44923,-39.00162],[176.42018,-39.06194],[176.44342,-39.12077],[176.4168,-39.1163],[176.36958,-39.13261],[176.38721,-39.13696],[176.39529,-39.16193],[176.34036,-39.17312],[176.23311,-39.09786],[176.22578,-39.1107],[176.18467,-39.12658],[176.17612,-39.1439]]]}},{"type":"Feature","properties":{"id":"hauraki-district","name":"Hauraki District","level":2,"centroid":[175.5803,-37.2942],"bbox":[175.2172,-37.5643,175.9434,-37.024]},"geometry":{"type":"MultiPolygon","coordinates":[[[[175.53999,-37.16871],[175.52443,-37.17127],[175.50136,-37.19446],[175.44014,-37.21794],[175.40344,-37.222],[175.39517,-37.22948],[175.39169,-37.22167],[175.36589,-37.21906],[175.3438,-37.20945],[175.32,-37.18535],[175.3039,-37.22643],[175.31611,-37.2327],[175.31699,-37.24637],[175.30577,-37.25131],[175.34174,-37.32483],[175.36023,-37.35388],[175.38391,-37.3742],[175.37634,-37.38956],[175.39493,-37.41075],[175.39689,-37.42182],[175.39043,-37.4322],[175.39589,-37.43918],[175.41168,-37.42484],[175.4087,-37.43797],[175.43797,-37.44058],[175.43703,-37.45009],[175.46922,-37.43613],[175.51154,-37.43031],[175.52074,-37.41984],[175.58389,-37.41916],[175.58774,-37.42406],[175.59811,-37.41902],[175.63139,-37.41877],[175.62952,-37.43325],[175.64029,-37.43964],[175.63992,-37.45372],[175.6721,-37.45089],[175.69036,-37.4631],[175.70167,-37.45857],[175.70613,-37.46927],[175.70621,-37.45935],[175.75488,-37.46307],[175.75506,-37.48669],[175.75063,-37.4938],[175.75329,-37.52661],[175.74346,-37.5334],[175.76474,-37.52322],[175.81172,-37.56427],[175.81289,-37.55524],[175.83104,-37.53684],[175.82373,-37.52681],[175.82325,-37.51585],[175.80602,-37.5107],[175.81795,-37.49267],[175.81353,-37.48491],[175.83278,-37.4716],[175.84365,-37.48699],[175.86562,-37.50036],[175.87067,-37.50053],[175.87071,-37.49555],[175.89929,-37.49568],[175.88056,-37.4695],[175.87204,-37.47348],[175.86086,-37.4611],[175.8775,-37.45107],[175.87755,-37.44319],[175.88244,-37.44004],[175.89084,-37.44369],[175.91177,-37.42807],[175.90393,-37.40568],[175.92454,-37.40442],[175.9168,-37.3986],[175.92605,-37.38335],[175.9166,-37.37931],[175.92283,-37.37419],[175.9401,-37.37324],[175.93725,-37.36236],[175.94344,-37.34569],[175.924,-37.32089],[175.9253,-37.31265],[175.91475,-37.30227],[175.91327,-37.29201],[175.90308,-37.28317],[175.89155,-37.25285],[175.89448,-37.24115],[175.88685,-37.23188],[175.86933,-37.22678],[175.8593,-37.23201],[175.85493,-37.23737],[175.85897,-37.24915],[175.84448,-37.24473],[175.82545,-37.27579],[175.77853,-37.2784],[175.77721,-37.28642],[175.75286,-37.28586],[175.74068,-37.29424],[175.71253,-37.28702],[175.71222,-37.29295],[175.69912,-37.29421],[175.69759,-37.28853],[175.68442,-37.29636],[175.67198,-37.28903],[175.66372,-37.29046],[175.65679,-37.29217],[175.65518,-37.29837],[175.64427,-37.29408],[175.63663,-37.28009],[175.63206,-37.28756],[175.62574,-37.28459],[175.61523,-37.28847],[175.59689,-37.27844],[175.61735,-37.24226],[175.57192,-37.24122],[175.56184,-37.2106],[175.5627,-37.19038],[175.53999,-37.16871]]],[[[175.32019,-37.18393],[175.32144,-37.17437],[175.29485,-37.12075],[175.29995,-37.09733],[175.3058,-37.09156],[175.29656,-37.0737],[175.30301,-37.05262],[175.2913,-37.02404],[175.26785,-37.02744],[175.272,-37.04562],[175.25925,-37.0529],[175.2575,-37.06482],[175.26181,-37.06641],[175.23955,-37.0671],[175.23968,-37.08679],[175.25046,-37.08664],[175.25092,-37.10983],[175.22265,-37.10698],[175.21715,-37.11716],[175.22635,-37.11918],[175.22662,-37.12829],[175.23135,-37.1263],[175.24278,-37.14041],[175.25762,-37.13579],[175.26358,-37.19225],[175.27168,-37.18658],[175.32019,-37.18393]]]]}},{"type":"Feature","properties":{"id":"henderson-massey-local-board-area","name":"Henderson-Massey Local Board Area","level":2,"centroid":[174.622,-36.849],"bbox":[174.5813,-36.9048,174.6627,-36.7933]},"geometry":{"type":"Polygon","coordinates":[[[174.58634,-36.83634],[174.59696,-36.83652],[174.59692,-36.84102],[174.59368,-36.84343],[174.59503,-36.84719],[174.59359,-36.8506],[174.59448,-36.85347],[174.59814,-36.85501],[174.59182,-36.86339],[174.58458,-36.86734],[174.5893,-36.86771],[174.58894,-36.87287],[174.59057,-36.87595],[174.59707,-36.87499],[174.59834,-36.88182],[174.60137,-36.88194],[174.60436,-36.89433],[174.6092,-36.89415],[174.60834,-36.89582],[174.61587,-36.90093],[174.62504,-36.90476],[174.62556,-36.90178],[174.6319,-36.89585],[174.63331,-36.90157],[174.63774,-36.90478],[174.64161,-36.90067],[174.6419,-36.90261],[174.64349,-36.90215],[174.64619,-36.89741],[174.64984,-36.89835],[174.65092,-36.89566],[174.66269,-36.88497],[174.66073,-36.88337],[174.66135,-36.882],[174.65867,-36.88083],[174.65503,-36.88238],[174.65308,-36.88621],[174.65389,-36.88204],[174.65696,-36.8791],[174.65455,-36.87834],[174.65808,-36.87727],[174.65741,-36.87353],[174.65282,-36.87316],[174.65588,-36.87144],[174.65537,-36.86913],[174.65291,-36.86821],[174.65468,-36.86631],[174.65193,-36.86554],[174.65333,-36.86321],[174.65525,-36.86428],[174.65663,-36.86289],[174.65665,-36.85066],[174.66195,-36.84017],[174.66227,-36.83475],[174.66032,-36.83073],[174.65268,-36.82655],[174.65289,-36.82988],[174.65027,-36.82466],[174.64655,-36.82461],[174.64303,-36.82712],[174.64236,-36.83203],[174.64492,-36.83345],[174.64109,-36.83315],[174.64004,-36.836],[174.63268,-36.83943],[174.6341,-36.84302],[174.64391,-36.84321],[174.64462,-36.85022],[174.6432,-36.85243],[174.64539,-36.85388],[174.64128,-36.85349],[174.63865,-36.85866],[174.63839,-36.86455],[174.63644,-36.86419],[174.63728,-36.86969],[174.63476,-36.87107],[174.63657,-36.86934],[174.63584,-36.86442],[174.63868,-36.86191],[174.63783,-36.85926],[174.64022,-36.85535],[174.6402,-36.85299],[174.63823,-36.85277],[174.64085,-36.85112],[174.63927,-36.8482],[174.64042,-36.84642],[174.63759,-36.84616],[174.63488,-36.84841],[174.63365,-36.84459],[174.63133,-36.84327],[174.62753,-36.85201],[174.6274,-36.84991],[174.62622,-36.85073],[174.62601,-36.85601],[174.62496,-36.85412],[174.62254,-36.85623],[174.62476,-36.85358],[174.62389,-36.85103],[174.61673,-36.85625],[174.61276,-36.85604],[174.61857,-36.85456],[174.62777,-36.84657],[174.63049,-36.8408],[174.62769,-36.84192],[174.62596,-36.84004],[174.63509,-36.83673],[174.63905,-36.83286],[174.63947,-36.83077],[174.63639,-36.83119],[174.63911,-36.82915],[174.63805,-36.82624],[174.63483,-36.82427],[174.63347,-36.8267],[174.63321,-36.82447],[174.62904,-36.82484],[174.63664,-36.8235],[174.63533,-36.82237],[174.63624,-36.82114],[174.63021,-36.8194],[174.61831,-36.8083],[174.60887,-36.81002],[174.60153,-36.80006],[174.60256,-36.79511],[174.59563,-36.79576],[174.59133,-36.79326],[174.58821,-36.79546],[174.58572,-36.80277],[174.58707,-36.80611],[174.58545,-36.80718],[174.59114,-36.81841],[174.58222,-36.82766],[174.58131,-36.83294],[174.58634,-36.83634]]]}},{"type":"Feature","properties":{"id":"hibiscus-and-bays-local-board-area","name":"Hibiscus and Bays Local Board Area","level":2,"centroid":[174.7799,-36.6482],"bbox":[174.6601,-36.7583,174.8996,-36.5382]},"geometry":{"type":"MultiPolygon","coordinates":[[[[174.88303,-36.59235],[174.87944,-36.59275],[174.87961,-36.59873],[174.88715,-36.60218],[174.89031,-36.60867],[174.89964,-36.60939],[174.89845,-36.60242],[174.89238,-36.5949],[174.88303,-36.59235]]],[[[174.66251,-36.59833],[174.67818,-36.59406],[174.67023,-36.59219],[174.67222,-36.59056],[174.69147,-36.59624],[174.69209,-36.59075],[174.69761,-36.59947],[174.68676,-36.60118],[174.68135,-36.60612],[174.68008,-36.60288],[174.68369,-36.59805],[174.67623,-36.59594],[174.66416,-36.60051],[174.66249,-36.59868],[174.66008,-36.61064],[174.66568,-36.65683],[174.68612,-36.67687],[174.7007,-36.6853],[174.70706,-36.7102],[174.72094,-36.70241],[174.72776,-36.70912],[174.72311,-36.72368],[174.74225,-36.73911],[174.74012,-36.74633],[174.74569,-36.74749],[174.75469,-36.75829],[174.76417,-36.75276],[174.7654,-36.74825],[174.75305,-36.73245],[174.75751,-36.73004],[174.75007,-36.71691],[174.75057,-36.71154],[174.75453,-36.71125],[174.75224,-36.70224],[174.75644,-36.70266],[174.75602,-36.69864],[174.76194,-36.69588],[174.74559,-36.6805],[174.7485,-36.67857],[174.74618,-36.66716],[174.74865,-36.66448],[174.74402,-36.66074],[174.72985,-36.66173],[174.7204,-36.65303],[174.72812,-36.65725],[174.72511,-36.64587],[174.72793,-36.64311],[174.72207,-36.64383],[174.72405,-36.63922],[174.71692,-36.63814],[174.71729,-36.63369],[174.71133,-36.63729],[174.71585,-36.63056],[174.7132,-36.63054],[174.71452,-36.62843],[174.70901,-36.62201],[174.69637,-36.63315],[174.70477,-36.61847],[174.70921,-36.61784],[174.69978,-36.61887],[174.6997,-36.61583],[174.6949,-36.62123],[174.69675,-36.61666],[174.69422,-36.61738],[174.68403,-36.62671],[174.69015,-36.61879],[174.67725,-36.61959],[174.69147,-36.61834],[174.69632,-36.61301],[174.70989,-36.61501],[174.72258,-36.63665],[174.72972,-36.64398],[174.74077,-36.64802],[174.74973,-36.63976],[174.75951,-36.64168],[174.76262,-36.63627],[174.76677,-36.63652],[174.77244,-36.6247],[174.78344,-36.62322],[174.78658,-36.62592],[174.78806,-36.61795],[174.79175,-36.62103],[174.78701,-36.62665],[174.7896,-36.62421],[174.79396,-36.62938],[174.8013,-36.62762],[174.80695,-36.6212],[174.80405,-36.61816],[174.80806,-36.60778],[174.81348,-36.60729],[174.81633,-36.61773],[174.82456,-36.61415],[174.82993,-36.61639],[174.8294,-36.61997],[174.83446,-36.61862],[174.84081,-36.60185],[174.83743,-36.59767],[174.83847,-36.5933],[174.82282,-36.59307],[174.81635,-36.59555],[174.81308,-36.60135],[174.79867,-36.601],[174.77038,-36.6084],[174.77138,-36.61815],[174.76215,-36.62768],[174.75312,-36.62759],[174.74604,-36.61852],[174.74424,-36.62439],[174.73754,-36.62403],[174.7216,-36.61194],[174.71481,-36.6103],[174.70645,-36.60262],[174.70791,-36.60027],[174.69703,-36.60042],[174.70072,-36.59447],[174.6912,-36.57432],[174.69509,-36.57164],[174.6966,-36.56134],[174.70813,-36.56264],[174.70889,-36.54211],[174.68103,-36.53816],[174.68062,-36.55952],[174.67224,-36.56702],[174.66627,-36.57851],[174.66251,-36.59833]]]]}},{"type":"Feature","properties":{"id":"horowhenua-district","name":"Horowhenua District","level":2,"centroid":[175.3807,-40.5773],"bbox":[175.1361,-40.7687,175.6253,-40.386]},"geometry":{"type":"Polygon","coordinates":[[[175.47344,-40.6934],[175.62534,-40.51014],[175.60926,-40.50262],[175.58425,-40.52969],[175.58099,-40.52593],[175.57615,-40.52364],[175.57209,-40.52294],[175.5691,-40.52408],[175.56774,-40.51822],[175.5713,-40.51459],[175.57184,-40.51197],[175.57097,-40.51053],[175.56804,-40.51061],[175.56398,-40.50809],[175.56185,-40.50225],[175.5564,-40.50103],[175.55048,-40.48934],[175.55959,-40.48325],[175.51797,-40.45524],[175.49708,-40.43361],[175.49258,-40.43641],[175.48209,-40.4369],[175.48115,-40.43604],[175.48233,-40.43417],[175.48915,-40.43205],[175.48752,-40.42944],[175.47733,-40.4334],[175.47139,-40.43744],[175.46946,-40.43695],[175.46825,-40.43383],[175.471,-40.42691],[175.46948,-40.42543],[175.46708,-40.42568],[175.4624,-40.42995],[175.45978,-40.44033],[175.4556,-40.4419],[175.44828,-40.43805],[175.44944,-40.43551],[175.45608,-40.43192],[175.45615,-40.43036],[175.45394,-40.42861],[175.44948,-40.4295],[175.44697,-40.43583],[175.44382,-40.43863],[175.42888,-40.43574],[175.42639,-40.43752],[175.31057,-40.40246],[175.27847,-40.39633],[175.27972,-40.38595],[175.22729,-40.39108],[175.22522,-40.40958],[175.21889,-40.43539],[175.21898,-40.44679],[175.21457,-40.46096],[175.21464,-40.47851],[175.20269,-40.52541],[175.19863,-40.53976],[175.19756,-40.53945],[175.19702,-40.54113],[175.19297,-40.55978],[175.18082,-40.59751],[175.17168,-40.61853],[175.16896,-40.62816],[175.16674,-40.63033],[175.15849,-40.64978],[175.16107,-40.65181],[175.15902,-40.65433],[175.16021,-40.66242],[175.15809,-40.66496],[175.155,-40.66363],[175.15238,-40.6663],[175.14931,-40.67523],[175.13607,-40.7002],[175.17074,-40.7107],[175.16946,-40.71826],[175.17839,-40.72144],[175.18377,-40.7179],[175.20443,-40.73027],[175.20295,-40.73149],[175.20651,-40.73209],[175.20433,-40.73939],[175.20197,-40.73897],[175.19872,-40.74343],[175.18983,-40.74184],[175.18867,-40.74304],[175.18828,-40.74522],[175.19312,-40.75265],[175.19302,-40.75732],[175.20139,-40.75932],[175.20112,-40.76122],[175.20786,-40.76095],[175.21323,-40.76324],[175.21896,-40.76247],[175.22814,-40.75665],[175.23554,-40.75603],[175.24376,-40.75838],[175.25314,-40.76443],[175.26113,-40.76554],[175.26413,-40.76786],[175.26873,-40.76871],[175.27677,-40.76626],[175.29137,-40.75414],[175.29767,-40.75206],[175.29995,-40.75326],[175.30511,-40.75245],[175.30925,-40.74973],[175.32658,-40.74938],[175.32834,-40.74416],[175.33164,-40.74588],[175.33276,-40.74878],[175.3361,-40.75174],[175.3411,-40.7493],[175.34684,-40.75206],[175.35287,-40.74629],[175.35183,-40.7349],[175.35576,-40.73011],[175.36034,-40.73279],[175.36762,-40.72772],[175.37149,-40.72682],[175.37747,-40.73254],[175.38882,-40.73103],[175.39669,-40.73718],[175.40742,-40.73575],[175.42272,-40.74539],[175.43086,-40.74519],[175.43429,-40.74641],[175.43964,-40.74415],[175.44158,-40.74196],[175.44278,-40.7355],[175.44612,-40.73103],[175.44696,-40.72626],[175.47344,-40.6934]]]}},{"type":"Feature","properties":{"id":"howick-local-board-area","name":"Howick Local Board Area","level":2,"centroid":[174.9134,-36.924],"bbox":[174.8583,-37.0015,174.9684,-36.8466]},"geometry":{"type":"Polygon","coordinates":[[[174.93339,-36.92891],[174.94066,-36.91503],[174.95454,-36.91034],[174.95441,-36.90171],[174.95059,-36.89982],[174.95022,-36.89434],[174.94091,-36.89242],[174.93943,-36.88788],[174.92504,-36.87815],[174.92117,-36.87885],[174.91548,-36.87475],[174.90486,-36.85882],[174.90516,-36.85229],[174.90056,-36.84659],[174.89895,-36.8615],[174.90595,-36.8756],[174.90115,-36.87808],[174.90169,-36.8813],[174.89662,-36.87988],[174.89416,-36.88472],[174.88789,-36.88891],[174.8884,-36.89075],[174.89622,-36.89255],[174.89279,-36.89406],[174.87986,-36.89107],[174.88051,-36.8946],[174.87724,-36.8978],[174.87869,-36.90048],[174.87593,-36.90531],[174.86953,-36.90797],[174.86979,-36.91071],[174.86824,-36.91022],[174.86951,-36.90851],[174.86475,-36.907],[174.86223,-36.90817],[174.86485,-36.91057],[174.86207,-36.91075],[174.86033,-36.90741],[174.85829,-36.90938],[174.86035,-36.91303],[174.85843,-36.91615],[174.86,-36.91772],[174.8652,-36.91517],[174.86167,-36.9201],[174.86433,-36.9223],[174.86516,-36.92046],[174.87256,-36.91977],[174.87307,-36.91795],[174.87345,-36.92015],[174.87561,-36.92002],[174.87128,-36.92507],[174.87844,-36.92671],[174.87984,-36.92299],[174.88169,-36.92545],[174.88676,-36.92589],[174.8888,-36.92513],[174.88675,-36.92427],[174.88836,-36.92407],[174.8874,-36.92226],[174.8916,-36.92054],[174.89073,-36.91904],[174.89503,-36.91819],[174.89354,-36.91227],[174.89124,-36.91105],[174.89306,-36.91083],[174.8922,-36.90881],[174.89369,-36.9123],[174.8963,-36.91094],[174.89402,-36.91252],[174.89454,-36.91493],[174.89934,-36.91813],[174.89895,-36.92008],[174.90492,-36.91425],[174.9032,-36.91854],[174.90229,-36.91704],[174.90057,-36.9183],[174.90183,-36.92042],[174.90039,-36.9211],[174.90482,-36.92424],[174.90323,-36.92683],[174.90556,-36.92858],[174.90319,-36.92684],[174.90456,-36.92431],[174.90106,-36.9236],[174.9015,-36.92164],[174.89839,-36.9213],[174.89812,-36.91836],[174.89588,-36.91787],[174.8914,-36.92218],[174.89198,-36.92425],[174.89551,-36.92293],[174.89298,-36.92585],[174.88879,-36.92529],[174.89166,-36.92944],[174.88908,-36.92818],[174.88778,-36.92979],[174.88874,-36.9277],[174.88668,-36.92719],[174.88409,-36.92934],[174.88467,-36.92779],[174.88112,-36.92699],[174.88079,-36.9302],[174.87777,-36.92972],[174.87893,-36.93256],[174.87696,-36.93141],[174.87768,-36.92857],[174.87238,-36.92949],[174.86899,-36.92749],[174.87211,-36.93474],[174.87492,-36.93462],[174.86332,-36.9404],[174.86899,-36.94249],[174.87183,-36.94653],[174.87766,-36.94265],[174.8817,-36.94359],[174.87852,-36.94297],[174.87645,-36.9451],[174.88054,-36.94918],[174.89176,-36.95061],[174.89227,-36.94873],[174.89956,-36.94847],[174.90496,-36.95416],[174.89775,-36.97816],[174.90214,-36.98076],[174.90095,-36.98454],[174.89639,-36.9858],[174.89624,-36.9901],[174.91557,-36.98937],[174.91807,-36.99441],[174.93006,-37.00045],[174.9372,-36.99739],[174.93634,-37.00034],[174.94347,-37.00147],[174.94092,-36.99629],[174.95347,-36.99986],[174.95262,-36.99122],[174.9501,-36.99045],[174.95205,-36.98562],[174.96378,-36.98554],[174.96468,-36.98344],[174.96843,-36.98295],[174.96266,-36.97656],[174.94914,-36.97748],[174.94385,-36.96365],[174.94874,-36.95749],[174.93407,-36.94912],[174.93715,-36.93922],[174.93342,-36.93364],[174.93339,-36.92891]]]}},{"type":"Feature","properties":{"id":"hurunui-district","name":"Hurunui District","level":2,"centroid":[172.6921,-42.6676],"bbox":[171.883,-43.247,173.5012,-42.0882]},"geometry":{"type":"Polygon","coordinates":[[[172.47903,-42.27703],[172.4617,-42.30747],[172.46615,-42.31951],[172.44871,-42.32861],[172.44335,-42.36693],[172.41685,-42.38376],[172.39325,-42.37794],[172.34719,-42.39182],[172.32477,-42.41645],[172.29979,-42.42174],[172.27879,-42.4499],[172.23571,-42.45653],[172.22713,-42.47952],[172.18688,-42.50395],[172.17829,-42.53551],[172.1329,-42.55525],[172.1085,-42.58047],[172.09343,-42.6212],[171.97466,-42.63904],[171.97234,-42.65347],[171.92592,-42.6662],[171.90799,-42.7047],[171.88506,-42.71875],[171.88297,-42.74648],[171.90765,-42.74084],[171.94983,-42.7709],[172.00369,-42.79075],[172.02604,-42.78487],[172.10553,-42.87299],[172.18903,-42.86164],[172.20897,-42.87362],[172.23918,-42.86382],[172.25747,-42.8709],[172.23085,-42.91001],[172.24396,-42.91658],[172.24744,-42.93712],[172.21168,-42.97344],[172.23175,-42.98255],[172.26116,-42.97663],[172.27139,-42.99187],[172.2573,-43.00279],[172.26981,-43.01974],[172.2915,-43.02932],[172.3315,-43.01777],[172.32887,-43.03763],[172.34863,-43.05143],[172.37955,-43.023],[172.40543,-43.03035],[172.42308,-43.04891],[172.40069,-43.08224],[172.43409,-43.12934],[172.42002,-43.15164],[172.44847,-43.15977],[172.46088,-43.1462],[172.4535,-43.14202],[172.47736,-43.12928],[172.4762,-43.1402],[172.49192,-43.14648],[172.47919,-43.15854],[172.49576,-43.15902],[172.48937,-43.17145],[172.53787,-43.14817],[172.53286,-43.16182],[172.54403,-43.17276],[172.53173,-43.1797],[172.53049,-43.20288],[172.56783,-43.24313],[172.5918,-43.24427],[172.62555,-43.19618],[172.67836,-43.20361],[172.67738,-43.2143],[172.69227,-43.21014],[172.69574,-43.22152],[172.72728,-43.22726],[172.71902,-43.2419],[172.73732,-43.24699],[172.81691,-43.13326],[172.8447,-43.13177],[172.88799,-43.09809],[172.95921,-43.08391],[173.04392,-43.04666],[173.08054,-43.05073],[173.14518,-42.98588],[173.24421,-42.95108],[173.31881,-42.88423],[173.31318,-42.85214],[173.36842,-42.79882],[173.50119,-42.56582],[173.46539,-42.5362],[173.44895,-42.54268],[173.38047,-42.51446],[173.39469,-42.50314],[173.42773,-42.51481],[173.44076,-42.47009],[173.40047,-42.42511],[173.41177,-42.41927],[173.37871,-42.40492],[173.38698,-42.39822],[173.37317,-42.38442],[173.38423,-42.37959],[173.36814,-42.36272],[173.36902,-42.33926],[173.3203,-42.34982],[173.29761,-42.37027],[173.26788,-42.35597],[173.22456,-42.35605],[173.22067,-42.3801],[173.19022,-42.41033],[173.1643,-42.41851],[173.15205,-42.44983],[173.10625,-42.44768],[173.09581,-42.46075],[173.0761,-42.46092],[173.05561,-42.48775],[173.03579,-42.48347],[173.03334,-42.45829],[173.01449,-42.44629],[172.96953,-42.44868],[173.00289,-42.39328],[172.97446,-42.39535],[172.94139,-42.37783],[172.94375,-42.35119],[172.91956,-42.34581],[172.91414,-42.30861],[172.86952,-42.31767],[172.84698,-42.30806],[172.84225,-42.28959],[172.86346,-42.25624],[172.82656,-42.24823],[172.83205,-42.18446],[172.80695,-42.18947],[172.79379,-42.16171],[172.74964,-42.17237],[172.72918,-42.16536],[172.71885,-42.14908],[172.72147,-42.10349],[172.69096,-42.10655],[172.68054,-42.08821],[172.63506,-42.10324],[172.64097,-42.13255],[172.61177,-42.15808],[172.61555,-42.19482],[172.47903,-42.27703]]]}},{"type":"Feature","properties":{"id":"invercargill-city","name":"Invercargill City","level":2,"centroid":[168.37,-46.4734],"bbox":[168.1973,-46.6247,168.5428,-46.3222]},"geometry":{"type":"MultiPolygon","coordinates":[[[[168.43728,-46.57597],[168.44816,-46.58193],[168.45709,-46.58042],[168.44629,-46.57885],[168.46172,-46.58024],[168.45628,-46.5784],[168.46891,-46.58176],[168.43728,-46.57597]]],[[[168.52919,-46.59292],[168.51507,-46.59802],[168.4743,-46.58693],[168.45128,-46.58667],[168.454,-46.58133],[168.43899,-46.58717],[168.41367,-46.5791],[168.41757,-46.57114],[168.40605,-46.58145],[168.37672,-46.58293],[168.37357,-46.59146],[168.36044,-46.59868],[168.37012,-46.60223],[168.37345,-46.59658],[168.3871,-46.59472],[168.42959,-46.60597],[168.49705,-46.61016],[168.54281,-46.6],[168.52919,-46.59292]]],[[[168.19726,-46.39147],[168.22533,-46.42942],[168.26016,-46.49136],[168.26961,-46.49923],[168.30418,-46.4948],[168.30441,-46.48872],[168.29331,-46.47022],[168.30254,-46.46868],[168.30309,-46.46401],[168.26704,-46.46041],[168.26372,-46.45393],[168.26835,-46.44166],[168.27299,-46.44175],[168.26525,-46.45443],[168.27105,-46.45979],[168.31832,-46.4558],[168.32726,-46.44935],[168.31169,-46.4295],[168.3372,-46.41846],[168.3449,-46.43485],[168.34219,-46.4283],[168.34937,-46.43194],[168.34901,-46.4395],[168.34555,-46.43553],[168.3582,-46.46822],[168.3786,-46.47975],[168.37527,-46.48631],[168.36553,-46.48535],[168.35649,-46.49144],[168.36138,-46.49632],[168.34722,-46.49708],[168.3149,-46.51094],[168.29447,-46.50819],[168.28615,-46.52395],[168.29557,-46.52595],[168.2895,-46.52862],[168.29744,-46.53322],[168.27779,-46.5401],[168.27482,-46.53749],[168.2823,-46.51888],[168.28887,-46.51279],[168.22485,-46.5171],[168.22615,-46.52776],[168.23672,-46.53881],[168.23069,-46.55241],[168.26685,-46.55646],[168.27613,-46.57012],[168.27564,-46.58503],[168.31367,-46.59664],[168.31742,-46.61927],[168.34324,-46.62466],[168.36017,-46.61194],[168.34728,-46.59799],[168.33154,-46.5959],[168.33921,-46.59403],[168.33143,-46.5886],[168.32252,-46.58804],[168.33138,-46.59585],[168.30618,-46.5883],[168.30917,-46.57605],[168.29997,-46.56721],[168.30063,-46.54806],[168.32503,-46.54426],[168.33428,-46.55098],[168.34898,-46.53562],[168.36122,-46.54614],[168.37424,-46.54798],[168.3625,-46.55554],[168.37818,-46.57413],[168.37433,-46.56925],[168.41622,-46.55976],[168.45058,-46.56031],[168.51282,-46.57389],[168.50682,-46.57045],[168.51583,-46.56243],[168.4468,-46.52552],[168.44678,-46.50669],[168.452,-46.50668],[168.45198,-46.50007],[168.45908,-46.50006],[168.45857,-46.43144],[168.4535,-46.42697],[168.4534,-46.4047],[168.45877,-46.38356],[168.45365,-46.38452],[168.45356,-46.36448],[168.38476,-46.36087],[168.38471,-46.34892],[168.35836,-46.34585],[168.35835,-46.33661],[168.36612,-46.33662],[168.36611,-46.3222],[168.34026,-46.32218],[168.34029,-46.34391],[168.32726,-46.34406],[168.32727,-46.35093],[168.29413,-46.35095],[168.28483,-46.35366],[168.28279,-46.3599],[168.26833,-46.35916],[168.26583,-46.36638],[168.25419,-46.364],[168.24972,-46.37491],[168.25758,-46.38265],[168.24407,-46.38211],[168.23904,-46.39344],[168.19726,-46.39147]]]]}},{"type":"Feature","properties":{"id":"kaikoura-district","name":"Kaikoura District","level":2,"centroid":[173.622,-42.2364],"bbox":[173.1807,-42.5654,174.0634,-41.9074]},"geometry":{"type":"Polygon","coordinates":[[[173.24332,-42.35608],[173.25272,-42.36318],[173.2702,-42.35651],[173.28222,-42.36712],[173.29761,-42.37027],[173.3121,-42.36197],[173.3203,-42.34982],[173.35178,-42.33883],[173.37031,-42.34014],[173.37324,-42.35187],[173.36814,-42.36272],[173.38137,-42.37135],[173.38423,-42.37959],[173.37317,-42.38442],[173.38698,-42.39822],[173.37871,-42.40492],[173.38623,-42.41522],[173.40288,-42.4111],[173.41177,-42.41927],[173.40047,-42.42511],[173.42197,-42.44904],[173.43391,-42.45455],[173.44076,-42.47009],[173.43504,-42.47246],[173.42971,-42.48863],[173.42773,-42.51481],[173.39849,-42.5089],[173.39469,-42.50314],[173.38149,-42.50945],[173.38129,-42.5158],[173.38753,-42.52491],[173.4147,-42.52617],[173.44895,-42.54268],[173.45894,-42.54246],[173.46539,-42.5362],[173.4834,-42.55514],[173.501,-42.56543],[173.5093,-42.56505],[173.51762,-42.55409],[173.50072,-42.54516],[173.50895,-42.50596],[173.54785,-42.45911],[173.58324,-42.44774],[173.59447,-42.42845],[173.64201,-42.41471],[173.67166,-42.41296],[173.68059,-42.42002],[173.68073,-42.42599],[173.69157,-42.42579],[173.69159,-42.43465],[173.69669,-42.43056],[173.70353,-42.43316],[173.71652,-42.42407],[173.70275,-42.41302],[173.69152,-42.41425],[173.68252,-42.40083],[173.68206,-42.38119],[173.69222,-42.35799],[173.74861,-42.32114],[173.75245,-42.31042],[173.74725,-42.30113],[173.75886,-42.28679],[173.80772,-42.26532],[173.80951,-42.25555],[173.83057,-42.2481],[173.8574,-42.22481],[173.85768,-42.21921],[173.87354,-42.21443],[173.88453,-42.19472],[173.92875,-42.17264],[173.93977,-42.16222],[173.92426,-42.1301],[173.93784,-42.08311],[173.96657,-42.04471],[174.01192,-42.00451],[174.02136,-41.98848],[174.04735,-41.96992],[174.06027,-41.95439],[174.05751,-41.93924],[174.06344,-41.93471],[174.04941,-41.92909],[174.03895,-41.93491],[174.02922,-41.93122],[174.01956,-41.93955],[174.00355,-41.93206],[173.97717,-41.93336],[173.97939,-41.92561],[173.96527,-41.92287],[173.95877,-41.9085],[173.93053,-41.92079],[173.91456,-41.91521],[173.85123,-41.93306],[173.81729,-41.93298],[173.78945,-41.95818],[173.76686,-41.9218],[173.75397,-41.91446],[173.76211,-41.91189],[173.74441,-41.90737],[173.72861,-41.91862],[173.71428,-41.94046],[173.71346,-41.95041],[173.72025,-41.96076],[173.70026,-41.97197],[173.66322,-41.9821],[173.66283,-41.99595],[173.63815,-42.00937],[173.62424,-42.01071],[173.60971,-42.00453],[173.5945,-42.02929],[173.57132,-42.033],[173.55514,-42.04592],[173.54466,-42.06125],[173.54684,-42.06979],[173.51767,-42.06939],[173.49913,-42.07874],[173.48402,-42.09941],[173.48651,-42.11045],[173.46307,-42.11781],[173.4828,-42.16609],[173.48403,-42.18151],[173.46403,-42.17975],[173.46446,-42.19567],[173.44338,-42.20211],[173.43752,-42.21398],[173.42156,-42.20911],[173.40365,-42.21956],[173.39174,-42.22195],[173.38433,-42.21705],[173.36874,-42.22399],[173.3691,-42.23332],[173.37568,-42.233],[173.37319,-42.23681],[173.35707,-42.23666],[173.35114,-42.24271],[173.34434,-42.23965],[173.34813,-42.23413],[173.34155,-42.2279],[173.33332,-42.24665],[173.29645,-42.24803],[173.30201,-42.2563],[173.29587,-42.26575],[173.24452,-42.3031],[173.20722,-42.31702],[173.20488,-42.33403],[173.19211,-42.33162],[173.18376,-42.33622],[173.18065,-42.3464],[173.2259,-42.34633],[173.24332,-42.35608]]]}},{"type":"Feature","properties":{"id":"kaipara-district","name":"Kaipara District","level":2,"centroid":[174.047,-35.9941],"bbox":[173.4772,-36.3929,174.6168,-35.5954]},"geometry":{"type":"Polygon","coordinates":[[[173.48538,-35.67454],[173.96672,-36.20916],[174.01371,-36.29485],[174.04053,-36.39288],[174.14221,-36.38994],[174.18129,-36.36471],[174.1809,-36.33594],[174.15845,-36.30093],[174.12163,-36.30136],[174.15707,-36.2914],[174.1553,-36.27601],[174.12202,-36.25838],[174.09655,-36.26851],[174.10856,-36.25213],[174.07883,-36.23629],[174.07405,-36.20543],[174.03901,-36.1903],[173.98558,-36.12551],[174.02129,-36.1372],[174.04571,-36.17009],[174.12074,-36.16752],[174.1538,-36.21433],[174.22736,-36.26346],[174.29332,-36.23825],[174.28758,-36.21549],[174.26646,-36.2193],[174.26275,-36.19364],[174.24908,-36.21246],[174.24515,-36.19635],[174.23196,-36.21473],[174.2178,-36.20833],[174.23972,-36.1854],[174.19482,-36.1961],[174.20504,-36.17644],[174.23586,-36.18245],[174.20997,-36.15915],[174.18733,-36.175],[174.19245,-36.15959],[174.16807,-36.15846],[174.19894,-36.15089],[174.16163,-36.14087],[174.18994,-36.14171],[174.18566,-36.12285],[174.20597,-36.13714],[174.23342,-36.10585],[174.21795,-36.12066],[174.22638,-36.15958],[174.2394,-36.12201],[174.27004,-36.11697],[174.23894,-36.13811],[174.23578,-36.17122],[174.25419,-36.18359],[174.24363,-36.16572],[174.31289,-36.17231],[174.26604,-36.18542],[174.29697,-36.2119],[174.32969,-36.19261],[174.31446,-36.22591],[174.35893,-36.20487],[174.36726,-36.16046],[174.38513,-36.1554],[174.36239,-36.11598],[174.38858,-36.14468],[174.42418,-36.13796],[174.43171,-36.15746],[174.38894,-36.14764],[174.40106,-36.15738],[174.37213,-36.16908],[174.40448,-36.16987],[174.39344,-36.18641],[174.37331,-36.18115],[174.38147,-36.20957],[174.32238,-36.23407],[174.36112,-36.28091],[174.3417,-36.28249],[174.34888,-36.26716],[174.33243,-36.26305],[174.31819,-36.27259],[174.30754,-36.24374],[174.27063,-36.26218],[174.28426,-36.2955],[174.30234,-36.29015],[174.31255,-36.31356],[174.33985,-36.31695],[174.37363,-36.27565],[174.3977,-36.28808],[174.42581,-36.2712],[174.42418,-36.25294],[174.46743,-36.25867],[174.4701,-36.21232],[174.48354,-36.2302],[174.523,-36.21008],[174.61678,-36.1175],[174.59407,-36.08425],[174.60175,-36.11382],[174.56788,-36.14078],[174.58072,-36.12411],[174.56318,-36.09503],[174.59017,-36.11816],[174.59674,-36.10852],[174.58384,-36.04348],[174.5732,-36.06108],[174.55584,-36.05547],[174.56409,-36.06656],[174.44702,-36.08662],[174.40011,-36.07714],[174.38457,-36.04566],[174.35879,-36.05364],[174.34041,-36.02137],[174.3245,-36.02684],[174.31045,-35.98618],[174.3271,-35.9817],[174.32724,-35.95759],[174.29507,-35.94042],[174.20273,-35.98839],[174.17876,-35.99709],[174.15775,-35.98146],[174.12174,-36.00524],[174.11536,-35.9501],[174.08601,-35.9326],[174.15164,-35.9022],[174.15092,-35.87292],[174.08549,-35.82995],[174.10492,-35.81997],[174.0896,-35.78921],[173.97926,-35.76771],[173.97649,-35.74713],[173.92259,-35.72523],[173.89724,-35.73499],[173.87864,-35.70095],[173.79811,-35.74445],[173.76359,-35.73268],[173.76434,-35.67321],[173.75009,-35.66994],[173.77043,-35.65129],[173.75898,-35.59537],[173.59865,-35.60357],[173.59782,-35.6535],[173.5065,-35.63544],[173.47719,-35.66465],[173.48538,-35.67454]]]}},{"type":"Feature","properties":{"id":"kaipa-tiki-local-board-area","name":"KaipÄtiki Local Board Area","level":2,"centroid":[174.7209,-36.7904],"bbox":[174.6787,-36.8273,174.763,-36.7535]},"geometry":{"type":"Polygon","coordinates":[[[174.70282,-36.77142],[174.70006,-36.77405],[174.70039,-36.775],[174.69892,-36.77847],[174.69801,-36.77813],[174.69748,-36.77919],[174.69859,-36.77945],[174.69871,-36.78071],[174.69983,-36.78046],[174.69931,-36.78196],[174.70263,-36.78457],[174.70562,-36.78494],[174.70884,-36.78395],[174.70413,-36.78577],[174.70567,-36.78696],[174.70548,-36.78898],[174.70727,-36.79162],[174.70616,-36.78986],[174.70569,-36.79104],[174.70411,-36.78874],[174.70356,-36.78564],[174.70157,-36.78497],[174.69995,-36.78577],[174.69847,-36.78487],[174.6985,-36.78558],[174.6975,-36.78544],[174.69713,-36.78859],[174.69677,-36.78457],[174.69527,-36.78257],[174.69205,-36.7841],[174.69216,-36.78496],[174.69115,-36.78404],[174.68973,-36.78494],[174.69043,-36.78732],[174.68692,-36.78572],[174.68597,-36.78685],[174.68666,-36.78722],[174.68637,-36.78836],[174.68576,-36.78725],[174.68418,-36.7883],[174.6839,-36.78734],[174.68258,-36.78695],[174.68101,-36.78916],[174.67869,-36.78994],[174.68336,-36.79308],[174.68035,-36.79344],[174.68199,-36.79453],[174.68157,-36.79772],[174.68458,-36.79863],[174.68426,-36.8005],[174.68749,-36.80217],[174.68622,-36.80306],[174.68709,-36.80414],[174.68677,-36.80716],[174.69153,-36.80935],[174.68852,-36.81039],[174.68992,-36.81099],[174.6898,-36.81256],[174.69176,-36.813],[174.69292,-36.81213],[174.70092,-36.81304],[174.70112,-36.81368],[174.69852,-36.81349],[174.69512,-36.81528],[174.69591,-36.81954],[174.69804,-36.82074],[174.69698,-36.82307],[174.69926,-36.82432],[174.70375,-36.82423],[174.70548,-36.82512],[174.70738,-36.82344],[174.70948,-36.82479],[174.70907,-36.82604],[174.71001,-36.82626],[174.71173,-36.82504],[174.71444,-36.82511],[174.7184,-36.82293],[174.72267,-36.82196],[174.72369,-36.82284],[174.72303,-36.8233],[174.72402,-36.82288],[174.72464,-36.82226],[174.72364,-36.82226],[174.72551,-36.8211],[174.72556,-36.81877],[174.72775,-36.81784],[174.73064,-36.8212],[174.73385,-36.82309],[174.73836,-36.82094],[174.73976,-36.81957],[174.73812,-36.8189],[174.73927,-36.81803],[174.73908,-36.81666],[174.74137,-36.81635],[174.74685,-36.82064],[174.74751,-36.8243],[174.74664,-36.82664],[174.74773,-36.82733],[174.74937,-36.82658],[174.74991,-36.82315],[174.75073,-36.82276],[174.75021,-36.81963],[174.75147,-36.81501],[174.75432,-36.81379],[174.75508,-36.81278],[174.75445,-36.81162],[174.7605,-36.80445],[174.75966,-36.80444],[174.75793,-36.80691],[174.75639,-36.8033],[174.75441,-36.80435],[174.75157,-36.80382],[174.75103,-36.8008],[174.75239,-36.79943],[174.75458,-36.79966],[174.7565,-36.80241],[174.75902,-36.80429],[174.76053,-36.80439],[174.76305,-36.79911],[174.76132,-36.79936],[174.75472,-36.79124],[174.74372,-36.7736],[174.73726,-36.76113],[174.72873,-36.75355],[174.7276,-36.7551],[174.72281,-36.75811],[174.72344,-36.76144],[174.72258,-36.76111],[174.71825,-36.76376],[174.71871,-36.76522],[174.71744,-36.76628],[174.71458,-36.76729],[174.71362,-36.76852],[174.70678,-36.77014],[174.70589,-36.76913],[174.70302,-36.77025],[174.70369,-36.77115],[174.70282,-36.77142]]]}},{"type":"Feature","properties":{"id":"kapiti-coast-district","name":"Kapiti Coast District","level":2,"centroid":[175.147,-40.8568],"bbox":[174.8688,-41.0133,175.4253,-40.7003]},"geometry":{"type":"MultiPolygon","coordinates":[[[[174.94282,-40.82218],[174.93879,-40.82022],[174.93238,-40.82265],[174.92008,-40.8222],[174.92073,-40.82831],[174.91532,-40.83091],[174.91539,-40.83797],[174.91214,-40.84295],[174.90085,-40.85503],[174.89104,-40.85716],[174.89067,-40.86118],[174.88454,-40.86759],[174.86901,-40.87598],[174.87083,-40.88112],[174.86876,-40.88617],[174.87569,-40.89049],[174.88414,-40.88845],[174.88663,-40.89023],[174.90237,-40.88067],[174.91127,-40.87072],[174.91813,-40.86821],[174.9351,-40.85336],[174.93351,-40.84982],[174.94414,-40.83243],[174.95437,-40.82882],[174.94282,-40.82218]]],[[[175.42531,-40.7454],[175.40742,-40.73575],[175.3984,-40.73755],[175.38882,-40.73103],[175.37747,-40.73254],[175.37149,-40.72682],[175.36034,-40.73279],[175.35576,-40.73011],[175.35183,-40.7349],[175.35287,-40.74629],[175.34643,-40.75218],[175.3411,-40.7493],[175.3361,-40.75174],[175.32834,-40.74416],[175.32658,-40.74938],[175.30925,-40.74973],[175.29137,-40.75414],[175.27677,-40.76626],[175.26931,-40.76867],[175.23487,-40.75595],[175.21289,-40.7632],[175.19302,-40.75732],[175.19312,-40.75265],[175.18825,-40.74511],[175.18983,-40.74184],[175.19872,-40.74343],[175.20197,-40.73897],[175.20433,-40.73939],[175.20651,-40.73209],[175.20295,-40.73149],[175.20443,-40.73027],[175.18377,-40.7179],[175.17839,-40.72144],[175.16946,-40.71826],[175.17074,-40.7107],[175.13649,-40.70033],[175.12388,-40.72819],[175.09805,-40.76453],[175.08458,-40.78947],[175.06333,-40.82042],[175.06312,-40.82429],[175.03,-40.85852],[174.99072,-40.87809],[174.98339,-40.88479],[174.97819,-40.89596],[174.97793,-40.91845],[174.96868,-40.95607],[174.94796,-40.98984],[174.93881,-41.0003],[174.93187,-41.00392],[174.97969,-41.01332],[174.99645,-41.00758],[175.00156,-40.99909],[175.0173,-40.99884],[175.02852,-40.99455],[175.05064,-40.96818],[175.05911,-40.96235],[175.06297,-40.96642],[175.06168,-40.97027],[175.06763,-40.97377],[175.07436,-40.98332],[175.09877,-40.98213],[175.09172,-40.96128],[175.11436,-40.95685],[175.11156,-40.95282],[175.12919,-40.94934],[175.13445,-40.96459],[175.14477,-40.96449],[175.14733,-40.96717],[175.15721,-40.96882],[175.16926,-40.96507],[175.17368,-40.97098],[175.17862,-40.97289],[175.18696,-40.96961],[175.19852,-40.9799],[175.20277,-40.97895],[175.20757,-40.9684],[175.21627,-40.96596],[175.22842,-40.97339],[175.23894,-40.96937],[175.24606,-40.97186],[175.26112,-40.97088],[175.26192,-40.9675],[175.26726,-40.96717],[175.28072,-40.95696],[175.27981,-40.94912],[175.27483,-40.94453],[175.27111,-40.94451],[175.271,-40.93738],[175.28514,-40.93406],[175.29998,-40.92579],[175.31056,-40.92551],[175.31773,-40.91791],[175.33321,-40.91451],[175.33772,-40.90017],[175.34931,-40.89726],[175.35635,-40.88884],[175.36107,-40.87293],[175.35871,-40.86848],[175.36051,-40.86127],[175.35613,-40.84783],[175.35546,-40.83835],[175.35781,-40.83409],[175.35389,-40.82664],[175.3577,-40.81816],[175.35664,-40.8148],[175.37696,-40.80912],[175.37597,-40.79403],[175.38019,-40.7805],[175.39312,-40.76731],[175.39626,-40.75829],[175.40497,-40.75219],[175.41872,-40.74995],[175.42531,-40.7454]]]]}},{"type":"Feature","properties":{"id":"kawerau-district","name":"Kawerau District","level":2,"centroid":[176.6922,-38.0855],"bbox":[176.6414,-38.1146,176.7429,-38.0563]},"geometry":{"type":"Polygon","coordinates":[[[176.72661,-38.05848],[176.72519,-38.05866],[176.72513,-38.05935],[176.72523,-38.05955],[176.72576,-38.05963],[176.72637,-38.05913],[176.72686,-38.059],[176.72746,-38.05896],[176.72798,-38.05909],[176.72816,-38.05927],[176.72824,-38.0598],[176.72808,-38.0603],[176.72778,-38.06064],[176.72744,-38.06083],[176.72686,-38.06088],[176.72639,-38.06116],[176.7244,-38.06129],[176.72403,-38.0614],[176.72331,-38.06134],[176.72266,-38.06154],[176.72226,-38.06199],[176.72146,-38.0623],[176.72113,-38.06287],[176.72092,-38.06301],[176.72064,-38.06402],[176.71967,-38.06467],[176.71918,-38.0653],[176.71858,-38.06576],[176.71677,-38.06688],[176.71612,-38.0677],[176.71607,-38.06811],[176.65298,-38.08803],[176.64145,-38.10161],[176.64422,-38.10655],[176.66193,-38.10708],[176.66751,-38.11152],[176.66971,-38.11262],[176.6721,-38.11282],[176.67377,-38.1134],[176.67428,-38.11377],[176.67491,-38.11372],[176.6757,-38.1134],[176.67558,-38.11456],[176.67648,-38.1146],[176.67746,-38.11445],[176.68083,-38.11464],[176.68211,-38.11458],[176.68314,-38.11431],[176.68433,-38.1144],[176.6854,-38.11417],[176.68612,-38.11423],[176.68714,-38.11379],[176.68776,-38.11364],[176.68862,-38.11268],[176.68937,-38.11265],[176.69123,-38.11184],[176.69159,-38.11176],[176.69271,-38.112],[176.69391,-38.11186],[176.69508,-38.11201],[176.69552,-38.11197],[176.69571,-38.11171],[176.69536,-38.11141],[176.69527,-38.11113],[176.69582,-38.11097],[176.69685,-38.11111],[176.69741,-38.11088],[176.69765,-38.11063],[176.69739,-38.10965],[176.69875,-38.10877],[176.69898,-38.10872],[176.69917,-38.10879],[176.69968,-38.10976],[176.70177,-38.10986],[176.70236,-38.10937],[176.70215,-38.10851],[176.70173,-38.10812],[176.7017,-38.1079],[176.70205,-38.10725],[176.70218,-38.10664],[176.70193,-38.10618],[176.70114,-38.10599],[176.70105,-38.10585],[176.70113,-38.10565],[176.70143,-38.10548],[176.70243,-38.10534],[176.70325,-38.10467],[176.70353,-38.10456],[176.70376,-38.10452],[176.70415,-38.10476],[176.70457,-38.10463],[176.70471,-38.10448],[176.70474,-38.1043],[176.7046,-38.10406],[176.70383,-38.10339],[176.70408,-38.10294],[176.7048,-38.10244],[176.70483,-38.10224],[176.70468,-38.10197],[176.70357,-38.10163],[176.70335,-38.10103],[176.70343,-38.10069],[176.70396,-38.10037],[176.70445,-38.1003],[176.70492,-38.10035],[176.70535,-38.10091],[176.70568,-38.10091],[176.70602,-38.10066],[176.70647,-38.09987],[176.70663,-38.09854],[176.70681,-38.09799],[176.70737,-38.09724],[176.70826,-38.09641],[176.70856,-38.09513],[176.71048,-38.09442],[176.71083,-38.09345],[176.71168,-38.09346],[176.71231,-38.09305],[176.71432,-38.09015],[176.72077,-38.07929],[176.72167,-38.07806],[176.73129,-38.07712],[176.74289,-38.06133],[176.73912,-38.05631],[176.72993,-38.05762],[176.72746,-38.05787],[176.72699,-38.05833],[176.72661,-38.05848]]]}},{"type":"Feature","properties":{"id":"lower-hutt-city","name":"Lower Hutt City","level":2,"centroid":[174.9675,-41.2848],"bbox":[174.8479,-41.4368,175.0871,-41.1328]},"geometry":{"type":"Polygon","coordinates":[[[175.08159,-41.22621],[175.07982,-41.22051],[175.08186,-41.21787],[175.07595,-41.21227],[175.06739,-41.21851],[175.05246,-41.2156],[175.04208,-41.2222],[175.03691,-41.2186],[175.01996,-41.21773],[175.0154,-41.21312],[174.99936,-41.21459],[174.9911,-41.20377],[174.99318,-41.20057],[175.00093,-41.19802],[175.00431,-41.18839],[175.01595,-41.18906],[175.01816,-41.17842],[175.00849,-41.17732],[174.999,-41.16673],[175.00505,-41.16363],[174.9918,-41.1488],[174.99912,-41.14438],[174.98489,-41.14319],[174.97944,-41.13997],[174.97504,-41.13275],[174.97235,-41.13654],[174.97372,-41.14099],[174.96456,-41.14751],[174.95168,-41.14497],[174.94875,-41.15309],[174.92775,-41.15152],[174.92725,-41.14923],[174.91601,-41.14702],[174.91553,-41.14087],[174.91097,-41.13997],[174.90766,-41.14956],[174.8992,-41.1479],[174.87929,-41.17351],[174.87893,-41.17792],[174.87568,-41.17648],[174.8655,-41.18914],[174.86733,-41.18945],[174.8664,-41.19606],[174.86452,-41.19585],[174.86082,-41.20256],[174.86329,-41.20285],[174.85903,-41.20991],[174.86185,-41.21428],[174.85753,-41.22403],[174.84981,-41.22662],[174.85763,-41.22485],[174.8673,-41.22609],[174.872,-41.22743],[174.87018,-41.23],[174.87209,-41.22745],[174.88826,-41.23171],[174.89777,-41.23886],[174.89846,-41.23558],[174.90105,-41.23672],[174.899,-41.24602],[174.90196,-41.25143],[174.9015,-41.24765],[174.9058,-41.25056],[174.90142,-41.25147],[174.90308,-41.2526],[174.8985,-41.25615],[174.89869,-41.25889],[174.90396,-41.25312],[174.91246,-41.25808],[174.90777,-41.26059],[174.90996,-41.26446],[174.90648,-41.26727],[174.90793,-41.27033],[174.90312,-41.27683],[174.90629,-41.28186],[174.89592,-41.28851],[174.89289,-41.29238],[174.89222,-41.29899],[174.87901,-41.3162],[174.8719,-41.31835],[174.87113,-41.32541],[174.85891,-41.33677],[174.85882,-41.34082],[174.85197,-41.34924],[174.85261,-41.3533],[174.84788,-41.35933],[174.85063,-41.36393],[174.85671,-41.36603],[174.86022,-41.37245],[174.87465,-41.38397],[174.87642,-41.38867],[174.87483,-41.39272],[174.86593,-41.40083],[174.86855,-41.40969],[174.90142,-41.41797],[174.91503,-41.43605],[174.91875,-41.43682],[174.95688,-41.41283],[174.98286,-41.40241],[174.98606,-41.39595],[174.95865,-41.38292],[174.97078,-41.3705],[174.98084,-41.36481],[174.99344,-41.34501],[175.00386,-41.34457],[175.01442,-41.35058],[175.02235,-41.34825],[175.02277,-41.3409],[175.03317,-41.33167],[175.04419,-41.32982],[175.04086,-41.32492],[175.04812,-41.31883],[175.04772,-41.31328],[175.05517,-41.30954],[175.06529,-41.29673],[175.07321,-41.2944],[175.07261,-41.29131],[175.07688,-41.286],[175.083,-41.28434],[175.08238,-41.28104],[175.08703,-41.27795],[175.08079,-41.26915],[175.08708,-41.26283],[175.07582,-41.25202],[175.07421,-41.24491],[175.0802,-41.24092],[175.08351,-41.22808],[175.08159,-41.22621]]]}},{"type":"Feature","properties":{"id":"mackenzie-district","name":"Mackenzie District","level":2,"centroid":[170.5195,-43.938],"bbox":[169.8162,-44.4661,171.2227,-43.4099]},"geometry":{"type":"Polygon","coordinates":[[[169.96394,-43.79158],[169.9191,-43.82484],[169.89495,-43.87982],[169.86356,-43.90076],[169.8417,-43.93264],[169.82697,-43.95953],[169.81625,-44.01679],[169.82901,-44.0573],[169.87444,-44.10247],[169.86359,-44.12913],[169.84215,-44.14976],[169.87811,-44.19291],[169.87777,-44.25691],[169.89554,-44.27329],[169.92698,-44.26922],[169.93874,-44.28438],[169.95109,-44.28503],[170.00099,-44.26072],[170.00203,-44.27045],[170.02894,-44.26814],[170.08609,-44.28357],[170.16504,-44.31981],[170.20476,-44.35097],[170.20266,-44.38305],[170.22309,-44.41832],[170.21512,-44.44326],[170.22043,-44.46607],[170.57273,-44.31297],[170.59074,-44.34431],[170.60918,-44.35277],[170.63559,-44.35023],[170.65852,-44.3837],[170.73572,-44.38422],[170.77052,-44.44221],[170.80265,-44.43627],[170.78068,-44.41503],[170.79021,-44.37133],[170.86096,-44.33108],[170.91184,-44.33217],[170.92935,-44.36193],[170.9772,-44.37424],[170.94531,-44.3168],[170.94756,-44.30634],[170.89929,-44.26145],[170.86996,-44.20685],[170.86024,-44.17701],[170.87254,-44.16309],[170.87042,-44.13837],[170.90768,-44.14952],[170.93452,-44.16949],[170.99581,-44.1705],[170.99953,-44.13534],[170.98289,-44.10951],[170.97983,-44.06754],[170.96746,-44.06442],[170.98865,-44.04227],[170.96573,-44.02807],[170.96856,-44.01788],[170.94379,-44.00768],[170.97154,-43.98921],[170.96932,-43.96581],[170.99193,-43.96436],[170.98483,-43.9236],[170.99134,-43.92056],[171.03151,-43.95876],[171.07747,-43.961],[171.09752,-43.93221],[171.17627,-43.92756],[171.18151,-43.92249],[171.17252,-43.91067],[171.17922,-43.90677],[171.17109,-43.89466],[171.19763,-43.89105],[171.21311,-43.90056],[171.22272,-43.8883],[171.21171,-43.86812],[171.22079,-43.8497],[171.16818,-43.80621],[171.15332,-43.80786],[171.13877,-43.77982],[171.11642,-43.78219],[171.08696,-43.75483],[171.06847,-43.74923],[171.05001,-43.75882],[171.0079,-43.74861],[170.9742,-43.76982],[170.91143,-43.7895],[170.91486,-43.8047],[170.89112,-43.80335],[170.88277,-43.81174],[170.8615,-43.80882],[170.85098,-43.8003],[170.85372,-43.78639],[170.81683,-43.77354],[170.80687,-43.78342],[170.78358,-43.77524],[170.76307,-43.81709],[170.72397,-43.81256],[170.71532,-43.8054],[170.73779,-43.76465],[170.70141,-43.76221],[170.68596,-43.742],[170.69396,-43.72607],[170.68363,-43.71669],[170.69844,-43.69891],[170.69311,-43.68753],[170.70906,-43.67347],[170.70195,-43.66714],[170.71098,-43.644],[170.74095,-43.61239],[170.71781,-43.57847],[170.72999,-43.56485],[170.72751,-43.55584],[170.66294,-43.54483],[170.63873,-43.52888],[170.63845,-43.51534],[170.62595,-43.50682],[170.62697,-43.4892],[170.58979,-43.47595],[170.58229,-43.46497],[170.59868,-43.46309],[170.61558,-43.43152],[170.59128,-43.43402],[170.58073,-43.43002],[170.58024,-43.4185],[170.55667,-43.42415],[170.53051,-43.40989],[170.51133,-43.42841],[170.47549,-43.43298],[170.4592,-43.46131],[170.43381,-43.46581],[170.39503,-43.49817],[170.35604,-43.50615],[170.33482,-43.49796],[170.32845,-43.48166],[170.29923,-43.50174],[170.22883,-43.51903],[170.19848,-43.55319],[170.14663,-43.57382],[170.13982,-43.58945],[170.09813,-43.59548],[170.09515,-43.65561],[170.02846,-43.69081],[170.02289,-43.7061],[170.03037,-43.72336],[169.97877,-43.74708],[169.98453,-43.75996],[169.96394,-43.79158]]]}},{"type":"Feature","properties":{"id":"manawatu-district","name":"Manawatu District","level":2,"centroid":[175.6743,-40.1202],"bbox":[175.2216,-40.4419,176.1269,-39.7984]},"geometry":{"type":"Polygon","coordinates":[[[176.1172,-39.88677],[176.10982,-39.89034],[176.05368,-39.86673],[175.9997,-39.83229],[175.98544,-39.85014],[175.96433,-39.84778],[175.95448,-39.83016],[175.92932,-39.8268],[175.92943,-39.81552],[175.89758,-39.81429],[175.87013,-39.7988],[175.84112,-39.80335],[175.8375,-39.79836],[175.82419,-39.81029],[175.81085,-39.80305],[175.80756,-39.81186],[175.78714,-39.81244],[175.78318,-39.82688],[175.79362,-39.83765],[175.74239,-39.84952],[175.74481,-39.8604],[175.73327,-39.85756],[175.72795,-39.86422],[175.73379,-39.86829],[175.71552,-39.8705],[175.71775,-39.88109],[175.70433,-39.87423],[175.70203,-39.8799],[175.69515,-39.87425],[175.67684,-39.8779],[175.67446,-39.90397],[175.66263,-39.89774],[175.65751,-39.91101],[175.64542,-39.91652],[175.64149,-39.92918],[175.64902,-39.93201],[175.63774,-39.93491],[175.64745,-39.94238],[175.63039,-39.95505],[175.63765,-39.96627],[175.62648,-39.96502],[175.63314,-39.97354],[175.59809,-39.98973],[175.59854,-39.99908],[175.57882,-40.00076],[175.57898,-40.01885],[175.55186,-40.00296],[175.53939,-40.02377],[175.52425,-40.02254],[175.50251,-40.0341],[175.50432,-40.04241],[175.48969,-40.04931],[175.49684,-40.05958],[175.48759,-40.072],[175.48061,-40.06893],[175.47233,-40.08272],[175.45226,-40.07997],[175.45312,-40.08958],[175.43894,-40.10256],[175.45101,-40.11652],[175.43517,-40.12843],[175.44078,-40.1367],[175.43343,-40.14078],[175.43391,-40.16308],[175.42193,-40.16121],[175.39927,-40.18672],[175.36374,-40.18796],[175.33372,-40.20958],[175.33921,-40.21813],[175.33191,-40.21881],[175.32956,-40.23802],[175.30738,-40.26652],[175.30956,-40.27256],[175.28627,-40.27973],[175.27219,-40.29753],[175.24405,-40.28125],[175.22811,-40.29167],[175.22162,-40.28634],[175.22918,-40.32871],[175.22729,-40.39108],[175.27972,-40.38595],[175.27847,-40.39633],[175.42639,-40.43752],[175.44382,-40.43863],[175.45394,-40.42861],[175.44828,-40.43805],[175.4574,-40.44194],[175.46744,-40.42554],[175.46946,-40.43695],[175.48661,-40.42924],[175.48115,-40.43604],[175.49258,-40.43641],[175.51568,-40.41822],[175.55178,-40.40923],[175.539,-40.38726],[175.54527,-40.37797],[175.53988,-40.37091],[175.55188,-40.36559],[175.53181,-40.34812],[175.61214,-40.29368],[175.59646,-40.27999],[175.6138,-40.26808],[175.6263,-40.26887],[175.64154,-40.28303],[175.7189,-40.29047],[175.75834,-40.26976],[175.77101,-40.28099],[175.75809,-40.30023],[175.77114,-40.30572],[175.80506,-40.26504],[175.8146,-40.2722],[175.81502,-40.24722],[175.82745,-40.24724],[175.82754,-40.26201],[175.84148,-40.24611],[175.85951,-40.25441],[175.87377,-40.21608],[175.89369,-40.20052],[175.89826,-40.18465],[175.92741,-40.17534],[175.93849,-40.15526],[175.9575,-40.15603],[175.9794,-40.14246],[176.033,-40.08],[176.07024,-40.06105],[176.08113,-40.0478],[176.0741,-40.03596],[176.07775,-40.01293],[176.12111,-39.96245],[176.11711,-39.95774],[176.1245,-39.94776],[176.10974,-39.94186],[176.11543,-39.9294],[176.10683,-39.91709],[176.12612,-39.90478],[176.12689,-39.89155],[176.1172,-39.88677]]]}},{"type":"Feature","properties":{"id":"ma-ngere-a-ta-huhu-local-board-area","name":"MÄngere-ÅtÄhuhu Local Board Area","level":2,"centroid":[174.798,-36.9747],"bbox":[174.7296,-37.019,174.8663,-36.9305]},"geometry":{"type":"Polygon","coordinates":[[[174.82986,-36.93837],[174.83082,-36.94181],[174.82798,-36.94059],[174.82799,-36.94527],[174.81681,-36.94913],[174.81898,-36.94966],[174.81706,-36.9505],[174.81857,-36.95283],[174.82278,-36.95196],[174.8208,-36.95354],[174.82233,-36.9541],[174.81889,-36.95311],[174.81995,-36.95637],[174.81766,-36.95771],[174.81829,-36.95271],[174.80981,-36.95387],[174.80937,-36.95215],[174.81628,-36.94918],[174.8148,-36.94744],[174.81708,-36.94298],[174.7971,-36.95004],[174.79967,-36.94753],[174.79822,-36.94316],[174.79153,-36.93978],[174.78918,-36.93482],[174.78666,-36.93745],[174.78614,-36.9347],[174.78454,-36.94031],[174.77797,-36.93762],[174.77481,-36.94083],[174.76442,-36.93923],[174.76254,-36.94165],[174.76187,-36.93959],[174.75602,-36.94186],[174.75615,-36.9495],[174.76468,-36.95286],[174.76886,-36.95658],[174.76823,-36.95852],[174.77424,-36.95832],[174.77707,-36.95423],[174.78135,-36.95665],[174.7789,-36.95945],[174.77451,-36.95862],[174.7761,-36.96039],[174.7739,-36.96595],[174.74919,-36.96003],[174.72965,-36.96212],[174.73458,-36.96381],[174.73569,-36.96204],[174.7357,-36.96634],[174.73337,-36.96616],[174.7349,-36.96805],[174.73846,-36.96751],[174.74534,-36.97266],[174.76307,-36.96622],[174.7669,-36.97025],[174.76745,-36.97384],[174.76298,-36.97777],[174.75531,-36.97623],[174.75242,-36.9803],[174.74401,-36.9841],[174.74422,-36.9904],[174.74186,-36.99262],[174.74359,-36.99745],[174.75265,-36.9994],[174.76335,-37.00559],[174.77099,-37.00481],[174.77444,-37.01114],[174.76494,-37.01549],[174.76552,-37.01896],[174.79389,-37.01169],[174.80164,-37.01194],[174.80187,-37.01452],[174.80562,-37.01633],[174.81756,-37.01722],[174.81446,-37.01397],[174.8124,-37.01559],[174.80822,-37.01289],[174.80278,-37.01369],[174.81079,-37.00565],[174.80538,-37.00105],[174.80196,-37.00139],[174.80058,-36.99845],[174.80651,-36.99818],[174.80452,-36.99538],[174.79908,-36.99482],[174.80254,-36.99381],[174.80013,-36.99061],[174.79597,-36.98943],[174.79272,-36.99132],[174.79037,-36.98914],[174.79168,-36.98682],[174.79343,-36.9893],[174.79941,-36.98846],[174.79703,-36.98693],[174.79898,-36.98689],[174.79663,-36.98274],[174.7985,-36.98369],[174.79854,-36.98026],[174.80012,-36.98417],[174.80144,-36.98152],[174.80223,-36.98634],[174.80406,-36.98554],[174.8031,-36.98977],[174.80454,-36.98787],[174.80533,-36.99127],[174.80919,-36.99002],[174.80767,-36.99561],[174.81071,-36.99258],[174.81657,-36.99309],[174.81944,-36.991],[174.81179,-36.98597],[174.8149,-36.98703],[174.81576,-36.98533],[174.81862,-36.98862],[174.81952,-36.97802],[174.82017,-36.99247],[174.82426,-36.99086],[174.82756,-36.9938],[174.82993,-36.993],[174.83632,-36.98781],[174.82379,-36.97767],[174.82334,-36.97595],[174.83274,-36.97237],[174.82566,-36.96962],[174.8309,-36.96705],[174.83469,-36.96857],[174.83939,-36.96361],[174.83718,-36.96028],[174.84149,-36.95554],[174.84884,-36.95611],[174.85122,-36.95372],[174.84921,-36.951],[174.85453,-36.94798],[174.85244,-36.94508],[174.85644,-36.948],[174.85737,-36.94346],[174.85543,-36.94197],[174.85755,-36.9387],[174.86634,-36.93291],[174.86325,-36.93048],[174.85934,-36.93178],[174.85968,-36.93557],[174.85793,-36.93406],[174.85553,-36.93742],[174.85778,-36.93306],[174.85435,-36.93129],[174.849,-36.93688],[174.83542,-36.9346],[174.82986,-36.93837]]]}},{"type":"Feature","properties":{"id":"manurewa-local-board-area","name":"Manurewa Local Board Area","level":2,"centroid":[174.8863,-37.0238],"bbox":[174.8372,-37.059,174.9354,-36.9885]},"geometry":{"type":"Polygon","coordinates":[[[174.89624,-36.9901],[174.8878,-36.99207],[174.88999,-36.99631],[174.8786,-36.99597],[174.85711,-36.99813],[174.84871,-36.99763],[174.84787,-36.99962],[174.84716,-36.99943],[174.84696,-37.00225],[174.84518,-37.00276],[174.8458,-37.00389],[174.8451,-37.00398],[174.84542,-37.00507],[174.84452,-37.00584],[174.8453,-37.00579],[174.84402,-37.00651],[174.84431,-37.00787],[174.84327,-37.00874],[174.84421,-37.00902],[174.84321,-37.00895],[174.842,-37.01111],[174.83971,-37.01135],[174.83889,-37.01276],[174.83933,-37.01434],[174.83882,-37.01382],[174.83814,-37.01413],[174.83827,-37.01526],[174.83715,-37.0152],[174.83738,-37.01595],[174.83877,-37.01593],[174.83851,-37.0173],[174.84121,-37.01831],[174.84174,-37.01928],[174.84698,-37.01912],[174.84789,-37.02118],[174.84912,-37.02139],[174.85118,-37.02136],[174.84971,-37.02008],[174.85116,-37.01914],[174.85103,-37.0181],[174.853,-37.01973],[174.8566,-37.01636],[174.85478,-37.01905],[174.85732,-37.01914],[174.85817,-37.02039],[174.85909,-37.0201],[174.85999,-37.02098],[174.85657,-37.02088],[174.85398,-37.02237],[174.85619,-37.02464],[174.85663,-37.0262],[174.85443,-37.03013],[174.85525,-37.03217],[174.8545,-37.03208],[174.85658,-37.03374],[174.8564,-37.03611],[174.85525,-37.03817],[174.85791,-37.04216],[174.85683,-37.04303],[174.85645,-37.04498],[174.85782,-37.0512],[174.85914,-37.05183],[174.86085,-37.05113],[174.86307,-37.05308],[174.8643,-37.05285],[174.86607,-37.05078],[174.86565,-37.05027],[174.86862,-37.04774],[174.86865,-37.04671],[174.86946,-37.04706],[174.86939,-37.04599],[174.87041,-37.04518],[174.87157,-37.04561],[174.87225,-37.04464],[174.8716,-37.04312],[174.87208,-37.04234],[174.87113,-37.04142],[174.8721,-37.0415],[174.87354,-37.03931],[174.8728,-37.03878],[174.87344,-37.03739],[174.87409,-37.04133],[174.87511,-37.04173],[174.87597,-37.04006],[174.88027,-37.04125],[174.88183,-37.04272],[174.884,-37.04267],[174.88772,-37.03937],[174.88965,-37.04163],[174.89055,-37.03998],[174.89184,-37.03958],[174.89297,-37.04188],[174.88966,-37.04305],[174.88768,-37.04041],[174.88724,-37.04227],[174.8882,-37.04383],[174.88617,-37.04664],[174.88434,-37.04708],[174.88214,-37.04914],[174.88109,-37.04619],[174.87952,-37.0449],[174.87461,-37.04846],[174.87166,-37.04882],[174.87163,-37.05054],[174.86961,-37.05366],[174.87255,-37.05509],[174.87582,-37.05495],[174.87752,-37.05366],[174.87919,-37.05363],[174.88254,-37.05721],[174.88468,-37.05746],[174.88742,-37.059],[174.88769,-37.05566],[174.88908,-37.05387],[174.89101,-37.05303],[174.8912,-37.05105],[174.89375,-37.04966],[174.8959,-37.04988],[174.89543,-37.04838],[174.90082,-37.04576],[174.89949,-37.04271],[174.89978,-37.04131],[174.902,-37.03943],[174.90159,-37.03847],[174.90513,-37.03611],[174.90647,-37.03353],[174.91388,-37.03143],[174.91884,-37.0263],[174.92298,-37.02813],[174.92529,-37.02798],[174.91951,-37.01618],[174.93539,-37.01059],[174.93483,-37.00737],[174.92453,-36.99924],[174.92235,-36.99577],[174.92075,-36.99584],[174.91807,-36.99441],[174.91718,-36.99123],[174.91557,-36.98937],[174.90169,-36.98852],[174.89624,-36.9901]]]}},{"type":"Feature","properties":{"id":"marlborough-district","name":"Marlborough District","level":2,"centroid":[173.5514,-41.5905],"bbox":[172.7215,-42.4881,174.3814,-40.6928]},"geometry":{"type":"MultiPolygon","coordinates":[[[[174.38137,-41.08799],[174.28772,-41.14103],[174.37453,-41.12519],[174.34149,-41.17662],[174.16092,-41.24184],[174.37082,-41.19699],[174.38137,-41.08799]]],[[[172.72147,-42.10349],[172.72918,-42.16536],[172.83205,-42.18446],[172.84698,-42.30806],[172.91497,-42.30928],[172.94139,-42.37783],[173.00289,-42.39328],[172.96953,-42.44868],[173.05422,-42.48808],[173.15232,-42.4496],[173.24332,-42.35608],[173.18317,-42.3369],[173.29645,-42.24803],[173.48425,-42.18134],[173.46307,-42.11781],[173.49913,-42.07874],[173.72025,-41.96076],[173.7369,-41.91123],[173.78945,-41.95818],[173.95906,-41.90849],[174.06344,-41.93471],[174.04767,-41.96823],[174.08269,-41.9447],[174.2763,-41.72686],[174.17935,-41.7079],[174.15042,-41.55942],[174.06205,-41.50104],[174.12603,-41.54721],[174.05756,-41.55125],[174.03328,-41.42893],[174.11363,-41.29854],[174.19013,-41.29321],[174.12339,-41.35155],[174.23851,-41.3196],[174.2231,-41.29166],[174.31568,-41.213],[174.25356,-41.26049],[174.18557,-41.25002],[174.20292,-41.27744],[174.13417,-41.25821],[174.14634,-41.2317],[174.01067,-41.29019],[174.01113,-41.25834],[173.90403,-41.27998],[173.97167,-41.2539],[173.96611,-41.22272],[173.98278,-41.25084],[173.99915,-41.21698],[174.02473,-41.24081],[174.031,-41.20961],[174.20275,-41.18317],[174.14527,-41.10836],[174.1805,-41.08706],[174.22027,-41.14176],[174.31464,-40.99402],[174.21823,-41.07135],[174.1671,-41.04307],[174.23005,-40.98502],[174.1823,-41.01127],[174.15589,-40.96866],[174.14132,-41.01985],[174.09704,-40.99495],[174.10771,-41.05266],[174.06672,-40.99614],[174.00863,-41.01013],[174.01403,-40.96474],[173.96951,-40.98404],[173.98848,-41.01568],[173.9341,-41.03924],[174.04943,-41.02101],[174.00953,-41.05907],[174.04813,-41.10467],[173.98655,-41.09965],[173.9653,-41.1504],[173.97646,-41.07883],[173.93315,-41.08383],[173.8678,-41.14155],[173.90136,-41.14954],[173.86765,-41.15369],[173.89804,-41.16846],[173.87227,-41.20953],[174.12172,-41.17154],[173.86204,-41.21929],[173.92709,-41.22454],[173.81041,-41.26474],[173.83455,-41.29288],[173.73409,-41.26624],[173.85054,-41.23995],[173.84903,-41.15275],[173.77768,-41.15274],[173.95077,-41.06178],[173.83193,-41.0526],[173.75984,-41.1186],[173.81078,-41.03227],[173.7705,-41.02375],[173.91885,-40.99602],[173.9568,-40.92288],[173.98847,-40.90924],[173.99731,-40.94721],[174.02303,-40.91057],[173.97921,-40.88835],[173.85189,-40.9901],[173.83508,-40.92426],[173.79772,-40.98432],[173.6733,-41.03427],[173.76271,-41.04571],[173.66328,-41.07825],[173.665,-41.11091],[173.59389,-41.05112],[173.57442,-41.18372],[173.28613,-41.40114],[173.25083,-41.46658],[173.29852,-41.51573],[173.17244,-41.52409],[173.00379,-41.7248],[172.92604,-41.74841],[172.94568,-41.78093],[172.84757,-41.87429],[172.84725,-41.94246],[172.733,-42.03451],[172.72147,-42.10349]]],[[[173.95636,-40.69283],[173.88374,-40.76872],[173.93306,-40.76905],[173.90555,-40.80354],[173.86583,-40.80707],[173.8843,-40.73595],[173.82794,-40.75534],[173.79413,-40.81505],[173.84533,-40.86266],[173.78146,-40.83427],[173.77035,-40.94193],[173.9123,-40.86857],[173.95636,-40.69283]]]]}},{"type":"Feature","properties":{"id":"masterton-district","name":"Masterton District","level":2,"centroid":[175.8533,-40.9346],"bbox":[175.4351,-41.1963,176.2716,-40.6729]},"geometry":{"type":"Polygon","coordinates":[[[176.27053,-40.78082],[176.26405,-40.78078],[176.26645,-40.76363],[176.25817,-40.76005],[176.26984,-40.74968],[176.26375,-40.74654],[176.27156,-40.74463],[176.26042,-40.73844],[176.25253,-40.74554],[176.24657,-40.74093],[176.24449,-40.73398],[176.25125,-40.73345],[176.23763,-40.72909],[176.24128,-40.71763],[176.23429,-40.71555],[176.2342,-40.7076],[176.18517,-40.69727],[176.1755,-40.70086],[176.1572,-40.69216],[176.16246,-40.6822],[176.15318,-40.677],[176.13306,-40.68462],[176.10321,-40.67292],[176.09371,-40.67517],[176.07909,-40.70743],[176.08198,-40.71571],[176.04369,-40.71643],[176.01718,-40.70564],[176.01252,-40.71691],[176.01067,-40.71313],[175.99539,-40.72503],[175.97401,-40.72288],[175.97547,-40.73832],[175.94343,-40.74065],[175.93498,-40.76681],[175.90985,-40.75093],[175.88547,-40.77329],[175.87164,-40.7779],[175.8495,-40.76162],[175.84208,-40.76924],[175.82692,-40.76092],[175.81093,-40.77958],[175.78859,-40.76799],[175.78546,-40.77233],[175.76474,-40.76809],[175.76641,-40.75504],[175.77535,-40.75084],[175.79075,-40.7256],[175.77393,-40.71896],[175.78136,-40.70815],[175.77011,-40.69889],[175.75418,-40.7093],[175.75241,-40.69742],[175.69065,-40.69656],[175.69373,-40.7163],[175.68234,-40.71613],[175.67595,-40.72943],[175.66153,-40.72539],[175.65322,-40.74249],[175.62797,-40.7427],[175.63212,-40.74632],[175.6277,-40.7528],[175.58737,-40.7342],[175.56079,-40.73487],[175.56054,-40.72876],[175.47344,-40.6934],[175.43507,-40.74605],[175.45763,-40.76594],[175.49206,-40.77673],[175.49063,-40.80438],[175.47368,-40.84561],[175.49243,-40.86487],[175.49665,-40.88374],[175.51661,-40.88265],[175.54274,-40.89629],[175.56067,-40.92425],[175.66412,-41.00736],[175.65541,-41.04407],[175.62774,-41.05712],[175.63224,-41.06939],[175.64591,-41.06425],[175.65015,-41.07052],[175.65954,-41.06518],[175.65865,-41.05972],[175.66799,-41.06292],[175.67309,-41.0434],[175.69635,-41.03939],[175.68796,-41.02369],[175.72913,-41.01973],[175.7311,-41.01393],[175.73915,-41.01512],[175.7411,-41.00314],[175.75731,-41.00297],[175.7531,-41.01937],[175.77703,-41.04119],[175.75395,-41.0524],[175.7522,-41.06711],[175.73894,-41.0836],[175.76382,-41.08644],[175.75914,-41.09376],[175.77269,-41.10074],[175.77385,-41.1109],[175.789,-41.11279],[175.7966,-41.13055],[175.81681,-41.13794],[175.81412,-41.14399],[175.82165,-41.15287],[175.83804,-41.16],[175.85972,-41.14374],[175.87823,-41.14085],[175.89834,-41.1556],[175.90182,-41.14533],[175.92408,-41.14999],[175.93506,-41.16447],[175.93824,-41.18501],[175.98058,-41.19611],[175.99225,-41.19631],[175.99447,-41.18252],[176.00895,-41.16624],[176.06264,-41.1309],[176.07132,-41.09412],[176.09866,-41.05643],[176.10693,-41.01522],[176.12845,-40.99836],[176.14599,-40.95716],[176.20715,-40.91255],[176.23002,-40.9037],[176.2325,-40.89929],[176.21986,-40.89685],[176.21985,-40.8863],[176.24055,-40.86039],[176.27053,-40.78082]]]}},{"type":"Feature","properties":{"id":"matamata-piako-district","name":"Matamata-Piako District","level":2,"centroid":[175.6725,-37.6855],"bbox":[175.3732,-37.9521,175.9718,-37.4188]},"geometry":{"type":"Polygon","coordinates":[[[175.39067,-37.43325],[175.38941,-37.44052],[175.38381,-37.44462],[175.38725,-37.45473],[175.37323,-37.4668],[175.38155,-37.47512],[175.45698,-37.7258],[175.47114,-37.73545],[175.48859,-37.73898],[175.49452,-37.74653],[175.4986,-37.74272],[175.50505,-37.74374],[175.51229,-37.73265],[175.5275,-37.76425],[175.58054,-37.77678],[175.57337,-37.79599],[175.57872,-37.80211],[175.58359,-37.79697],[175.60338,-37.7964],[175.60178,-37.80829],[175.59451,-37.81256],[175.59548,-37.82451],[175.59936,-37.83013],[175.62014,-37.83492],[175.62533,-37.84562],[175.64081,-37.85078],[175.62881,-37.86571],[175.6323,-37.87843],[175.6264,-37.88138],[175.63488,-37.89002],[175.63151,-37.89356],[175.63265,-37.89794],[175.64719,-37.89877],[175.65784,-37.9109],[175.6527,-37.93848],[175.64832,-37.94161],[175.65034,-37.9468],[175.65864,-37.95214],[175.66974,-37.94112],[175.67424,-37.94407],[175.6861,-37.93948],[175.69193,-37.94104],[175.70727,-37.90464],[175.71408,-37.90053],[175.72223,-37.90157],[175.73922,-37.91652],[175.7599,-37.90441],[175.79353,-37.90162],[175.79328,-37.89739],[175.79972,-37.89612],[175.79721,-37.90233],[175.80128,-37.90203],[175.8018,-37.90589],[175.7964,-37.90783],[175.80246,-37.91874],[175.82495,-37.91841],[175.82486,-37.9061],[175.8356,-37.90595],[175.82941,-37.90847],[175.83447,-37.91973],[175.84854,-37.92711],[175.85684,-37.92385],[175.85526,-37.90987],[175.8727,-37.91482],[175.86834,-37.92153],[175.87414,-37.9233],[175.88132,-37.92117],[175.88404,-37.91282],[175.90412,-37.91256],[175.90467,-37.90927],[175.91053,-37.90767],[175.91572,-37.91157],[175.90835,-37.91294],[175.90862,-37.92064],[175.92017,-37.92346],[175.95424,-37.90191],[175.97183,-37.88285],[175.96093,-37.8894],[175.9478,-37.87881],[175.93625,-37.88136],[175.9365,-37.87007],[175.93991,-37.86801],[175.93186,-37.8616],[175.92785,-37.85208],[175.92813,-37.84718],[175.93501,-37.84264],[175.90587,-37.82855],[175.92758,-37.77616],[175.89521,-37.72422],[175.9002,-37.71837],[175.89573,-37.7167],[175.89683,-37.71181],[175.88991,-37.70919],[175.88974,-37.70115],[175.8795,-37.69931],[175.86524,-37.66811],[175.85206,-37.66205],[175.8408,-37.64193],[175.83359,-37.62749],[175.84082,-37.62058],[175.84148,-37.61331],[175.82304,-37.58264],[175.82167,-37.57157],[175.76474,-37.52322],[175.74346,-37.5334],[175.75329,-37.52661],[175.75063,-37.4938],[175.75506,-37.48669],[175.75488,-37.46307],[175.71213,-37.46247],[175.70621,-37.45935],[175.70613,-37.46927],[175.70167,-37.45857],[175.69036,-37.4631],[175.6721,-37.45089],[175.63992,-37.45372],[175.63716,-37.44387],[175.64029,-37.43964],[175.62952,-37.43325],[175.63139,-37.41877],[175.59811,-37.41902],[175.58774,-37.42406],[175.58389,-37.41916],[175.52074,-37.41984],[175.51154,-37.43031],[175.46922,-37.43613],[175.43703,-37.45009],[175.43797,-37.44058],[175.4087,-37.43797],[175.41168,-37.42484],[175.39589,-37.43918],[175.39067,-37.43325]]]}},{"type":"Feature","properties":{"id":"maungakiekie-ta-maki-local-board-area","name":"Maungakiekie-TÄmaki Local Board Area","level":2,"centroid":[174.8245,-36.9022],"bbox":[174.7672,-36.9384,174.8818,-36.8661]},"geometry":{"type":"Polygon","coordinates":[[[174.77472,-36.90587],[174.77546,-36.90915],[174.7738,-36.90911],[174.77153,-36.91608],[174.76861,-36.91545],[174.76719,-36.92161],[174.77148,-36.92333],[174.7703,-36.92592],[174.77255,-36.92506],[174.77509,-36.9266],[174.77562,-36.92592],[174.77573,-36.92738],[174.77708,-36.92866],[174.77867,-36.92743],[174.78146,-36.92884],[174.78231,-36.93229],[174.78406,-36.93266],[174.78249,-36.93336],[174.78898,-36.93211],[174.78887,-36.93128],[174.81982,-36.93052],[174.81975,-36.929],[174.82156,-36.92817],[174.82344,-36.92869],[174.82492,-36.93014],[174.8264,-36.92929],[174.82914,-36.93092],[174.83004,-36.93482],[174.82986,-36.93837],[174.83593,-36.93602],[174.83542,-36.9346],[174.83893,-36.93447],[174.83905,-36.93558],[174.84402,-36.93618],[174.84532,-36.93512],[174.84834,-36.93493],[174.85006,-36.93342],[174.85212,-36.93323],[174.85175,-36.93155],[174.85325,-36.93031],[174.85271,-36.92968],[174.85415,-36.9289],[174.85922,-36.92909],[174.86177,-36.92733],[174.86287,-36.92559],[174.86211,-36.92418],[174.85996,-36.92278],[174.85716,-36.91811],[174.85374,-36.91704],[174.85424,-36.91496],[174.8522,-36.91507],[174.85083,-36.9164],[174.85185,-36.91524],[174.85125,-36.91462],[174.85259,-36.91437],[174.85431,-36.91217],[174.8535,-36.91206],[174.85288,-36.91299],[174.84992,-36.91273],[174.85261,-36.91267],[174.85437,-36.91137],[174.85571,-36.91229],[174.85657,-36.91196],[174.85618,-36.91001],[174.85697,-36.90875],[174.85549,-36.90601],[174.84738,-36.90851],[174.84373,-36.90638],[174.84552,-36.90391],[174.84762,-36.90258],[174.85348,-36.90185],[174.85757,-36.90786],[174.86062,-36.90473],[174.86244,-36.90453],[174.86351,-36.90353],[174.86475,-36.90395],[174.86884,-36.90213],[174.86786,-36.89986],[174.86855,-36.89704],[174.86767,-36.89333],[174.86809,-36.88782],[174.86994,-36.88477],[174.8716,-36.88377],[174.87343,-36.88397],[174.87346,-36.882],[174.87532,-36.88157],[174.87539,-36.8807],[174.87765,-36.87882],[174.87663,-36.87741],[174.87362,-36.87882],[174.87351,-36.87829],[174.87236,-36.87887],[174.86963,-36.87801],[174.87078,-36.87775],[174.87251,-36.87861],[174.87348,-36.87774],[174.87597,-36.87739],[174.87628,-36.87589],[174.87822,-36.8742],[174.88153,-36.87298],[174.88184,-36.8721],[174.87741,-36.86842],[174.87417,-36.86948],[174.86977,-36.86859],[174.8661,-36.86998],[174.86216,-36.87001],[174.85746,-36.86947],[174.85541,-36.86732],[174.85148,-36.86613],[174.84895,-36.86781],[174.84546,-36.86827],[174.8457,-36.87021],[174.85059,-36.8722],[174.85313,-36.8752],[174.85556,-36.88395],[174.85483,-36.8885],[174.85337,-36.88833],[174.85332,-36.88739],[174.85229,-36.88804],[174.84924,-36.88749],[174.84702,-36.88979],[174.84429,-36.89079],[174.84343,-36.8919],[174.84102,-36.89236],[174.83921,-36.89126],[174.8377,-36.89284],[174.83141,-36.88806],[174.82952,-36.88791],[174.82488,-36.89194],[174.82379,-36.89489],[174.82461,-36.89569],[174.81795,-36.90359],[174.81838,-36.90701],[174.81148,-36.90347],[174.81053,-36.9039],[174.80706,-36.89633],[174.80241,-36.89269],[174.80083,-36.89445],[174.79884,-36.89395],[174.79447,-36.89919],[174.79204,-36.8985],[174.79182,-36.89583],[174.78902,-36.89277],[174.7823,-36.89304],[174.77887,-36.89911],[174.77755,-36.90447],[174.77472,-36.90587]]]}},{"type":"Feature","properties":{"id":"napier-city","name":"Napier City","level":2,"centroid":[176.8689,-39.4793],"bbox":[176.8113,-39.5706,176.9265,-39.3879]},"geometry":{"type":"Polygon","coordinates":[[[176.92646,-39.56167],[176.92225,-39.54958],[176.91921,-39.5225],[176.92087,-39.48606],[176.92228,-39.48095],[176.92341,-39.48026],[176.92263,-39.47813],[176.92412,-39.47633],[176.92369,-39.47271],[176.92004,-39.46932],[176.91732,-39.46993],[176.91555,-39.47082],[176.91693,-39.47026],[176.92148,-39.47278],[176.92152,-39.47719],[176.92024,-39.47747],[176.92022,-39.47557],[176.91995,-39.47705],[176.91878,-39.47488],[176.91842,-39.47727],[176.91724,-39.47698],[176.91728,-39.47322],[176.91039,-39.47478],[176.91134,-39.4768],[176.90852,-39.47794],[176.89988,-39.47889],[176.89596,-39.47725],[176.89486,-39.48058],[176.89764,-39.48129],[176.89473,-39.48157],[176.89279,-39.48547],[176.89187,-39.48366],[176.88911,-39.48301],[176.88885,-39.48229],[176.89298,-39.48131],[176.89397,-39.4791],[176.89107,-39.48024],[176.88621,-39.47856],[176.87931,-39.47017],[176.87384,-39.45888],[176.87238,-39.44601],[176.87663,-39.4217],[176.88602,-39.39728],[176.8837,-39.39718],[176.88113,-39.39998],[176.87907,-39.39958],[176.87923,-39.39511],[176.87712,-39.39287],[176.87337,-39.3914],[176.87072,-39.38794],[176.86492,-39.39371],[176.86029,-39.39417],[176.85391,-39.39261],[176.85223,-39.40336],[176.85408,-39.40348],[176.85573,-39.40698],[176.85814,-39.40817],[176.85403,-39.41017],[176.85674,-39.41609],[176.85432,-39.41507],[176.85177,-39.41762],[176.85147,-39.41661],[176.85018,-39.41716],[176.8483,-39.41599],[176.84831,-39.41783],[176.84558,-39.41847],[176.84529,-39.41989],[176.84976,-39.42501],[176.84923,-39.4298],[176.84782,-39.43111],[176.84737,-39.43398],[176.8442,-39.43369],[176.83633,-39.43763],[176.83141,-39.43849],[176.83112,-39.43982],[176.8346,-39.44319],[176.83435,-39.44545],[176.83183,-39.44672],[176.83355,-39.44896],[176.83641,-39.44839],[176.83861,-39.4455],[176.83887,-39.44312],[176.84187,-39.4467],[176.84092,-39.45176],[176.83742,-39.45373],[176.83596,-39.45287],[176.83131,-39.4543],[176.82752,-39.45685],[176.82807,-39.46006],[176.82598,-39.46068],[176.82547,-39.46275],[176.83652,-39.47694],[176.83246,-39.47723],[176.8311,-39.47947],[176.82685,-39.48123],[176.82654,-39.48267],[176.82361,-39.48267],[176.82359,-39.48439],[176.82202,-39.48549],[176.82275,-39.48636],[176.82388,-39.48741],[176.82818,-39.48679],[176.82896,-39.48802],[176.82147,-39.49053],[176.8135,-39.49486],[176.81249,-39.50353],[176.81741,-39.50641],[176.8163,-39.50798],[176.8258,-39.51221],[176.82706,-39.51351],[176.82639,-39.51481],[176.83069,-39.51759],[176.8307,-39.52126],[176.82869,-39.52372],[176.83085,-39.52666],[176.8151,-39.54843],[176.81432,-39.54794],[176.81127,-39.55164],[176.81286,-39.55193],[176.81479,-39.55465],[176.82199,-39.55641],[176.83027,-39.55487],[176.83998,-39.54868],[176.85905,-39.55004],[176.86694,-39.55376],[176.86809,-39.55755],[176.87404,-39.5661],[176.88608,-39.57058],[176.89513,-39.56957],[176.91693,-39.56137],[176.92646,-39.56167]]]}},{"type":"Feature","properties":{"id":"nelson-city","name":"Nelson City","level":2,"centroid":[173.3988,-41.2221],"bbox":[173.1989,-41.3931,173.5988,-41.0511]},"geometry":{"type":"Polygon","coordinates":[[[173.29744,-41.39314],[173.33752,-41.38554],[173.36075,-41.3532],[173.376,-41.34234],[173.40679,-41.33096],[173.41476,-41.32306],[173.41664,-41.31345],[173.42077,-41.30843],[173.42099,-41.29977],[173.41551,-41.28878],[173.43691,-41.27294],[173.44166,-41.26428],[173.47115,-41.2428],[173.47617,-41.22894],[173.48774,-41.22161],[173.5158,-41.2139],[173.52201,-41.20663],[173.5201,-41.19998],[173.52233,-41.19829],[173.53429,-41.19588],[173.54391,-41.18979],[173.56738,-41.19004],[173.57442,-41.18372],[173.57634,-41.17142],[173.58091,-41.16398],[173.58131,-41.15532],[173.57823,-41.15169],[173.58185,-41.14659],[173.57857,-41.13594],[173.57986,-41.1208],[173.59001,-41.10845],[173.58821,-41.10011],[173.59656,-41.08931],[173.59191,-41.07837],[173.59876,-41.06965],[173.59389,-41.05112],[173.58749,-41.06337],[173.58051,-41.06646],[173.57097,-41.06395],[173.56549,-41.07839],[173.55895,-41.07503],[173.55649,-41.07769],[173.55891,-41.08561],[173.54725,-41.09665],[173.52948,-41.10311],[173.52153,-41.10207],[173.51956,-41.10572],[173.51398,-41.10439],[173.50765,-41.11536],[173.50946,-41.12773],[173.50636,-41.1348],[173.48257,-41.15687],[173.44211,-41.1606],[173.46955,-41.16143],[173.46303,-41.16657],[173.45175,-41.16458],[173.44634,-41.1664],[173.44561,-41.17019],[173.43361,-41.16926],[173.43139,-41.17097],[173.43825,-41.17211],[173.42933,-41.17679],[173.42571,-41.17475],[173.42454,-41.16952],[173.41351,-41.16337],[173.41378,-41.16068],[173.42029,-41.15772],[173.42499,-41.16545],[173.42885,-41.16645],[173.43624,-41.16193],[173.4377,-41.16366],[173.43804,-41.15954],[173.4443,-41.16437],[173.43872,-41.16044],[173.43975,-41.15176],[173.43393,-41.13818],[173.41671,-41.13623],[173.41188,-41.14207],[173.41408,-41.14438],[173.41263,-41.14933],[173.41795,-41.15499],[173.41583,-41.15924],[173.40385,-41.15573],[173.38911,-41.16777],[173.37346,-41.17367],[173.36355,-41.18415],[173.32301,-41.20321],[173.33006,-41.2178],[173.31951,-41.2267],[173.31543,-41.23618],[173.31655,-41.24169],[173.31186,-41.25005],[173.29903,-41.25565],[173.29182,-41.26235],[173.28029,-41.2657],[173.28416,-41.26156],[173.28435,-41.2542],[173.28007,-41.25449],[173.28241,-41.25669],[173.27972,-41.26521],[173.28065,-41.25571],[173.27668,-41.25533],[173.27858,-41.25965],[173.27446,-41.25874],[173.27268,-41.2618],[173.27119,-41.25976],[173.25153,-41.2791],[173.23747,-41.27842],[173.22115,-41.29343],[173.20597,-41.29892],[173.207,-41.30099],[173.21201,-41.29721],[173.22054,-41.29658],[173.21463,-41.302],[173.22514,-41.30243],[173.2098,-41.30294],[173.20519,-41.30643],[173.22099,-41.30416],[173.21734,-41.30574],[173.21888,-41.30891],[173.21349,-41.31342],[173.2093,-41.32618],[173.19889,-41.33062],[173.2191,-41.34891],[173.21783,-41.35476],[173.23202,-41.36267],[173.23004,-41.36882],[173.23788,-41.37186],[173.2396,-41.36826],[173.24958,-41.36456],[173.24802,-41.37052],[173.25637,-41.3822],[173.27221,-41.37873],[173.29744,-41.39314]]]}},{"type":"Feature","properties":{"id":"new-plymouth-district","name":"New Plymouth District","level":2,"centroid":[174.3419,-39.0013],"bbox":[173.821,-39.296,174.8629,-38.7067]},"geometry":{"type":"Polygon","coordinates":[[[174.61515,-38.70665],[174.5924,-38.80054],[174.58425,-38.81248],[174.59312,-38.81716],[174.58212,-38.81789],[174.5497,-38.86664],[174.51745,-38.89202],[174.49901,-38.89592],[174.43922,-38.96229],[174.40684,-38.98337],[174.34803,-38.99405],[174.30217,-38.98245],[174.26675,-38.98683],[174.24195,-38.98167],[174.1998,-38.98867],[174.17941,-38.99629],[174.15807,-39.0147],[174.13763,-39.01839],[174.08888,-39.05118],[174.04457,-39.0549],[174.05061,-39.05819],[174.04293,-39.06065],[174.03134,-39.05691],[174.03927,-39.05182],[174.02934,-39.05446],[174.01641,-39.06099],[174.02058,-39.06983],[174.00393,-39.0853],[173.94795,-39.11548],[173.91124,-39.12009],[173.89636,-39.1323],[173.84573,-39.15388],[173.82098,-39.17436],[173.86347,-39.19044],[173.90184,-39.22985],[173.92465,-39.24403],[174.06378,-39.29604],[174.17534,-39.2881],[174.24815,-39.25139],[174.25724,-39.23237],[174.27186,-39.22406],[174.28647,-39.22456],[174.28648,-39.2352],[174.35685,-39.24149],[174.35924,-39.22973],[174.41529,-39.22444],[174.42378,-39.22859],[174.42136,-39.21421],[174.42871,-39.22019],[174.42735,-39.20806],[174.44575,-39.20592],[174.43567,-39.20076],[174.44274,-39.19606],[174.43928,-39.19133],[174.45374,-39.18673],[174.45771,-39.17792],[174.47624,-39.17929],[174.48174,-39.1878],[174.51117,-39.19704],[174.52082,-39.18579],[174.51995,-39.17537],[174.53367,-39.17227],[174.52527,-39.17],[174.53249,-39.16448],[174.51888,-39.16474],[174.52735,-39.16083],[174.52233,-39.15254],[174.52967,-39.15934],[174.52757,-39.14653],[174.54172,-39.1432],[174.52052,-39.13886],[174.52881,-39.13307],[174.52067,-39.12521],[174.52577,-39.12037],[174.53716,-39.12418],[174.53445,-39.11035],[174.54656,-39.11172],[174.53736,-39.10522],[174.53875,-39.09912],[174.55767,-39.10048],[174.54743,-39.09264],[174.55787,-39.09237],[174.55475,-39.07147],[174.5608,-39.07908],[174.56859,-39.0706],[174.57584,-39.08567],[174.58468,-39.07613],[174.59573,-39.09621],[174.61037,-39.09329],[174.65801,-39.11369],[174.66024,-39.10697],[174.64938,-39.08767],[174.65849,-39.05949],[174.67432,-39.05453],[174.66877,-39.04057],[174.68624,-39.03357],[174.69627,-39.04383],[174.71437,-39.0414],[174.72888,-39.02766],[174.72322,-39.0175],[174.73804,-38.99731],[174.7358,-38.98345],[174.7141,-38.9761],[174.71691,-38.97113],[174.70822,-38.96417],[174.72056,-38.95158],[174.71003,-38.94108],[174.71119,-38.93124],[174.73859,-38.91104],[174.75324,-38.92491],[174.76749,-38.92096],[174.7686,-38.9147],[174.77817,-38.92446],[174.79499,-38.91588],[174.80342,-38.92584],[174.82988,-38.92332],[174.83213,-38.91511],[174.81957,-38.89436],[174.82099,-38.88722],[174.80763,-38.88187],[174.80662,-38.86954],[174.79877,-38.86527],[174.79928,-38.82894],[174.78664,-38.82096],[174.80782,-38.82],[174.8169,-38.7941],[174.8218,-38.79387],[174.81998,-38.78701],[174.84859,-38.77861],[174.85623,-38.78277],[174.8629,-38.77458],[174.82822,-38.76102],[174.8242,-38.748],[174.79416,-38.731],[174.75641,-38.745],[174.73764,-38.7341],[174.69339,-38.73369],[174.68746,-38.72784],[174.65398,-38.73318],[174.64722,-38.72098],[174.61692,-38.72287],[174.61515,-38.70665]]]}},{"type":"Feature","properties":{"id":"palmerston-north-city","name":"Palmerston North City","level":2,"centroid":[175.6438,-40.3989],"bbox":[175.4971,-40.5297,175.7906,-40.2681]},"geometry":{"type":"Polygon","coordinates":[[[175.49708,-40.43361],[175.51797,-40.45524],[175.55959,-40.48325],[175.55048,-40.48934],[175.5564,-40.50103],[175.56185,-40.50225],[175.5632,-40.50345],[175.56271,-40.50559],[175.56398,-40.50809],[175.56804,-40.51061],[175.57097,-40.51053],[175.57184,-40.51197],[175.5713,-40.51459],[175.56774,-40.51822],[175.5691,-40.52408],[175.57209,-40.52294],[175.57615,-40.52364],[175.58099,-40.52593],[175.58425,-40.52969],[175.60926,-40.50262],[175.62534,-40.51014],[175.683,-40.46674],[175.68916,-40.46558],[175.71458,-40.4378],[175.70561,-40.43272],[175.70667,-40.43323],[175.70969,-40.43088],[175.71203,-40.43097],[175.715,-40.42874],[175.71511,-40.42666],[175.71816,-40.42673],[175.7224,-40.42446],[175.72225,-40.42229],[175.72432,-40.42118],[175.72284,-40.41867],[175.72966,-40.41252],[175.72876,-40.41057],[175.72524,-40.41002],[175.72518,-40.40775],[175.72294,-40.40532],[175.72487,-40.40479],[175.7237,-40.40245],[175.72688,-40.40153],[175.72857,-40.39961],[175.73261,-40.39925],[175.7339,-40.39547],[175.73282,-40.3945],[175.73381,-40.39342],[175.73327,-40.39171],[175.73589,-40.39077],[175.73603,-40.39204],[175.73707,-40.39212],[175.73836,-40.38986],[175.74011,-40.39027],[175.7396,-40.38852],[175.74664,-40.38666],[175.74689,-40.38431],[175.74853,-40.38457],[175.74818,-40.38269],[175.75117,-40.38189],[175.751,-40.37843],[175.75332,-40.37833],[175.75253,-40.37673],[175.75478,-40.37594],[175.75794,-40.37677],[175.75688,-40.37444],[175.76132,-40.374],[175.76328,-40.37272],[175.76466,-40.37372],[175.76635,-40.3726],[175.76732,-40.37051],[175.76456,-40.36866],[175.76361,-40.36945],[175.76266,-40.36834],[175.76154,-40.3688],[175.76035,-40.3658],[175.7624,-40.3647],[175.76177,-40.36345],[175.7631,-40.36299],[175.76481,-40.35991],[175.77057,-40.35914],[175.7697,-40.35709],[175.77361,-40.35541],[175.77393,-40.35028],[175.77767,-40.34781],[175.77919,-40.34543],[175.77581,-40.34069],[175.77596,-40.33898],[175.78148,-40.33914],[175.7793,-40.33861],[175.77952,-40.33589],[175.78177,-40.33326],[175.78404,-40.33252],[175.79059,-40.31354],[175.78119,-40.31155],[175.77237,-40.30686],[175.76705,-40.30228],[175.76048,-40.3017],[175.75813,-40.30029],[175.75881,-40.2989],[175.76686,-40.29573],[175.76882,-40.28526],[175.77101,-40.28099],[175.76332,-40.27986],[175.76372,-40.27749],[175.76132,-40.27724],[175.76264,-40.27511],[175.75774,-40.27372],[175.75834,-40.26976],[175.75431,-40.26903],[175.7527,-40.27158],[175.74892,-40.27123],[175.74599,-40.2746],[175.74524,-40.27421],[175.74355,-40.2793],[175.7189,-40.29047],[175.67802,-40.28795],[175.64887,-40.28284],[175.64154,-40.28303],[175.64484,-40.28113],[175.63919,-40.27632],[175.63721,-40.27746],[175.6263,-40.26887],[175.6194,-40.27281],[175.6138,-40.26808],[175.59646,-40.27999],[175.61214,-40.29368],[175.53181,-40.34812],[175.55188,-40.36559],[175.53988,-40.37091],[175.54527,-40.37797],[175.539,-40.38726],[175.54683,-40.39866],[175.54862,-40.406],[175.55178,-40.40923],[175.54184,-40.41501],[175.53705,-40.41453],[175.53276,-40.41148],[175.53049,-40.41146],[175.52429,-40.41584],[175.51568,-40.41822],[175.50946,-40.42453],[175.50257,-40.42684],[175.50141,-40.4281],[175.50103,-40.43228],[175.49708,-40.43361]]]}},{"type":"Feature","properties":{"id":"papakura-local-board-area","name":"Papakura Local Board Area","level":2,"centroid":[174.9454,-37.0607],"bbox":[174.8997,-37.1108,174.9912,-37.0106]},"geometry":{"type":"Polygon","coordinates":[[[174.90073,-37.04457],[174.9011,-37.04528],[174.90772,-37.04274],[174.90807,-37.04468],[174.90702,-37.04611],[174.90801,-37.04727],[174.90423,-37.04938],[174.90588,-37.05291],[174.90981,-37.05333],[174.91628,-37.05244],[174.91801,-37.04985],[174.92002,-37.04946],[174.91823,-37.04709],[174.92161,-37.04603],[174.92069,-37.04785],[174.92443,-37.05005],[174.92121,-37.05094],[174.91836,-37.05332],[174.91895,-37.05558],[174.92275,-37.05721],[174.92652,-37.0528],[174.92797,-37.05455],[174.92947,-37.05385],[174.9329,-37.05491],[174.92799,-37.05689],[174.93078,-37.06041],[174.93261,-37.06098],[174.93557,-37.05916],[174.93753,-37.05964],[174.93385,-37.06184],[174.93368,-37.06614],[174.93106,-37.06423],[174.93042,-37.06217],[174.92871,-37.06231],[174.92898,-37.06361],[174.92692,-37.0631],[174.92786,-37.06234],[174.92686,-37.06121],[174.92246,-37.0604],[174.91067,-37.06676],[174.90947,-37.06467],[174.90753,-37.06574],[174.90667,-37.06494],[174.91302,-37.06108],[174.91318,-37.05977],[174.90764,-37.06101],[174.90431,-37.06593],[174.90649,-37.06506],[174.90769,-37.06781],[174.90983,-37.06656],[174.91015,-37.06827],[174.91288,-37.06705],[174.91445,-37.06811],[174.91224,-37.06805],[174.91203,-37.06929],[174.90758,-37.07159],[174.90761,-37.07395],[174.90517,-37.07161],[174.90398,-37.07186],[174.90316,-37.07381],[174.90395,-37.07563],[174.90176,-37.07633],[174.90178,-37.07819],[174.89965,-37.08124],[174.90099,-37.08166],[174.90021,-37.08476],[174.90226,-37.08508],[174.90234,-37.08673],[174.90445,-37.08713],[174.90355,-37.08525],[174.90663,-37.08156],[174.90716,-37.08569],[174.91064,-37.0839],[174.91318,-37.08405],[174.91074,-37.08623],[174.9126,-37.08605],[174.91225,-37.08722],[174.91364,-37.08649],[174.91461,-37.08858],[174.91585,-37.08648],[174.91881,-37.08488],[174.91878,-37.08333],[174.92032,-37.08467],[174.92191,-37.0843],[174.91988,-37.08669],[174.92111,-37.08854],[174.92404,-37.08819],[174.92845,-37.09241],[174.9338,-37.09082],[174.93369,-37.09244],[174.93192,-37.09293],[174.93398,-37.09688],[174.93582,-37.09612],[174.93572,-37.09435],[174.93763,-37.09295],[174.94038,-37.09317],[174.94259,-37.09638],[174.9456,-37.09429],[174.94561,-37.09543],[174.94386,-37.0956],[174.94441,-37.0969],[174.94318,-37.09835],[174.94444,-37.10046],[174.94352,-37.10236],[174.94409,-37.10423],[174.94224,-37.1082],[174.94324,-37.10878],[174.94164,-37.11077],[174.94617,-37.10761],[174.94656,-37.10926],[174.95164,-37.105],[174.95397,-37.10125],[174.95456,-37.09185],[174.95767,-37.08136],[174.95752,-37.07841],[174.96631,-37.07693],[174.96973,-37.07831],[174.97451,-37.07714],[174.97815,-37.0745],[174.98029,-37.0748],[174.98032,-37.07375],[174.97839,-37.07353],[174.97982,-37.07177],[174.98208,-37.07145],[174.98331,-37.06981],[174.98953,-37.06886],[174.98839,-37.06779],[174.99122,-37.06628],[174.9904,-37.06198],[174.98841,-37.0609],[174.9896,-37.05902],[174.98629,-37.05185],[174.98674,-37.05017],[174.98133,-37.05221],[174.9739,-37.04828],[174.97347,-37.04893],[174.97279,-37.04737],[174.96195,-37.05072],[174.96132,-37.04926],[174.9564,-37.05082],[174.93806,-37.01377],[174.93539,-37.01059],[174.91951,-37.01618],[174.92529,-37.02798],[174.92298,-37.02813],[174.91884,-37.0263],[174.91388,-37.03143],[174.9067,-37.03336],[174.89978,-37.04131],[174.90073,-37.04457]]]}},{"type":"Feature","properties":{"id":"porirua-city","name":"Porirua City","level":2,"centroid":[174.8868,-41.084],"bbox":[174.7781,-41.1641,174.9955,-41.0039]},"geometry":{"type":"Polygon","coordinates":[[[174.93187,-41.00392],[174.92765,-41.00532],[174.91902,-41.01394],[174.89815,-41.02917],[174.88668,-41.02791],[174.87073,-41.03069],[174.87047,-41.03433],[174.86336,-41.04223],[174.84631,-41.04991],[174.83925,-41.06419],[174.84344,-41.0665],[174.8511,-41.06622],[174.85537,-41.07474],[174.85888,-41.07435],[174.86243,-41.07793],[174.86297,-41.08287],[174.86539,-41.08321],[174.86717,-41.08674],[174.86744,-41.09308],[174.86479,-41.09837],[174.8681,-41.10007],[174.86884,-41.103],[174.86172,-41.10983],[174.85868,-41.11572],[174.84393,-41.12839],[174.84347,-41.1326],[174.84079,-41.12963],[174.84039,-41.12527],[174.83729,-41.12467],[174.84095,-41.11713],[174.8455,-41.11358],[174.85141,-41.11306],[174.85504,-41.11006],[174.85365,-41.10712],[174.85716,-41.10775],[174.86294,-41.10313],[174.86189,-41.09457],[174.85434,-41.09339],[174.85388,-41.08921],[174.84946,-41.08876],[174.84885,-41.09052],[174.83842,-41.09468],[174.83539,-41.09957],[174.83419,-41.09873],[174.8327,-41.1016],[174.8362,-41.10453],[174.83371,-41.1077],[174.82372,-41.10559],[174.81607,-41.10751],[174.81203,-41.11195],[174.80474,-41.1112],[174.80353,-41.1172],[174.80528,-41.11914],[174.80324,-41.12256],[174.79572,-41.12373],[174.79206,-41.12859],[174.78817,-41.12949],[174.78913,-41.13167],[174.78698,-41.13674],[174.77809,-41.14395],[174.7873,-41.14777],[174.79022,-41.14354],[174.80609,-41.14981],[174.80347,-41.15555],[174.81252,-41.15827],[174.81022,-41.16145],[174.81131,-41.16414],[174.8139,-41.16407],[174.827,-41.15457],[174.82952,-41.15488],[174.83163,-41.14947],[174.83194,-41.15196],[174.83428,-41.15238],[174.84116,-41.14884],[174.83959,-41.15459],[174.85698,-41.16203],[174.86205,-41.15529],[174.86694,-41.15676],[174.86905,-41.15411],[174.87076,-41.1561],[174.87585,-41.1496],[174.88015,-41.1515],[174.88331,-41.14742],[174.89541,-41.15279],[174.8992,-41.1479],[174.90766,-41.14956],[174.91097,-41.13997],[174.91553,-41.14087],[174.91601,-41.14702],[174.92725,-41.14923],[174.92775,-41.15152],[174.93293,-41.15053],[174.93668,-41.15229],[174.93893,-41.15087],[174.94875,-41.15309],[174.95168,-41.14497],[174.96456,-41.14751],[174.97372,-41.14099],[174.97235,-41.13654],[174.97433,-41.13278],[174.97784,-41.13614],[174.97983,-41.135],[174.98513,-41.12783],[174.98369,-41.12655],[174.99019,-41.12222],[174.98881,-41.11808],[174.99038,-41.11434],[174.98804,-41.11262],[174.9927,-41.10777],[174.99073,-41.1058],[174.99554,-41.10303],[174.99001,-41.09645],[174.9882,-41.0966],[174.98452,-41.09051],[174.99513,-41.08458],[174.99394,-41.07343],[174.98328,-41.076],[174.97435,-41.07538],[174.97431,-41.06009],[174.97186,-41.06169],[174.968,-41.0603],[174.97568,-41.03791],[174.96122,-41.01879],[174.95959,-41.01082],[174.93187,-41.00392]],[[174.88584,-41.08914],[174.89363,-41.0874],[174.89972,-41.09158],[174.89727,-41.09428],[174.90595,-41.09384],[174.90968,-41.09681],[174.90893,-41.09819],[174.91335,-41.09894],[174.91318,-41.10332],[174.91061,-41.10233],[174.9106,-41.10406],[174.90975,-41.10269],[174.90172,-41.1059],[174.8956,-41.10421],[174.89027,-41.10589],[174.88874,-41.10413],[174.88143,-41.10585],[174.87951,-41.10274],[174.88388,-41.09867],[174.87621,-41.10139],[174.87413,-41.10446],[174.87001,-41.10392],[174.87076,-41.09694],[174.87465,-41.09314],[174.88584,-41.08914]]]}},{"type":"Feature","properties":{"id":"puketa-papa-local-board-area","name":"PuketÄpapa Local Board Area","level":2,"centroid":[174.743,-36.9169],"bbox":[174.7106,-36.939,174.7755,-36.8948]},"geometry":{"type":"Polygon","coordinates":[[[174.71055,-36.92734],[174.71082,-36.92715],[174.71179,-36.92742],[174.71178,-36.92778],[174.712,-36.92815],[174.71145,-36.92899],[174.71189,-36.93004],[174.71169,-36.93044],[174.71176,-36.93117],[174.71243,-36.93179],[174.71246,-36.93245],[174.71318,-36.93302],[174.71377,-36.93396],[174.71425,-36.93437],[174.71536,-36.93482],[174.71706,-36.93482],[174.7182,-36.93531],[174.71872,-36.93535],[174.71913,-36.93602],[174.7196,-36.93634],[174.71949,-36.93652],[174.71983,-36.93682],[174.72059,-36.93705],[174.7212,-36.93691],[174.72202,-36.93715],[174.72302,-36.93624],[174.72501,-36.93621],[174.72576,-36.93454],[174.72629,-36.93434],[174.72648,-36.93448],[174.7266,-36.9352],[174.72772,-36.93591],[174.72809,-36.93633],[174.72818,-36.93668],[174.72776,-36.93691],[174.72864,-36.93767],[174.72889,-36.93878],[174.72943,-36.93896],[174.73124,-36.93864],[174.73229,-36.93789],[174.7327,-36.93716],[174.73302,-36.93551],[174.73353,-36.93491],[174.73495,-36.93484],[174.73639,-36.93508],[174.73739,-36.935],[174.73775,-36.93464],[174.73762,-36.93437],[174.73804,-36.93374],[174.73853,-36.93351],[174.73906,-36.93364],[174.74014,-36.93238],[174.74223,-36.93299],[174.74337,-36.93382],[174.74397,-36.93347],[174.74412,-36.93356],[174.74586,-36.93296],[174.74686,-36.93241],[174.74702,-36.93269],[174.74759,-36.9328],[174.74836,-36.93246],[174.74842,-36.93271],[174.74893,-36.93293],[174.75085,-36.93192],[174.75351,-36.93113],[174.75393,-36.93042],[174.7541,-36.93037],[174.75491,-36.93045],[174.75547,-36.93085],[174.7571,-36.93047],[174.75833,-36.93094],[174.76046,-36.93133],[174.7604,-36.93107],[174.76096,-36.93055],[174.76075,-36.92987],[174.76016,-36.92944],[174.75909,-36.92936],[174.75966,-36.92887],[174.75995,-36.92754],[174.76074,-36.92702],[174.76104,-36.92627],[174.76139,-36.9265],[174.76165,-36.92625],[174.76369,-36.92557],[174.7653,-36.9257],[174.76596,-36.92552],[174.76802,-36.92605],[174.76847,-36.92599],[174.76926,-36.92619],[174.77041,-36.92562],[174.77116,-36.92484],[174.77148,-36.92333],[174.76719,-36.92161],[174.76817,-36.91896],[174.76861,-36.91545],[174.77153,-36.91608],[174.77181,-36.91466],[174.7738,-36.90911],[174.77546,-36.90915],[174.77429,-36.90437],[174.77175,-36.90371],[174.77206,-36.90272],[174.76305,-36.90084],[174.76331,-36.9],[174.74451,-36.89616],[174.74457,-36.89595],[174.74007,-36.89501],[174.73876,-36.89903],[174.7385,-36.89896],[174.73825,-36.89919],[174.73867,-36.8993],[174.7382,-36.90073],[174.73793,-36.90065],[174.73766,-36.9012],[174.73797,-36.90143],[174.73784,-36.90192],[174.73469,-36.89961],[174.73347,-36.89699],[174.72919,-36.89485],[174.72747,-36.89711],[174.72609,-36.89637],[174.71944,-36.8976],[174.7187,-36.89821],[174.71984,-36.89974],[174.71966,-36.9024],[174.72124,-36.90534],[174.7244,-36.90878],[174.72287,-36.90966],[174.72226,-36.90973],[174.72137,-36.91025],[174.72111,-36.90997],[174.72074,-36.91011],[174.71848,-36.91147],[174.71861,-36.91161],[174.7182,-36.91187],[174.71829,-36.91197],[174.71784,-36.91246],[174.71687,-36.9121],[174.71307,-36.922],[174.71276,-36.92214],[174.71256,-36.92265],[174.71257,-36.92282],[174.71324,-36.9225],[174.71334,-36.92471],[174.7119,-36.92482],[174.71085,-36.92519],[174.71063,-36.92589],[174.71106,-36.926],[174.71055,-36.92734]]]}},{"type":"Feature","properties":{"id":"queenstown-lakes-district","name":"Queenstown-Lakes District","level":2,"centroid":[168.9183,-44.6619],"bbox":[168.1173,-45.3676,169.7194,-43.9562]},"geometry":{"type":"Polygon","coordinates":[[[168.33453,-44.49678],[168.28975,-44.49637],[168.27478,-44.52036],[168.23461,-44.543],[168.23689,-44.57581],[168.19731,-44.64334],[168.18501,-44.64613],[168.19248,-44.68066],[168.16919,-44.72129],[168.18171,-44.74502],[168.19939,-44.74019],[168.20439,-44.74885],[168.16758,-44.82831],[168.12743,-44.82858],[168.11725,-44.87105],[168.13716,-44.91354],[168.13098,-44.93798],[168.17607,-44.96628],[168.17462,-44.98103],[168.23568,-45.02426],[168.27527,-45.0258],[168.29592,-45.01384],[168.3097,-45.02602],[168.29135,-45.04047],[168.2986,-45.05219],[168.28421,-45.10617],[168.21701,-45.14454],[168.23938,-45.15443],[168.25153,-45.19951],[168.29963,-45.22116],[168.28824,-45.24488],[168.30704,-45.26041],[168.30032,-45.29393],[168.32329,-45.32754],[168.46079,-45.32514],[168.5394,-45.30933],[168.56684,-45.28606],[168.60764,-45.27782],[168.64931,-45.2457],[168.67203,-45.24286],[168.68337,-45.24763],[168.6901,-45.27263],[168.69222,-45.33967],[168.75163,-45.36757],[168.77266,-45.36352],[168.77615,-45.34977],[168.80903,-45.32589],[168.81253,-45.29433],[168.85062,-45.23839],[168.83821,-45.18614],[168.82381,-45.18063],[168.84133,-45.14102],[168.8257,-45.12663],[168.83473,-45.08664],[168.82081,-45.07017],[168.83292,-45.05165],[168.85392,-45.05068],[168.88703,-45.07185],[168.9935,-45.04982],[169.04438,-45.06084],[169.03939,-45.03504],[169.0706,-45.00158],[169.04403,-44.9663],[169.05029,-44.93592],[169.04269,-44.92667],[169.05772,-44.92084],[169.05911,-44.89847],[169.09315,-44.89679],[169.11871,-44.86783],[169.19049,-44.8725],[169.25924,-44.82943],[169.30713,-44.76291],[169.38014,-44.75846],[169.35145,-44.67698],[169.35947,-44.64914],[169.38129,-44.6334],[169.35587,-44.56584],[169.49097,-44.54943],[169.50057,-44.52178],[169.5276,-44.49752],[169.52074,-44.48419],[169.5562,-44.43759],[169.54588,-44.42266],[169.56561,-44.40231],[169.55671,-44.38095],[169.57894,-44.33819],[169.5684,-44.31932],[169.58059,-44.25226],[169.5485,-44.22758],[169.5432,-44.20779],[169.56077,-44.20544],[169.57107,-44.17723],[169.60582,-44.15852],[169.59889,-44.1503],[169.63868,-44.11992],[169.63916,-44.1018],[169.66124,-44.0915],[169.66502,-44.06774],[169.68202,-44.06842],[169.68589,-44.04199],[169.71938,-44.03671],[169.70182,-43.96865],[169.68279,-43.95615],[169.59278,-43.95808],[169.58258,-43.98046],[169.59199,-44.01017],[169.57901,-44.03411],[169.54108,-44.03332],[169.5067,-44.05925],[169.46265,-44.05926],[169.4285,-44.09652],[169.38712,-44.11873],[169.33845,-44.10229],[169.321,-44.06409],[169.30898,-44.06065],[169.29081,-44.06273],[169.2795,-44.09378],[169.25744,-44.10811],[169.15975,-44.10486],[169.14592,-44.0799],[169.08145,-44.09698],[169.07359,-44.10961],[169.01343,-44.11477],[169.01592,-44.13082],[168.97508,-44.14403],[168.98739,-44.16893],[168.96518,-44.17375],[168.95921,-44.20581],[168.91094,-44.20979],[168.84935,-44.24614],[168.85727,-44.26971],[168.84274,-44.28334],[168.83233,-44.35085],[168.77809,-44.38785],[168.75341,-44.39225],[168.74329,-44.42065],[168.68667,-44.39191],[168.58606,-44.45379],[168.52355,-44.46037],[168.46092,-44.49539],[168.33453,-44.49678]]]}},{"type":"Feature","properties":{"id":"rangitikei-district","name":"Rangitikei District","level":2,"centroid":[175.7204,-39.716],"bbox":[175.0989,-40.2975,176.3419,-39.1345]},"geometry":{"type":"Polygon","coordinates":[[[175.82862,-39.28901],[175.88589,-39.2956],[175.92569,-39.27698],[175.93763,-39.25845],[176.00431,-39.28198],[175.97575,-39.28692],[175.97614,-39.35601],[176.02938,-39.35572],[176.0082,-39.41486],[175.89348,-39.4124],[175.89192,-39.49437],[175.90132,-39.50122],[175.86602,-39.52059],[175.84512,-39.5102],[175.8481,-39.5244],[175.83459,-39.52847],[175.78948,-39.52631],[175.78329,-39.54015],[175.75537,-39.54259],[175.74535,-39.56268],[175.72225,-39.57204],[175.69931,-39.56797],[175.68393,-39.54401],[175.65753,-39.54871],[175.64346,-39.52545],[175.59603,-39.52241],[175.59197,-39.54319],[175.48824,-39.54475],[175.48823,-39.57925],[175.50556,-39.58094],[175.49393,-39.61415],[175.46179,-39.64208],[175.49573,-39.65722],[175.48758,-39.66762],[175.51517,-39.68146],[175.49809,-39.72478],[175.48012,-39.73884],[175.48562,-39.75879],[175.46015,-39.77895],[175.45275,-39.8221],[175.3862,-39.83207],[175.34856,-39.87333],[175.32712,-39.87306],[175.30795,-39.85611],[175.29029,-39.86004],[175.29266,-39.86989],[175.27369,-39.87802],[175.29517,-39.88006],[175.27859,-39.9092],[175.29274,-39.92392],[175.27787,-39.9179],[175.26856,-39.93165],[175.28591,-39.93635],[175.26548,-39.95545],[175.26566,-39.97448],[175.23629,-39.96677],[175.22254,-39.99279],[175.14467,-40.00657],[175.12196,-40.02246],[175.12247,-40.03684],[175.11212,-40.02802],[175.09887,-40.04106],[175.14359,-40.08283],[175.18531,-40.14727],[175.22811,-40.29167],[175.24308,-40.2811],[175.27219,-40.29753],[175.30956,-40.27256],[175.33921,-40.21813],[175.33372,-40.20958],[175.43391,-40.16308],[175.43517,-40.12843],[175.45101,-40.11652],[175.43894,-40.10256],[175.45226,-40.07997],[175.48759,-40.072],[175.50251,-40.0341],[175.53939,-40.02377],[175.55186,-40.00296],[175.57898,-40.01885],[175.57882,-40.00076],[175.63314,-39.97354],[175.62648,-39.96502],[175.63765,-39.96627],[175.63039,-39.95505],[175.64745,-39.94238],[175.63774,-39.93491],[175.64902,-39.93201],[175.64542,-39.91652],[175.66263,-39.89774],[175.67446,-39.90397],[175.67684,-39.8779],[175.71775,-39.88109],[175.71552,-39.8705],[175.74481,-39.8604],[175.74239,-39.84952],[175.79362,-39.83765],[175.78734,-39.81234],[175.87013,-39.7988],[175.92943,-39.81552],[175.92932,-39.8268],[175.95448,-39.83016],[175.96433,-39.84778],[175.98544,-39.85014],[175.9997,-39.83229],[176.05368,-39.86673],[176.1172,-39.88677],[176.17685,-39.74405],[176.16909,-39.71792],[176.20087,-39.67299],[176.16509,-39.64865],[176.17899,-39.60525],[176.14273,-39.58468],[176.17039,-39.5815],[176.21017,-39.53365],[176.23211,-39.53201],[176.25694,-39.51186],[176.34194,-39.50232],[176.33201,-39.49826],[176.33718,-39.48834],[176.31594,-39.49723],[176.32158,-39.47895],[176.30855,-39.47079],[176.31443,-39.45354],[176.30249,-39.43711],[176.32277,-39.41406],[176.32857,-39.39344],[176.32037,-39.38932],[176.33213,-39.37496],[176.30241,-39.35661],[176.27589,-39.3623],[176.26544,-39.34946],[176.28152,-39.30925],[176.30506,-39.29192],[176.29233,-39.25102],[176.20004,-39.22574],[176.19473,-39.19643],[176.1798,-39.18506],[176.17686,-39.14455],[176.14661,-39.13449],[176.08096,-39.15725],[175.97596,-39.15002],[175.95969,-39.18416],[175.88597,-39.2059],[175.89267,-39.22364],[175.85467,-39.2444],[175.86809,-39.26303],[175.82862,-39.28901]]]}},{"type":"Feature","properties":{"id":"rodney-local-board-area","name":"Rodney Local Board Area","level":2,"centroid":[174.5197,-36.4971],"bbox":[174.1622,-36.8766,174.8771,-36.1176]},"geometry":{"type":"MultiPolygon","coordinates":[[[[174.83995,-36.39194],[174.81882,-36.41806],[174.85467,-36.42637],[174.81563,-36.43147],[174.83642,-36.45018],[174.87663,-36.44993],[174.87708,-36.41595],[174.83995,-36.39194]]],[[[174.48175,-36.22828],[174.47306,-36.2593],[174.49811,-36.24011],[174.49123,-36.25265],[174.509,-36.25267],[174.48101,-36.2615],[174.49476,-36.27287],[174.47723,-36.27774],[174.47919,-36.26362],[174.45508,-36.25556],[174.4245,-36.2763],[174.43189,-36.29317],[174.44536,-36.28406],[174.43344,-36.30208],[174.41399,-36.28004],[174.39369,-36.31992],[174.3795,-36.31209],[174.38448,-36.32564],[174.36639,-36.31084],[174.36955,-36.32393],[174.32051,-36.3313],[174.29682,-36.30808],[174.26643,-36.31115],[174.25357,-36.37394],[174.30884,-36.38991],[174.30388,-36.35387],[174.35364,-36.41001],[174.38232,-36.40594],[174.36969,-36.38059],[174.41517,-36.37472],[174.3876,-36.33522],[174.40778,-36.35043],[174.43974,-36.33018],[174.41553,-36.3548],[174.42841,-36.37183],[174.39265,-36.39195],[174.42385,-36.39659],[174.41285,-36.41068],[174.44144,-36.42361],[174.41609,-36.44083],[174.40684,-36.47751],[174.43132,-36.51101],[174.42294,-36.53563],[174.4475,-36.55365],[174.40908,-36.58412],[174.44452,-36.59469],[174.42839,-36.62327],[174.4495,-36.68445],[174.41931,-36.61972],[174.40465,-36.62469],[174.42564,-36.63877],[174.4177,-36.65077],[174.41345,-36.63142],[174.3816,-36.63498],[174.40254,-36.6307],[174.37848,-36.62293],[174.37787,-36.59142],[174.3658,-36.60089],[174.37856,-36.62696],[174.35187,-36.62483],[174.35996,-36.59943],[174.33926,-36.60541],[174.36352,-36.59192],[174.34397,-36.58358],[174.37734,-36.56504],[174.29641,-36.53003],[174.23584,-36.42809],[174.208,-36.43852],[174.19817,-36.47512],[174.19136,-36.44591],[174.21796,-36.42862],[174.16222,-36.46335],[174.16829,-36.4939],[174.41891,-36.81147],[174.43098,-36.87658],[174.45166,-36.87352],[174.47558,-36.83399],[174.57756,-36.8446],[174.60624,-36.77295],[174.59626,-36.75399],[174.63205,-36.77022],[174.66572,-36.71227],[174.70706,-36.7102],[174.66414,-36.65398],[174.65791,-36.59756],[174.68103,-36.53816],[174.71577,-36.54275],[174.72993,-36.51616],[174.70783,-36.48566],[174.67603,-36.48537],[174.7038,-36.47391],[174.71416,-36.48752],[174.71868,-36.47183],[174.6869,-36.4644],[174.71063,-36.452],[174.68135,-36.41797],[174.70941,-36.43058],[174.71932,-36.41553],[174.71759,-36.43326],[174.7313,-36.43281],[174.72636,-36.48762],[174.73826,-36.45171],[174.75265,-36.46447],[174.73598,-36.50427],[174.77912,-36.4373],[174.73219,-36.42442],[174.73755,-36.39884],[174.70903,-36.3914],[174.70887,-36.36951],[174.71688,-36.38838],[174.72594,-36.3806],[174.7186,-36.3517],[174.74287,-36.39728],[174.75485,-36.38165],[174.77071,-36.3786],[174.77098,-36.39272],[174.86703,-36.36886],[174.78938,-36.35062],[174.77954,-36.31918],[174.7756,-36.36109],[174.75801,-36.31959],[174.73705,-36.33333],[174.78453,-36.30524],[174.80008,-36.32063],[174.79458,-36.30333],[174.82201,-36.27736],[174.72849,-36.24461],[174.61664,-36.11756],[174.58019,-36.16703],[174.48175,-36.22828]]]]}},{"type":"Feature","properties":{"id":"rotorua-district","name":"Rotorua District","level":2,"centroid":[176.2985,-38.2528],"bbox":[175.9818,-38.5687,176.6152,-37.937]},"geometry":{"type":"Polygon","coordinates":[[[176.02787,-38.38583],[176.0427,-38.38521],[176.05286,-38.38951],[176.0656,-38.39807],[176.06892,-38.40563],[176.07371,-38.40784],[176.08794,-38.40668],[176.09687,-38.41237],[176.11877,-38.4133],[176.13927,-38.43906],[176.13761,-38.44194],[176.14233,-38.45104],[176.1415,-38.45862],[176.14701,-38.46615],[176.14509,-38.47579],[176.14792,-38.48729],[176.15468,-38.49312],[176.16012,-38.49139],[176.17229,-38.49806],[176.17094,-38.50608],[176.17928,-38.5188],[176.19224,-38.5172],[176.20289,-38.52469],[176.2132,-38.51983],[176.22322,-38.51911],[176.22919,-38.52216],[176.2462,-38.50852],[176.25472,-38.50824],[176.26019,-38.50371],[176.26466,-38.50526],[176.27672,-38.48899],[176.29476,-38.48525],[176.29852,-38.48917],[176.30168,-38.48536],[176.30843,-38.49206],[176.30926,-38.49771],[176.31507,-38.49849],[176.31641,-38.50463],[176.32121,-38.50226],[176.3232,-38.50729],[176.31793,-38.50802],[176.31856,-38.51311],[176.311,-38.52284],[176.31134,-38.5271],[176.30256,-38.53404],[176.30411,-38.53615],[176.29849,-38.5373],[176.30398,-38.54698],[176.29993,-38.55097],[176.35897,-38.56869],[176.38679,-38.50647],[176.45486,-38.52748],[176.45979,-38.53148],[176.47642,-38.53327],[176.47479,-38.51594],[176.49994,-38.43247],[176.50532,-38.40221],[176.52147,-38.41935],[176.57811,-38.42696],[176.58402,-38.12466],[176.6036,-38.12056],[176.60339,-38.06558],[176.60773,-38.06658],[176.61517,-38.05874],[176.60306,-38.05196],[176.60295,-38.01135],[176.59875,-38.00877],[176.55311,-38.00919],[176.55325,-38.00227],[176.54067,-37.99835],[176.53335,-37.99096],[176.50868,-37.99449],[176.5035,-37.98809],[176.50503,-37.98376],[176.49806,-37.96252],[176.50005,-37.95882],[176.47238,-37.95882],[176.46934,-37.96692],[176.44033,-37.95781],[176.38407,-37.95494],[176.3843,-37.94915],[176.37099,-37.94916],[176.35153,-37.94016],[176.35103,-37.93717],[176.28618,-37.93696],[176.2537,-37.95549],[176.23851,-37.95956],[176.22128,-37.95417],[176.19534,-37.9605],[176.19098,-37.95456],[176.18552,-37.96021],[176.17598,-37.95818],[176.17063,-37.9609],[176.15444,-37.96169],[176.14513,-37.95865],[176.1303,-37.96105],[176.11685,-37.96919],[176.09831,-37.96187],[176.00505,-38.12287],[175.99909,-38.13148],[175.98175,-38.13858],[175.98446,-38.142],[176.01973,-38.14245],[176.02198,-38.13932],[176.03074,-38.13924],[176.03071,-38.16658],[176.0583,-38.16669],[176.05831,-38.16416],[176.11011,-38.16686],[176.15033,-38.21819],[176.12052,-38.26791],[176.11599,-38.26905],[176.12927,-38.27316],[176.10863,-38.27578],[176.11402,-38.28041],[176.13467,-38.28504],[176.1378,-38.28773],[176.13794,-38.29398],[176.12821,-38.29682],[176.1311,-38.30359],[176.11708,-38.3146],[176.10913,-38.31341],[176.09286,-38.3176],[176.08864,-38.322],[176.07286,-38.32717],[176.06416,-38.33471],[176.05859,-38.33443],[176.06294,-38.34042],[176.05554,-38.3431],[176.05705,-38.34528],[176.04879,-38.3498],[176.05025,-38.35423],[176.02375,-38.36514],[176.03125,-38.37975],[176.02608,-38.38433],[176.02787,-38.38583]]]}},{"type":"Feature","properties":{"id":"ruapehu-district","name":"Ruapehu District","level":2,"centroid":[175.408,-39.0887],"bbox":[174.7867,-39.6263,176.0294,-38.5511]},"geometry":{"type":"Polygon","coordinates":[[[174.8629,-38.77458],[174.81998,-38.78701],[174.80782,-38.82],[174.78667,-38.82238],[174.79914,-38.82862],[174.79877,-38.86527],[174.82757,-38.90987],[174.85662,-38.88872],[174.88423,-38.91259],[174.87432,-38.92042],[174.88405,-38.92774],[174.87133,-38.92838],[174.88545,-38.96898],[174.86868,-38.98883],[174.91096,-38.98924],[174.91464,-39.01082],[174.96025,-38.99494],[174.96039,-39.02327],[174.97653,-39.04196],[174.96334,-39.06626],[175.04731,-39.07036],[175.04299,-39.08332],[175.06944,-39.10572],[174.99826,-39.11056],[175.00035,-39.12877],[174.98294,-39.11215],[174.99404,-39.13766],[174.97794,-39.13963],[174.98363,-39.15528],[174.94988,-39.16333],[174.95876,-39.17111],[174.94093,-39.1778],[174.95033,-39.18373],[174.91457,-39.23361],[174.8964,-39.22664],[174.87704,-39.2401],[174.89326,-39.24835],[174.88339,-39.263],[174.90592,-39.28856],[174.9247,-39.27629],[174.92886,-39.29228],[174.953,-39.29541],[174.96846,-39.28141],[174.9638,-39.30543],[175.00769,-39.31311],[174.99233,-39.34573],[175.01996,-39.39498],[175.04444,-39.40443],[175.03701,-39.42501],[175.01481,-39.4349],[175.04777,-39.48378],[175.05775,-39.52541],[175.08719,-39.48599],[175.11758,-39.48184],[175.13769,-39.52133],[175.16504,-39.53246],[175.13753,-39.54381],[175.22345,-39.53867],[175.22774,-39.55299],[175.20342,-39.55444],[175.2035,-39.59088],[175.2194,-39.58249],[175.24986,-39.6191],[175.31331,-39.62626],[175.30825,-39.61602],[175.34642,-39.60653],[175.3647,-39.57339],[175.40328,-39.59391],[175.43376,-39.5863],[175.4215,-39.54488],[175.59197,-39.54319],[175.59603,-39.52241],[175.64346,-39.52545],[175.65753,-39.54871],[175.68393,-39.54401],[175.69931,-39.56797],[175.72225,-39.57204],[175.78948,-39.52631],[175.83459,-39.52847],[175.8481,-39.5244],[175.84512,-39.5102],[175.86602,-39.52059],[175.90132,-39.50122],[175.89192,-39.49437],[175.89348,-39.4124],[176.0082,-39.41486],[176.01801,-39.39986],[176.01385,-39.37936],[176.02938,-39.35572],[175.97614,-39.35601],[175.97575,-39.28692],[176.00447,-39.28218],[175.95774,-39.25785],[175.93763,-39.25845],[175.88589,-39.2956],[175.82862,-39.28901],[175.81257,-39.30033],[175.75185,-39.28788],[175.66921,-39.29693],[175.55785,-39.276],[175.63466,-39.15836],[175.64782,-39.10008],[175.61875,-39.0826],[175.62465,-39.05991],[175.61356,-39.05064],[175.63577,-39.04532],[175.68201,-38.97971],[175.62689,-38.97401],[175.56263,-38.98683],[175.56942,-38.97014],[175.55388,-38.95572],[175.57997,-38.91068],[175.54471,-38.86454],[175.57719,-38.82317],[175.55547,-38.79024],[175.54165,-38.79511],[175.51835,-38.75189],[175.57958,-38.68181],[175.57593,-38.64985],[175.62863,-38.60056],[175.63694,-38.55246],[175.60545,-38.58511],[175.54161,-38.59805],[175.50054,-38.55909],[175.44611,-38.56453],[175.40097,-38.55107],[175.37779,-38.57266],[175.33553,-38.58152],[175.3247,-38.55139],[175.30299,-38.57146],[175.30017,-38.60057],[175.28513,-38.58799],[175.26532,-38.61372],[175.21323,-38.6394],[175.11645,-38.62191],[175.0931,-38.63801],[175.06945,-38.63007],[175.05108,-38.64936],[175.00047,-38.66626],[174.95673,-38.66471],[174.96434,-38.69682],[174.93481,-38.73056],[174.93785,-38.75016],[174.89602,-38.75471],[174.8629,-38.77458]]]}},{"type":"Feature","properties":{"id":"selwyn-district","name":"Selwyn District","level":2,"centroid":[171.8706,-43.3223],"bbox":[171.1135,-43.9037,172.6278,-42.7408]},"geometry":{"type":"Polygon","coordinates":[[[171.11351,-43.09569],[171.15387,-43.10622],[171.13698,-43.18346],[171.15809,-43.22053],[171.27117,-43.27371],[171.35285,-43.27805],[171.42699,-43.33519],[171.50525,-43.36073],[171.54052,-43.38967],[171.56488,-43.39618],[171.62329,-43.46432],[171.6068,-43.47933],[171.62195,-43.48384],[171.64025,-43.51345],[171.6853,-43.54218],[171.71431,-43.5435],[171.89623,-43.68217],[172.0371,-43.74394],[172.03068,-43.74939],[172.05154,-43.75873],[172.10461,-43.82282],[172.19494,-43.90372],[172.36153,-43.85973],[172.57298,-43.77022],[172.58014,-43.75397],[172.60563,-43.75002],[172.60727,-43.7314],[172.58382,-43.72142],[172.6186,-43.6865],[172.62777,-43.62386],[172.61323,-43.62859],[172.58204,-43.61597],[172.5698,-43.62146],[172.56828,-43.60691],[172.55246,-43.60491],[172.56089,-43.59849],[172.53296,-43.58832],[172.52191,-43.56997],[172.48677,-43.55032],[172.45777,-43.56025],[172.42398,-43.51267],[172.43903,-43.4685],[172.39301,-43.46301],[172.39567,-43.45574],[172.29503,-43.46001],[172.18026,-43.43868],[172.10423,-43.40293],[172.06662,-43.36469],[172.00336,-43.34186],[171.95322,-43.29096],[171.95769,-43.28321],[171.93941,-43.27429],[171.94843,-43.25466],[171.96152,-43.24867],[171.95678,-43.24213],[171.96654,-43.2404],[171.9289,-43.22041],[171.93139,-43.20366],[171.95091,-43.19537],[171.95263,-43.1784],[171.99608,-43.17867],[172.00345,-43.15346],[172.02614,-43.13818],[172.01927,-43.09719],[172.04972,-43.07631],[172.06078,-43.05157],[172.09259,-43.0476],[172.09239,-43.03236],[172.11941,-43.00669],[172.12458,-42.98651],[172.15551,-42.99412],[172.17311,-42.96491],[172.24212,-42.94601],[172.24402,-42.91675],[172.23085,-42.91001],[172.2583,-42.87833],[172.25021,-42.86657],[172.20969,-42.87371],[172.18903,-42.86164],[172.15374,-42.87257],[172.10553,-42.87299],[172.08281,-42.83711],[172.049,-42.81851],[172.0274,-42.78573],[172.00369,-42.79075],[172.00086,-42.78195],[171.94983,-42.7709],[171.90732,-42.7408],[171.86373,-42.75052],[171.84333,-42.77482],[171.81256,-42.78996],[171.78909,-42.78281],[171.76404,-42.79152],[171.75446,-42.81879],[171.76268,-42.83705],[171.73298,-42.85335],[171.74637,-42.87408],[171.71078,-42.89577],[171.71014,-42.90382],[171.68692,-42.90613],[171.69029,-42.89994],[171.66523,-42.88632],[171.63406,-42.9026],[171.58686,-42.89574],[171.51725,-42.91423],[171.49101,-42.89593],[171.46877,-42.91415],[171.44228,-42.91372],[171.4344,-42.92145],[171.43752,-42.93569],[171.4258,-42.93537],[171.39601,-42.95931],[171.39316,-42.94262],[171.3622,-42.93719],[171.34519,-42.94971],[171.33613,-42.94325],[171.31469,-42.94799],[171.30312,-42.9581],[171.30844,-42.96623],[171.28221,-42.97312],[171.23767,-43.00251],[171.2407,-43.03097],[171.22274,-43.04325],[171.2196,-43.06465],[171.19815,-43.07429],[171.18421,-43.06436],[171.1459,-43.08885],[171.12993,-43.08123],[171.11716,-43.08575],[171.11351,-43.09569]]]}},{"type":"Feature","properties":{"id":"south-taranaki-district","name":"South Taranaki District","level":2,"centroid":[174.3719,-39.5208],"bbox":[173.7521,-39.8672,174.9917,-39.1744]},"geometry":{"type":"Polygon","coordinates":[[[173.82098,-39.17436],[173.81665,-39.18182],[173.79162,-39.1929],[173.78535,-39.2102],[173.77803,-39.21624],[173.77554,-39.24361],[173.7521,-39.27557],[173.75524,-39.30354],[173.76955,-39.33858],[173.77167,-39.36557],[173.79322,-39.41284],[173.8205,-39.42955],[173.83156,-39.44014],[173.83176,-39.44636],[173.8387,-39.4457],[173.84858,-39.45412],[173.84734,-39.45919],[173.85602,-39.4577],[173.85786,-39.46389],[173.86657,-39.46582],[173.88282,-39.48993],[173.88936,-39.48962],[173.90529,-39.50585],[173.91085,-39.51898],[173.93157,-39.52136],[173.94904,-39.53955],[173.95835,-39.53819],[173.98712,-39.55419],[174.00338,-39.55152],[174.04275,-39.55936],[174.07689,-39.57736],[174.13005,-39.57848],[174.20154,-39.58808],[174.26084,-39.61837],[174.29732,-39.62625],[174.35271,-39.65908],[174.41845,-39.73225],[174.46582,-39.76382],[174.51289,-39.78367],[174.53442,-39.80403],[174.55877,-39.81758],[174.57986,-39.81782],[174.64901,-39.8352],[174.71657,-39.86721],[174.77476,-39.86356],[174.78408,-39.85798],[174.7663,-39.8529],[174.7793,-39.8431],[174.7849,-39.8316],[174.79344,-39.83358],[174.79983,-39.82023],[174.79371,-39.82049],[174.80302,-39.80305],[174.83453,-39.80049],[174.85186,-39.78918],[174.85004,-39.77758],[174.87027,-39.7733],[174.87133,-39.76672],[174.89449,-39.74722],[174.90956,-39.74174],[174.91786,-39.74969],[174.92397,-39.74039],[174.91986,-39.73819],[174.92677,-39.73213],[174.92378,-39.72947],[174.9316,-39.72317],[174.922,-39.70383],[174.92754,-39.70087],[174.92263,-39.69542],[174.92993,-39.68286],[174.93575,-39.68563],[174.93877,-39.67673],[174.96982,-39.6768],[174.97345,-39.67032],[174.98799,-39.66541],[174.98345,-39.65712],[174.97221,-39.65368],[174.97579,-39.64911],[174.96968,-39.64626],[174.97641,-39.63771],[174.97064,-39.63143],[174.97248,-39.61294],[174.96761,-39.60528],[174.9741,-39.59111],[174.97366,-39.56353],[174.98706,-39.55595],[174.99169,-39.54011],[174.97028,-39.52538],[174.96533,-39.50754],[174.96951,-39.50368],[174.96103,-39.49289],[174.96733,-39.4848],[174.92195,-39.47154],[174.90419,-39.45113],[174.90471,-39.44518],[174.89703,-39.44526],[174.88456,-39.43549],[174.88934,-39.43362],[174.8875,-39.41488],[174.87698,-39.40413],[174.67801,-39.40494],[174.68529,-39.3937],[174.67848,-39.37435],[174.57867,-39.37351],[174.5773,-39.36336],[174.56672,-39.36608],[174.55404,-39.35998],[174.52286,-39.37885],[174.51603,-39.39335],[174.50806,-39.39752],[174.51175,-39.40464],[174.4805,-39.4067],[174.47101,-39.39915],[174.47313,-39.40677],[174.45798,-39.40551],[174.45848,-39.39836],[174.44129,-39.39693],[174.44129,-39.40457],[174.40557,-39.40117],[174.3925,-39.41125],[174.3716,-39.40223],[174.36177,-39.41321],[174.33477,-39.40525],[174.28049,-39.40606],[174.27368,-39.40265],[174.27542,-39.3981],[174.26775,-39.39751],[174.26993,-39.39012],[174.2153,-39.38805],[174.22022,-39.39446],[174.17269,-39.39443],[174.16957,-39.40567],[174.09668,-39.40744],[174.09462,-39.3796],[174.06378,-39.29604],[173.96111,-39.26155],[173.96445,-39.25601],[173.92465,-39.24403],[173.90184,-39.22985],[173.86347,-39.19044],[173.84601,-39.18019],[173.83385,-39.18081],[173.82098,-39.17436]]]}},{"type":"Feature","properties":{"id":"south-waikato-district","name":"South Waikato District","level":2,"centroid":[175.8862,-38.1679],"bbox":[175.6221,-38.4397,176.1503,-37.8961]},"geometry":{"type":"Polygon","coordinates":[[[175.65864,-37.95214],[175.65997,-37.95885],[175.65614,-37.96471],[175.6585,-37.97708],[175.65438,-37.98205],[175.65962,-37.9883],[175.65924,-38.00532],[175.65191,-38.00905],[175.65572,-38.01318],[175.65169,-38.01835],[175.65788,-38.02163],[175.66017,-38.05673],[175.63806,-38.06329],[175.64016,-38.07319],[175.63424,-38.09087],[175.63485,-38.10022],[175.62937,-38.11056],[175.62214,-38.11355],[175.62576,-38.12348],[175.6317,-38.12641],[175.63501,-38.14101],[175.64123,-38.14333],[175.64635,-38.15555],[175.65263,-38.15773],[175.64953,-38.16148],[175.66478,-38.16448],[175.66286,-38.16879],[175.66957,-38.17021],[175.67342,-38.17774],[175.67286,-38.20394],[175.67786,-38.21883],[175.67528,-38.22354],[175.68056,-38.2284],[175.67731,-38.23071],[175.68086,-38.24994],[175.67766,-38.25746],[175.68118,-38.27573],[175.68558,-38.28099],[175.68086,-38.29312],[175.68196,-38.2996],[175.69143,-38.31046],[175.71724,-38.32206],[175.72454,-38.33258],[175.73567,-38.34055],[175.73857,-38.34906],[175.76978,-38.35603],[175.78119,-38.36223],[175.78357,-38.37619],[175.76958,-38.3955],[175.77854,-38.40436],[175.81107,-38.41884],[175.80905,-38.42138],[175.81625,-38.42585],[175.82051,-38.43609],[175.82994,-38.43973],[175.84428,-38.43868],[175.85579,-38.43384],[175.863,-38.42556],[175.87989,-38.42523],[175.89607,-38.42982],[175.93101,-38.41832],[175.95642,-38.42166],[175.98305,-38.41055],[175.99207,-38.41129],[175.99213,-38.40625],[176.02787,-38.38583],[176.02608,-38.38433],[176.03125,-38.37975],[176.02375,-38.36514],[176.05025,-38.35423],[176.04879,-38.3498],[176.06294,-38.34042],[176.05859,-38.33443],[176.06416,-38.33471],[176.09286,-38.3176],[176.11708,-38.3146],[176.1311,-38.30359],[176.12812,-38.29693],[176.13784,-38.2943],[176.13775,-38.28762],[176.12993,-38.28284],[176.11402,-38.28041],[176.10863,-38.27578],[176.12927,-38.27316],[176.11599,-38.26905],[176.12052,-38.26791],[176.15033,-38.21819],[176.11011,-38.16686],[176.05831,-38.16416],[176.0583,-38.16669],[176.03071,-38.16658],[176.03074,-38.13924],[176.02198,-38.13932],[176.01973,-38.14245],[175.98446,-38.142],[175.98175,-38.13858],[175.99909,-38.13148],[176.06225,-38.02682],[176.01318,-37.99347],[175.97148,-37.98641],[175.9711,-37.97015],[175.96526,-37.96555],[175.95928,-37.96751],[175.95293,-37.96234],[175.9414,-37.92782],[175.94923,-37.92181],[175.97719,-37.91367],[175.95424,-37.90191],[175.92017,-37.92346],[175.90862,-37.92064],[175.90835,-37.91294],[175.91572,-37.91157],[175.91053,-37.90767],[175.90467,-37.90927],[175.90412,-37.91256],[175.88404,-37.91282],[175.88132,-37.92117],[175.87312,-37.92333],[175.86834,-37.92153],[175.8727,-37.91482],[175.85526,-37.90987],[175.85684,-37.92385],[175.84854,-37.92711],[175.83447,-37.91973],[175.82941,-37.90847],[175.8356,-37.90595],[175.82486,-37.9061],[175.82495,-37.91841],[175.80246,-37.91874],[175.7964,-37.90783],[175.8018,-37.90589],[175.80128,-37.90203],[175.79721,-37.90233],[175.79972,-37.89612],[175.79328,-37.89739],[175.79353,-37.90162],[175.7599,-37.90441],[175.73922,-37.91652],[175.72223,-37.90157],[175.71408,-37.90053],[175.70727,-37.90464],[175.69193,-37.94104],[175.6861,-37.93948],[175.67424,-37.94407],[175.66974,-37.94112],[175.65864,-37.95214]]]}},{"type":"Feature","properties":{"id":"south-wairarapa-district","name":"South Wairarapa District","level":2,"centroid":[175.3842,-41.2673],"bbox":[174.9587,-41.6135,175.8098,-40.9211]},"geometry":{"type":"Polygon","coordinates":[[[175.2799,-40.94954],[175.27662,-40.96139],[175.26156,-40.96795],[175.26373,-40.97672],[175.27156,-40.98578],[175.29697,-40.98384],[175.3063,-40.98948],[175.27511,-41.02268],[175.26481,-41.02654],[175.25591,-41.0519],[175.24298,-41.06386],[175.24993,-41.08893],[175.22897,-41.10434],[175.23269,-41.11757],[175.22499,-41.11818],[175.2072,-41.13945],[175.20571,-41.14966],[175.18905,-41.1496],[175.16861,-41.17056],[175.15159,-41.20303],[175.12904,-41.2155],[175.12421,-41.21075],[175.0957,-41.21229],[175.08379,-41.22199],[175.0802,-41.24092],[175.07421,-41.24474],[175.08708,-41.26283],[175.08079,-41.26915],[175.08703,-41.27795],[175.083,-41.28434],[175.04772,-41.31328],[175.04086,-41.32492],[175.04419,-41.32982],[175.03317,-41.33167],[175.02235,-41.34825],[174.99344,-41.34501],[174.98084,-41.36481],[174.95865,-41.38292],[174.98655,-41.39619],[175.04851,-41.37369],[175.14947,-41.39807],[175.21403,-41.42859],[175.22126,-41.45302],[175.20771,-41.47492],[175.20858,-41.49989],[175.19491,-41.52658],[175.21758,-41.54031],[175.23669,-41.60769],[175.25568,-41.60289],[175.29091,-41.61353],[175.32477,-41.60636],[175.3609,-41.58604],[175.36608,-41.57158],[175.40761,-41.56594],[175.43162,-41.57237],[175.49756,-41.52789],[175.50736,-41.5107],[175.53114,-41.50578],[175.53445,-41.49554],[175.55083,-41.49614],[175.57579,-41.48419],[175.58519,-41.48737],[175.61322,-41.46208],[175.64901,-41.44167],[175.67444,-41.41432],[175.74427,-41.39134],[175.76705,-41.3788],[175.77037,-41.37018],[175.80295,-41.36137],[175.79896,-41.34876],[175.78475,-41.34319],[175.80978,-41.3252],[175.76691,-41.31668],[175.77351,-41.29796],[175.79556,-41.3024],[175.80176,-41.28562],[175.75036,-41.27544],[175.75563,-41.26089],[175.7495,-41.25478],[175.73791,-41.25084],[175.73462,-41.25901],[175.72689,-41.2541],[175.74399,-41.23802],[175.73911,-41.23339],[175.74667,-41.23493],[175.75585,-41.20895],[175.75124,-41.20356],[175.73018,-41.2031],[175.72093,-41.22936],[175.69606,-41.23671],[175.69599,-41.22826],[175.68827,-41.23103],[175.67678,-41.21788],[175.64655,-41.21364],[175.64689,-41.20889],[175.59474,-41.20551],[175.58182,-41.19819],[175.59167,-41.17696],[175.57623,-41.17006],[175.57762,-41.16076],[175.52996,-41.15518],[175.51751,-41.14702],[175.48078,-41.14564],[175.47578,-41.13666],[175.48817,-41.13091],[175.47676,-41.12029],[175.49034,-41.11769],[175.51303,-41.0966],[175.50294,-41.08495],[175.5084,-41.0721],[175.49906,-41.06938],[175.4938,-41.0583],[175.4809,-41.06431],[175.44098,-41.05967],[175.41366,-41.06367],[175.39897,-41.0562],[175.40058,-41.04136],[175.39356,-41.04164],[175.39334,-41.02904],[175.40193,-41.01996],[175.39074,-41.00798],[175.39401,-41.00461],[175.38774,-40.99583],[175.39334,-40.98781],[175.38193,-40.97379],[175.38458,-40.9528],[175.40401,-40.93272],[175.3774,-40.92106],[175.3419,-40.93639],[175.30394,-40.93409],[175.2799,-40.94954]]]}},{"type":"Feature","properties":{"id":"southland-district","name":"Southland District","level":2,"centroid":[167.8504,-45.768],"bbox":[166.4444,-47.2774,169.2565,-44.2587]},"geometry":{"type":"MultiPolygon","coordinates":[[[[168.53472,-46.73603],[168.47084,-46.77172],[168.51149,-46.7996],[168.53472,-46.73603]]],[[[167.8697,-46.68423],[167.71963,-46.71433],[167.77075,-46.92289],[167.66924,-46.9773],[167.72839,-47.05277],[167.55968,-47.09058],[167.576,-47.16624],[167.45405,-47.27743],[167.64594,-47.26378],[167.55294,-47.23292],[167.69745,-47.15124],[167.8203,-47.19235],[168.13033,-47.12248],[168.05528,-47.07618],[168.22028,-47.09698],[168.15121,-47.06734],[168.22928,-47.01602],[168.1941,-46.92125],[168.13933,-46.99067],[168.01364,-46.92424],[167.88683,-46.98439],[167.9787,-46.92944],[167.9404,-46.88251],[168.1639,-46.89585],[167.8697,-46.68423]]],[[[166.67883,-45.60038],[166.53823,-45.62698],[166.4444,-45.73922],[166.55211,-45.65091],[166.5899,-45.75415],[166.68536,-45.7479],[166.67883,-45.60038]]],[[[166.96243,-45.1478],[166.86878,-45.24058],[166.99782,-45.29978],[166.96243,-45.1478]]],[[[168.05208,-44.25865],[168.11961,-44.29087],[167.99421,-44.3286],[168.07577,-44.51859],[168.00224,-44.33718],[167.8156,-44.49567],[167.81717,-44.59907],[167.92863,-44.68281],[167.75002,-44.58098],[167.63334,-44.64206],[167.66316,-44.68481],[167.56529,-44.68503],[167.63186,-44.78266],[167.49388,-44.75287],[167.53123,-44.88164],[167.48899,-44.77745],[167.35528,-44.82471],[167.44233,-44.98367],[167.38158,-44.99786],[167.32682,-44.84454],[166.97416,-45.13845],[167.01133,-45.28007],[167.17149,-45.2497],[167.19145,-45.31992],[167.00743,-45.31448],[167.12038,-45.45852],[167.05684,-45.50669],[167.11562,-45.43126],[167.0373,-45.35429],[167.01889,-45.41515],[166.91702,-45.42449],[167.02037,-45.40182],[166.96936,-45.3211],[166.89722,-45.34414],[166.95018,-45.3176],[166.84435,-45.27588],[166.79337,-45.32545],[166.67227,-45.57562],[167.0147,-45.48659],[166.88491,-45.53972],[166.98659,-45.56385],[166.72906,-45.59588],[166.7344,-45.66088],[166.96967,-45.60438],[166.72843,-45.7274],[166.98074,-45.7176],[166.45494,-45.81322],[166.44985,-45.99843],[166.59572,-45.97048],[166.70732,-45.85812],[166.64733,-45.94896],[166.7714,-45.96801],[166.61891,-45.98753],[166.56993,-46.09037],[166.72438,-46.01807],[166.71502,-46.07624],[166.77473,-45.97787],[166.91847,-45.93246],[166.61882,-46.14339],[166.66139,-46.20452],[167.21686,-46.26256],[167.51905,-46.15667],[167.72226,-46.26619],[167.68652,-46.32192],[167.7831,-46.38889],[168.0372,-46.38419],[167.94995,-46.30783],[168.23824,-46.39352],[168.36611,-46.3222],[168.45356,-46.36448],[168.4468,-46.52552],[168.54281,-46.6],[168.60296,-46.5519],[168.79805,-46.58283],[168.84689,-46.66074],[169.06656,-46.6714],[169.12882,-46.60305],[169.25646,-46.63964],[169.19048,-46.55679],[169.2503,-46.51331],[169.13414,-46.37544],[169.18282,-46.2904],[168.79605,-46.24405],[168.79614,-46.18941],[168.70136,-46.17357],[168.82618,-46.0898],[168.76675,-46.03323],[168.83168,-45.98718],[168.84447,-45.83434],[169.00347,-45.79577],[169.02469,-45.65964],[169.20926,-45.40238],[169.06769,-45.26904],[168.8869,-45.46282],[168.77874,-45.43665],[168.67411,-45.24307],[168.32329,-45.32754],[168.21697,-45.14436],[168.3097,-45.02602],[168.17462,-44.98103],[168.11654,-44.8764],[168.23461,-44.543],[168.41136,-44.36162],[168.2804,-44.26005],[168.05208,-44.25865]]]]}},{"type":"Feature","properties":{"id":"stratford-district","name":"Stratford District","level":2,"centroid":[174.5666,-39.151],"bbox":[174.0638,-39.4132,175.0694,-38.8887]},"geometry":{"type":"Polygon","coordinates":[[[174.06378,-39.29604],[174.09462,-39.3796],[174.09668,-39.40744],[174.16957,-39.40567],[174.17269,-39.39443],[174.22022,-39.39446],[174.2153,-39.38805],[174.26993,-39.39012],[174.26775,-39.39751],[174.28049,-39.40606],[174.36177,-39.41321],[174.3716,-39.40223],[174.3925,-39.41125],[174.40557,-39.40117],[174.44129,-39.40457],[174.44129,-39.39693],[174.45848,-39.39836],[174.45798,-39.40551],[174.47313,-39.40677],[174.47101,-39.39915],[174.4805,-39.4067],[174.51175,-39.40464],[174.50806,-39.39752],[174.52286,-39.37885],[174.55404,-39.35998],[174.5773,-39.36336],[174.57867,-39.37351],[174.67848,-39.37435],[174.68529,-39.3937],[174.67801,-39.40494],[174.87698,-39.40413],[174.86588,-39.38909],[174.87943,-39.39021],[174.89158,-39.35806],[174.85012,-39.33675],[174.82282,-39.33397],[174.81283,-39.31363],[174.83797,-39.28781],[174.84707,-39.25985],[174.86204,-39.25548],[174.85958,-39.23205],[174.88846,-39.24118],[174.89594,-39.22672],[174.91487,-39.23332],[174.95033,-39.18373],[174.94093,-39.1778],[174.95876,-39.17111],[174.94988,-39.16333],[174.98171,-39.15681],[174.97794,-39.13963],[174.99396,-39.13799],[174.98294,-39.11215],[175.00035,-39.12877],[174.99826,-39.11056],[175.01029,-39.1165],[175.02771,-39.10173],[175.05785,-39.11222],[175.06944,-39.10572],[175.04299,-39.08332],[175.04731,-39.07036],[174.96334,-39.06626],[174.9615,-39.05302],[174.97653,-39.04196],[174.96039,-39.02327],[174.96025,-38.99494],[174.94049,-38.99539],[174.91464,-39.01082],[174.91096,-38.98924],[174.86885,-38.98911],[174.88545,-38.96898],[174.87724,-38.96416],[174.88632,-38.95457],[174.87133,-38.92838],[174.88405,-38.92774],[174.87432,-38.92042],[174.88423,-38.91259],[174.86688,-38.90394],[174.8714,-38.89057],[174.85672,-38.89539],[174.856,-38.88874],[174.82798,-38.90815],[174.82902,-38.92384],[174.80342,-38.92584],[174.79499,-38.91588],[174.77817,-38.92446],[174.7686,-38.9147],[174.75324,-38.92491],[174.73859,-38.91104],[174.71315,-38.92922],[174.71003,-38.94108],[174.72056,-38.95158],[174.70822,-38.96417],[174.7141,-38.9761],[174.73667,-38.98505],[174.73804,-38.99731],[174.72322,-39.0175],[174.72888,-39.02766],[174.70187,-39.04434],[174.68624,-39.03357],[174.66877,-39.04057],[174.67432,-39.05453],[174.65849,-39.05949],[174.64938,-39.08767],[174.65801,-39.11369],[174.61037,-39.09329],[174.59573,-39.09621],[174.58428,-39.07594],[174.57584,-39.08567],[174.56859,-39.0706],[174.56118,-39.07905],[174.55376,-39.07211],[174.55787,-39.09237],[174.54743,-39.09264],[174.55767,-39.10048],[174.53875,-39.09912],[174.54656,-39.11172],[174.53445,-39.11035],[174.53716,-39.12418],[174.52067,-39.12521],[174.52881,-39.13307],[174.52052,-39.13886],[174.54172,-39.1432],[174.52757,-39.14653],[174.52967,-39.15934],[174.52233,-39.15254],[174.52735,-39.16083],[174.51888,-39.16474],[174.53249,-39.16448],[174.52527,-39.17],[174.53367,-39.17227],[174.51995,-39.17537],[174.51117,-39.19704],[174.45771,-39.17792],[174.43928,-39.19133],[174.43567,-39.20076],[174.44575,-39.20592],[174.42735,-39.20806],[174.42871,-39.22019],[174.42136,-39.21421],[174.42306,-39.2289],[174.35924,-39.22973],[174.35685,-39.24149],[174.28648,-39.2352],[174.28647,-39.22456],[174.27186,-39.22406],[174.24827,-39.25131],[174.18591,-39.28537],[174.06378,-39.29604]]]}},{"type":"Feature","properties":{"id":"tararua-district","name":"Tararua District","level":2,"centroid":[176.0532,-40.3882],"bbox":[175.4734,-40.7808,176.6329,-39.9955]},"geometry":{"type":"Polygon","coordinates":[[[176.27053,-40.78082],[176.28871,-40.76183],[176.28788,-40.74851],[176.30979,-40.71635],[176.354,-40.67788],[176.3763,-40.66803],[176.38744,-40.64174],[176.4151,-40.62233],[176.42201,-40.60466],[176.46774,-40.57479],[176.48333,-40.53952],[176.55953,-40.49604],[176.62179,-40.49134],[176.63294,-40.45262],[176.62301,-40.44347],[176.62257,-40.42802],[176.58972,-40.42255],[176.58733,-40.43129],[176.57852,-40.4146],[176.55875,-40.40721],[176.54996,-40.42117],[176.49286,-40.40013],[176.49259,-40.41155],[176.46139,-40.41181],[176.43391,-40.40294],[176.43643,-40.39151],[176.41778,-40.39232],[176.40704,-40.37864],[176.39147,-40.37777],[176.39188,-40.3617],[176.37064,-40.35862],[176.40567,-40.33302],[176.38891,-40.32299],[176.39922,-40.28488],[176.37809,-40.27248],[176.3863,-40.26571],[176.37972,-40.25854],[176.38031,-40.23742],[176.37027,-40.23425],[176.37017,-40.2144],[176.36172,-40.21533],[176.3587,-40.19788],[176.37875,-40.15814],[176.34322,-40.14554],[176.3296,-40.12251],[176.31319,-40.12392],[176.30927,-40.11781],[176.32321,-40.09372],[176.32088,-40.08563],[176.29978,-40.07609],[176.29724,-40.06805],[176.26376,-40.06271],[176.26224,-40.0451],[176.23866,-40.03839],[176.23878,-40.02733],[176.21785,-40.02882],[176.21354,-40.01782],[176.15427,-40.01223],[176.13663,-40.02858],[176.1255,-40.0136],[176.09383,-39.9955],[176.07728,-40.01394],[176.0741,-40.03596],[176.08113,-40.0478],[176.07024,-40.06105],[176.033,-40.08],[175.9794,-40.14246],[175.9575,-40.15603],[175.93849,-40.15526],[175.92741,-40.17534],[175.89826,-40.18465],[175.89369,-40.20052],[175.87377,-40.21608],[175.85951,-40.25441],[175.84148,-40.24611],[175.82754,-40.26201],[175.82745,-40.24724],[175.81502,-40.24722],[175.8146,-40.2722],[175.80506,-40.26504],[175.77114,-40.30572],[175.79059,-40.31354],[175.77361,-40.35541],[175.76035,-40.3658],[175.76635,-40.3726],[175.73327,-40.39171],[175.7237,-40.40245],[175.72966,-40.41252],[175.7224,-40.42446],[175.70561,-40.43272],[175.71458,-40.4378],[175.68916,-40.46558],[175.62534,-40.51014],[175.47344,-40.6934],[175.56054,-40.72876],[175.56079,-40.73487],[175.58737,-40.7342],[175.6277,-40.7528],[175.62797,-40.7427],[175.65322,-40.74249],[175.66153,-40.72539],[175.67595,-40.72943],[175.68234,-40.71613],[175.69373,-40.7163],[175.69065,-40.69656],[175.75241,-40.69742],[175.75418,-40.7093],[175.77011,-40.69889],[175.78136,-40.70815],[175.77393,-40.71896],[175.79075,-40.7256],[175.76641,-40.75504],[175.76474,-40.76809],[175.78859,-40.76799],[175.81093,-40.77958],[175.82692,-40.76092],[175.84208,-40.76924],[175.8495,-40.76162],[175.87164,-40.7779],[175.90985,-40.75093],[175.93498,-40.76681],[175.94343,-40.74065],[175.97547,-40.73832],[175.97401,-40.72288],[175.99539,-40.72503],[176.01252,-40.71691],[176.01718,-40.70564],[176.04369,-40.71643],[176.08198,-40.71571],[176.07909,-40.70743],[176.09371,-40.67517],[176.13306,-40.68462],[176.15318,-40.677],[176.16246,-40.6822],[176.1572,-40.69216],[176.1755,-40.70086],[176.23431,-40.70767],[176.24128,-40.71763],[176.23763,-40.72909],[176.25125,-40.73345],[176.24449,-40.73398],[176.24657,-40.74093],[176.27156,-40.74463],[176.25817,-40.76005],[176.26645,-40.76363],[176.26405,-40.78078],[176.27053,-40.78082]]]}},{"type":"Feature","properties":{"id":"tasman-district","name":"Tasman District","level":2,"centroid":[172.6772,-41.4059],"bbox":[172.0506,-42.3056,173.3038,-40.5062]},"geometry":{"type":"MultiPolygon","coordinates":[[[[173.12702,-41.25681],[173.10438,-41.26337],[173.14215,-41.28033],[173.20058,-41.28414],[173.12702,-41.25681]]],[[[173.19889,-41.33062],[173.13656,-41.28763],[173.07528,-41.27722],[173.08685,-41.26732],[173.07172,-41.25346],[173.10732,-41.24859],[173.06578,-41.18383],[173.00878,-41.14209],[173.03622,-41.09607],[173.00031,-41.06374],[173.02333,-41.04488],[173.01237,-40.99214],[173.06968,-40.96192],[173.04965,-40.94969],[173.06167,-40.86478],[173.01421,-40.84734],[172.99908,-40.78311],[172.95424,-40.78877],[172.94462,-40.82711],[172.92116,-40.8002],[172.89135,-40.83105],[172.83995,-40.83313],[172.73329,-40.77212],[172.68812,-40.71599],[172.67879,-40.73214],[172.6864,-40.67883],[172.64877,-40.65722],[172.66977,-40.63848],[172.68203,-40.66052],[172.68549,-40.58383],[172.75211,-40.51643],[172.8929,-40.5195],[173.01023,-40.54555],[172.88622,-40.5116],[172.64715,-40.50618],[172.55018,-40.5715],[172.55381,-40.58849],[172.62988,-40.55542],[172.62489,-40.60387],[172.57634,-40.59111],[172.58632,-40.61728],[172.55209,-40.61899],[172.55652,-40.60624],[172.5165,-40.64107],[172.50545,-40.62214],[172.54387,-40.60551],[172.53361,-40.58186],[172.2925,-40.74719],[172.2178,-40.77455],[172.24876,-40.80686],[172.23383,-40.86924],[172.26246,-40.85898],[172.28997,-40.87774],[172.29765,-40.92248],[172.38635,-40.94934],[172.31082,-41.01134],[172.33372,-41.03503],[172.32465,-41.05941],[172.3503,-41.06339],[172.38271,-41.02256],[172.49161,-41.02266],[172.48604,-41.055],[172.51411,-41.06763],[172.51984,-41.09565],[172.55304,-41.10252],[172.61835,-41.16018],[172.62921,-41.19503],[172.67392,-41.18836],[172.69186,-41.2088],[172.65757,-41.23933],[172.57456,-41.25805],[172.60032,-41.30118],[172.58436,-41.37619],[172.51227,-41.41282],[172.46118,-41.39436],[172.4162,-41.41228],[172.43111,-41.42913],[172.41886,-41.47069],[172.34304,-41.51154],[172.32758,-41.60349],[172.29102,-41.63483],[172.23736,-41.6402],[172.25147,-41.70266],[172.18803,-41.69251],[172.11748,-41.72759],[172.09728,-41.77431],[172.11628,-41.78915],[172.11573,-41.8684],[172.06539,-41.89438],[172.07737,-41.92049],[172.05059,-41.95226],[172.08098,-42.00767],[172.12004,-42.01457],[172.10494,-42.04893],[172.1352,-42.10404],[172.20673,-42.09831],[172.2515,-42.15028],[172.33347,-42.14911],[172.3479,-42.2767],[172.43093,-42.30557],[172.45363,-42.27479],[172.51519,-42.26403],[172.60568,-42.20395],[172.61177,-42.15808],[172.64097,-42.13255],[172.6356,-42.10243],[172.6784,-42.08785],[172.69096,-42.10655],[172.72147,-42.10349],[172.73314,-42.03433],[172.75714,-42.036],[172.80806,-41.95813],[172.84725,-41.94246],[172.86473,-41.90882],[172.84757,-41.87429],[172.94568,-41.78093],[172.93062,-41.74381],[173.00379,-41.7248],[173.05738,-41.66846],[173.0587,-41.62574],[173.15161,-41.58547],[173.17244,-41.52409],[173.30382,-41.50888],[173.25083,-41.46658],[173.29485,-41.42564],[173.29744,-41.39314],[173.23004,-41.36882],[173.19889,-41.33062]]]]}},{"type":"Feature","properties":{"id":"taupo-district","name":"Taupo District","level":2,"centroid":[176.1081,-38.8007],"bbox":[175.5186,-39.3003,176.6977,-38.301]},"geometry":{"type":"Polygon","coordinates":[[[175.61219,-38.48761],[175.62537,-38.54515],[175.63694,-38.55246],[175.63252,-38.59162],[175.60034,-38.63412],[175.57593,-38.64985],[175.57958,-38.68181],[175.51858,-38.75543],[175.53747,-38.77906],[175.54165,-38.79511],[175.55547,-38.79024],[175.57719,-38.82317],[175.57702,-38.8309],[175.56151,-38.83861],[175.54471,-38.86454],[175.57997,-38.91068],[175.55388,-38.95572],[175.56077,-38.97269],[175.56942,-38.97014],[175.56263,-38.98683],[175.62689,-38.97401],[175.64123,-38.98029],[175.68201,-38.97971],[175.64805,-39.01441],[175.64804,-39.02792],[175.63577,-39.04532],[175.61356,-39.05064],[175.62465,-39.05991],[175.61875,-39.0826],[175.64782,-39.10008],[175.64279,-39.10431],[175.63466,-39.15836],[175.55785,-39.276],[175.66921,-39.29693],[175.70481,-39.28832],[175.74087,-39.29742],[175.75185,-39.28788],[175.81257,-39.30033],[175.84256,-39.27072],[175.86809,-39.26303],[175.85467,-39.2444],[175.89267,-39.22364],[175.88597,-39.2059],[175.91946,-39.19872],[175.92126,-39.18973],[175.95969,-39.18416],[175.96763,-39.17057],[175.96403,-39.15953],[175.97596,-39.15002],[176.08096,-39.15725],[176.11178,-39.15201],[176.14661,-39.13449],[176.17612,-39.1439],[176.18467,-39.12658],[176.22578,-39.1107],[176.23311,-39.09786],[176.34036,-39.17312],[176.39529,-39.16193],[176.39088,-39.15613],[176.39685,-39.15095],[176.38623,-39.1466],[176.38721,-39.13696],[176.36958,-39.13261],[176.4168,-39.1163],[176.44342,-39.12077],[176.42018,-39.06194],[176.44923,-39.00162],[176.61036,-38.99826],[176.61295,-38.98905],[176.59995,-38.97598],[176.60263,-38.96502],[176.59673,-38.95933],[176.59847,-38.93329],[176.69771,-38.85596],[176.63719,-38.76333],[176.62418,-38.75429],[176.61746,-38.70135],[176.64595,-38.60593],[176.6178,-38.5947],[176.60562,-38.60869],[176.55205,-38.58081],[176.54071,-38.5602],[176.54319,-38.55437],[176.52954,-38.54429],[176.53337,-38.53515],[176.50283,-38.52646],[176.50218,-38.51076],[176.47628,-38.51009],[176.47642,-38.53327],[176.38679,-38.50647],[176.35897,-38.56869],[176.29993,-38.55097],[176.30398,-38.54698],[176.29849,-38.5373],[176.3232,-38.50729],[176.30168,-38.48536],[176.27672,-38.48899],[176.26466,-38.50526],[176.2462,-38.50852],[176.22919,-38.52216],[176.20289,-38.52469],[176.19224,-38.5172],[176.17786,-38.51818],[176.17229,-38.49806],[176.14792,-38.48729],[176.13927,-38.43906],[176.11877,-38.4133],[176.07371,-38.40784],[176.0427,-38.38521],[176.02321,-38.38627],[175.9923,-38.41118],[175.95819,-38.42134],[175.93129,-38.41826],[175.89607,-38.42982],[175.863,-38.42556],[175.84452,-38.43862],[175.82915,-38.43958],[175.8203,-38.43589],[175.81107,-38.41884],[175.76958,-38.3955],[175.78357,-38.37619],[175.7808,-38.36187],[175.73857,-38.34906],[175.71724,-38.32206],[175.68168,-38.30103],[175.66031,-38.31947],[175.68892,-38.3325],[175.68965,-38.36201],[175.69677,-38.36599],[175.69886,-38.37902],[175.68362,-38.38566],[175.67234,-38.40495],[175.65315,-38.40937],[175.64753,-38.4221],[175.61107,-38.44207],[175.61543,-38.44866],[175.60586,-38.46158],[175.61219,-38.48761]]]}},{"type":"Feature","properties":{"id":"tauranga-city","name":"Tauranga City","level":2,"centroid":[176.2435,-37.6978],"bbox":[176.072,-37.7706,176.4149,-37.6251]},"geometry":{"type":"Polygon","coordinates":[[[176.4149,-37.74753],[176.34706,-37.71713],[176.29126,-37.69823],[176.25022,-37.68014],[176.20834,-37.65372],[176.18675,-37.63479],[176.17764,-37.63129],[176.17333,-37.62511],[176.16841,-37.62699],[176.16641,-37.63139],[176.16862,-37.63589],[176.17587,-37.63383],[176.18142,-37.63975],[176.18304,-37.64971],[176.17958,-37.66863],[176.19438,-37.68096],[176.20113,-37.67634],[176.20445,-37.67841],[176.20497,-37.68764],[176.19868,-37.69372],[176.18486,-37.68806],[176.18625,-37.68605],[176.18226,-37.68974],[176.17868,-37.68912],[176.18175,-37.6901],[176.18958,-37.7069],[176.21266,-37.69583],[176.208,-37.69476],[176.20769,-37.69132],[176.21489,-37.68629],[176.21944,-37.69211],[176.23727,-37.69648],[176.23124,-37.70471],[176.22625,-37.70398],[176.2355,-37.71172],[176.23079,-37.7142],[176.22908,-37.71159],[176.22619,-37.71498],[176.22176,-37.71125],[176.21354,-37.71516],[176.21198,-37.71191],[176.20211,-37.71342],[176.20025,-37.72318],[176.1972,-37.72082],[176.18438,-37.72606],[176.18227,-37.72352],[176.17498,-37.72445],[176.17949,-37.72325],[176.18387,-37.7164],[176.19161,-37.7171],[176.18746,-37.71071],[176.18954,-37.70698],[176.16698,-37.7221],[176.16629,-37.69551],[176.17067,-37.68717],[176.17846,-37.68923],[176.17047,-37.68616],[176.17508,-37.65838],[176.16805,-37.65917],[176.16407,-37.67116],[176.15202,-37.66498],[176.12448,-37.65978],[176.11394,-37.67142],[176.12882,-37.67252],[176.12229,-37.67726],[176.12161,-37.68315],[176.11521,-37.67843],[176.11066,-37.67869],[176.09883,-37.68366],[176.09163,-37.69107],[176.09356,-37.69782],[176.09921,-37.70064],[176.10238,-37.71128],[176.09428,-37.72849],[176.07474,-37.74645],[176.07203,-37.75307],[176.07265,-37.75839],[176.07411,-37.75665],[176.0801,-37.76115],[176.09459,-37.76344],[176.09671,-37.76898],[176.10169,-37.76992],[176.10657,-37.7655],[176.10992,-37.77049],[176.11626,-37.77056],[176.11469,-37.76156],[176.11885,-37.75436],[176.14137,-37.75731],[176.14639,-37.75078],[176.15424,-37.75286],[176.1588,-37.76009],[176.17007,-37.75822],[176.17615,-37.75437],[176.17475,-37.75094],[176.18154,-37.74871],[176.1923,-37.74923],[176.19452,-37.74344],[176.20476,-37.74405],[176.20256,-37.74013],[176.20608,-37.73873],[176.20812,-37.73322],[176.2126,-37.73223],[176.2096,-37.72609],[176.21463,-37.72408],[176.2174,-37.71899],[176.23717,-37.71626],[176.24997,-37.72084],[176.26508,-37.71686],[176.27587,-37.72393],[176.28527,-37.72445],[176.28424,-37.717],[176.29284,-37.71932],[176.29283,-37.71433],[176.30747,-37.71438],[176.30726,-37.71972],[176.31341,-37.72335],[176.34598,-37.73388],[176.3539,-37.73767],[176.35364,-37.74098],[176.36681,-37.747],[176.37583,-37.7456],[176.40256,-37.7525],[176.41255,-37.75144],[176.4149,-37.74753]],[[176.15269,-37.69606],[176.14356,-37.68253],[176.14612,-37.6798],[176.15651,-37.67871],[176.15985,-37.67098],[176.16532,-37.67587],[176.16115,-37.68758],[176.15269,-37.69606]]]}},{"type":"Feature","properties":{"id":"thames-coromandel-district","name":"Thames-Coromandel District","level":2,"centroid":[175.6415,-36.8637],"bbox":[175.327,-37.2984,175.956,-36.429]},"geometry":{"type":"MultiPolygon","coordinates":[[[[175.9444,-37.03699],[175.93921,-37.06135],[175.95595,-37.04693],[175.9444,-37.03699]]],[[[175.45265,-36.76855],[175.42878,-36.79492],[175.45726,-36.78909],[175.45265,-36.76855]]],[[[175.9384,-36.6172],[175.92291,-36.61744],[175.92671,-36.63002],[175.94893,-36.62781],[175.9384,-36.6172]]],[[[175.78861,-36.57954],[175.75074,-36.58745],[175.78678,-36.60943],[175.77589,-36.63751],[175.83419,-36.63704],[175.82708,-36.61737],[175.79026,-36.60543],[175.78861,-36.57954]]],[[[175.87977,-37.23056],[175.87853,-37.19946],[175.85739,-37.20691],[175.85016,-37.1713],[175.86367,-37.16487],[175.88098,-37.2018],[175.89276,-37.19559],[175.87898,-37.15004],[175.89018,-37.11291],[175.86038,-37.1264],[175.87831,-37.10522],[175.88855,-37.11315],[175.88584,-37.02854],[175.86204,-37.00585],[175.83696,-37.05238],[175.81269,-37.05961],[175.83575,-37.04804],[175.84843,-37.00308],[175.87203,-37.00012],[175.84311,-36.96433],[175.85603,-36.92292],[175.81927,-36.8831],[175.81989,-36.84144],[175.76452,-36.8208],[175.75932,-36.84629],[175.77406,-36.84638],[175.76316,-36.86483],[175.7589,-36.8365],[175.71294,-36.82711],[175.69706,-36.86358],[175.71946,-36.87255],[175.69957,-36.88848],[175.71536,-36.90614],[175.70137,-36.89125],[175.6844,-36.89746],[175.69091,-36.8803],[175.67601,-36.88885],[175.66656,-36.87189],[175.68506,-36.86155],[175.67274,-36.83496],[175.7063,-36.83857],[175.70163,-36.80708],[175.74768,-36.79055],[175.75533,-36.75726],[175.82708,-36.73959],[175.81998,-36.71734],[175.79872,-36.71807],[175.7831,-36.69215],[175.70916,-36.72705],[175.63531,-36.7261],[175.67779,-36.74237],[175.63975,-36.74393],[175.64432,-36.76743],[175.60721,-36.75723],[175.62756,-36.71812],[175.60694,-36.70959],[175.60523,-36.68211],[175.5559,-36.68443],[175.55666,-36.66479],[175.58443,-36.66402],[175.57111,-36.64529],[175.58362,-36.62752],[175.56014,-36.59815],[175.52334,-36.59526],[175.51973,-36.55495],[175.53348,-36.54024],[175.49453,-36.51085],[175.46962,-36.50999],[175.47609,-36.53528],[175.44332,-36.50292],[175.42324,-36.51194],[175.41192,-36.47093],[175.32839,-36.47993],[175.32697,-36.52561],[175.34507,-36.55363],[175.4717,-36.62043],[175.43754,-36.62645],[175.44708,-36.6604],[175.43046,-36.71686],[175.48088,-36.73402],[175.4571,-36.76869],[175.4831,-36.75415],[175.49554,-36.76456],[175.4856,-36.77953],[175.50559,-36.79401],[175.42303,-36.82013],[175.46585,-36.82838],[175.42806,-36.83325],[175.43803,-36.84477],[175.47378,-36.83771],[175.46843,-36.85291],[175.40634,-36.85375],[175.43051,-36.90185],[175.49946,-36.97419],[175.52418,-37.05476],[175.51792,-37.11255],[175.56287,-37.19076],[175.57069,-37.23946],[175.61765,-37.24293],[175.59668,-37.27817],[175.63663,-37.28009],[175.65549,-37.29842],[175.74068,-37.29424],[175.82545,-37.27579],[175.84448,-37.24473],[175.85897,-37.24915],[175.85907,-37.23218],[175.87977,-37.23056]]],[[[175.77153,-36.42904],[175.7599,-36.43811],[175.78726,-36.4418],[175.77153,-36.42904]]]]}},{"type":"Feature","properties":{"id":"timaru-district","name":"Timaru District","level":2,"centroid":[171.0445,-43.9766],"bbox":[170.5823,-44.501,171.5068,-43.4522]},"geometry":{"type":"Polygon","coordinates":[[[170.59725,-43.46409],[170.58229,-43.46497],[170.60404,-43.48487],[170.62789,-43.49011],[170.62595,-43.50682],[170.63845,-43.51534],[170.639,-43.52924],[170.66425,-43.54543],[170.72751,-43.55584],[170.72999,-43.56485],[170.71781,-43.57847],[170.74095,-43.61239],[170.71098,-43.644],[170.71228,-43.65602],[170.70195,-43.66714],[170.70906,-43.67347],[170.69311,-43.68753],[170.69844,-43.69891],[170.68363,-43.71669],[170.69396,-43.72607],[170.68596,-43.742],[170.70141,-43.76221],[170.73779,-43.76465],[170.71532,-43.8054],[170.72397,-43.81256],[170.76307,-43.81709],[170.78358,-43.77524],[170.80687,-43.78342],[170.81683,-43.77354],[170.85372,-43.78639],[170.85098,-43.8003],[170.8615,-43.80882],[170.88277,-43.81174],[170.89112,-43.80335],[170.91486,-43.8047],[170.91143,-43.7895],[170.9742,-43.76982],[171.0079,-43.74861],[171.05001,-43.75882],[171.06847,-43.74923],[171.08696,-43.75483],[171.09141,-43.76673],[171.11642,-43.78219],[171.13877,-43.77982],[171.15332,-43.80786],[171.16818,-43.80621],[171.18395,-43.82604],[171.22079,-43.8497],[171.21173,-43.86778],[171.22274,-43.8879],[171.21712,-43.89983],[171.19763,-43.89105],[171.17109,-43.89466],[171.17061,-43.90298],[171.17922,-43.90677],[171.17252,-43.91067],[171.18151,-43.92249],[171.17627,-43.92756],[171.09752,-43.93221],[171.07747,-43.961],[171.03151,-43.95876],[170.99134,-43.92056],[170.98483,-43.9236],[170.9843,-43.94105],[170.99408,-43.94814],[170.99193,-43.96436],[170.96932,-43.96581],[170.97154,-43.98921],[170.94379,-44.00768],[170.96856,-44.01788],[170.96573,-44.02807],[170.98865,-44.04227],[170.96746,-44.06442],[170.97983,-44.06754],[170.97602,-44.08292],[170.98289,-44.10951],[170.99953,-44.13534],[170.99597,-44.1702],[170.93452,-44.16949],[170.87578,-44.13713],[170.86763,-44.15299],[170.87254,-44.16309],[170.86024,-44.17701],[170.89929,-44.26145],[170.94756,-44.30634],[170.94531,-44.3168],[170.96408,-44.35362],[171.00021,-44.39535],[171.02579,-44.40012],[171.03773,-44.39334],[171.04421,-44.40639],[171.11647,-44.44066],[171.14323,-44.47053],[171.21427,-44.50103],[171.26155,-44.44335],[171.25637,-44.42687],[171.26999,-44.38762],[171.25625,-44.39431],[171.26177,-44.38625],[171.24487,-44.38172],[171.26805,-44.35501],[171.35234,-44.2806],[171.42332,-44.23242],[171.50675,-44.18937],[171.48447,-44.11158],[171.4709,-44.09504],[171.33933,-44.01452],[171.30927,-43.9862],[171.26325,-43.87149],[171.26108,-43.80576],[171.25005,-43.80234],[171.25456,-43.79222],[171.23766,-43.77728],[171.2375,-43.76616],[171.19369,-43.74854],[171.18133,-43.7329],[171.14481,-43.73772],[171.1026,-43.71309],[171.0279,-43.70014],[170.97283,-43.67163],[170.94266,-43.63419],[170.92324,-43.62266],[170.92418,-43.61402],[170.90057,-43.58251],[170.854,-43.53194],[170.76322,-43.51234],[170.69162,-43.45218],[170.64225,-43.46428],[170.61425,-43.45461],[170.61363,-43.46492],[170.59725,-43.46409]]]}},{"type":"Feature","properties":{"id":"upper-harbour-local-board-area","name":"Upper Harbour Local Board Area","level":2,"centroid":[174.6668,-36.763],"bbox":[174.5913,-36.8235,174.7423,-36.7024]},"geometry":{"type":"MultiPolygon","coordinates":[[[[174.63664,-36.8235],[174.64599,-36.81754],[174.64059,-36.81095],[174.64814,-36.81246],[174.64968,-36.80898],[174.64784,-36.81256],[174.64463,-36.81179],[174.65054,-36.80113],[174.66258,-36.80732],[174.67088,-36.80495],[174.67292,-36.80177],[174.66423,-36.79994],[174.67091,-36.79941],[174.66596,-36.79574],[174.67442,-36.79642],[174.67422,-36.79405],[174.67051,-36.7933],[174.6728,-36.78829],[174.66583,-36.78517],[174.65338,-36.78819],[174.65169,-36.79246],[174.64612,-36.78923],[174.63743,-36.79719],[174.64077,-36.79178],[174.63774,-36.79078],[174.64181,-36.79018],[174.64064,-36.78822],[174.64561,-36.7826],[174.65962,-36.78027],[174.66095,-36.77432],[174.65861,-36.77746],[174.64563,-36.78239],[174.64603,-36.77868],[174.6429,-36.78027],[174.64141,-36.77686],[174.6431,-36.77465],[174.63834,-36.7747],[174.63407,-36.78013],[174.63525,-36.77725],[174.63268,-36.77551],[174.62129,-36.77516],[174.61671,-36.77999],[174.6178,-36.77465],[174.60767,-36.77535],[174.60537,-36.7774],[174.60649,-36.77979],[174.60477,-36.77804],[174.60204,-36.77989],[174.59794,-36.78783],[174.60252,-36.79503],[174.5967,-36.78819],[174.59133,-36.79326],[174.59563,-36.79576],[174.60256,-36.79511],[174.60153,-36.80006],[174.60775,-36.80913],[174.61831,-36.8083],[174.63021,-36.8194],[174.63572,-36.82042],[174.63664,-36.8235]]],[[[174.63884,-36.75207],[174.63557,-36.75264],[174.63488,-36.75788],[174.63916,-36.75986],[174.63449,-36.76021],[174.63627,-36.76293],[174.63364,-36.76331],[174.63402,-36.76907],[174.63605,-36.76903],[174.63434,-36.77221],[174.63679,-36.76962],[174.64796,-36.76799],[174.64845,-36.76529],[174.64923,-36.7676],[174.66075,-36.77022],[174.66533,-36.766],[174.66177,-36.7655],[174.66662,-36.76428],[174.66575,-36.76172],[174.6748,-36.75333],[174.67461,-36.74891],[174.6807,-36.73864],[174.68666,-36.73535],[174.69111,-36.72641],[174.69294,-36.72761],[174.69301,-36.7232],[174.69332,-36.72753],[174.69011,-36.72798],[174.68706,-36.73701],[174.67931,-36.74373],[174.67874,-36.74834],[174.68179,-36.75066],[174.67811,-36.74924],[174.67732,-36.75125],[174.67752,-36.75463],[174.68069,-36.75526],[174.67636,-36.75666],[174.67587,-36.75927],[174.67886,-36.76266],[174.68389,-36.76295],[174.6808,-36.76388],[174.68122,-36.76649],[174.6727,-36.76337],[174.67219,-36.76882],[174.67069,-36.76276],[174.66589,-36.76763],[174.66788,-36.77227],[174.66372,-36.77008],[174.66235,-36.77195],[174.66656,-36.77641],[174.66449,-36.77986],[174.67159,-36.78237],[174.6703,-36.78463],[174.67845,-36.78647],[174.68427,-36.78079],[174.69203,-36.78061],[174.70302,-36.77025],[174.71754,-36.76621],[174.72344,-36.76144],[174.72281,-36.75811],[174.73743,-36.74887],[174.74225,-36.73911],[174.73546,-36.73596],[174.73067,-36.72822],[174.72422,-36.72622],[174.7231,-36.72327],[174.72795,-36.70963],[174.72094,-36.70241],[174.7054,-36.71112],[174.69676,-36.71208],[174.68976,-36.70858],[174.6817,-36.70898],[174.67413,-36.71423],[174.66803,-36.71073],[174.66572,-36.71227],[174.67,-36.72524],[174.66852,-36.72761],[174.65725,-36.73678],[174.65509,-36.74144],[174.63837,-36.74679],[174.63884,-36.75207]]]]}},{"type":"Feature","properties":{"id":"upper-hutt-city","name":"Upper Hutt City","level":2,"centroid":[175.1329,-41.0878],"bbox":[174.9596,-41.2262,175.3062,-40.9493]},"geometry":{"type":"Polygon","coordinates":[[[175.26112,-40.97088],[175.24606,-40.97186],[175.23894,-40.96937],[175.23381,-40.97279],[175.22842,-40.97339],[175.22454,-40.97233],[175.21627,-40.96596],[175.20757,-40.9684],[175.20277,-40.97895],[175.19852,-40.9799],[175.19348,-40.97354],[175.18696,-40.96961],[175.18198,-40.97282],[175.17862,-40.97289],[175.17368,-40.97098],[175.16926,-40.96507],[175.1643,-40.96558],[175.16468,-40.96769],[175.16247,-40.96695],[175.15721,-40.96882],[175.15361,-40.96659],[175.14733,-40.96717],[175.14477,-40.96449],[175.13445,-40.96459],[175.12919,-40.94934],[175.11156,-40.95282],[175.11436,-40.95685],[175.09172,-40.96128],[175.09877,-40.98213],[175.07499,-40.98213],[175.07436,-40.98332],[175.06763,-40.97377],[175.06168,-40.97027],[175.06297,-40.96642],[175.05911,-40.96235],[175.05064,-40.96818],[175.03936,-40.98409],[175.02622,-40.99595],[175.01642,-40.99898],[175.00156,-40.99909],[174.99645,-41.00758],[174.97969,-41.01332],[174.95959,-41.01082],[174.96122,-41.01879],[174.96678,-41.0241],[174.97568,-41.03791],[174.968,-41.0603],[174.97186,-41.06169],[174.97431,-41.06009],[174.97435,-41.07538],[174.98328,-41.076],[174.98624,-41.074],[174.99394,-41.07343],[174.99513,-41.08458],[174.98452,-41.09051],[174.9882,-41.0966],[174.99001,-41.09645],[174.99554,-41.10303],[174.99073,-41.1058],[174.9927,-41.10777],[174.98804,-41.11262],[174.99038,-41.11434],[174.98881,-41.11808],[174.99015,-41.12232],[174.98723,-41.12282],[174.98619,-41.12567],[174.98369,-41.12655],[174.98526,-41.12716],[174.98465,-41.12868],[174.97784,-41.13614],[174.97944,-41.13997],[174.98489,-41.14319],[174.99912,-41.14438],[174.9918,-41.1488],[175.00505,-41.16363],[174.999,-41.16673],[175.00849,-41.17732],[175.01816,-41.17842],[175.01595,-41.18906],[175.00431,-41.18839],[175.00093,-41.19802],[174.99859,-41.20005],[174.99318,-41.20057],[174.9911,-41.20377],[174.9924,-41.20745],[174.9982,-41.21176],[174.99936,-41.21459],[175.00646,-41.21524],[175.0154,-41.21312],[175.01996,-41.21773],[175.02865,-41.21696],[175.03117,-41.21869],[175.03691,-41.2186],[175.04208,-41.2222],[175.04811,-41.21677],[175.05382,-41.21561],[175.06508,-41.21894],[175.07649,-41.21236],[175.08186,-41.21787],[175.07982,-41.22051],[175.08119,-41.22139],[175.08159,-41.22621],[175.08379,-41.22199],[175.09546,-41.21237],[175.10421,-41.21134],[175.10998,-41.21339],[175.11512,-41.21103],[175.12421,-41.21075],[175.12904,-41.2155],[175.13747,-41.21124],[175.14298,-41.20566],[175.15185,-41.20284],[175.15797,-41.1831],[175.16229,-41.1778],[175.16561,-41.17893],[175.16861,-41.17056],[175.17748,-41.16595],[175.18348,-41.15541],[175.18905,-41.1496],[175.19909,-41.14945],[175.20227,-41.15112],[175.20571,-41.14966],[175.2072,-41.13945],[175.22141,-41.12656],[175.22149,-41.12298],[175.22499,-41.11818],[175.2302,-41.11911],[175.23276,-41.11747],[175.22897,-41.10434],[175.2456,-41.09062],[175.24993,-41.08893],[175.24187,-41.07138],[175.24298,-41.06386],[175.25591,-41.0519],[175.25882,-41.03969],[175.26163,-41.03663],[175.26156,-41.0329],[175.26481,-41.02654],[175.27511,-41.02268],[175.27954,-41.01674],[175.29311,-41.00589],[175.29528,-41.0013],[175.30622,-40.98969],[175.30469,-40.98712],[175.29697,-40.98384],[175.27984,-40.98681],[175.27156,-40.98578],[175.26391,-40.97697],[175.26334,-40.97229],[175.26112,-40.97088]]]}},{"type":"Feature","properties":{"id":"waiheke-local-board-area","name":"Waiheke Local Board Area","level":2,"centroid":[175.0208,-36.8052],"bbox":[174.8279,-36.9017,175.2138,-36.7088]},"geometry":{"type":"MultiPolygon","coordinates":[[[[175.18743,-36.83358],[175.17164,-36.83958],[175.17734,-36.84114],[175.17246,-36.84631],[175.17863,-36.85084],[175.1738,-36.85703],[175.17713,-36.86102],[175.16537,-36.85714],[175.16271,-36.86216],[175.1528,-36.86206],[175.16572,-36.87066],[175.17593,-36.8949],[175.19463,-36.90169],[175.20107,-36.89748],[175.19951,-36.88804],[175.20666,-36.8788],[175.19662,-36.86838],[175.19471,-36.85573],[175.20117,-36.84057],[175.21159,-36.84083],[175.21376,-36.83497],[175.19316,-36.8342],[175.19342,-36.84],[175.18743,-36.83358]]],[[[174.93758,-36.80313],[174.9364,-36.79949],[174.93301,-36.80385],[174.94207,-36.80908],[174.94119,-36.82239],[174.9595,-36.8113],[174.93758,-36.80313]]],[[[174.86713,-36.7627],[174.83946,-36.76728],[174.83006,-36.77859],[174.82794,-36.79038],[174.83844,-36.7979],[174.83889,-36.80449],[174.86654,-36.80823],[174.89484,-36.7976],[174.89645,-36.78885],[174.89094,-36.78389],[174.89665,-36.77514],[174.86713,-36.7627]]],[[[175.03963,-36.81222],[175.03283,-36.81818],[175.05382,-36.81789],[175.05698,-36.82217],[175.06753,-36.81787],[175.07148,-36.82632],[175.06263,-36.83168],[175.09706,-36.84138],[175.09527,-36.83182],[175.10528,-36.8215],[175.10274,-36.81478],[175.1088,-36.81534],[175.11355,-36.84741],[175.12696,-36.84807],[175.12226,-36.83987],[175.1286,-36.82321],[175.14021,-36.82371],[175.13011,-36.83663],[175.13863,-36.8358],[175.13641,-36.84501],[175.14397,-36.84834],[175.15333,-36.84066],[175.14665,-36.8331],[175.16086,-36.83234],[175.16576,-36.81736],[175.16246,-36.8139],[175.16715,-36.80569],[175.15904,-36.80082],[175.1537,-36.7847],[175.17982,-36.77328],[175.19341,-36.77909],[175.20335,-36.76514],[175.19617,-36.75279],[175.17025,-36.74952],[175.16997,-36.74317],[175.17529,-36.74147],[175.17183,-36.73828],[175.15105,-36.75045],[175.14683,-36.76474],[175.1286,-36.76881],[175.11943,-36.76179],[175.10622,-36.76449],[175.10617,-36.78266],[175.08679,-36.78825],[175.06331,-36.78287],[175.06027,-36.76549],[175.04557,-36.77959],[175.03642,-36.77434],[175.01729,-36.78453],[175.00904,-36.77903],[175.01457,-36.76886],[175.01059,-36.77255],[174.9939,-36.76867],[174.9977,-36.7744],[174.98811,-36.77127],[174.9852,-36.77759],[174.99241,-36.78245],[174.98162,-36.78344],[174.99046,-36.79321],[174.98809,-36.81177],[175.00548,-36.80342],[175.01184,-36.78946],[175.02756,-36.7977],[175.018,-36.80952],[175.02155,-36.8132],[175.0321,-36.80089],[175.03833,-36.80449],[175.03918,-36.79917],[175.0336,-36.79758],[175.03788,-36.79305],[175.03887,-36.79697],[175.04769,-36.79091],[175.04005,-36.79589],[175.04099,-36.80519],[175.05251,-36.79612],[175.0545,-36.80193],[175.07143,-36.80191],[175.03963,-36.81222]]],[[[174.91764,-36.73171],[174.91372,-36.74876],[174.89388,-36.75929],[174.89325,-36.77002],[174.91172,-36.79608],[174.91375,-36.78883],[174.92851,-36.78386],[174.92956,-36.76718],[174.93731,-36.76759],[174.93577,-36.75382],[174.9294,-36.74762],[174.93415,-36.7423],[174.91764,-36.73171]]],[[[174.94538,-36.70878],[174.94011,-36.71813],[174.94446,-36.72891],[174.95178,-36.72806],[174.9544,-36.71284],[174.94538,-36.70878]]]]}},{"type":"Feature","properties":{"id":"waikato-district","name":"Waikato District","level":2,"centroid":[175.1011,-37.5156],"bbox":[174.6582,-38.0155,175.544,-37.0158]},"geometry":{"type":"Polygon","coordinates":[[[175.32,-37.18535],[175.26358,-37.19225],[175.25762,-37.13579],[175.24278,-37.14041],[175.21715,-37.11716],[175.22265,-37.10698],[175.25092,-37.10983],[175.23955,-37.0671],[175.26181,-37.06641],[175.26785,-37.02744],[175.18476,-37.04076],[175.16159,-37.01577],[175.14082,-37.09873],[175.1539,-37.13611],[175.1315,-37.18599],[175.08956,-37.17951],[175.07381,-37.19475],[175.05447,-37.18079],[174.99026,-37.21659],[174.97322,-37.19476],[174.94799,-37.19574],[174.92994,-37.20623],[174.93277,-37.23163],[174.91932,-37.23658],[174.88679,-37.23063],[174.85036,-37.25117],[174.84812,-37.2342],[174.80632,-37.22684],[174.73888,-37.26794],[174.6997,-37.26153],[174.65819,-37.28204],[174.69163,-37.35704],[174.72005,-37.37991],[174.74503,-37.36712],[174.74074,-37.34176],[174.77541,-37.345],[174.74095,-37.38569],[174.72245,-37.38959],[174.70696,-37.37629],[174.70002,-37.41677],[174.76872,-37.56085],[174.77112,-37.60077],[174.81025,-37.67624],[174.8384,-37.79634],[174.8709,-37.78899],[174.8647,-37.77393],[174.90118,-37.79059],[174.91016,-37.76644],[174.89672,-37.76352],[174.91958,-37.7534],[174.9128,-37.74309],[174.92985,-37.75486],[174.93354,-37.73243],[174.93893,-37.75247],[174.9531,-37.75026],[174.95249,-37.72436],[174.95209,-37.76589],[174.96751,-37.77353],[174.92752,-37.77068],[174.91276,-37.78606],[174.92738,-37.79587],[174.95109,-37.77931],[174.97435,-37.7971],[174.94722,-37.78888],[174.94569,-37.80886],[174.93867,-37.78887],[174.91866,-37.79639],[174.92859,-37.80812],[174.89938,-37.80478],[174.90206,-37.8164],[174.87596,-37.79506],[174.86493,-37.80698],[174.87941,-37.80624],[174.87748,-37.8288],[174.8656,-37.81237],[174.86204,-37.82315],[174.86021,-37.8063],[174.8447,-37.81117],[174.86376,-37.80026],[174.76674,-37.84206],[174.75677,-37.88527],[174.78457,-37.94323],[174.78009,-37.97726],[174.79567,-38.01548],[174.83381,-37.98972],[174.81735,-37.98323],[174.81432,-37.96455],[174.84359,-37.95104],[174.85203,-37.93192],[174.85085,-37.95187],[174.8675,-37.94643],[174.8955,-37.963],[174.8706,-37.97825],[174.92604,-37.9903],[174.95774,-37.96264],[175.04014,-37.98679],[175.099,-37.9838],[175.0559,-37.90482],[175.06656,-37.89834],[175.06471,-37.86197],[175.09571,-37.86184],[175.08792,-37.84717],[175.13468,-37.81787],[175.14305,-37.84028],[175.17035,-37.8321],[175.17761,-37.81664],[175.21149,-37.82095],[175.2288,-37.80662],[175.21819,-37.76718],[175.20597,-37.76941],[175.1843,-37.74299],[175.20564,-37.74057],[175.21105,-37.69933],[175.22785,-37.72291],[175.26217,-37.7097],[175.28988,-37.72179],[175.29336,-37.74823],[175.30672,-37.74514],[175.34487,-37.79288],[175.32337,-37.81087],[175.32661,-37.82953],[175.34752,-37.83992],[175.35693,-37.87069],[175.39882,-37.88388],[175.42429,-37.87477],[175.4207,-37.83797],[175.45377,-37.82116],[175.47402,-37.83131],[175.48236,-37.80932],[175.5412,-37.78711],[175.54405,-37.76901],[175.5275,-37.76425],[175.51229,-37.73265],[175.49452,-37.74653],[175.45698,-37.7258],[175.37323,-37.4668],[175.39689,-37.42182],[175.37634,-37.38956],[175.38391,-37.3742],[175.34174,-37.32483],[175.30577,-37.25131],[175.31699,-37.24637],[175.3039,-37.22643],[175.32,-37.18535]]]}},{"type":"Feature","properties":{"id":"waimakariri-district","name":"Waimakariri District","level":2,"centroid":[172.3331,-43.2082],"bbox":[171.9289,-43.4601,172.7373,-42.9562]},"geometry":{"type":"Polygon","coordinates":[[[172.22309,-42.95663],[172.19793,-42.95623],[172.17311,-42.96491],[172.16601,-42.9714],[172.16168,-42.9898],[172.15551,-42.99412],[172.1351,-42.986],[172.12458,-42.98651],[172.11962,-42.99403],[172.11941,-43.00669],[172.10075,-43.0198],[172.09239,-43.03236],[172.09665,-43.04179],[172.09259,-43.0476],[172.08428,-43.05382],[172.07014,-43.04726],[172.06078,-43.05157],[172.04972,-43.07631],[172.01927,-43.09719],[172.01862,-43.11326],[172.02438,-43.1202],[172.02614,-43.13818],[172.01991,-43.14642],[172.00345,-43.15346],[171.99608,-43.17867],[171.95263,-43.1784],[171.95091,-43.19537],[171.94334,-43.20322],[171.93139,-43.20366],[171.9289,-43.22041],[171.95571,-43.22852],[171.9604,-43.23887],[171.96654,-43.2404],[171.96184,-43.24437],[171.95678,-43.24213],[171.96152,-43.24867],[171.94843,-43.25466],[171.94566,-43.25954],[171.94938,-43.26395],[171.93959,-43.27467],[171.94559,-43.27444],[171.94918,-43.28263],[171.95769,-43.28321],[171.95322,-43.29096],[171.98384,-43.31399],[171.98598,-43.32608],[171.99737,-43.33777],[172.0275,-43.35412],[172.0675,-43.36517],[172.08182,-43.3749],[172.10423,-43.40293],[172.1435,-43.42373],[172.19383,-43.44333],[172.29603,-43.46011],[172.39454,-43.45586],[172.43242,-43.44765],[172.52266,-43.44225],[172.56026,-43.43424],[172.57979,-43.43426],[172.61131,-43.42857],[172.64612,-43.41529],[172.67961,-43.39105],[172.71122,-43.39039],[172.70868,-43.3588],[172.71248,-43.32226],[172.73732,-43.24699],[172.71902,-43.2419],[172.72728,-43.22726],[172.70974,-43.22736],[172.70335,-43.21858],[172.69574,-43.22152],[172.69227,-43.21014],[172.67738,-43.2143],[172.6781,-43.2035],[172.63782,-43.20082],[172.62555,-43.19618],[172.61625,-43.20251],[172.60677,-43.22263],[172.60305,-43.22175],[172.5934,-43.23129],[172.59593,-43.2341],[172.59158,-43.2345],[172.5918,-43.24427],[172.56783,-43.24313],[172.55965,-43.22899],[172.55301,-43.22795],[172.5557,-43.22125],[172.55057,-43.21413],[172.53049,-43.20288],[172.53367,-43.19998],[172.53173,-43.1797],[172.54403,-43.17276],[172.53286,-43.16182],[172.53787,-43.14817],[172.52847,-43.14706],[172.5211,-43.16173],[172.51371,-43.16653],[172.48937,-43.17145],[172.49576,-43.15902],[172.47919,-43.15854],[172.47914,-43.15112],[172.49192,-43.14648],[172.48355,-43.1398],[172.4762,-43.1402],[172.48171,-43.13274],[172.47736,-43.12928],[172.47213,-43.13689],[172.4535,-43.14202],[172.46088,-43.1462],[172.45278,-43.15081],[172.44847,-43.15977],[172.42002,-43.15164],[172.43409,-43.12934],[172.42069,-43.10835],[172.41445,-43.11007],[172.4155,-43.10167],[172.40069,-43.08224],[172.42308,-43.04891],[172.40543,-43.03035],[172.37955,-43.023],[172.37112,-43.03222],[172.37137,-43.03782],[172.34863,-43.05143],[172.33676,-43.04691],[172.32887,-43.03763],[172.33465,-43.02822],[172.3315,-43.01777],[172.31143,-43.02756],[172.28933,-43.02907],[172.26981,-43.01974],[172.26549,-43.00695],[172.25802,-43.00415],[172.26095,-42.99574],[172.27139,-42.99187],[172.26665,-42.98134],[172.26005,-42.98232],[172.26116,-42.97663],[172.23175,-42.98255],[172.21659,-42.97047],[172.21179,-42.97357],[172.20983,-42.96645],[172.21494,-42.9672],[172.21567,-42.9598],[172.22309,-42.95663]]]}},{"type":"Feature","properties":{"id":"waimate-district","name":"Waimate District","level":2,"centroid":[170.6997,-44.6267],"bbox":[170.1852,-44.9404,171.2143,-44.313]},"geometry":{"type":"Polygon","coordinates":[[[170.9772,-44.37424],[170.94636,-44.36339],[170.92935,-44.36193],[170.92935,-44.3554],[170.92342,-44.3427],[170.91317,-44.33653],[170.91184,-44.33217],[170.8836,-44.32791],[170.87457,-44.33138],[170.86096,-44.33108],[170.84116,-44.33963],[170.83938,-44.34475],[170.84152,-44.34803],[170.83452,-44.34912],[170.83409,-44.35282],[170.82544,-44.35518],[170.81202,-44.354],[170.80986,-44.35994],[170.80043,-44.36261],[170.79021,-44.37133],[170.78741,-44.3749],[170.78964,-44.37663],[170.78564,-44.38439],[170.78713,-44.38761],[170.78439,-44.38889],[170.78839,-44.39324],[170.78584,-44.39471],[170.78795,-44.40265],[170.78042,-44.41082],[170.78068,-44.41503],[170.80265,-44.43627],[170.77052,-44.44221],[170.76302,-44.43506],[170.7572,-44.42152],[170.7518,-44.41783],[170.7424,-44.39947],[170.73726,-44.39555],[170.73572,-44.38422],[170.65852,-44.3837],[170.64456,-44.37282],[170.64363,-44.3644],[170.63662,-44.35709],[170.63559,-44.35023],[170.60918,-44.35277],[170.59074,-44.34431],[170.58821,-44.33363],[170.57321,-44.31796],[170.57273,-44.31297],[170.22043,-44.46607],[170.20685,-44.47589],[170.2186,-44.4862],[170.20568,-44.48705],[170.19661,-44.49676],[170.19982,-44.50403],[170.20041,-44.51785],[170.20354,-44.52131],[170.20332,-44.52777],[170.19938,-44.53122],[170.2094,-44.5349],[170.20486,-44.53902],[170.19269,-44.53714],[170.1924,-44.54192],[170.19711,-44.54702],[170.20724,-44.54991],[170.2084,-44.55553],[170.2041,-44.56527],[170.19277,-44.56756],[170.18522,-44.57614],[170.19087,-44.58774],[170.20035,-44.59088],[170.23398,-44.61367],[170.27441,-44.61223],[170.29958,-44.62723],[170.33106,-44.63768],[170.3545,-44.65426],[170.36048,-44.66631],[170.37785,-44.66215],[170.42721,-44.68764],[170.4376,-44.69699],[170.45274,-44.70087],[170.46046,-44.71701],[170.47216,-44.725],[170.48035,-44.73572],[170.51882,-44.76218],[170.54291,-44.78905],[170.57268,-44.80521],[170.5817,-44.81426],[170.63315,-44.82932],[170.71962,-44.84874],[170.81595,-44.88148],[170.85564,-44.88564],[170.85564,-44.89459],[170.86378,-44.89078],[170.87218,-44.89326],[170.88453,-44.89132],[170.90193,-44.89739],[170.90729,-44.89673],[170.91314,-44.90293],[170.92498,-44.90279],[170.93177,-44.90667],[170.96454,-44.91197],[170.97309,-44.9098],[171.00013,-44.92124],[171.0236,-44.91972],[171.03094,-44.92309],[171.06317,-44.92575],[171.0828,-44.9319],[171.11575,-44.92946],[171.11787,-44.93121],[171.11477,-44.93117],[171.12603,-44.93737],[171.14415,-44.9404],[171.15892,-44.90785],[171.16688,-44.88037],[171.17414,-44.82917],[171.16994,-44.72856],[171.15918,-44.62783],[171.16177,-44.60929],[171.17156,-44.5715],[171.19595,-44.52466],[171.21427,-44.50103],[171.14323,-44.47053],[171.13695,-44.45844],[171.11647,-44.44066],[171.07016,-44.4206],[171.05984,-44.40968],[171.04421,-44.40639],[171.04296,-44.39961],[171.03773,-44.39334],[171.02579,-44.40012],[171.02374,-44.39581],[171.01313,-44.39838],[171.00125,-44.3961],[170.98958,-44.37966],[170.9772,-44.37424]]]}},{"type":"Feature","properties":{"id":"waipa-district","name":"Waipa District","level":2,"centroid":[175.358,-37.9838],"bbox":[175.0559,-38.1987,175.6602,-37.769]},"geometry":{"type":"Polygon","coordinates":[[[175.32678,-37.82736],[175.30684,-37.84604],[175.29684,-37.82781],[175.28968,-37.83179],[175.27955,-37.82396],[175.27189,-37.82433],[175.26589,-37.80897],[175.24381,-37.80438],[175.22681,-37.81753],[175.23337,-37.81929],[175.22564,-37.83223],[175.21183,-37.8324],[175.2116,-37.82095],[175.18364,-37.82166],[175.17761,-37.81664],[175.16776,-37.82479],[175.17035,-37.8321],[175.14305,-37.84028],[175.13739,-37.83665],[175.13503,-37.81777],[175.12156,-37.82452],[175.12299,-37.83039],[175.10566,-37.83044],[175.10572,-37.84546],[175.08792,-37.84717],[175.09571,-37.86184],[175.06471,-37.86197],[175.06195,-37.88406],[175.06656,-37.89834],[175.0559,-37.90482],[175.10175,-37.97831],[175.12022,-37.99437],[175.10434,-38.00398],[175.13121,-38.01362],[175.13122,-38.02724],[175.15129,-38.02717],[175.15458,-38.01115],[175.16292,-38.01195],[175.16289,-38.00162],[175.19673,-38.00745],[175.19586,-38.00309],[175.20081,-38.00168],[175.20234,-38.00533],[175.21381,-38.00596],[175.21394,-38.01057],[175.20161,-38.02103],[175.20635,-38.03737],[175.19772,-38.04207],[175.19944,-38.04685],[175.19592,-38.04602],[175.19151,-38.05668],[175.19711,-38.05565],[175.20036,-38.067],[175.2055,-38.06319],[175.20833,-38.069],[175.24501,-38.08541],[175.28259,-38.08833],[175.28378,-38.09181],[175.28392,-38.08838],[175.29976,-38.08601],[175.3191,-38.08593],[175.32181,-38.08937],[175.37838,-38.08084],[175.38782,-38.08875],[175.39607,-38.08762],[175.39905,-38.09188],[175.40463,-38.08871],[175.4108,-38.09479],[175.42958,-38.098],[175.4522,-38.11179],[175.45135,-38.12607],[175.47047,-38.12896],[175.47074,-38.12208],[175.47443,-38.12886],[175.49013,-38.12774],[175.50573,-38.13575],[175.50795,-38.14114],[175.50435,-38.14329],[175.50874,-38.14535],[175.50653,-38.14943],[175.51125,-38.15683],[175.51731,-38.15849],[175.55237,-38.19868],[175.57015,-38.17169],[175.64235,-38.1492],[175.62215,-38.1134],[175.62937,-38.11056],[175.63485,-38.10022],[175.63806,-38.06329],[175.66017,-38.05673],[175.65788,-38.02163],[175.65169,-38.01835],[175.65572,-38.01318],[175.65191,-38.00905],[175.65924,-38.00532],[175.65962,-37.9883],[175.65439,-37.98117],[175.6585,-37.97708],[175.65956,-37.95374],[175.64832,-37.94161],[175.6527,-37.93848],[175.65784,-37.9109],[175.64719,-37.89877],[175.63265,-37.89794],[175.63488,-37.89002],[175.6264,-37.88138],[175.6323,-37.87843],[175.62881,-37.86571],[175.64081,-37.85078],[175.62533,-37.84562],[175.62014,-37.83492],[175.59936,-37.83013],[175.59548,-37.82451],[175.59451,-37.81256],[175.60178,-37.80829],[175.60338,-37.7964],[175.58359,-37.79697],[175.57872,-37.80211],[175.57337,-37.79599],[175.58054,-37.77678],[175.54405,-37.76901],[175.5412,-37.78711],[175.50712,-37.79474],[175.49956,-37.80707],[175.48236,-37.80932],[175.48774,-37.81665],[175.47402,-37.83131],[175.45377,-37.82116],[175.45374,-37.8248],[175.44638,-37.82479],[175.44638,-37.83078],[175.4207,-37.83797],[175.4209,-37.84543],[175.42467,-37.84544],[175.42429,-37.87477],[175.40931,-37.87476],[175.40302,-37.88459],[175.38165,-37.8704],[175.35693,-37.87069],[175.34767,-37.86027],[175.34752,-37.83992],[175.32678,-37.82736]]]}},{"type":"Feature","properties":{"id":"wairoa-district","name":"Wairoa District","level":2,"centroid":[177.3466,-38.9439],"bbox":[176.692,-39.3039,178.0011,-38.5839]},"geometry":{"type":"MultiPolygon","coordinates":[[[[177.8683,-39.30392],[177.87094,-39.27634],[177.86251,-39.29591],[177.8683,-39.30392]]],[[[176.69771,-38.85596],[176.7165,-38.99954],[176.77721,-38.99993],[176.77794,-39.01097],[176.7981,-39.02338],[176.81923,-39.02289],[176.82157,-39.04109],[176.82617,-39.04625],[176.8375,-39.0415],[176.83588,-39.05799],[176.84964,-39.07248],[176.8694,-39.07907],[176.87743,-39.09664],[176.90778,-39.10894],[176.9566,-39.09008],[176.98538,-39.11106],[176.9818,-39.11868],[176.99063,-39.11756],[176.99491,-39.12891],[177.01857,-39.13951],[177.02154,-39.15223],[177.03338,-39.14926],[177.03032,-39.15886],[177.04042,-39.15844],[177.04048,-39.14991],[177.05574,-39.15775],[177.06433,-39.14754],[177.07132,-39.15515],[177.07872,-39.15008],[177.08595,-39.16997],[177.25916,-39.10066],[177.42041,-39.06275],[177.66081,-39.05074],[177.75597,-39.05868],[177.82311,-39.07683],[177.83394,-39.05966],[177.8435,-39.05953],[177.86714,-39.07191],[177.87189,-39.08632],[177.86467,-39.08772],[177.8675,-39.09833],[177.85827,-39.10325],[177.86049,-39.11205],[177.83919,-39.13994],[177.83912,-39.15252],[177.82236,-39.16],[177.84338,-39.18495],[177.85203,-39.21576],[177.84632,-39.23256],[177.85852,-39.23489],[177.86481,-39.26496],[177.90617,-39.22628],[177.92473,-39.1875],[177.92523,-39.16896],[177.94548,-39.15469],[177.95442,-39.13811],[178.00073,-39.11206],[178.00113,-39.10254],[177.96611,-39.09816],[177.95866,-39.08861],[177.94379,-39.09537],[177.9018,-39.07296],[177.88638,-39.02409],[177.89899,-38.97183],[177.83662,-38.95571],[177.84561,-38.92367],[177.83574,-38.91413],[177.82194,-38.92169],[177.80474,-38.91182],[177.79903,-38.89439],[177.77612,-38.91281],[177.74923,-38.89667],[177.7289,-38.9188],[177.72935,-38.90337],[177.72174,-38.89828],[177.71064,-38.90649],[177.67399,-38.89904],[177.66016,-38.9047],[177.66238,-38.84582],[177.64791,-38.86278],[177.6394,-38.86121],[177.63692,-38.87109],[177.62607,-38.84338],[177.59978,-38.8519],[177.59046,-38.82845],[177.59313,-38.80314],[177.56096,-38.80161],[177.53065,-38.81971],[177.53894,-38.81264],[177.53707,-38.80021],[177.52731,-38.79491],[177.53127,-38.79155],[177.51443,-38.77445],[177.49421,-38.77797],[177.48353,-38.75506],[177.46989,-38.75544],[177.46753,-38.74428],[177.47588,-38.73176],[177.46623,-38.70561],[177.43967,-38.7041],[177.4293,-38.69218],[177.40875,-38.69938],[177.41874,-38.67388],[177.43323,-38.66664],[177.44921,-38.63686],[177.39243,-38.62206],[177.35343,-38.62456],[177.30899,-38.5969],[177.30756,-38.6597],[177.12217,-38.58392],[177.10603,-38.60411],[177.10031,-38.62701],[177.07791,-38.61064],[177.06076,-38.6221],[177.04598,-38.6208],[177.02696,-38.63951],[177.017,-38.66717],[176.97157,-38.70471],[176.96186,-38.69683],[176.9292,-38.69817],[176.89948,-38.68259],[176.88684,-38.6665],[176.86135,-38.68006],[176.84561,-38.67252],[176.82251,-38.69136],[176.79939,-38.68053],[176.7736,-38.68434],[176.75923,-38.70885],[176.74422,-38.71193],[176.74288,-38.72776],[176.7271,-38.7218],[176.71408,-38.72788],[176.70358,-38.78381],[176.70793,-38.78905],[176.69203,-38.80625],[176.70407,-38.82708],[176.69771,-38.85596]]]]}},{"type":"Feature","properties":{"id":"waita-kere-ranges-local-board-area","name":"WaitÄkere Ranges Local Board Area","level":2,"centroid":[174.5519,-36.9429],"bbox":[174.4301,-37.0528,174.6736,-36.8329]},"geometry":{"type":"Polygon","coordinates":[[[174.43098,-36.87658],[174.43012,-36.879],[174.43638,-36.88019],[174.43905,-36.88485],[174.43426,-36.89056],[174.44782,-36.89032],[174.44299,-36.89224],[174.44935,-36.90125],[174.44616,-36.90387],[174.44916,-36.90417],[174.44641,-36.90722],[174.4494,-36.90925],[174.44359,-36.91195],[174.44735,-36.91636],[174.45274,-36.91651],[174.45297,-36.91981],[174.4566,-36.91809],[174.45211,-36.92442],[174.45356,-36.92737],[174.45066,-36.92803],[174.45578,-36.92935],[174.45424,-36.9351],[174.45965,-36.93492],[174.46514,-36.94566],[174.46626,-36.94356],[174.46841,-36.94612],[174.46641,-36.94733],[174.4683,-36.95729],[174.46207,-36.96336],[174.46483,-36.96572],[174.46641,-36.97642],[174.47111,-36.97587],[174.4683,-36.98559],[174.47345,-36.98694],[174.47449,-36.99142],[174.47606,-37.02135],[174.4786,-37.02141],[174.4767,-37.03067],[174.48304,-37.048],[174.49125,-37.05284],[174.50335,-37.05086],[174.50646,-37.04701],[174.51072,-37.04866],[174.51045,-37.04417],[174.52476,-37.03367],[174.55718,-37.02163],[174.56671,-36.99893],[174.57254,-37.00139],[174.57354,-37.01077],[174.58426,-37.00718],[174.59349,-37.00923],[174.59128,-37.00473],[174.593,-37.00022],[174.60065,-37.01748],[174.60509,-37.02198],[174.61204,-37.01998],[174.60564,-37.01309],[174.60312,-36.9989],[174.60457,-36.99206],[174.61803,-36.9882],[174.61604,-36.98244],[174.62029,-36.97458],[174.61431,-36.96608],[174.61689,-36.96422],[174.61952,-36.96583],[174.6189,-36.96968],[174.62623,-36.97048],[174.62618,-36.97663],[174.632,-36.9795],[174.63488,-36.97266],[174.64505,-36.9688],[174.64168,-36.96624],[174.64384,-36.95866],[174.63751,-36.95464],[174.64178,-36.95702],[174.6453,-36.95521],[174.64622,-36.94982],[174.64378,-36.94847],[174.64796,-36.95172],[174.64855,-36.95538],[174.64576,-36.95676],[174.65012,-36.9648],[174.65938,-36.95083],[174.6645,-36.95475],[174.66542,-36.94915],[174.66903,-36.94765],[174.66476,-36.94414],[174.6736,-36.9393],[174.67088,-36.93609],[174.66369,-36.93975],[174.66275,-36.93663],[174.66667,-36.93565],[174.66614,-36.93265],[174.66041,-36.92867],[174.66266,-36.92474],[174.65775,-36.91979],[174.66255,-36.90684],[174.64829,-36.8973],[174.63664,-36.9046],[174.6319,-36.89585],[174.62504,-36.90476],[174.62257,-36.90425],[174.60834,-36.89582],[174.6092,-36.89415],[174.60436,-36.89433],[174.59707,-36.87499],[174.59057,-36.87595],[174.5893,-36.86771],[174.58458,-36.86734],[174.59182,-36.86339],[174.59809,-36.85534],[174.59359,-36.8506],[174.59616,-36.83596],[174.58274,-36.83771],[174.57756,-36.8446],[174.53962,-36.84015],[174.53839,-36.8443],[174.53302,-36.83762],[174.52338,-36.84235],[174.51938,-36.83779],[174.51256,-36.84213],[174.51157,-36.83591],[174.50364,-36.83338],[174.48723,-36.83587],[174.48105,-36.8329],[174.47558,-36.83399],[174.46958,-36.83696],[174.46179,-36.84756],[174.4541,-36.84889],[174.45756,-36.85258],[174.4567,-36.86046],[174.44745,-36.86684],[174.45166,-36.87352],[174.44546,-36.87662],[174.43098,-36.87658]]]}},{"type":"Feature","properties":{"id":"waitaki-district","name":"Waitaki District","level":2,"centroid":[170.3433,-44.6799],"bbox":[169.5425,-45.5706,171.1441,-43.7891]},"geometry":{"type":"Polygon","coordinates":[[[169.69934,-43.96355],[169.71938,-44.03671],[169.68589,-44.04199],[169.68202,-44.06842],[169.66502,-44.06774],[169.63868,-44.11992],[169.59889,-44.1503],[169.60582,-44.15852],[169.57107,-44.17723],[169.56077,-44.20544],[169.5432,-44.20779],[169.5485,-44.22758],[169.58061,-44.25235],[169.5684,-44.31932],[169.57878,-44.34013],[169.55671,-44.38095],[169.56561,-44.40231],[169.54588,-44.42266],[169.5562,-44.43759],[169.5425,-44.4486],[169.64189,-44.46642],[169.64748,-44.48115],[169.63432,-44.50175],[169.6634,-44.53723],[169.64069,-44.56478],[169.641,-44.59601],[169.7085,-44.60098],[169.73059,-44.56507],[169.75715,-44.61213],[169.75488,-44.63892],[169.80564,-44.66134],[169.83619,-44.6689],[169.89127,-44.64428],[169.94422,-44.65398],[169.99796,-44.82506],[170.03094,-44.87006],[170.06381,-44.88362],[170.08187,-44.91212],[170.06866,-44.92318],[170.0941,-44.94002],[170.16449,-44.946],[170.25199,-44.91883],[170.30168,-44.91951],[170.31935,-44.90305],[170.35016,-44.90776],[170.34906,-44.9431],[170.36564,-44.9401],[170.37338,-44.95239],[170.36983,-44.97232],[170.34734,-44.98963],[170.34944,-45.0217],[170.3978,-45.08093],[170.40389,-45.12263],[170.43947,-45.13367],[170.4121,-45.17548],[170.38276,-45.17371],[170.3642,-45.18702],[170.38311,-45.21249],[170.34993,-45.24142],[170.31373,-45.24248],[170.31355,-45.26842],[170.39414,-45.26857],[170.42344,-45.29544],[170.42087,-45.30795],[170.39489,-45.32791],[170.32506,-45.32408],[170.32487,-45.3625],[170.28431,-45.34959],[170.28487,-45.44428],[170.26568,-45.44412],[170.25723,-45.46209],[170.20922,-45.4819],[170.20939,-45.50672],[170.31002,-45.49786],[170.3593,-45.52124],[170.34172,-45.54581],[170.37748,-45.55453],[170.41934,-45.51873],[170.47644,-45.53297],[170.48159,-45.50924],[170.55291,-45.50937],[170.5618,-45.55395],[170.58416,-45.5706],[170.7156,-45.55948],[170.71525,-45.54875],[170.72714,-45.54894],[170.72679,-45.56929],[170.83132,-45.47343],[170.80885,-45.45163],[170.82554,-45.41278],[170.85627,-45.39089],[170.86883,-45.39606],[170.86306,-45.3575],[170.83588,-45.35933],[170.82415,-45.32705],[170.90596,-45.17174],[170.98259,-45.12141],[170.97832,-45.09373],[171.0816,-45.02079],[171.14415,-44.9404],[170.85564,-44.89459],[170.85564,-44.88564],[170.5817,-44.81426],[170.45274,-44.70087],[170.37785,-44.66215],[170.36048,-44.66631],[170.33106,-44.63768],[170.27441,-44.61223],[170.23752,-44.61479],[170.19087,-44.58774],[170.18522,-44.57614],[170.20877,-44.55179],[170.1924,-44.54192],[170.2094,-44.5349],[170.19661,-44.49676],[170.2186,-44.4862],[170.20685,-44.47589],[170.22043,-44.46607],[170.22345,-44.43324],[170.20266,-44.38305],[170.20476,-44.35097],[170.10761,-44.29053],[170.00203,-44.27045],[170.00099,-44.26072],[169.95584,-44.28478],[169.92698,-44.26922],[169.89055,-44.27097],[169.87777,-44.25691],[169.87711,-44.19032],[169.84225,-44.15039],[169.87458,-44.1033],[169.81632,-44.02905],[169.82697,-43.95953],[169.86307,-43.90126],[169.89495,-43.87982],[169.9191,-43.82484],[169.96394,-43.79158],[169.94357,-43.7891],[169.89997,-43.81302],[169.89435,-43.83373],[169.85842,-43.83698],[169.8379,-43.86663],[169.77089,-43.89931],[169.7583,-43.93367],[169.69934,-43.96355]]]}},{"type":"Feature","properties":{"id":"waitemata-local-board-area","name":"WaitematÄ Local Board Area","level":2,"centroid":[174.7512,-36.8552],"bbox":[174.7092,-36.8754,174.7933,-36.8351]},"geometry":{"type":"Polygon","coordinates":[[[174.79273,-36.84854],[174.78935,-36.84767],[174.78906,-36.84607],[174.78881,-36.84712],[174.78859,-36.84567],[174.78834,-36.84658],[174.78761,-36.84599],[174.7886,-36.8437],[174.78804,-36.84169],[174.78558,-36.84099],[174.78501,-36.84036],[174.78565,-36.8403],[174.78297,-36.83993],[174.78437,-36.84549],[174.78269,-36.84504],[174.78168,-36.84296],[174.77985,-36.84433],[174.77817,-36.84405],[174.78088,-36.84178],[174.7802,-36.84113],[174.77715,-36.84319],[174.77521,-36.84318],[174.77661,-36.84184],[174.77531,-36.84175],[174.77667,-36.84],[174.77308,-36.83986],[174.77142,-36.84393],[174.77168,-36.8419],[174.77001,-36.84366],[174.77067,-36.84156],[174.76992,-36.84131],[174.76903,-36.84338],[174.76805,-36.84313],[174.76913,-36.84013],[174.76839,-36.83991],[174.76711,-36.84292],[174.76664,-36.84185],[174.76648,-36.84284],[174.76567,-36.84269],[174.76626,-36.83939],[174.76541,-36.83912],[174.76412,-36.84214],[174.76371,-36.84083],[174.7625,-36.84048],[174.76324,-36.84077],[174.7631,-36.84204],[174.7603,-36.84165],[174.76339,-36.8425],[174.76311,-36.84311],[174.76044,-36.8429],[174.75812,-36.84519],[174.75784,-36.84239],[174.75865,-36.8426],[174.76048,-36.84022],[174.76207,-36.84038],[174.75673,-36.84031],[174.76016,-36.83719],[174.75926,-36.83643],[174.75736,-36.83665],[174.75382,-36.83963],[174.75181,-36.8437],[174.75086,-36.84234],[174.74938,-36.84283],[174.7461,-36.84155],[174.74608,-36.84076],[174.74854,-36.83978],[174.74557,-36.84008],[174.74257,-36.83835],[174.74331,-36.83553],[174.74838,-36.83559],[174.74274,-36.83505],[174.73999,-36.83645],[174.73919,-36.84034],[174.7377,-36.83958],[174.73522,-36.84112],[174.73172,-36.84096],[174.72814,-36.84379],[174.72582,-36.84411],[174.72328,-36.84775],[174.7253,-36.85005],[174.724,-36.85154],[174.72011,-36.85092],[174.71959,-36.84984],[174.7179,-36.85157],[174.71402,-36.85228],[174.71242,-36.85658],[174.71359,-36.85765],[174.71613,-36.85789],[174.71598,-36.85632],[174.71771,-36.85662],[174.71712,-36.85758],[174.71534,-36.85851],[174.71286,-36.8583],[174.71107,-36.85614],[174.71122,-36.85462],[174.7097,-36.85421],[174.70923,-36.85842],[174.71151,-36.86055],[174.71077,-36.86254],[174.71201,-36.86206],[174.71666,-36.86479],[174.71902,-36.86385],[174.71902,-36.86797],[174.7259,-36.86819],[174.72584,-36.8688],[174.73389,-36.86814],[174.74477,-36.86875],[174.74745,-36.86775],[174.75467,-36.86244],[174.75531,-36.86275],[174.7532,-36.86934],[174.7548,-36.86968],[174.76163,-36.86647],[174.76174,-36.86719],[174.76373,-36.86724],[174.76756,-36.86616],[174.77421,-36.87244],[174.77666,-36.87345],[174.77636,-36.87534],[174.77737,-36.87542],[174.78039,-36.87396],[174.78141,-36.87299],[174.781,-36.87186],[174.78295,-36.87097],[174.78185,-36.86684],[174.78414,-36.86499],[174.78759,-36.8643],[174.78855,-36.86263],[174.78917,-36.86309],[174.79075,-36.86174],[174.79001,-36.86049],[174.7906,-36.85867],[174.79326,-36.85577],[174.79315,-36.85359],[174.79188,-36.85189],[174.79245,-36.84904],[174.78855,-36.84985],[174.78685,-36.84835],[174.79273,-36.84854]]]}},{"type":"Feature","properties":{"id":"waitomo-district","name":"Waitomo District","level":2,"centroid":[175.124,-38.4315],"bbox":[174.6169,-38.7746,175.631,-38.0885]},"geometry":{"type":"Polygon","coordinates":[[[174.85354,-38.15493],[174.84865,-38.12936],[174.83488,-38.13308],[174.82878,-38.1579],[174.82046,-38.15651],[174.82835,-38.14219],[174.81465,-38.14546],[174.82414,-38.13365],[174.80731,-38.14266],[174.80486,-38.11931],[174.79407,-38.12248],[174.79793,-38.13501],[174.79187,-38.13],[174.78393,-38.13506],[174.78256,-38.12888],[174.77731,-38.13588],[174.7788,-38.10915],[174.77003,-38.11989],[174.75743,-38.11277],[174.76888,-38.11019],[174.77528,-38.08849],[174.75608,-38.11191],[174.73444,-38.12403],[174.69214,-38.11804],[174.68118,-38.10997],[174.71389,-38.20183],[174.71573,-38.22231],[174.70698,-38.2302],[174.71707,-38.27273],[174.71593,-38.30589],[174.71023,-38.32371],[174.66,-38.36368],[174.66467,-38.36717],[174.65669,-38.38342],[174.63461,-38.38676],[174.64534,-38.45623],[174.63086,-38.50485],[174.63615,-38.53171],[174.61692,-38.72287],[174.64722,-38.72098],[174.65398,-38.73318],[174.68746,-38.72784],[174.69339,-38.73369],[174.73764,-38.7341],[174.75641,-38.745],[174.79416,-38.731],[174.8242,-38.748],[174.82822,-38.76102],[174.8629,-38.77458],[174.86769,-38.76499],[174.89602,-38.75471],[174.92753,-38.75632],[174.93785,-38.75016],[174.93481,-38.73056],[174.95413,-38.71512],[174.95328,-38.70136],[174.96434,-38.69682],[174.95423,-38.67497],[174.95673,-38.66471],[175.00047,-38.66626],[175.05108,-38.64936],[175.06997,-38.63767],[175.06945,-38.63007],[175.0931,-38.63801],[175.11645,-38.62191],[175.14102,-38.63181],[175.19487,-38.62933],[175.21323,-38.6394],[175.23433,-38.63219],[175.24849,-38.61537],[175.26532,-38.61372],[175.28513,-38.58799],[175.30017,-38.60057],[175.30638,-38.59536],[175.30299,-38.57146],[175.3247,-38.55139],[175.33468,-38.55932],[175.33553,-38.58152],[175.37779,-38.57266],[175.38197,-38.55773],[175.40109,-38.55998],[175.40097,-38.55107],[175.42075,-38.55081],[175.44611,-38.56453],[175.50054,-38.55909],[175.51425,-38.58282],[175.54161,-38.59805],[175.60504,-38.58529],[175.63102,-38.56259],[175.61219,-38.48761],[175.56549,-38.49453],[175.52378,-38.44783],[175.47977,-38.41382],[175.47315,-38.39645],[175.4352,-38.40236],[175.42246,-38.36906],[175.40264,-38.37381],[175.41156,-38.39704],[175.37198,-38.40251],[175.34524,-38.37736],[175.35429,-38.37286],[175.34912,-38.35965],[175.33326,-38.36342],[175.33539,-38.348],[175.31921,-38.30684],[175.29394,-38.30941],[175.26462,-38.30151],[175.26649,-38.30961],[175.21931,-38.30991],[175.23075,-38.28832],[175.2123,-38.2855],[175.21871,-38.26482],[175.19182,-38.25624],[175.18348,-38.26101],[175.18762,-38.23614],[175.17943,-38.21683],[175.12673,-38.2277],[175.1304,-38.22147],[175.05663,-38.20104],[175.04854,-38.17469],[175.01211,-38.1742],[175.0186,-38.16364],[174.98748,-38.16235],[174.97411,-38.17081],[174.97811,-38.19739],[174.88235,-38.18959],[174.85073,-38.20745],[174.83587,-38.20744],[174.83524,-38.17357],[174.85354,-38.15493]]]}},{"type":"Feature","properties":{"id":"wellington-city","name":"Wellington City","level":2,"centroid":[174.7543,-41.253],"bbox":[174.6133,-41.3624,174.8954,-41.1435]},"geometry":{"type":"Polygon","coordinates":[[[174.77809,-41.14395],[174.76811,-41.15317],[174.75999,-41.16684],[174.75126,-41.17136],[174.74009,-41.17231],[174.73908,-41.18067],[174.7286,-41.18749],[174.72783,-41.1935],[174.72283,-41.19912],[174.71786,-41.21266],[174.71485,-41.21397],[174.71421,-41.2192],[174.70595,-41.21847],[174.70411,-41.21541],[174.69336,-41.22071],[174.68919,-41.23231],[174.67565,-41.23523],[174.6645,-41.24685],[174.6595,-41.24517],[174.65741,-41.23878],[174.65569,-41.23823],[174.65088,-41.24486],[174.64484,-41.23808],[174.62326,-41.25998],[174.62006,-41.26998],[174.61497,-41.27355],[174.61327,-41.28554],[174.61614,-41.29259],[174.62007,-41.29622],[174.62758,-41.2946],[174.63271,-41.29856],[174.62989,-41.30328],[174.63138,-41.3156],[174.6473,-41.32532],[174.64852,-41.33012],[174.65497,-41.33186],[174.65992,-41.34082],[174.67704,-41.33995],[174.6826,-41.34678],[174.69443,-41.34638],[174.70401,-41.35669],[174.7132,-41.35825],[174.71675,-41.36244],[174.7203,-41.35842],[174.72707,-41.35743],[174.73263,-41.34945],[174.74339,-41.34682],[174.75254,-41.34905],[174.75861,-41.34457],[174.75938,-41.3484],[174.7658,-41.349],[174.77252,-41.34369],[174.77872,-41.3459],[174.78495,-41.3422],[174.79151,-41.34682],[174.79119,-41.34126],[174.79377,-41.33836],[174.79111,-41.33292],[174.79786,-41.32875],[174.80535,-41.32943],[174.80344,-41.33544],[174.81109,-41.33822],[174.80963,-41.34548],[174.81089,-41.3416],[174.81599,-41.34416],[174.81958,-41.34232],[174.82099,-41.34486],[174.82661,-41.33246],[174.83207,-41.33014],[174.83796,-41.33162],[174.83909,-41.32531],[174.82931,-41.31898],[174.82762,-41.31534],[174.83288,-41.30789],[174.83116,-41.30381],[174.83257,-41.29781],[174.83688,-41.29551],[174.83256,-41.29251],[174.83409,-41.28889],[174.82978,-41.28862],[174.8255,-41.28438],[174.82095,-41.29177],[174.8222,-41.29648],[174.81728,-41.29889],[174.81833,-41.30173],[174.81191,-41.31021],[174.81148,-41.31441],[174.80384,-41.31668],[174.79694,-41.31223],[174.80035,-41.31149],[174.79831,-41.30997],[174.79909,-41.30598],[174.80615,-41.30329],[174.80546,-41.29566],[174.8027,-41.2923],[174.80405,-41.28607],[174.79626,-41.29069],[174.78637,-41.29152],[174.78577,-41.28829],[174.7857,-41.29035],[174.78038,-41.28959],[174.77935,-41.28215],[174.78159,-41.28238],[174.78167,-41.28016],[174.78289,-41.28187],[174.78308,-41.27918],[174.78461,-41.28192],[174.79013,-41.28095],[174.78592,-41.26518],[174.788,-41.26639],[174.78745,-41.26432],[174.79036,-41.26267],[174.7909,-41.26456],[174.7941,-41.26404],[174.79437,-41.25825],[174.81254,-41.2495],[174.84363,-41.22917],[174.85753,-41.22403],[174.86185,-41.21428],[174.85903,-41.20991],[174.86329,-41.20285],[174.86082,-41.20256],[174.8673,-41.19282],[174.8655,-41.18914],[174.87568,-41.17648],[174.87893,-41.17792],[174.87929,-41.17351],[174.89541,-41.15279],[174.88331,-41.14742],[174.88015,-41.1515],[174.87585,-41.1496],[174.87076,-41.1561],[174.86905,-41.15411],[174.86694,-41.15676],[174.86205,-41.15529],[174.85698,-41.16203],[174.83959,-41.15459],[174.84116,-41.14884],[174.83428,-41.15238],[174.83163,-41.14947],[174.82952,-41.15488],[174.81131,-41.16414],[174.81022,-41.16145],[174.81252,-41.15827],[174.80347,-41.15555],[174.80609,-41.14981],[174.79022,-41.14354],[174.7873,-41.14777],[174.77809,-41.14395]]]}},{"type":"Feature","properties":{"id":"western-bay-of-plenty-district","name":"Western Bay of Plenty District","level":2,"centroid":[176.2045,-37.7002],"bbox":[175.806,-38.0268,176.6029,-37.3735]},"geometry":{"type":"MultiPolygon","coordinates":[[[[176.09777,-37.61212],[176.10677,-37.63919],[176.12671,-37.63648],[176.09777,-37.61212]]],[[[176.01936,-37.49351],[175.98594,-37.47246],[175.98475,-37.49885],[176.07288,-37.58071],[176.03175,-37.5698],[176.03395,-37.60072],[176.08534,-37.62498],[176.09567,-37.62178],[176.07689,-37.60237],[176.0842,-37.59381],[176.12554,-37.61709],[176.14592,-37.64221],[176.15823,-37.63947],[176.01936,-37.49351]]],[[[175.81172,-37.56427],[175.84148,-37.61331],[175.83359,-37.62749],[175.8408,-37.64193],[175.89683,-37.71181],[175.92758,-37.77616],[175.90587,-37.82855],[175.93501,-37.84264],[175.92785,-37.85208],[175.93991,-37.86801],[175.93625,-37.88136],[175.97183,-37.88285],[175.95424,-37.90191],[175.97719,-37.91367],[175.94091,-37.92994],[175.95293,-37.96234],[175.97179,-37.97116],[175.97148,-37.98641],[176.01318,-37.99347],[176.06225,-38.02682],[176.09831,-37.96187],[176.11685,-37.96919],[176.19098,-37.95456],[176.23851,-37.95956],[176.28618,-37.93696],[176.35103,-37.93717],[176.38407,-37.95494],[176.46934,-37.96692],[176.47238,-37.95882],[176.50005,-37.95882],[176.50868,-37.99449],[176.53335,-37.99096],[176.55311,-38.00919],[176.60295,-38.01135],[176.60256,-37.82979],[176.47899,-37.7555],[176.4961,-37.77776],[176.46891,-37.77449],[176.47994,-37.76047],[176.46806,-37.74076],[176.45425,-37.75731],[176.43119,-37.76254],[176.41779,-37.74933],[176.45407,-37.75474],[176.36681,-37.747],[176.30747,-37.71438],[176.27882,-37.72462],[176.23717,-37.71626],[176.21723,-37.71904],[176.20476,-37.74405],[176.17007,-37.75822],[176.11885,-37.75436],[176.11626,-37.77056],[176.07265,-37.75839],[176.10257,-37.71041],[176.09132,-37.6932],[176.10208,-37.67736],[176.09304,-37.66311],[176.06381,-37.65705],[176.06609,-37.67127],[176.04886,-37.65963],[176.05344,-37.67973],[176.03312,-37.68336],[176.05028,-37.66924],[176.04084,-37.6686],[176.04925,-37.65483],[176.02305,-37.66741],[176.05358,-37.62634],[176.00855,-37.65174],[176.01533,-37.6244],[175.98657,-37.64648],[175.98714,-37.62713],[175.95851,-37.63226],[175.98781,-37.61485],[175.97888,-37.60677],[175.95723,-37.61162],[175.95866,-37.59866],[175.97797,-37.58928],[175.97218,-37.57369],[175.94508,-37.59618],[175.94307,-37.56883],[175.92295,-37.57883],[175.93745,-37.56369],[175.92831,-37.55922],[175.95326,-37.55398],[175.91784,-37.53363],[175.97813,-37.5146],[175.95022,-37.48461],[175.95509,-37.49719],[175.9297,-37.49728],[175.94686,-37.48324],[175.93629,-37.48365],[175.93821,-37.46538],[175.96906,-37.45028],[175.95831,-37.43487],[175.94861,-37.43966],[175.95954,-37.43439],[175.9785,-37.46909],[175.99118,-37.46494],[175.94094,-37.40114],[175.94076,-37.37353],[175.9166,-37.37931],[175.92605,-37.38335],[175.9168,-37.3986],[175.92454,-37.40442],[175.90393,-37.40568],[175.91008,-37.43032],[175.86086,-37.4611],[175.89929,-37.49568],[175.86562,-37.50036],[175.83278,-37.4716],[175.81353,-37.48491],[175.80602,-37.5107],[175.82325,-37.51585],[175.83104,-37.53684],[175.81172,-37.56427]]]]}},{"type":"Feature","properties":{"id":"westland-district","name":"Westland District","level":2,"centroid":[169.9682,-43.5283],"bbox":[168.0521,-44.4968,171.8844,-42.5599]},"geometry":{"type":"Polygon","coordinates":[[[171.12912,-42.55991],[170.78959,-42.88728],[170.5734,-43.00287],[170.45825,-43.02278],[170.3489,-43.09369],[170.26008,-43.10807],[170.16635,-43.21836],[170.21269,-43.18982],[170.22399,-43.15527],[170.27318,-43.17586],[170.22667,-43.19369],[170.20536,-43.2265],[170.134,-43.23076],[169.97401,-43.36239],[169.79371,-43.4214],[169.68968,-43.54465],[169.64919,-43.55353],[169.60856,-43.59207],[169.5705,-43.60235],[169.55485,-43.58632],[169.50234,-43.62673],[169.37068,-43.64304],[169.34627,-43.6701],[169.15298,-43.75133],[169.01812,-43.85269],[168.88708,-43.90613],[168.80483,-43.9719],[168.64953,-43.99549],[168.61546,-43.97696],[168.61685,-43.95784],[168.513,-44.00181],[168.36676,-44.00875],[168.32644,-44.05089],[168.32579,-44.08404],[168.28554,-44.10257],[168.25136,-44.15423],[168.05208,-44.25865],[168.15771,-44.28221],[168.25029,-44.25512],[168.34537,-44.2821],[168.34816,-44.32914],[168.38138,-44.33811],[168.36837,-44.3545],[168.41174,-44.36368],[168.35176,-44.40418],[168.36605,-44.4244],[168.33453,-44.49678],[168.46092,-44.49539],[168.52355,-44.46037],[168.58606,-44.45379],[168.68667,-44.39191],[168.74255,-44.421],[168.75341,-44.39225],[168.83233,-44.35085],[168.84935,-44.24614],[168.91094,-44.20979],[168.95921,-44.20581],[168.96518,-44.17375],[168.98739,-44.16893],[168.97508,-44.14403],[169.01592,-44.13082],[169.01343,-44.11477],[169.14592,-44.0799],[169.15975,-44.10486],[169.25744,-44.10811],[169.30898,-44.06065],[169.33845,-44.10229],[169.38682,-44.11877],[169.46265,-44.05926],[169.57868,-44.03429],[169.5926,-43.9582],[169.71996,-43.9599],[169.85821,-43.83712],[169.96712,-43.79129],[169.97877,-43.74708],[170.03055,-43.72306],[170.02846,-43.69081],[170.09515,-43.65561],[170.09318,-43.59957],[170.13982,-43.58945],[170.23818,-43.5139],[170.32874,-43.48158],[170.35604,-43.50615],[170.39503,-43.49817],[170.53001,-43.40991],[170.61506,-43.43187],[170.65663,-43.38689],[170.64672,-43.36931],[170.71614,-43.34324],[170.70531,-43.3188],[170.86026,-43.2814],[170.87309,-43.24582],[170.92873,-43.20654],[170.94821,-43.20599],[170.94847,-43.22727],[170.99174,-43.21764],[171.07973,-43.10202],[171.10539,-43.11213],[171.11722,-43.08573],[171.2196,-43.06465],[171.23767,-43.00251],[171.31424,-42.94815],[171.3622,-42.93719],[171.39601,-42.95931],[171.49101,-42.89593],[171.51725,-42.91423],[171.66523,-42.88632],[171.71014,-42.90382],[171.74637,-42.87408],[171.73298,-42.85335],[171.76268,-42.83705],[171.76404,-42.79152],[171.84333,-42.77482],[171.88439,-42.74963],[171.88292,-42.72887],[171.75117,-42.76199],[171.59275,-42.76248],[171.46352,-42.73089],[171.33878,-42.75729],[171.24626,-42.71032],[171.23617,-42.65826],[171.17939,-42.61735],[171.15158,-42.56123],[171.12912,-42.55991]],[[170.35388,-43.09307],[170.38538,-43.08809],[170.38852,-43.10995],[170.36973,-43.10708],[170.38062,-43.09278],[170.32699,-43.10859],[170.35388,-43.09307]]]}},{"type":"Feature","properties":{"id":"whakatane-district","name":"Whakatane District","level":2,"centroid":[176.8578,-38.3429],"bbox":[176.4763,-38.856,177.2393,-37.8298]},"geometry":{"type":"Polygon","coordinates":[[[176.69771,-38.85596],[176.70419,-38.84512],[176.70407,-38.82708],[176.69597,-38.82159],[176.69203,-38.80625],[176.70017,-38.80349],[176.70001,-38.79411],[176.70793,-38.78905],[176.70358,-38.78381],[176.71408,-38.72788],[176.7271,-38.7218],[176.74288,-38.72776],[176.74422,-38.71193],[176.75923,-38.70885],[176.77327,-38.6845],[176.79939,-38.68053],[176.82251,-38.69136],[176.84561,-38.67252],[176.85647,-38.67246],[176.86135,-38.68006],[176.88684,-38.6665],[176.89948,-38.68259],[176.92432,-38.69097],[176.9292,-38.69817],[176.96186,-38.69683],[176.97157,-38.70471],[176.99145,-38.69369],[177.017,-38.66717],[177.02696,-38.63951],[177.04598,-38.6208],[177.06076,-38.6221],[177.07791,-38.61064],[177.08593,-38.62051],[177.09553,-38.61887],[177.09974,-38.62744],[177.10603,-38.60411],[177.12023,-38.58513],[177.13819,-38.5768],[177.15079,-38.58428],[177.167,-38.57781],[177.16625,-38.56782],[177.17697,-38.5609],[177.20671,-38.51409],[177.20606,-38.50319],[177.18153,-38.48759],[177.1905,-38.46896],[177.1882,-38.44061],[177.19453,-38.42018],[177.21216,-38.4012],[177.20422,-38.38572],[177.21331,-38.37831],[177.22472,-38.37901],[177.22516,-38.36936],[177.23859,-38.36595],[177.23932,-38.36026],[177.23802,-38.34746],[177.21497,-38.34178],[177.21449,-38.32073],[177.23093,-38.3113],[177.22876,-38.2871],[177.21472,-38.27802],[177.20729,-38.26407],[177.1676,-38.26307],[177.16127,-38.23983],[177.14498,-38.22689],[177.15168,-38.22226],[177.15603,-38.19825],[177.15017,-38.18941],[177.15664,-38.1668],[177.16414,-38.15996],[177.15674,-38.14262],[177.15903,-38.11988],[177.17283,-38.1163],[177.165,-38.10735],[177.16322,-38.08366],[177.15317,-38.08156],[177.15232,-38.07438],[177.13251,-38.07598],[177.12961,-38.05902],[177.12074,-38.05819],[177.10199,-38.02479],[177.11301,-38.01093],[177.10929,-38.00183],[177.09307,-38.00224],[177.09616,-38.01746],[177.09267,-38.01115],[177.08376,-38.01649],[177.08926,-37.997],[177.08095,-38.00229],[177.06898,-37.99681],[177.07253,-38.01027],[177.06415,-38.01475],[177.05717,-38.00151],[177.06556,-37.98119],[177.07449,-37.97752],[177.13733,-37.99151],[177.14665,-37.99243],[177.14569,-37.98639],[177.03886,-37.96424],[177.02335,-37.95647],[177.01671,-37.9383],[177.01068,-37.94419],[177.00145,-37.94272],[176.93167,-37.9169],[176.73614,-37.8796],[176.60256,-37.82979],[176.60306,-38.05196],[176.61517,-38.05874],[176.60339,-38.06558],[176.6036,-38.12056],[176.58402,-38.12466],[176.57811,-38.42696],[176.52147,-38.41935],[176.50532,-38.40221],[176.47628,-38.51009],[176.50218,-38.51076],[176.50283,-38.52646],[176.53337,-38.53515],[176.52954,-38.54429],[176.54319,-38.55437],[176.54071,-38.5602],[176.55205,-38.58081],[176.60562,-38.60869],[176.6178,-38.5947],[176.64595,-38.60593],[176.61746,-38.70135],[176.62418,-38.75429],[176.63719,-38.76333],[176.69771,-38.85596]],[[176.72661,-38.05848],[176.73912,-38.05631],[176.74289,-38.06133],[176.73129,-38.07712],[176.72167,-38.07806],[176.70177,-38.10986],[176.67558,-38.11456],[176.64145,-38.10161],[176.65298,-38.08803],[176.71607,-38.06811],[176.72661,-38.05848]]]}},{"type":"Feature","properties":{"id":"whanganui-district","name":"Whanganui District","level":2,"centroid":[175.1407,-39.6362],"bbox":[174.7663,-40.0406,175.5152,-39.2318]},"geometry":{"type":"Polygon","coordinates":[[[174.87698,-39.40413],[174.8875,-39.41488],[174.88456,-39.43549],[174.90471,-39.44518],[174.92195,-39.47154],[174.96733,-39.4848],[174.96103,-39.49289],[174.97028,-39.52538],[174.99169,-39.54011],[174.98706,-39.55595],[174.97366,-39.56353],[174.96761,-39.60528],[174.97641,-39.63771],[174.96968,-39.64626],[174.98799,-39.66541],[174.92993,-39.68286],[174.922,-39.70383],[174.9316,-39.72317],[174.91786,-39.74969],[174.90956,-39.74174],[174.89449,-39.74722],[174.87027,-39.7733],[174.85004,-39.77758],[174.85186,-39.78918],[174.83453,-39.80049],[174.80302,-39.80305],[174.79344,-39.83358],[174.7849,-39.8316],[174.7663,-39.8529],[174.86933,-39.87421],[174.92798,-39.89943],[174.98309,-39.94886],[175.03743,-39.97873],[175.09954,-40.04057],[175.11212,-40.02802],[175.12247,-40.03684],[175.12196,-40.02246],[175.14467,-40.00657],[175.16174,-40.01095],[175.22254,-39.99279],[175.23629,-39.96677],[175.26566,-39.97448],[175.26184,-39.96878],[175.27271,-39.96132],[175.26548,-39.95545],[175.27338,-39.9565],[175.26962,-39.94864],[175.28591,-39.93635],[175.26856,-39.93165],[175.27775,-39.92895],[175.27787,-39.9179],[175.29274,-39.92392],[175.27859,-39.9092],[175.29541,-39.89514],[175.28706,-39.88224],[175.29517,-39.88006],[175.27369,-39.87802],[175.29266,-39.86989],[175.29029,-39.86004],[175.30795,-39.85611],[175.32712,-39.87306],[175.34856,-39.87333],[175.35197,-39.86004],[175.37177,-39.8546],[175.3862,-39.83207],[175.43781,-39.82761],[175.43934,-39.81822],[175.45275,-39.8221],[175.46015,-39.77895],[175.48562,-39.75879],[175.48012,-39.73884],[175.49809,-39.72478],[175.51517,-39.68146],[175.51091,-39.67148],[175.48758,-39.66762],[175.49573,-39.65722],[175.46179,-39.64208],[175.49393,-39.61415],[175.50556,-39.58094],[175.48823,-39.57925],[175.48824,-39.54475],[175.41919,-39.5457],[175.41726,-39.55818],[175.42988,-39.56401],[175.43376,-39.5863],[175.41667,-39.58454],[175.40328,-39.59391],[175.3647,-39.57339],[175.34642,-39.60653],[175.30825,-39.61602],[175.31331,-39.62626],[175.24986,-39.6191],[175.2194,-39.58249],[175.2035,-39.59088],[175.20342,-39.55444],[175.22774,-39.55299],[175.22345,-39.53867],[175.13753,-39.54381],[175.16504,-39.53246],[175.13769,-39.52133],[175.13389,-39.49684],[175.12407,-39.49804],[175.11758,-39.48184],[175.08719,-39.48599],[175.07823,-39.5086],[175.05775,-39.52541],[175.04487,-39.50371],[175.04777,-39.48378],[175.03588,-39.47947],[175.02581,-39.43942],[175.01481,-39.4349],[175.03701,-39.42501],[175.04444,-39.40443],[175.01996,-39.39498],[175.00449,-39.35471],[174.99233,-39.34573],[175.00769,-39.31311],[174.9638,-39.30543],[174.96846,-39.28141],[174.953,-39.29541],[174.92886,-39.29228],[174.9247,-39.27629],[174.90592,-39.28856],[174.88339,-39.263],[174.89326,-39.24835],[174.87926,-39.24617],[174.88066,-39.23678],[174.8682,-39.23179],[174.85958,-39.23205],[174.86204,-39.25548],[174.84707,-39.25985],[174.83797,-39.28781],[174.81283,-39.31363],[174.82282,-39.33397],[174.85012,-39.33675],[174.89158,-39.35806],[174.87943,-39.39021],[174.86588,-39.38909],[174.87698,-39.40413]]]}},{"type":"Feature","properties":{"id":"whangarei-district","name":"Whangarei District","level":2,"centroid":[174.2484,-35.6942],"bbox":[173.7501,-36.0866,174.7467,-35.3018]},"geometry":{"type":"MultiPolygon","coordinates":[[[[174.70214,-35.95508],[174.70665,-35.96985],[174.74673,-35.96719],[174.70214,-35.95508]]],[[[173.76476,-35.60641],[173.75595,-35.63554],[173.77043,-35.65129],[173.75009,-35.66994],[173.76434,-35.67321],[173.76359,-35.73268],[173.79811,-35.74445],[173.87864,-35.70095],[173.89724,-35.73499],[173.92259,-35.72523],[173.97649,-35.74713],[173.97926,-35.76771],[174.0896,-35.78921],[174.10492,-35.81997],[174.08549,-35.82995],[174.15092,-35.87292],[174.15164,-35.9022],[174.08601,-35.9326],[174.11536,-35.9501],[174.12174,-36.00524],[174.15775,-35.98146],[174.17876,-35.99709],[174.20273,-35.98839],[174.29507,-35.94042],[174.32724,-35.95759],[174.3271,-35.9817],[174.31045,-35.98618],[174.3245,-36.02684],[174.34041,-36.02137],[174.35879,-36.05364],[174.38457,-36.04566],[174.40011,-36.07714],[174.44702,-36.08662],[174.58041,-36.05316],[174.50863,-36.02954],[174.46581,-35.95638],[174.46567,-35.88837],[174.49918,-35.83789],[174.47341,-35.83927],[174.45428,-35.81822],[174.42313,-35.83842],[174.42607,-35.82655],[174.3829,-35.8139],[174.36881,-35.83536],[174.37181,-35.80629],[174.34067,-35.83678],[174.35643,-35.8437],[174.30619,-35.83733],[174.34078,-35.82113],[174.32263,-35.81011],[174.33894,-35.80336],[174.33169,-35.77788],[174.3059,-35.78467],[174.32242,-35.76131],[174.35124,-35.75835],[174.3441,-35.73134],[174.36135,-35.73935],[174.36105,-35.77601],[174.37921,-35.75686],[174.44267,-35.79578],[174.42822,-35.78081],[174.4782,-35.77155],[174.45726,-35.79284],[174.48974,-35.78752],[174.49669,-35.82804],[174.53282,-35.83462],[174.53072,-35.86207],[174.59146,-35.85365],[174.54879,-35.78737],[174.56295,-35.74508],[174.55171,-35.72841],[174.56727,-35.71736],[174.53653,-35.7259],[174.55223,-35.73439],[174.53887,-35.75278],[174.51402,-35.75481],[174.54034,-35.73688],[174.52597,-35.72627],[174.54152,-35.711],[174.48172,-35.73626],[174.49916,-35.7131],[174.52515,-35.71371],[174.50231,-35.64893],[174.51421,-35.6304],[174.46676,-35.65301],[174.43596,-35.63455],[174.47822,-35.64301],[174.51405,-35.62708],[174.53586,-35.64016],[174.54187,-35.62021],[174.52464,-35.61064],[174.54174,-35.61221],[174.53623,-35.58051],[174.51091,-35.55606],[174.47274,-35.55579],[174.46839,-35.51216],[174.42915,-35.51783],[174.43663,-35.50511],[174.48015,-35.51439],[174.42799,-35.45575],[174.43161,-35.4273],[174.40866,-35.44351],[174.36384,-35.43702],[174.37518,-35.41956],[174.35719,-35.41518],[174.33943,-35.36336],[174.31295,-35.35674],[174.3292,-35.34526],[174.31297,-35.34737],[174.30545,-35.32008],[174.375,-35.37874],[174.37593,-35.34991],[174.34999,-35.33913],[174.37676,-35.31817],[174.3369,-35.3254],[174.30867,-35.30179],[174.28797,-35.32002],[174.25614,-35.30249],[174.26285,-35.34008],[174.28763,-35.36142],[174.28691,-35.38673],[174.25352,-35.41267],[174.26594,-35.43731],[174.24639,-35.43588],[174.23071,-35.48357],[174.20446,-35.50053],[174.20802,-35.52015],[174.16277,-35.5169],[174.14143,-35.56165],[174.04684,-35.56158],[174.0531,-35.57573],[173.95571,-35.60177],[173.93546,-35.59318],[173.91388,-35.60443],[173.92147,-35.61564],[173.83895,-35.62439],[173.7808,-35.59665],[173.76476,-35.60641]]]]}},{"type":"Feature","properties":{"id":"whau-local-board-area","name":"Whau Local Board Area","level":2,"centroid":[174.6871,-36.9004],"bbox":[174.6498,-36.9397,174.7244,-36.861]},"geometry":{"type":"Polygon","coordinates":[[[174.64984,-36.89835],[174.66398,-36.90817],[174.65831,-36.91311],[174.65773,-36.91721],[174.65776,-36.91987],[174.66123,-36.92186],[174.66266,-36.92474],[174.66041,-36.92867],[174.66614,-36.93265],[174.66667,-36.93565],[174.66533,-36.93487],[174.66275,-36.93663],[174.66431,-36.93842],[174.66369,-36.93975],[174.6679,-36.93637],[174.67088,-36.93609],[174.67363,-36.93912],[174.68143,-36.93386],[174.68922,-36.93156],[174.69639,-36.93276],[174.70237,-36.93184],[174.70073,-36.92996],[174.70668,-36.92576],[174.70908,-36.92856],[174.71085,-36.92519],[174.71334,-36.92471],[174.71256,-36.92265],[174.71687,-36.9121],[174.7244,-36.90878],[174.72002,-36.90312],[174.7187,-36.89821],[174.71581,-36.90156],[174.71445,-36.90003],[174.71136,-36.90041],[174.71151,-36.89837],[174.70809,-36.89908],[174.70894,-36.89729],[174.70694,-36.89739],[174.70615,-36.89506],[174.70478,-36.89654],[174.70214,-36.89557],[174.70577,-36.89119],[174.70414,-36.88712],[174.69425,-36.88603],[174.69423,-36.88819],[174.69244,-36.88662],[174.69343,-36.88495],[174.69068,-36.88523],[174.69018,-36.88642],[174.68966,-36.88352],[174.68667,-36.88491],[174.68821,-36.88211],[174.68339,-36.88002],[174.67992,-36.88005],[174.67641,-36.87729],[174.67229,-36.87694],[174.67178,-36.87337],[174.67442,-36.87144],[174.67328,-36.86992],[174.67856,-36.87234],[174.67883,-36.8756],[174.68312,-36.87213],[174.69072,-36.87167],[174.67577,-36.87065],[174.66751,-36.86613],[174.66275,-36.86097],[174.66032,-36.86328],[174.66466,-36.86376],[174.66538,-36.86599],[174.66399,-36.87078],[174.66563,-36.87351],[174.66728,-36.87314],[174.66816,-36.87438],[174.66367,-36.87967],[174.66794,-36.87979],[174.6767,-36.88476],[174.6741,-36.88506],[174.67387,-36.88756],[174.67211,-36.88909],[174.67671,-36.89191],[174.67441,-36.89603],[174.6765,-36.89579],[174.67912,-36.89793],[174.68046,-36.89671],[174.68183,-36.89932],[174.68586,-36.8982],[174.6843,-36.89937],[174.68459,-36.90154],[174.68534,-36.90064],[174.6904,-36.90198],[174.68934,-36.90255],[174.69065,-36.90377],[174.69398,-36.90342],[174.69188,-36.90592],[174.69372,-36.90734],[174.69252,-36.90728],[174.69288,-36.90904],[174.69075,-36.91171],[174.69291,-36.90861],[174.69117,-36.90611],[174.69252,-36.90427],[174.68838,-36.90189],[174.68507,-36.90183],[174.68468,-36.90324],[174.68307,-36.89976],[174.67891,-36.89994],[174.68081,-36.90288],[174.67819,-36.90586],[174.6787,-36.90428],[174.67753,-36.90404],[174.67929,-36.90296],[174.67886,-36.90198],[174.67705,-36.90277],[174.67831,-36.90192],[174.67753,-36.89924],[174.67572,-36.89885],[174.67556,-36.90114],[174.67486,-36.89934],[174.67197,-36.89861],[174.66999,-36.90024],[174.67229,-36.89656],[174.67179,-36.89289],[174.66711,-36.88908],[174.6658,-36.88973],[174.66588,-36.89157],[174.66394,-36.89225],[174.66437,-36.89409],[174.66117,-36.89354],[174.65815,-36.89708],[174.6588,-36.89623],[174.65786,-36.89606],[174.66697,-36.88613],[174.66644,-36.88459],[174.66269,-36.88497],[174.66013,-36.88702],[174.65092,-36.89566],[174.64984,-36.89835]]]}}]}