{"type":"FeatureCollection","features":[{"type":"Feature","properties":{"id":"new-zealand","name":"New Zealand","level":0,"centroid":[172.4882,-40.8413],"bbox":[166.4261,-47.2898,178.5504,-34.3929]},"geometry":{"type":"MultiPolygon","coordinates":[[[[167.4336,-47.22458],[167.39667,-47.23264],[167.37852,-47.24779],[167.37943,-47.25587],[167.3875,-47.25193],[167.38966,-47.25848],[167.40022,-47.26117],[167.40266,-47.25314],[167.4191,-47.24924],[167.41536,-47.24489],[167.43945,-47.23484],[167.4414,-47.22997],[167.4336,-47.22458]]],[[[167.39008,-47.21037],[167.37521,-47.2174],[167.38743,-47.22184],[167.3989,-47.21701],[167.39008,-47.21037]]],[[[167.6799,-47.19909],[167.66099,-47.20564],[167.67823,-47.21167],[167.6799,-47.19909]]],[[[167.70062,-47.17789],[167.69046,-47.18907],[167.70303,-47.19766],[167.69786,-47.20727],[167.70568,-47.20949],[167.72482,-47.19009],[167.70062,-47.17789]]],[[[167.40658,-47.13953],[167.39875,-47.14441],[167.40268,-47.15224],[167.39885,-47.15841],[167.41023,-47.1489],[167.40658,-47.13953]]],[[[167.6717,-46.94987],[167.66365,-46.95589],[167.67259,-46.95684],[167.6715,-46.96995],[167.67834,-46.96189],[167.6717,-46.94987]]],[[[168.12533,-46.92492],[168.10924,-46.92666],[168.12129,-46.9303],[168.12496,-46.93806],[168.15615,-46.93647],[168.12533,-46.92492]]],[[[168.24166,-46.90215],[168.23492,-46.90249],[168.22775,-46.91366],[168.25059,-46.9152],[168.24166,-46.90215]]],[[[167.61424,-46.75001],[167.60215,-46.75575],[167.59791,-46.76675],[167.61224,-46.77497],[167.61465,-46.78435],[167.60654,-46.78939],[167.64044,-46.79669],[167.65551,-46.78369],[167.66297,-46.78355],[167.66065,-46.76521],[167.64225,-46.7633],[167.64412,-46.75401],[167.63951,-46.75115],[167.61844,-46.75757],[167.61424,-46.75001]]],[[[168.53472,-46.73603],[168.52662,-46.73657],[168.53016,-46.74514],[168.51803,-46.74847],[168.51915,-46.75348],[168.5124,-46.75188],[168.51137,-46.75779],[168.49882,-46.76008],[168.49129,-46.75591],[168.4937,-46.75213],[168.47968,-46.75327],[168.49479,-46.76032],[168.49217,-46.76788],[168.49987,-46.76892],[168.48629,-46.77242],[168.47578,-46.76622],[168.47084,-46.77172],[168.48236,-46.78041],[168.48732,-46.77625],[168.50626,-46.77979],[168.50466,-46.79466],[168.51149,-46.7996],[168.518,-46.79381],[168.51673,-46.78512],[168.54429,-46.77141],[168.53823,-46.76576],[168.54888,-46.75252],[168.53978,-46.74819],[168.53472,-46.73603]]],[[[167.8697,-46.68423],[167.86222,-46.68588],[167.85475,-46.69717],[167.83379,-46.7031],[167.78648,-46.6874],[167.76688,-46.69624],[167.75259,-46.69572],[167.73911,-46.70973],[167.74254,-46.71499],[167.72674,-46.70995],[167.71963,-46.71433],[167.72515,-46.72783],[167.71896,-46.74274],[167.70762,-46.74504],[167.70388,-46.75454],[167.71912,-46.78528],[167.70303,-46.78874],[167.70605,-46.79287],[167.7002,-46.79577],[167.7242,-46.81184],[167.73003,-46.82771],[167.72485,-46.83139],[167.73329,-46.83151],[167.73519,-46.83908],[167.74173,-46.84067],[167.73891,-46.84317],[167.75087,-46.84825],[167.75816,-46.86853],[167.75103,-46.87505],[167.76622,-46.88628],[167.76602,-46.92113],[167.77075,-46.92289],[167.76509,-46.92287],[167.75905,-46.93736],[167.73327,-46.95739],[167.69378,-46.96833],[167.67898,-46.96466],[167.66924,-46.9773],[167.68551,-46.9788],[167.68597,-46.99192],[167.68019,-46.99774],[167.70042,-47.00331],[167.68648,-47.01453],[167.69796,-47.02615],[167.69188,-47.03382],[167.70424,-47.03215],[167.71348,-47.04868],[167.72577,-47.04761],[167.72839,-47.05277],[167.72233,-47.05645],[167.72768,-47.04905],[167.71326,-47.04881],[167.7133,-47.04376],[167.69243,-47.05063],[167.64985,-47.03647],[167.62048,-47.04173],[167.6004,-47.05825],[167.5949,-47.07318],[167.5852,-47.07535],[167.5792,-47.08531],[167.55968,-47.09058],[167.56757,-47.11307],[167.57855,-47.10988],[167.59027,-47.11393],[167.57747,-47.11794],[167.58096,-47.12471],[167.57316,-47.1289],[167.57379,-47.1338],[167.58259,-47.13464],[167.57342,-47.13639],[167.57618,-47.14089],[167.55495,-47.15556],[167.57269,-47.14766],[167.57141,-47.16377],[167.576,-47.16624],[167.5675,-47.17711],[167.54455,-47.17666],[167.5391,-47.184],[167.52169,-47.18903],[167.53134,-47.19129],[167.51929,-47.19764],[167.51851,-47.20388],[167.51071,-47.19854],[167.50242,-47.20268],[167.49845,-47.19756],[167.48617,-47.20643],[167.49192,-47.20927],[167.46656,-47.21627],[167.4656,-47.22213],[167.47063,-47.22356],[167.46403,-47.22648],[167.46822,-47.23231],[167.4594,-47.23551],[167.46182,-47.25326],[167.44823,-47.25911],[167.44724,-47.26708],[167.45491,-47.26689],[167.45405,-47.27743],[167.47168,-47.28202],[167.49173,-47.27011],[167.49035,-47.27936],[167.49488,-47.28163],[167.49037,-47.28526],[167.51602,-47.28217],[167.53968,-47.28981],[167.54948,-47.28038],[167.57291,-47.27869],[167.5652,-47.2727],[167.59025,-47.26086],[167.57801,-47.25752],[167.58763,-47.25034],[167.58999,-47.25385],[167.5943,-47.24517],[167.61731,-47.24794],[167.60907,-47.25588],[167.61433,-47.26524],[167.60956,-47.27126],[167.64593,-47.26378],[167.64695,-47.25425],[167.65499,-47.25285],[167.65672,-47.24427],[167.63673,-47.24944],[167.66242,-47.22923],[167.65058,-47.22915],[167.65756,-47.22521],[167.65113,-47.22141],[167.63843,-47.22136],[167.6306,-47.23444],[167.64074,-47.23433],[167.62658,-47.2363],[167.62056,-47.24479],[167.62127,-47.23808],[167.60792,-47.23459],[167.56784,-47.24326],[167.55294,-47.23292],[167.56115,-47.22927],[167.56819,-47.23785],[167.57761,-47.23705],[167.5861,-47.22668],[167.60913,-47.22511],[167.61076,-47.22065],[167.59695,-47.21797],[167.60599,-47.21012],[167.6167,-47.21389],[167.61781,-47.20533],[167.62222,-47.20771],[167.62596,-47.20221],[167.63156,-47.20492],[167.62316,-47.21058],[167.6363,-47.2102],[167.63931,-47.19974],[167.63179,-47.19983],[167.63654,-47.19549],[167.59798,-47.19615],[167.63859,-47.19471],[167.65561,-47.18747],[167.63643,-47.19754],[167.64504,-47.19557],[167.64502,-47.20421],[167.65178,-47.20453],[167.67465,-47.19429],[167.67289,-47.1805],[167.66115,-47.18214],[167.67553,-47.17414],[167.6606,-47.1656],[167.66624,-47.16538],[167.66676,-47.15994],[167.66983,-47.16899],[167.68643,-47.17104],[167.69832,-47.16334],[167.69745,-47.15124],[167.7196,-47.16641],[167.71462,-47.16922],[167.72207,-47.18234],[167.7428,-47.17953],[167.75786,-47.17085],[167.76729,-47.18384],[167.79104,-47.17916],[167.79544,-47.1882],[167.8203,-47.19235],[167.83428,-47.18988],[167.84653,-47.17875],[167.86584,-47.18131],[167.86618,-47.16812],[167.87752,-47.17521],[167.88983,-47.16773],[167.89726,-47.17038],[167.91245,-47.14982],[167.92761,-47.1525],[167.93566,-47.13457],[167.94347,-47.13593],[167.94976,-47.12824],[167.96095,-47.1396],[167.97393,-47.13195],[167.98205,-47.13437],[167.98497,-47.12789],[167.99678,-47.12469],[167.99299,-47.11251],[167.98751,-47.11207],[168.00345,-47.12219],[168.01148,-47.11815],[168.02092,-47.1269],[168.04304,-47.12875],[168.04649,-47.12401],[168.03901,-47.1124],[168.05831,-47.12183],[168.0646,-47.11841],[168.05923,-47.10557],[168.06821,-47.11021],[168.07267,-47.10882],[168.07115,-47.10298],[168.08358,-47.11191],[168.08772,-47.10831],[168.089,-47.11411],[168.13033,-47.12248],[168.13492,-47.11724],[168.12355,-47.11505],[168.11857,-47.10617],[168.10835,-47.11033],[168.1117,-47.10427],[168.07153,-47.09395],[168.07376,-47.08863],[168.05528,-47.07618],[168.06407,-47.07989],[168.06898,-47.07625],[168.06695,-47.08393],[168.07532,-47.08696],[168.07475,-47.09417],[168.09036,-47.09277],[168.08963,-47.09712],[168.10476,-47.09883],[168.10386,-47.10343],[168.11046,-47.09941],[168.12399,-47.10703],[168.13156,-47.10301],[168.12849,-47.10808],[168.14044,-47.10934],[168.14618,-47.11771],[168.15328,-47.11546],[168.14993,-47.10719],[168.15709,-47.10714],[168.15065,-47.09456],[168.14248,-47.09196],[168.14607,-47.08548],[168.14095,-47.07819],[168.15314,-47.08685],[168.17029,-47.07805],[168.17916,-47.08633],[168.19181,-47.08298],[168.19553,-47.0862],[168.19133,-47.09116],[168.20239,-47.09676],[168.19948,-47.09927],[168.21073,-47.09413],[168.22028,-47.09698],[168.20902,-47.08798],[168.20698,-47.07886],[168.18468,-47.08203],[168.17042,-47.06733],[168.15121,-47.06734],[168.16887,-47.06575],[168.16429,-47.06077],[168.17575,-47.05814],[168.17269,-47.04699],[168.16136,-47.04164],[168.17495,-47.04466],[168.17426,-47.04956],[168.1949,-47.06376],[168.2106,-47.0663],[168.19772,-47.05173],[168.20887,-47.04806],[168.20464,-47.0454],[168.21141,-47.04332],[168.20936,-47.03634],[168.21875,-47.03509],[168.20156,-47.02804],[168.22928,-47.01602],[168.209,-47.01505],[168.20277,-47.00466],[168.2115,-47.00336],[168.21615,-46.99367],[168.2047,-46.99462],[168.20573,-46.99025],[168.17786,-46.97406],[168.18595,-46.96043],[168.17403,-46.95302],[168.17672,-46.94229],[168.19196,-46.93902],[168.18725,-46.93376],[168.19003,-46.92664],[168.19968,-46.92663],[168.1941,-46.92125],[168.18745,-46.92925],[168.17348,-46.92862],[168.17249,-46.93781],[168.16784,-46.93826],[168.17469,-46.94615],[168.16742,-46.95823],[168.1753,-46.96609],[168.1737,-46.97108],[168.15447,-46.97413],[168.1601,-46.9656],[168.15044,-46.96651],[168.14766,-46.97236],[168.14329,-46.96937],[168.13933,-46.99067],[168.13149,-46.99049],[168.13251,-46.98647],[168.12509,-46.99274],[168.10552,-46.9938],[168.09619,-46.98831],[168.07501,-46.9914],[168.07824,-46.9856],[168.07274,-46.98353],[168.09419,-46.97267],[168.11705,-46.96939],[168.13101,-46.95874],[168.076,-46.95642],[168.06199,-46.94628],[168.03423,-46.94613],[168.02264,-46.95124],[168.02797,-46.93925],[168.01364,-46.92424],[167.98669,-46.92904],[167.98262,-46.94007],[167.96577,-46.94186],[167.96357,-46.95436],[167.88683,-46.98439],[167.91484,-46.97173],[167.91584,-46.96564],[167.94022,-46.95143],[167.95015,-46.93831],[167.9787,-46.92944],[167.9732,-46.90837],[167.96496,-46.90901],[167.9714,-46.90148],[167.94984,-46.89641],[167.96287,-46.89464],[167.9404,-46.88251],[167.96327,-46.89405],[167.96275,-46.89912],[167.9784,-46.89841],[167.97579,-46.89076],[168.00226,-46.89492],[168.00518,-46.89239],[167.99607,-46.8866],[168.00302,-46.87374],[167.99084,-46.87074],[168.00761,-46.86948],[168.00914,-46.87701],[168.01845,-46.88235],[168.0129,-46.88649],[168.02032,-46.89009],[168.0187,-46.89392],[168.03216,-46.89777],[168.02494,-46.90381],[168.01185,-46.90263],[168.0233,-46.91246],[168.03552,-46.91234],[168.04652,-46.91959],[168.06311,-46.91742],[168.03871,-46.91034],[168.04835,-46.90773],[168.042,-46.9023],[168.05362,-46.90081],[168.04893,-46.9062],[168.06707,-46.90709],[168.06075,-46.90123],[168.06919,-46.89936],[168.05801,-46.89908],[168.06844,-46.89508],[168.07815,-46.90103],[168.06944,-46.90331],[168.07144,-46.90803],[168.08919,-46.90106],[168.09326,-46.90811],[168.12234,-46.90313],[168.12967,-46.90815],[168.13752,-46.90589],[168.1326,-46.9093],[168.1404,-46.9122],[168.14344,-46.90236],[168.1639,-46.89583],[168.13075,-46.90019],[168.13164,-46.89475],[168.12315,-46.89325],[168.14565,-46.88872],[168.15013,-46.87969],[168.13128,-46.88194],[168.12598,-46.87526],[168.14197,-46.87196],[168.14465,-46.8611],[168.13171,-46.85458],[168.12614,-46.8552],[168.12411,-46.86284],[168.10982,-46.86322],[168.09728,-46.85147],[168.08956,-46.85727],[168.07643,-46.85415],[168.08354,-46.85207],[168.082,-46.83806],[168.09348,-46.8385],[168.09094,-46.83203],[168.05371,-46.82257],[168.04842,-46.81627],[168.03917,-46.818],[168.03352,-46.79976],[168.01915,-46.80151],[168.00449,-46.79037],[168.00007,-46.7813],[168.00373,-46.7724],[167.991,-46.77034],[167.98453,-46.7604],[167.97753,-46.72098],[167.95943,-46.72072],[167.92544,-46.70013],[167.90706,-46.70032],[167.8697,-46.68423]]],[[[168.43583,-46.57569],[168.44816,-46.58193],[168.46891,-46.58176],[168.43583,-46.57569]]],[[[167.84288,-46.45148],[167.835,-46.45605],[167.84712,-46.4623],[167.85491,-46.45986],[167.84288,-46.45148]]],[[[166.67883,-45.60038],[166.67055,-45.60941],[166.66568,-45.60425],[166.62216,-45.61088],[166.60565,-45.60302],[166.59331,-45.61708],[166.58294,-45.61148],[166.56433,-45.62527],[166.55316,-45.64932],[166.55372,-45.63135],[166.54613,-45.62451],[166.53823,-45.62698],[166.5316,-45.63995],[166.52144,-45.64147],[166.51994,-45.66178],[166.51057,-45.66016],[166.51323,-45.66565],[166.4993,-45.68237],[166.49002,-45.68331],[166.47722,-45.70081],[166.45168,-45.71613],[166.4444,-45.73922],[166.45147,-45.74393],[166.54071,-45.68156],[166.55108,-45.66915],[166.55211,-45.65091],[166.55678,-45.66367],[166.55468,-45.68317],[166.58088,-45.69084],[166.54736,-45.69183],[166.54553,-45.69846],[166.56231,-45.70172],[166.58277,-45.69608],[166.57111,-45.70176],[166.57738,-45.71036],[166.56268,-45.71546],[166.58838,-45.72075],[166.5938,-45.73142],[166.60942,-45.73585],[166.58809,-45.72936],[166.58045,-45.73245],[166.57931,-45.74448],[166.59353,-45.74481],[166.59056,-45.75261],[166.59596,-45.75272],[166.5899,-45.75415],[166.64724,-45.7397],[166.64773,-45.71434],[166.66299,-45.75213],[166.68536,-45.7479],[166.71781,-45.72497],[166.72374,-45.69829],[166.71585,-45.68793],[166.72062,-45.67541],[166.713,-45.6392],[166.71658,-45.62474],[166.70642,-45.6187],[166.70666,-45.61258],[166.67883,-45.60038]]],[[[166.96243,-45.1478],[166.94834,-45.15186],[166.94495,-45.16172],[166.90572,-45.1909],[166.89848,-45.21073],[166.87293,-45.22444],[166.87807,-45.22706],[166.86878,-45.24058],[166.89001,-45.24949],[166.88999,-45.25515],[166.91048,-45.27176],[166.94317,-45.28533],[166.94728,-45.2941],[166.97143,-45.30232],[166.99782,-45.29978],[167.00275,-45.29628],[166.98801,-45.27534],[166.98669,-45.25567],[166.97427,-45.24681],[166.94935,-45.20311],[166.95208,-45.18507],[166.97069,-45.16612],[166.97119,-45.15844],[166.96243,-45.1478]]],[[[170.24025,-43.16567],[170.23161,-43.16141],[170.22229,-43.1769],[170.25243,-43.16354],[170.24025,-43.16567]]],[[[174.0738,-41.52444],[174.06939,-41.53474],[174.07688,-41.53095],[174.08061,-41.53287],[174.07515,-41.53641],[174.08191,-41.53474],[174.08351,-41.52848],[174.08889,-41.53411],[174.08985,-41.52695],[174.0738,-41.52444]]],[[[173.14477,-41.28674],[173.13808,-41.287],[173.16474,-41.30082],[173.15895,-41.29092],[173.14477,-41.28674]]],[[[173.15077,-41.2848],[173.17995,-41.29834],[173.17861,-41.28763],[173.15077,-41.2848]]],[[[173.11207,-41.26699],[173.10758,-41.26911],[173.11333,-41.26908],[173.1157,-41.2766],[173.13428,-41.28455],[173.1407,-41.2819],[173.11207,-41.26699]]],[[[173.12702,-41.25681],[173.11022,-41.25238],[173.1048,-41.25676],[173.11359,-41.25811],[173.10673,-41.25777],[173.10436,-41.26335],[173.14215,-41.28033],[173.17855,-41.28042],[173.18862,-41.28726],[173.20058,-41.28414],[173.18448,-41.27429],[173.12702,-41.25681]]],[[[174.02985,-41.18482],[174.0156,-41.19004],[174.03298,-41.19112],[174.03572,-41.18713],[174.02985,-41.18482]]],[[[174.23827,-41.15913],[174.22967,-41.16503],[174.23369,-41.16851],[174.22568,-41.17397],[174.22958,-41.18461],[174.22134,-41.19018],[174.24168,-41.17874],[174.25437,-41.17921],[174.24344,-41.16433],[174.24495,-41.15824],[174.23827,-41.15913]]],[[[174.29999,-41.1085],[174.28011,-41.11379],[174.2671,-41.1327],[174.27987,-41.11717],[174.29999,-41.1085]]],[[[174.38137,-41.08799],[174.38037,-41.0987],[174.35754,-41.11781],[174.349,-41.11643],[174.33084,-41.12986],[174.31576,-41.11797],[174.31973,-41.12445],[174.3035,-41.12694],[174.28772,-41.14103],[174.30096,-41.1398],[174.30697,-41.13201],[174.32473,-41.13102],[174.32542,-41.14389],[174.3391,-41.14679],[174.35228,-41.14376],[174.35252,-41.13764],[174.35899,-41.13945],[174.36814,-41.12485],[174.37453,-41.12519],[174.37479,-41.13836],[174.36463,-41.15595],[174.34637,-41.16357],[174.34087,-41.16075],[174.33284,-41.16846],[174.34149,-41.17662],[174.31212,-41.17714],[174.32125,-41.16119],[174.30274,-41.1625],[174.30073,-41.16746],[174.2909,-41.16696],[174.28965,-41.17688],[174.28315,-41.17515],[174.28794,-41.18272],[174.25799,-41.18158],[174.24997,-41.19311],[174.26558,-41.19633],[174.25513,-41.19849],[174.25481,-41.20358],[174.24465,-41.2023],[174.23708,-41.20814],[174.22675,-41.20324],[174.23742,-41.21218],[174.23292,-41.21673],[174.21486,-41.20637],[174.2055,-41.21188],[174.19489,-41.20919],[174.19008,-41.21353],[174.19594,-41.21878],[174.18317,-41.2164],[174.17587,-41.22791],[174.16561,-41.22883],[174.1609,-41.24181],[174.1849,-41.24092],[174.18983,-41.23465],[174.20925,-41.23635],[174.21814,-41.23185],[174.21469,-41.22602],[174.22896,-41.22154],[174.23123,-41.23613],[174.25393,-41.23659],[174.25864,-41.2291],[174.24729,-41.22236],[174.26199,-41.22624],[174.28035,-41.21493],[174.27997,-41.20864],[174.29551,-41.20997],[174.31047,-41.20107],[174.3233,-41.21075],[174.34347,-41.19166],[174.35368,-41.19305],[174.35898,-41.20015],[174.37084,-41.19697],[174.37471,-41.18298],[174.36706,-41.17303],[174.37011,-41.15891],[174.39182,-41.1181],[174.3923,-41.09386],[174.38137,-41.08799]]],[[[173.90691,-41.01661],[173.88654,-41.01813],[173.87022,-41.02906],[173.88113,-41.03062],[173.88292,-41.0364],[173.89353,-41.02946],[173.90764,-41.04045],[173.91188,-41.03374],[173.89453,-41.02694],[173.90691,-41.01661]]],[[[174.08098,-40.94097],[174.06597,-40.94137],[174.05077,-40.95202],[174.06868,-40.95182],[174.07458,-40.95721],[174.04919,-40.97957],[174.05721,-40.98381],[174.05246,-40.98919],[174.05944,-40.99514],[174.07418,-40.98555],[174.07098,-40.97749],[174.07613,-40.96995],[174.08747,-40.9699],[174.08879,-40.96398],[174.07753,-40.95679],[174.08098,-40.94097]]],[[[174.08568,-40.88888],[174.07653,-40.89805],[174.06176,-40.89948],[174.05716,-40.911],[174.06297,-40.90512],[174.06861,-40.9077],[174.07133,-40.90029],[174.08519,-40.90055],[174.08991,-40.89627],[174.08568,-40.88888]]],[[[174.93868,-40.82022],[174.92008,-40.8222],[174.91214,-40.84295],[174.86901,-40.87598],[174.86876,-40.88617],[174.88671,-40.8902],[174.93478,-40.85368],[174.94409,-40.83248],[174.95441,-40.82868],[174.93868,-40.82022]]],[[[173.95636,-40.69283],[173.95127,-40.69263],[173.95085,-40.705],[173.95903,-40.71076],[173.95152,-40.71634],[173.95598,-40.72177],[173.94926,-40.72801],[173.93619,-40.72768],[173.94261,-40.73362],[173.93611,-40.73865],[173.93848,-40.74633],[173.91803,-40.74705],[173.91621,-40.75235],[173.88729,-40.76171],[173.88374,-40.76872],[173.89025,-40.77134],[173.89551,-40.76628],[173.90665,-40.77425],[173.92017,-40.77095],[173.92089,-40.76455],[173.92355,-40.76996],[173.93306,-40.76905],[173.92893,-40.77091],[173.93173,-40.775],[173.92303,-40.77589],[173.92664,-40.78376],[173.91102,-40.78038],[173.91316,-40.78991],[173.90816,-40.7886],[173.90555,-40.80354],[173.90309,-40.78218],[173.89381,-40.7779],[173.88695,-40.77961],[173.88881,-40.78865],[173.87988,-40.78943],[173.88257,-40.79641],[173.87714,-40.7946],[173.87604,-40.80264],[173.86583,-40.80707],[173.86866,-40.78419],[173.87434,-40.78033],[173.86059,-40.76814],[173.8843,-40.73595],[173.87224,-40.7376],[173.87093,-40.72812],[173.86523,-40.73108],[173.85491,-40.74874],[173.84048,-40.75307],[173.84516,-40.75802],[173.84037,-40.76932],[173.83356,-40.76553],[173.83295,-40.75484],[173.82794,-40.75534],[173.83437,-40.77088],[173.79413,-40.81505],[173.8078,-40.81497],[173.8102,-40.82374],[173.80519,-40.83019],[173.81242,-40.8291],[173.81561,-40.83815],[173.80959,-40.84868],[173.82854,-40.85637],[173.83578,-40.85105],[173.83419,-40.84307],[173.84968,-40.83689],[173.83614,-40.84571],[173.84141,-40.85007],[173.83544,-40.8585],[173.84419,-40.857],[173.84533,-40.86266],[173.83636,-40.86243],[173.83412,-40.86958],[173.82647,-40.8615],[173.82623,-40.87094],[173.82029,-40.85633],[173.79225,-40.8582],[173.79099,-40.84054],[173.78668,-40.83176],[173.78164,-40.83428],[173.7718,-40.86624],[173.77941,-40.88397],[173.77004,-40.89583],[173.78425,-40.88197],[173.78972,-40.88999],[173.79827,-40.88984],[173.78872,-40.89635],[173.79574,-40.90132],[173.79485,-40.90805],[173.78807,-40.90924],[173.78401,-40.92452],[173.77375,-40.92929],[173.7767,-40.93967],[173.77035,-40.94193],[173.79068,-40.94113],[173.80329,-40.92849],[173.81391,-40.93049],[173.83361,-40.91929],[173.83192,-40.91079],[173.83799,-40.9031],[173.8663,-40.89056],[173.86741,-40.88027],[173.87927,-40.87541],[173.87224,-40.87246],[173.89003,-40.85783],[173.89233,-40.86243],[173.90307,-40.85784],[173.90731,-40.8615],[173.90652,-40.87215],[173.89555,-40.87782],[173.90114,-40.8789],[173.9123,-40.86857],[173.91547,-40.86052],[173.90502,-40.85666],[173.90833,-40.84459],[173.92404,-40.82835],[173.93875,-40.8236],[173.92966,-40.82314],[173.93021,-40.81374],[173.9387,-40.81371],[173.93466,-40.80654],[173.94217,-40.80376],[173.94544,-40.79484],[173.95701,-40.79617],[173.93947,-40.78745],[173.94254,-40.77378],[173.95961,-40.76513],[173.96151,-40.75768],[173.95456,-40.7445],[173.96767,-40.70801],[173.95636,-40.69283]]],[[[173.99901,-40.66378],[173.9862,-40.6772],[174.0092,-40.66989],[173.99901,-40.66378]]],[[[173.65781,-41.09809],[173.64694,-41.0888],[173.63916,-41.09739],[173.62486,-41.0922],[173.62847,-41.09664],[173.61599,-41.10366],[173.62115,-41.08719],[173.62677,-41.08396],[173.62518,-41.09168],[173.63661,-41.07885],[173.62965,-41.06996],[173.6158,-41.07227],[173.59389,-41.05112],[173.58749,-41.06337],[173.57097,-41.06395],[173.56549,-41.07839],[173.55895,-41.07503],[173.55891,-41.08561],[173.54725,-41.09665],[173.51398,-41.10439],[173.50636,-41.1348],[173.48274,-41.15675],[173.44184,-41.16079],[173.46979,-41.15979],[173.46357,-41.16638],[173.45175,-41.16458],[173.42579,-41.17482],[173.4133,-41.16312],[173.41874,-41.15746],[173.42627,-41.16615],[173.43797,-41.15953],[173.4443,-41.16437],[173.43872,-41.16044],[173.43396,-41.1382],[173.41671,-41.13623],[173.41188,-41.14207],[173.41583,-41.15924],[173.40386,-41.15569],[173.31887,-41.20698],[173.31213,-41.21597],[173.32378,-41.22208],[173.31186,-41.25005],[173.29042,-41.263],[173.28408,-41.2609],[173.28435,-41.2542],[173.28007,-41.25449],[173.28038,-41.26236],[173.27768,-41.25498],[173.27909,-41.25878],[173.27021,-41.26039],[173.25375,-41.27766],[173.23261,-41.2786],[173.23045,-41.28643],[173.20612,-41.29876],[173.21845,-41.29671],[173.21469,-41.30206],[173.22514,-41.30242],[173.20519,-41.30643],[173.22099,-41.30416],[173.20387,-41.33027],[173.19408,-41.33149],[173.16309,-41.31843],[173.15592,-41.31165],[173.16169,-41.30747],[173.13643,-41.28758],[173.11536,-41.28512],[173.10948,-41.2869],[173.11177,-41.29195],[173.09943,-41.28785],[173.09429,-41.29242],[173.09545,-41.28718],[173.08511,-41.28553],[173.10456,-41.27755],[173.07538,-41.2773],[173.08684,-41.26729],[173.07102,-41.26359],[173.07894,-41.25826],[173.07172,-41.25346],[173.09794,-41.257],[173.09964,-41.26138],[173.0978,-41.24858],[173.10412,-41.25341],[173.10755,-41.24907],[173.0848,-41.23034],[173.08487,-41.21172],[173.0658,-41.18384],[173.037,-41.15872],[173.05724,-41.18216],[173.04945,-41.18704],[173.00953,-41.14378],[173.00991,-41.13304],[173.01905,-41.12465],[173.01898,-41.1352],[173.02451,-41.13792],[173.02882,-41.09627],[173.03622,-41.09607],[173.03115,-41.08629],[173.01028,-41.07752],[173.00029,-41.06363],[173.0045,-41.05352],[173.02375,-41.04443],[173.01673,-41.03916],[173.02332,-41.0344],[173.01722,-41.02097],[173.02133,-41.01663],[173.00764,-41.01287],[173.01237,-40.99214],[173.03568,-40.9893],[173.04859,-40.96796],[173.06926,-40.9614],[173.06374,-40.95286],[173.06732,-40.94847],[173.05955,-40.95106],[173.05962,-40.95686],[173.04965,-40.94969],[173.04946,-40.9438],[173.06242,-40.93734],[173.05736,-40.93424],[173.05918,-40.92061],[173.05089,-40.91769],[173.05996,-40.91485],[173.06352,-40.90575],[173.04612,-40.88753],[173.05259,-40.87997],[173.04938,-40.88301],[173.05859,-40.88411],[173.06554,-40.87825],[173.05842,-40.87248],[173.06281,-40.87003],[173.05827,-40.85719],[173.04661,-40.85571],[173.0456,-40.85117],[173.04227,-40.85943],[173.03302,-40.85913],[173.01491,-40.84824],[173.00471,-40.8227],[173.00657,-40.81666],[173.01634,-40.81488],[172.99433,-40.79161],[172.99797,-40.782],[172.95424,-40.78877],[172.95481,-40.802],[172.94374,-40.80851],[172.95376,-40.805],[172.95585,-40.81247],[172.94765,-40.81661],[172.95254,-40.81977],[172.94729,-40.8259],[172.93969,-40.82805],[172.94089,-40.81258],[172.92174,-40.80017],[172.91513,-40.80224],[172.90972,-40.82134],[172.89413,-40.82031],[172.89892,-40.82387],[172.89295,-40.82114],[172.89263,-40.83046],[172.87938,-40.83331],[172.84008,-40.83312],[172.79801,-40.81628],[172.789,-40.8064],[172.79334,-40.7999],[172.77332,-40.79565],[172.73039,-40.76958],[172.69055,-40.71758],[172.68525,-40.71795],[172.69046,-40.7181],[172.68788,-40.72439],[172.69231,-40.72812],[172.68467,-40.73506],[172.67879,-40.73214],[172.67641,-40.7198],[172.68885,-40.71268],[172.68695,-40.67926],[172.68082,-40.67461],[172.66679,-40.67985],[172.66105,-40.67147],[172.66557,-40.66401],[172.64877,-40.65722],[172.66977,-40.63848],[172.66635,-40.64194],[172.6738,-40.64171],[172.6695,-40.65014],[172.67763,-40.64377],[172.68203,-40.66052],[172.6812,-40.61707],[172.69027,-40.59359],[172.68561,-40.58389],[172.72163,-40.54826],[172.72319,-40.53733],[172.73617,-40.5223],[172.7364,-40.52909],[172.7448,-40.51984],[172.76515,-40.51346],[172.8929,-40.5195],[172.97752,-40.53728],[173.0123,-40.55432],[173.01625,-40.55108],[173.01141,-40.54647],[172.986,-40.53234],[172.95034,-40.52266],[172.81002,-40.50368],[172.73525,-40.50919],[172.68804,-40.49803],[172.66885,-40.50675],[172.65724,-40.50343],[172.65212,-40.51009],[172.64715,-40.50618],[172.60098,-40.53475],[172.59239,-40.54245],[172.59507,-40.54715],[172.58198,-40.54774],[172.55018,-40.5715],[172.55381,-40.58849],[172.57233,-40.58218],[172.56949,-40.5771],[172.57642,-40.56586],[172.59117,-40.57199],[172.61034,-40.56109],[172.60612,-40.56776],[172.6128,-40.56844],[172.62203,-40.5615],[172.61986,-40.55611],[172.62988,-40.55542],[172.62629,-40.56867],[172.63434,-40.57236],[172.62461,-40.5797],[172.63106,-40.58418],[172.61862,-40.58918],[172.62489,-40.60387],[172.6159,-40.60075],[172.62023,-40.59861],[172.61314,-40.58838],[172.57634,-40.59111],[172.56767,-40.60114],[172.57061,-40.60533],[172.5813,-40.59932],[172.57795,-40.60727],[172.58591,-40.60742],[172.58632,-40.61728],[172.58088,-40.61046],[172.56717,-40.60762],[172.5609,-40.61945],[172.55209,-40.61899],[172.56388,-40.60727],[172.55652,-40.60624],[172.54125,-40.61213],[172.53838,-40.61753],[172.5461,-40.61533],[172.54034,-40.61988],[172.53504,-40.61726],[172.53376,-40.62537],[172.52994,-40.61759],[172.52575,-40.63164],[172.52699,-40.62081],[172.51629,-40.62558],[172.5175,-40.63742],[172.52296,-40.63883],[172.51654,-40.64109],[172.51379,-40.62781],[172.51015,-40.63132],[172.50876,-40.6269],[172.51365,-40.62225],[172.50545,-40.62214],[172.52934,-40.60808],[172.52708,-40.6045],[172.54389,-40.60547],[172.53312,-40.60113],[172.54359,-40.59645],[172.53363,-40.58185],[172.51059,-40.59875],[172.4876,-40.60726],[172.48203,-40.6165],[172.44249,-40.63246],[172.3965,-40.66709],[172.36881,-40.69805],[172.32293,-40.72151],[172.2925,-40.74719],[172.27322,-40.75358],[172.26047,-40.7647],[172.21668,-40.77521],[172.21278,-40.7901],[172.17268,-40.81003],[172.17346,-40.81559],[172.13394,-40.85032],[172.13094,-40.87221],[172.11042,-40.88217],[172.09984,-40.8963],[172.09816,-40.91296],[172.09288,-40.91467],[172.11173,-41.02688],[172.11131,-41.03672],[172.10444,-41.0432],[172.10465,-41.09443],[172.09973,-41.10032],[172.10615,-41.15197],[172.09808,-41.23987],[172.10661,-41.24703],[172.11132,-41.24467],[172.10432,-41.24947],[172.10649,-41.25366],[172.12114,-41.25003],[172.13164,-41.26069],[172.12047,-41.25312],[172.10488,-41.2581],[172.10769,-41.27577],[172.10598,-41.27088],[172.10053,-41.28974],[172.09338,-41.29001],[172.09163,-41.27611],[172.0797,-41.33785],[172.06084,-41.38815],[172.02682,-41.41224],[171.99876,-41.4414],[171.98637,-41.44561],[171.91022,-41.56542],[171.85816,-41.62437],[171.70542,-41.72468],[171.65468,-41.74196],[171.62153,-41.74212],[171.59171,-41.73238],[171.58943,-41.72702],[171.59392,-41.74406],[171.60099,-41.74205],[171.59456,-41.74565],[171.59507,-41.76636],[171.59278,-41.75198],[171.57686,-41.74937],[171.58553,-41.74658],[171.58184,-41.74273],[171.58996,-41.74344],[171.58707,-41.72742],[171.58754,-41.73164],[171.55011,-41.75006],[171.52649,-41.75228],[171.5061,-41.74532],[171.47456,-41.74908],[171.46954,-41.74521],[171.4593,-41.75281],[171.46441,-41.75501],[171.45575,-41.76465],[171.46042,-41.77265],[171.45061,-41.77481],[171.45663,-41.77892],[171.46129,-41.83313],[171.45526,-41.88501],[171.44456,-41.89707],[171.43615,-41.89656],[171.43704,-41.9024],[171.4176,-41.91817],[171.40073,-41.9821],[171.40561,-41.98639],[171.39457,-42.00144],[171.39157,-42.02138],[171.38345,-42.03055],[171.36558,-42.03492],[171.36053,-42.07216],[171.35242,-42.07467],[171.34788,-42.08454],[171.3415,-42.08389],[171.33918,-42.1041],[171.32583,-42.11395],[171.33019,-42.11891],[171.30624,-42.26004],[171.30057,-42.27578],[171.29225,-42.28029],[171.28049,-42.31308],[171.26647,-42.32421],[171.23971,-42.37418],[171.22938,-42.38064],[171.21857,-42.37965],[171.20461,-42.42712],[171.1977,-42.4385],[171.18978,-42.44003],[171.19397,-42.44266],[171.19059,-42.45445],[171.16384,-42.51423],[171.09645,-42.60278],[171.04839,-42.6529],[171.02179,-42.66392],[170.94765,-42.72353],[170.8602,-42.83032],[170.79102,-42.8863],[170.72081,-42.9302],[170.66178,-42.95386],[170.59454,-42.99337],[170.52439,-43.01739],[170.49195,-43.01557],[170.45825,-43.02278],[170.41091,-43.04156],[170.3489,-43.09369],[170.28751,-43.10888],[170.26008,-43.10807],[170.24806,-43.13254],[170.22788,-43.14478],[170.19677,-43.18874],[170.16635,-43.21836],[170.19286,-43.20126],[170.1933,-43.19523],[170.21269,-43.18982],[170.21147,-43.17362],[170.21899,-43.17859],[170.22328,-43.17041],[170.21763,-43.16486],[170.23189,-43.16496],[170.22399,-43.15527],[170.23018,-43.15702],[170.22642,-43.1609],[170.25752,-43.15649],[170.26455,-43.17094],[170.27416,-43.1702],[170.27318,-43.17586],[170.26111,-43.17348],[170.25115,-43.17854],[170.25072,-43.18947],[170.24412,-43.18369],[170.22667,-43.19369],[170.22865,-43.20137],[170.20847,-43.20864],[170.21263,-43.21678],[170.20764,-43.21687],[170.20536,-43.2265],[170.19112,-43.2243],[170.19455,-43.23116],[170.18861,-43.22916],[170.19073,-43.23605],[170.18774,-43.23096],[170.18436,-43.23432],[170.187,-43.22705],[170.18099,-43.22552],[170.18091,-43.22948],[170.17894,-43.22382],[170.16678,-43.21999],[170.13415,-43.23059],[170.08415,-43.27453],[170.05513,-43.28416],[170.02045,-43.32649],[169.97401,-43.36239],[169.9172,-43.39027],[169.84193,-43.39544],[169.81077,-43.42061],[169.79371,-43.4214],[169.78194,-43.44194],[169.72705,-43.49633],[169.68968,-43.54465],[169.66761,-43.55656],[169.64919,-43.55353],[169.60856,-43.59207],[169.57075,-43.60238],[169.56294,-43.60063],[169.55485,-43.58632],[169.54005,-43.60442],[169.50099,-43.62714],[169.48246,-43.62121],[169.45708,-43.62348],[169.43687,-43.63268],[169.42652,-43.62529],[169.38223,-43.63783],[169.36659,-43.6458],[169.35779,-43.66232],[169.34618,-43.67014],[169.30634,-43.67945],[169.20946,-43.71926],[169.15282,-43.75143],[169.10662,-43.79495],[169.01678,-43.85349],[168.97326,-43.87714],[168.887,-43.90617],[168.85506,-43.94128],[168.81546,-43.96741],[168.71242,-43.99376],[168.65314,-43.99575],[168.63013,-43.99022],[168.61545,-43.97695],[168.61399,-43.9716],[168.62384,-43.95966],[168.61685,-43.95784],[168.60614,-43.96516],[168.58994,-43.96467],[168.5949,-43.97315],[168.56878,-43.97254],[168.5467,-43.99258],[168.513,-44.00181],[168.43485,-44.0085],[168.38926,-44.00248],[168.36666,-44.0088],[168.37042,-44.01626],[168.36142,-44.03129],[168.32644,-44.05089],[168.32796,-44.06232],[168.32122,-44.07071],[168.32579,-44.08404],[168.28554,-44.10257],[168.25136,-44.15423],[168.22549,-44.16034],[168.19846,-44.18208],[168.15326,-44.20237],[168.14584,-44.21603],[168.10356,-44.24324],[168.07215,-44.24663],[168.05224,-44.25832],[168.06211,-44.26548],[168.08348,-44.26801],[168.11961,-44.29087],[168.09752,-44.32716],[168.08488,-44.3321],[168.05405,-44.32465],[167.99427,-44.32841],[168.00836,-44.33858],[168.00533,-44.36651],[168.02088,-44.37087],[168.01786,-44.38385],[168.03677,-44.38975],[168.05798,-44.41231],[168.05622,-44.43153],[168.06814,-44.44834],[168.06998,-44.4888],[168.0798,-44.51001],[168.07577,-44.51859],[168.06496,-44.51875],[168.06555,-44.51457],[168.05545,-44.51101],[168.04949,-44.45096],[168.03086,-44.43673],[168.02869,-44.4205],[168.03651,-44.41126],[168.01504,-44.38396],[168.01418,-44.37187],[168.00064,-44.36813],[168.00224,-44.33718],[167.99898,-44.35933],[167.9871,-44.37788],[167.97329,-44.38663],[167.95693,-44.38171],[167.93133,-44.39013],[167.91888,-44.4056],[167.90943,-44.40541],[167.90679,-44.41424],[167.8722,-44.43478],[167.84394,-44.48474],[167.8156,-44.49567],[167.82853,-44.50864],[167.83085,-44.52818],[167.82185,-44.55118],[167.81717,-44.59906],[167.86186,-44.60518],[167.89583,-44.6279],[167.91313,-44.6234],[167.91511,-44.65228],[167.92875,-44.67185],[167.91275,-44.67112],[167.9285,-44.67642],[167.92384,-44.67856],[167.92863,-44.68281],[167.91342,-44.68587],[167.90781,-44.66555],[167.8958,-44.65904],[167.89704,-44.65051],[167.87624,-44.63701],[167.87226,-44.62542],[167.85153,-44.61271],[167.80618,-44.60313],[167.80292,-44.59119],[167.7872,-44.58655],[167.78952,-44.57993],[167.78023,-44.57573],[167.7825,-44.57209],[167.76698,-44.58077],[167.75002,-44.58098],[167.73814,-44.60338],[167.7077,-44.60632],[167.66117,-44.63742],[167.63334,-44.64206],[167.66648,-44.6763],[167.66316,-44.68481],[167.65272,-44.68593],[167.64112,-44.67214],[167.61335,-44.65995],[167.58722,-44.6686],[167.57297,-44.68507],[167.56529,-44.68503],[167.56408,-44.69273],[167.56919,-44.6954],[167.56061,-44.71786],[167.57907,-44.72584],[167.58538,-44.73788],[167.62035,-44.74819],[167.63336,-44.77273],[167.63186,-44.78266],[167.62113,-44.78367],[167.62469,-44.77952],[167.61124,-44.75505],[167.59332,-44.73907],[167.55438,-44.73861],[167.52677,-44.7314],[167.49388,-44.75287],[167.50624,-44.75923],[167.50734,-44.77109],[167.52933,-44.7941],[167.54799,-44.80218],[167.5228,-44.82892],[167.51425,-44.84635],[167.50032,-44.85279],[167.50744,-44.86289],[167.53463,-44.87829],[167.53123,-44.88164],[167.49562,-44.86571],[167.48917,-44.84672],[167.53849,-44.80114],[167.5115,-44.79472],[167.48899,-44.77745],[167.44213,-44.77597],[167.41699,-44.79643],[167.39714,-44.80104],[167.39212,-44.80722],[167.39702,-44.81402],[167.38048,-44.80966],[167.35528,-44.82471],[167.35655,-44.84777],[167.38585,-44.88489],[167.39341,-44.92083],[167.40733,-44.9314],[167.39765,-44.93236],[167.39054,-44.92565],[167.38296,-44.93458],[167.41017,-44.94878],[167.42007,-44.96234],[167.43389,-44.96887],[167.43351,-44.97882],[167.44216,-44.97626],[167.44233,-44.98367],[167.42634,-44.98312],[167.42267,-44.97347],[167.41228,-44.97275],[167.38158,-44.99786],[167.37794,-44.98704],[167.40388,-44.96958],[167.40298,-44.96259],[167.39333,-44.94993],[167.35751,-44.94699],[167.36757,-44.94329],[167.36652,-44.9298],[167.37583,-44.92278],[167.3764,-44.90985],[167.36343,-44.88699],[167.34662,-44.87529],[167.3396,-44.84448],[167.32682,-44.84454],[167.29973,-44.86419],[167.27126,-44.86979],[167.27125,-44.87781],[167.25929,-44.88525],[167.25734,-44.89265],[167.24421,-44.89717],[167.24884,-44.90218],[167.22878,-44.90976],[167.22126,-44.91855],[167.23827,-44.92031],[167.24205,-44.92805],[167.21164,-44.92684],[167.18959,-44.95013],[167.19726,-44.96249],[167.17633,-44.95786],[167.17016,-44.96841],[167.14608,-44.97549],[167.1242,-45.00461],[167.12502,-45.01176],[167.10802,-45.01413],[167.11139,-45.02037],[167.09215,-45.02598],[167.10506,-45.03317],[167.09242,-45.03667],[167.06126,-45.06064],[167.05923,-45.06783],[167.04324,-45.07771],[167.03997,-45.08918],[167.02698,-45.09407],[167.03202,-45.09798],[167.01083,-45.10747],[167.00227,-45.12555],[166.97416,-45.13845],[166.99395,-45.16603],[166.98324,-45.16722],[166.98665,-45.17324],[166.97836,-45.17688],[166.97834,-45.18967],[166.96725,-45.19255],[166.97025,-45.19786],[166.97598,-45.1948],[166.9719,-45.20301],[166.97601,-45.21863],[167.00598,-45.24828],[167.00276,-45.26543],[167.01133,-45.28007],[167.02681,-45.28595],[167.09719,-45.27458],[167.11059,-45.27679],[167.12124,-45.26859],[167.1186,-45.26064],[167.14609,-45.26568],[167.16286,-45.24913],[167.17149,-45.2497],[167.14353,-45.27785],[167.15576,-45.28875],[167.16166,-45.30754],[167.17185,-45.31391],[167.19608,-45.31562],[167.19145,-45.31992],[167.16772,-45.31841],[167.14813,-45.30439],[167.14391,-45.28797],[167.12389,-45.28257],[167.06961,-45.29351],[167.03431,-45.29318],[167.02796,-45.30237],[167.01681,-45.30356],[167.01633,-45.31357],[167.00743,-45.31448],[167.00817,-45.32124],[167.04184,-45.34564],[167.0702,-45.351],[167.08381,-45.35942],[167.10962,-45.38711],[167.12794,-45.41346],[167.12504,-45.41665],[167.13278,-45.41669],[167.12915,-45.43146],[167.1397,-45.44105],[167.12775,-45.45041],[167.12355,-45.44763],[167.12038,-45.45852],[167.08995,-45.47104],[167.0796,-45.48123],[167.07951,-45.49028],[167.05684,-45.50669],[167.05542,-45.5007],[167.07481,-45.48502],[167.07219,-45.4766],[167.11512,-45.4472],[167.11562,-45.43126],[167.10677,-45.41351],[167.06803,-45.36224],[167.03703,-45.35426],[167.02721,-45.36149],[167.02096,-45.38032],[167.03188,-45.40288],[167.01889,-45.41515],[166.98219,-45.40582],[166.91865,-45.42515],[166.91903,-45.41769],[166.94108,-45.4096],[166.96234,-45.40911],[166.97886,-45.39912],[167.01718,-45.40585],[167.02069,-45.40073],[167.01244,-45.38591],[167.01381,-45.37497],[166.99915,-45.37168],[167.01821,-45.36636],[167.02787,-45.35205],[166.96183,-45.32051],[166.91873,-45.34055],[166.89722,-45.34414],[166.89424,-45.33704],[166.91651,-45.33535],[166.95023,-45.31767],[166.86713,-45.29176],[166.8538,-45.27707],[166.84189,-45.27661],[166.83076,-45.30088],[166.80713,-45.31107],[166.77543,-45.3572],[166.76814,-45.35952],[166.77386,-45.36093],[166.77174,-45.37868],[166.74602,-45.41528],[166.73618,-45.41952],[166.73943,-45.42916],[166.73403,-45.4385],[166.7255,-45.4406],[166.73157,-45.4473],[166.723,-45.45596],[166.72189,-45.46877],[166.71101,-45.47087],[166.71088,-45.48572],[166.72978,-45.49601],[166.7277,-45.50301],[166.72842,-45.49662],[166.71774,-45.50478],[166.69333,-45.49968],[166.68307,-45.51429],[166.6694,-45.55772],[166.67227,-45.57562],[166.69422,-45.58374],[166.74191,-45.57922],[166.75114,-45.57109],[166.77096,-45.56801],[166.77074,-45.55902],[166.78694,-45.56215],[166.80482,-45.55433],[166.80715,-45.54737],[166.81344,-45.55431],[166.8708,-45.54316],[166.87408,-45.52932],[166.86362,-45.52],[166.88473,-45.52967],[166.89811,-45.52774],[166.92697,-45.52053],[166.93748,-45.51201],[166.96173,-45.50873],[166.97053,-45.50041],[166.99768,-45.49774],[167.0147,-45.48659],[167.00202,-45.49935],[166.94664,-45.52451],[166.90108,-45.53182],[166.88491,-45.53972],[166.8836,-45.5495],[166.89466,-45.55622],[166.96276,-45.5461],[166.98211,-45.55925],[166.99583,-45.55392],[166.98659,-45.56385],[166.95769,-45.552],[166.92419,-45.56382],[166.88385,-45.55727],[166.88322,-45.56384],[166.8789,-45.55487],[166.87019,-45.55235],[166.78632,-45.57709],[166.76809,-45.59393],[166.72906,-45.59588],[166.72306,-45.60235],[166.73071,-45.61492],[166.7344,-45.66088],[166.78836,-45.65291],[166.85659,-45.62946],[166.86793,-45.63474],[166.92642,-45.62698],[166.96967,-45.60438],[166.93797,-45.63065],[166.87093,-45.64503],[166.8555,-45.64245],[166.81637,-45.65688],[166.75135,-45.66791],[166.73761,-45.68046],[166.72913,-45.70417],[166.73232,-45.72611],[166.72843,-45.7274],[166.76218,-45.72362],[166.82281,-45.70436],[166.86419,-45.71717],[166.87775,-45.71498],[166.90011,-45.72496],[166.92845,-45.71923],[166.93499,-45.72361],[166.95284,-45.69549],[166.96279,-45.70046],[166.94771,-45.71981],[166.98074,-45.7176],[166.95122,-45.73322],[166.88328,-45.73797],[166.8377,-45.7636],[166.83879,-45.76907],[166.85776,-45.76782],[166.85631,-45.77457],[166.85139,-45.77037],[166.83437,-45.77434],[166.82619,-45.76973],[166.82582,-45.76148],[166.78038,-45.76183],[166.62166,-45.79115],[166.57086,-45.81644],[166.56617,-45.81591],[166.57326,-45.8082],[166.59629,-45.79532],[166.5785,-45.79822],[166.57067,-45.78872],[166.54608,-45.79381],[166.54297,-45.79882],[166.52838,-45.79309],[166.51855,-45.7942],[166.51639,-45.8007],[166.48536,-45.80352],[166.47309,-45.81666],[166.46023,-45.81819],[166.45487,-45.81325],[166.44854,-45.82],[166.45148,-45.82929],[166.4331,-45.84171],[166.42995,-45.85785],[166.43962,-45.86151],[166.43331,-45.87565],[166.44019,-45.88303],[166.42613,-45.90472],[166.4347,-45.91496],[166.44303,-45.9143],[166.45134,-45.94127],[166.44903,-45.97006],[166.45526,-45.97493],[166.44923,-45.98243],[166.45368,-45.99027],[166.44991,-45.99853],[166.47193,-46.01178],[166.46907,-45.99871],[166.4732,-45.99574],[166.49906,-46.00171],[166.51616,-45.99325],[166.52776,-45.99386],[166.53131,-45.98679],[166.55578,-45.97465],[166.56571,-45.97361],[166.56435,-45.97771],[166.59572,-45.97048],[166.6021,-45.96126],[166.61748,-45.95445],[166.64415,-45.91403],[166.66152,-45.90017],[166.66592,-45.90299],[166.67105,-45.88568],[166.68331,-45.87609],[166.6819,-45.86884],[166.70182,-45.8671],[166.70793,-45.85828],[166.70615,-45.86796],[166.71044,-45.86839],[166.69861,-45.86864],[166.68828,-45.87654],[166.68282,-45.90722],[166.6581,-45.92318],[166.64538,-45.94],[166.64733,-45.94896],[166.70539,-45.9571],[166.74203,-45.94384],[166.76696,-45.94457],[166.77044,-45.94961],[166.75411,-45.95382],[166.7714,-45.96801],[166.74877,-45.96333],[166.71845,-45.97008],[166.68373,-45.96951],[166.63959,-45.97798],[166.61891,-45.98753],[166.6085,-46.01043],[166.59898,-46.01594],[166.60523,-46.01841],[166.60035,-46.0306],[166.60896,-46.03502],[166.60418,-46.04082],[166.60895,-46.0529],[166.60224,-46.0549],[166.59088,-46.03389],[166.58544,-46.03558],[166.58402,-46.06246],[166.56454,-46.07185],[166.56888,-46.07333],[166.56993,-46.09037],[166.58887,-46.08926],[166.58698,-46.07893],[166.60477,-46.07426],[166.6137,-46.06029],[166.63231,-46.06522],[166.63417,-46.07133],[166.62901,-46.07281],[166.64148,-46.06929],[166.64514,-46.07491],[166.63837,-46.07611],[166.64512,-46.08329],[166.65897,-46.06884],[166.65751,-46.06402],[166.67364,-46.05179],[166.68767,-46.05938],[166.68728,-46.06443],[166.69254,-46.06023],[166.68457,-46.0517],[166.72438,-46.01807],[166.73537,-46.02206],[166.70578,-46.04201],[166.69701,-46.05521],[166.70816,-46.05783],[166.70541,-46.0749],[166.71502,-46.07624],[166.73902,-46.0384],[166.74843,-46.04098],[166.7384,-46.05919],[166.76507,-46.05142],[166.76285,-46.03675],[166.74755,-46.02137],[166.7352,-46.01943],[166.75425,-45.99588],[166.78641,-45.98672],[166.77473,-45.97787],[166.85034,-45.969],[166.86223,-45.95267],[166.8826,-45.94648],[166.91748,-45.92197],[166.91847,-45.93246],[166.89366,-45.94396],[166.87807,-45.95736],[166.87347,-45.96898],[166.85486,-45.98119],[166.82583,-45.99251],[166.7737,-46.0013],[166.76736,-46.00939],[166.76836,-46.01916],[166.78147,-46.04601],[166.77132,-46.04883],[166.77163,-46.0582],[166.737,-46.06401],[166.7327,-46.06866],[166.74056,-46.08554],[166.7334,-46.09068],[166.72475,-46.07146],[166.70811,-46.09168],[166.7162,-46.11123],[166.68607,-46.11379],[166.63564,-46.14041],[166.61882,-46.14339],[166.62243,-46.14671],[166.60855,-46.15774],[166.62804,-46.16077],[166.62934,-46.16919],[166.64016,-46.17226],[166.63913,-46.17741],[166.65044,-46.17414],[166.63884,-46.1788],[166.6475,-46.1879],[166.64433,-46.19446],[166.65778,-46.19698],[166.65573,-46.20177],[166.66139,-46.20452],[166.67758,-46.2006],[166.67356,-46.20757],[166.68635,-46.21169],[166.71878,-46.20563],[166.72957,-46.21309],[166.76515,-46.21446],[166.77709,-46.21922],[166.77522,-46.22826],[166.78027,-46.23077],[166.78575,-46.22227],[166.80949,-46.21293],[166.87321,-46.21005],[166.88116,-46.21822],[166.92554,-46.21666],[166.93273,-46.22436],[166.95473,-46.22351],[166.95658,-46.22949],[167.01859,-46.22722],[167.02681,-46.23382],[167.03434,-46.23196],[167.10567,-46.25366],[167.10616,-46.25794],[167.12974,-46.25015],[167.21686,-46.26256],[167.26983,-46.24519],[167.30395,-46.24783],[167.31756,-46.2547],[167.34159,-46.25051],[167.34825,-46.24082],[167.35992,-46.23759],[167.36377,-46.22739],[167.35228,-46.19508],[167.3922,-46.17834],[167.40293,-46.15212],[167.45164,-46.14854],[167.51905,-46.15667],[167.61136,-46.19132],[167.72226,-46.26619],[167.73261,-46.28328],[167.72989,-46.2988],[167.69792,-46.30765],[167.68652,-46.32192],[167.69837,-46.33238],[167.73051,-46.33459],[167.7258,-46.34348],[167.73934,-46.34317],[167.73124,-46.35455],[167.73579,-46.36482],[167.75744,-46.36848],[167.75844,-46.37565],[167.78301,-46.38886],[167.80285,-46.38517],[167.81463,-46.37132],[167.83108,-46.36809],[167.84847,-46.37178],[167.86263,-46.38696],[167.88377,-46.39155],[167.88732,-46.3816],[167.87762,-46.37235],[167.88038,-46.36766],[167.91422,-46.35703],[167.94732,-46.36108],[168.00187,-46.38197],[168.0372,-46.38419],[168.02082,-46.3663],[168.02213,-46.35988],[167.98116,-46.34624],[167.97657,-46.33711],[167.95925,-46.34021],[167.9468,-46.32378],[167.95004,-46.30782],[167.94931,-46.32355],[167.96172,-46.33282],[168.00117,-46.33831],[167.99692,-46.32735],[168.00875,-46.32596],[168.0154,-46.33331],[168.01839,-46.32831],[168.01246,-46.35504],[168.02217,-46.35719],[168.0458,-46.34366],[168.08476,-46.33868],[168.12543,-46.34719],[168.15672,-46.36137],[168.19719,-46.39138],[168.22533,-46.42942],[168.24616,-46.46984],[168.27454,-46.4982],[168.30435,-46.49469],[168.29331,-46.47022],[168.30254,-46.46868],[168.30309,-46.46401],[168.26704,-46.46041],[168.26372,-46.45393],[168.26835,-46.44166],[168.27299,-46.44177],[168.26525,-46.45443],[168.27105,-46.45979],[168.31832,-46.4558],[168.32726,-46.44935],[168.31169,-46.4295],[168.34013,-46.41795],[168.3469,-46.42587],[168.3398,-46.42806],[168.3449,-46.43485],[168.34219,-46.4283],[168.34938,-46.43196],[168.34904,-46.43947],[168.34555,-46.43553],[168.35483,-46.46299],[168.37053,-46.47857],[168.37494,-46.47522],[168.37681,-46.48513],[168.35771,-46.49041],[168.36138,-46.49632],[168.31642,-46.51059],[168.29447,-46.50819],[168.28615,-46.52395],[168.29556,-46.52595],[168.2895,-46.52862],[168.29744,-46.53322],[168.27779,-46.5401],[168.28603,-46.51168],[168.2709,-46.51095],[168.25928,-46.5171],[168.23443,-46.51374],[168.22503,-46.51686],[168.22409,-46.52324],[168.23672,-46.53881],[168.23069,-46.55241],[168.26685,-46.55646],[168.27615,-46.57019],[168.27511,-46.58455],[168.30061,-46.59522],[168.31048,-46.59403],[168.319,-46.61181],[168.31622,-46.61795],[168.32776,-46.62438],[168.35007,-46.62274],[168.36018,-46.61192],[168.34728,-46.59799],[168.33154,-46.59591],[168.33921,-46.59403],[168.33143,-46.5886],[168.32252,-46.58804],[168.33138,-46.59585],[168.30618,-46.5883],[168.30921,-46.57633],[168.29997,-46.56721],[168.30063,-46.54806],[168.32503,-46.54426],[168.33428,-46.55098],[168.35008,-46.53557],[168.36122,-46.54614],[168.37424,-46.54798],[168.3625,-46.55554],[168.37804,-46.5741],[168.37433,-46.56925],[168.41622,-46.55976],[168.45026,-46.56027],[168.51557,-46.5743],[168.52465,-46.57865],[168.51684,-46.58178],[168.52953,-46.59183],[168.52169,-46.59839],[168.45154,-46.58674],[168.454,-46.58133],[168.42972,-46.58531],[168.41367,-46.5791],[168.41757,-46.57114],[168.40605,-46.58145],[168.37672,-46.58293],[168.37357,-46.59146],[168.36068,-46.59811],[168.37012,-46.60223],[168.37452,-46.59612],[168.38973,-46.59494],[168.42959,-46.60597],[168.49343,-46.61021],[168.592,-46.58641],[168.56589,-46.59206],[168.56404,-46.58619],[168.58963,-46.58334],[168.58167,-46.58568],[168.5829,-46.57604],[168.56844,-46.56807],[168.57283,-46.57711],[168.56883,-46.57779],[168.5604,-46.57183],[168.5654,-46.56722],[168.54825,-46.55717],[168.55927,-46.55998],[168.60296,-46.5519],[168.66168,-46.5695],[168.7387,-46.57021],[168.79798,-46.5828],[168.80665,-46.58939],[168.80387,-46.59276],[168.8315,-46.60865],[168.82371,-46.62579],[168.82994,-46.64344],[168.84382,-46.64934],[168.84672,-46.66073],[168.89551,-46.65483],[168.93866,-46.65722],[168.96333,-46.66967],[168.97936,-46.67094],[168.98035,-46.66568],[168.98909,-46.66479],[169.00556,-46.67448],[169.0392,-46.66053],[169.05264,-46.66162],[169.05675,-46.67177],[169.10594,-46.66316],[169.10224,-46.65437],[169.11204,-46.64426],[169.14232,-46.64234],[169.12674,-46.63946],[169.13967,-46.63747],[169.13164,-46.63315],[169.14149,-46.63028],[169.12826,-46.61383],[169.12883,-46.60305],[169.14109,-46.60758],[169.1448,-46.6151],[169.15714,-46.61144],[169.15525,-46.62047],[169.17056,-46.62365],[169.15007,-46.63358],[169.15097,-46.64606],[169.13668,-46.64664],[169.16968,-46.65736],[169.17541,-46.65219],[169.19419,-46.65231],[169.20389,-46.66204],[169.20666,-46.65552],[169.22027,-46.65629],[169.22232,-46.64799],[169.23737,-46.6442],[169.23459,-46.64062],[169.23956,-46.63598],[169.25646,-46.63964],[169.25191,-46.63301],[169.26902,-46.62403],[169.30073,-46.62382],[169.31085,-46.63419],[169.32119,-46.62729],[169.33093,-46.63446],[169.33962,-46.63199],[169.35347,-46.63812],[169.36532,-46.6318],[169.35603,-46.61994],[169.37929,-46.60704],[169.39892,-46.61348],[169.42063,-46.6028],[169.4356,-46.60794],[169.43503,-46.61457],[169.44194,-46.60524],[169.4474,-46.60622],[169.4309,-46.60007],[169.43343,-46.59117],[169.45415,-46.57673],[169.46765,-46.58074],[169.47933,-46.5678],[169.47678,-46.56106],[169.50733,-46.55647],[169.53052,-46.55834],[169.54071,-46.56479],[169.56193,-46.56108],[169.57538,-46.5646],[169.57797,-46.57564],[169.58516,-46.57833],[169.58756,-46.56576],[169.61199,-46.55802],[169.61693,-46.54028],[169.65237,-46.53905],[169.66088,-46.53381],[169.66006,-46.52819],[169.6978,-46.52036],[169.69277,-46.50998],[169.70891,-46.50622],[169.70889,-46.49406],[169.72287,-46.49042],[169.70491,-46.47911],[169.70508,-46.47342],[169.69535,-46.48446],[169.68312,-46.48489],[169.67727,-46.47495],[169.66347,-46.47131],[169.62946,-46.49025],[169.61511,-46.47981],[169.6542,-46.46679],[169.68016,-46.47174],[169.68752,-46.479],[169.70715,-46.47245],[169.7174,-46.47382],[169.71944,-46.47924],[169.74775,-46.47628],[169.75342,-46.48321],[169.75057,-46.48027],[169.76,-46.47718],[169.75244,-46.47397],[169.75847,-46.46601],[169.77691,-46.46924],[169.7748,-46.46505],[169.78169,-46.46514],[169.78114,-46.45255],[169.79746,-46.4521],[169.80117,-46.4458],[169.81907,-46.44976],[169.79417,-46.43468],[169.79994,-46.41222],[169.78034,-46.39764],[169.78599,-46.38431],[169.7833,-46.37362],[169.79809,-46.3547],[169.84066,-46.32921],[169.89107,-46.3151],[169.9239,-46.29838],[169.93373,-46.28481],[169.97283,-46.27197],[170.00961,-46.23805],[170.07751,-46.20269],[170.12217,-46.18615],[170.1556,-46.15765],[170.17085,-46.1531],[170.18325,-46.13729],[170.18302,-46.11947],[170.1954,-46.10763],[170.20033,-46.09188],[170.19936,-46.05559],[170.19231,-46.05268],[170.21236,-46.05163],[170.24469,-46.00875],[170.29468,-45.96409],[170.34201,-45.94274],[170.40292,-45.93055],[170.43225,-45.93229],[170.43966,-45.92422],[170.48118,-45.91896],[170.49819,-45.91074],[170.53549,-45.91059],[170.54031,-45.90488],[170.56741,-45.90951],[170.60932,-45.89731],[170.6322,-45.90279],[170.63966,-45.89666],[170.65252,-45.90147],[170.65885,-45.89842],[170.66307,-45.90382],[170.68724,-45.892],[170.66956,-45.86883],[170.65795,-45.86489],[170.6606,-45.85101],[170.68675,-45.86213],[170.68747,-45.86942],[170.67388,-45.87207],[170.68046,-45.88132],[170.70819,-45.87513],[170.72953,-45.88196],[170.73346,-45.87605],[170.74098,-45.8782],[170.75069,-45.86783],[170.74147,-45.86149],[170.74919,-45.85583],[170.74276,-45.84929],[170.74853,-45.84587],[170.6909,-45.85457],[170.68022,-45.84621],[170.69553,-45.83805],[170.73233,-45.84505],[170.73378,-45.82308],[170.738,-45.81597],[170.74695,-45.81474],[170.74388,-45.81231],[170.7509,-45.80457],[170.74107,-45.79632],[170.74252,-45.78778],[170.7477,-45.78719],[170.72832,-45.7722],[170.72104,-45.79823],[170.68425,-45.80544],[170.6692,-45.81453],[170.67192,-45.83309],[170.65751,-45.83761],[170.64247,-45.82427],[170.64048,-45.82877],[170.6511,-45.83927],[170.61563,-45.84926],[170.6027,-45.84534],[170.59683,-45.86965],[170.57387,-45.87919],[170.52928,-45.88078],[170.51862,-45.89356],[170.50714,-45.88341],[170.52502,-45.87161],[170.56774,-45.86205],[170.59206,-45.83294],[170.60535,-45.8281],[170.60105,-45.82545],[170.60545,-45.82083],[170.61403,-45.81957],[170.61838,-45.82751],[170.62915,-45.81936],[170.62934,-45.81421],[170.62387,-45.81454],[170.62804,-45.80845],[170.62263,-45.80762],[170.62854,-45.79641],[170.64489,-45.79772],[170.65209,-45.79165],[170.65571,-45.79572],[170.66251,-45.78772],[170.69907,-45.78624],[170.70769,-45.781],[170.71784,-45.78665],[170.69216,-45.75541],[170.68823,-45.76133],[170.66129,-45.7602],[170.63854,-45.73849],[170.62698,-45.74171],[170.63338,-45.75182],[170.62607,-45.7632],[170.61781,-45.74952],[170.62967,-45.74866],[170.61799,-45.73425],[170.59816,-45.73297],[170.59416,-45.73481],[170.59713,-45.74155],[170.56951,-45.74571],[170.57125,-45.7219],[170.58956,-45.71255],[170.59663,-45.7308],[170.60211,-45.72811],[170.60089,-45.71077],[170.61005,-45.69649],[170.6528,-45.67101],[170.65434,-45.65076],[170.67427,-45.64024],[170.65942,-45.64165],[170.64597,-45.62174],[170.6578,-45.62828],[170.66293,-45.63994],[170.66402,-45.62392],[170.68237,-45.61226],[170.67086,-45.60767],[170.67406,-45.59835],[170.68306,-45.6021],[170.67609,-45.60538],[170.69362,-45.61895],[170.70722,-45.61143],[170.72524,-45.59595],[170.72679,-45.56929],[170.75446,-45.53378],[170.76613,-45.53182],[170.78305,-45.50928],[170.8185,-45.47841],[170.83132,-45.47343],[170.80956,-45.45675],[170.81856,-45.42372],[170.84631,-45.39514],[170.8633,-45.39078],[170.86825,-45.39676],[170.86892,-45.38994],[170.86306,-45.3575],[170.83586,-45.35932],[170.82805,-45.3504],[170.82415,-45.32706],[170.83611,-45.29674],[170.86073,-45.27001],[170.86424,-45.23838],[170.88868,-45.21603],[170.88657,-45.20467],[170.90128,-45.19447],[170.90774,-45.18325],[170.90451,-45.17402],[170.91912,-45.15719],[170.95591,-45.12972],[170.98258,-45.12143],[170.98072,-45.10567],[170.97982,-45.10973],[170.97222,-45.10543],[170.97804,-45.10603],[170.97256,-45.10205],[170.97974,-45.09219],[171.08076,-45.02156],[171.10955,-44.99263],[171.14122,-44.94696],[171.1602,-44.90368],[171.17347,-44.83974],[171.16994,-44.72856],[171.15918,-44.62783],[171.16871,-44.5793],[171.20361,-44.51247],[171.26155,-44.44335],[171.25637,-44.42687],[171.26696,-44.41273],[171.26069,-44.4045],[171.26834,-44.38626],[171.25634,-44.39417],[171.25337,-44.39178],[171.26177,-44.38625],[171.25001,-44.38753],[171.24512,-44.38116],[171.32813,-44.29973],[171.43897,-44.22335],[171.64013,-44.11993],[172.02965,-43.95769],[172.30792,-43.86914],[172.42194,-43.85078],[172.58701,-43.83332],[172.72924,-43.82705],[172.73233,-43.83557],[172.7405,-43.83199],[172.74497,-43.85378],[172.75637,-43.84769],[172.76453,-43.85703],[172.77019,-43.85234],[172.76785,-43.85981],[172.77166,-43.85997],[172.7854,-43.85047],[172.77866,-43.86286],[172.78209,-43.86811],[172.80316,-43.8623],[172.80047,-43.8719],[172.80658,-43.87366],[172.8223,-43.85918],[172.82416,-43.86909],[172.81234,-43.88002],[172.84024,-43.87547],[172.8266,-43.88846],[172.8477,-43.88965],[172.85712,-43.87649],[172.85778,-43.88835],[172.8639,-43.89204],[172.87105,-43.88582],[172.86832,-43.89448],[172.88327,-43.89803],[172.90815,-43.89015],[172.9304,-43.90167],[172.94927,-43.89541],[172.94232,-43.88246],[172.92703,-43.87781],[172.91244,-43.86262],[172.90918,-43.85674],[172.91569,-43.85065],[172.9032,-43.82267],[172.90441,-43.81493],[172.91979,-43.8082],[172.91681,-43.79605],[172.92516,-43.79607],[172.92426,-43.79013],[172.91671,-43.78792],[172.92173,-43.78447],[172.90734,-43.78016],[172.91623,-43.76749],[172.91034,-43.76222],[172.92231,-43.75925],[172.92781,-43.77663],[172.9263,-43.75202],[172.9327,-43.75048],[172.94345,-43.75553],[172.9426,-43.76361],[172.96288,-43.76479],[172.94868,-43.77447],[172.96568,-43.77921],[172.96618,-43.78417],[172.94247,-43.78766],[172.949,-43.80022],[172.96754,-43.79956],[172.96455,-43.80709],[172.94514,-43.81951],[172.94582,-43.83618],[172.93893,-43.85369],[172.94865,-43.86789],[172.96832,-43.87409],[172.96858,-43.88692],[172.97908,-43.89053],[172.98856,-43.8866],[172.99316,-43.87159],[172.99584,-43.88716],[173.015,-43.88183],[173.00422,-43.86838],[173.02177,-43.87587],[173.03736,-43.87274],[173.046,-43.85993],[173.04041,-43.85474],[173.05509,-43.85626],[173.05843,-43.85389],[173.05331,-43.84822],[173.06278,-43.85047],[173.05729,-43.83759],[173.0784,-43.85302],[173.08522,-43.8325],[173.1026,-43.8333],[173.09401,-43.82221],[173.10215,-43.82249],[173.10655,-43.81611],[173.09611,-43.80758],[173.11319,-43.79901],[173.10843,-43.77468],[173.12728,-43.77645],[173.12945,-43.74697],[173.12503,-43.73681],[173.10533,-43.73859],[173.09818,-43.74547],[173.09258,-43.73951],[173.09503,-43.73283],[173.11832,-43.72712],[173.11036,-43.71911],[173.0988,-43.71998],[173.10951,-43.71008],[173.10534,-43.70822],[173.10734,-43.7004],[173.10106,-43.70089],[173.10229,-43.69577],[173.08683,-43.68293],[173.07625,-43.69926],[173.05636,-43.69168],[173.06536,-43.6874],[173.06368,-43.67817],[173.0731,-43.67528],[173.05395,-43.67398],[173.04991,-43.66415],[173.03475,-43.66234],[173.04722,-43.65139],[173.02958,-43.6557],[173.02373,-43.65169],[173.00291,-43.67372],[172.99335,-43.67562],[173.00758,-43.65399],[172.99008,-43.65975],[172.99919,-43.64485],[172.97813,-43.63324],[172.96082,-43.64834],[172.9605,-43.63411],[172.94691,-43.63876],[172.94676,-43.63092],[172.94154,-43.6325],[172.93201,-43.6229],[172.92557,-43.63716],[172.91633,-43.64305],[172.91455,-43.6569],[172.89491,-43.68898],[172.89137,-43.67563],[172.88484,-43.67176],[172.89589,-43.66264],[172.89693,-43.6481],[172.91142,-43.62401],[172.9036,-43.63253],[172.90339,-43.61834],[172.89628,-43.61991],[172.89286,-43.61355],[172.88075,-43.6246],[172.87937,-43.61891],[172.87247,-43.62001],[172.87938,-43.60906],[172.86637,-43.61327],[172.86557,-43.6074],[172.86009,-43.6098],[172.86052,-43.60259],[172.84942,-43.60827],[172.84586,-43.62389],[172.83422,-43.63628],[172.83627,-43.65157],[172.82187,-43.66332],[172.8109,-43.65862],[172.82338,-43.6411],[172.83052,-43.60749],[172.8252,-43.60408],[172.81553,-43.61731],[172.80445,-43.61162],[172.78277,-43.62255],[172.77498,-43.6157],[172.75468,-43.62119],[172.75063,-43.62618],[172.7565,-43.62804],[172.75607,-43.63386],[172.74966,-43.63863],[172.74349,-43.62209],[172.73426,-43.62712],[172.71985,-43.62423],[172.72083,-43.63336],[172.71146,-43.63359],[172.71197,-43.64329],[172.69932,-43.65611],[172.68814,-43.65364],[172.68881,-43.63976],[172.68179,-43.63653],[172.67436,-43.66437],[172.67043,-43.66636],[172.66787,-43.66009],[172.66069,-43.66744],[172.66448,-43.66039],[172.66367,-43.65462],[172.65773,-43.66005],[172.65865,-43.64438],[172.6662,-43.64079],[172.66834,-43.63091],[172.64997,-43.64063],[172.64693,-43.63478],[172.65251,-43.63187],[172.654,-43.61991],[172.69079,-43.60563],[172.70685,-43.61144],[172.71627,-43.60388],[172.72394,-43.60721],[172.71778,-43.60939],[172.7336,-43.61048],[172.73543,-43.60386],[172.75136,-43.59749],[172.79137,-43.596],[172.8081,-43.58728],[172.79811,-43.58118],[172.77803,-43.58466],[172.77584,-43.569],[172.76932,-43.573],[172.75409,-43.56439],[172.74422,-43.56615],[172.73802,-43.555],[172.72804,-43.56047],[172.70277,-43.55454],[172.70559,-43.54851],[172.7152,-43.54785],[172.72568,-43.52913],[172.72136,-43.52558],[172.72717,-43.52523],[172.73408,-43.53728],[172.74171,-43.53966],[172.748,-43.55999],[172.75636,-43.56142],[172.72256,-43.48012],[172.71128,-43.39138],[172.70444,-43.39186],[172.71,-43.42367],[172.70607,-43.42868],[172.70096,-43.41786],[172.70528,-43.40541],[172.70197,-43.39079],[172.71122,-43.39039],[172.71248,-43.32226],[172.74813,-43.22627],[172.77733,-43.17758],[172.81691,-43.13326],[172.8447,-43.13177],[172.88797,-43.0981],[172.91273,-43.09713],[172.9592,-43.08389],[173.04392,-43.04666],[173.08057,-43.05072],[173.1397,-42.98956],[173.16772,-42.97782],[173.19628,-42.97443],[173.23954,-42.95428],[173.30366,-42.89132],[173.31868,-42.88437],[173.30829,-42.86717],[173.31318,-42.85214],[173.36843,-42.79882],[173.37595,-42.77293],[173.39099,-42.75454],[173.47849,-42.5918],[173.49566,-42.56994],[173.5172,-42.55568],[173.50169,-42.54826],[173.50229,-42.52638],[173.50907,-42.50572],[173.53032,-42.48414],[173.52843,-42.47922],[173.53868,-42.46663],[173.58324,-42.44773],[173.59447,-42.42845],[173.642,-42.4147],[173.67165,-42.41295],[173.68165,-42.42636],[173.69153,-42.42573],[173.69158,-42.43463],[173.71619,-42.4244],[173.70274,-42.413],[173.6914,-42.41417],[173.68157,-42.39802],[173.68356,-42.37504],[173.69516,-42.35395],[173.74861,-42.32112],[173.75245,-42.3104],[173.74751,-42.30027],[173.76159,-42.28463],[173.80774,-42.26531],[173.80954,-42.25553],[173.8306,-42.24809],[173.85738,-42.22482],[173.85767,-42.21922],[173.87353,-42.21444],[173.88454,-42.19472],[173.93976,-42.16225],[173.92501,-42.1381],[173.92494,-42.12394],[173.93708,-42.08457],[173.95421,-42.05899],[174.01195,-42.00451],[174.02139,-41.98848],[174.08258,-41.94479],[174.10676,-41.91298],[174.16122,-41.87165],[174.16142,-41.86263],[174.19655,-41.83636],[174.19359,-41.82739],[174.21283,-41.81343],[174.218,-41.79212],[174.27556,-41.74171],[174.27597,-41.72587],[174.26392,-41.7343],[174.22316,-41.72324],[174.21227,-41.7279],[174.18214,-41.71131],[174.16501,-41.68398],[174.15653,-41.65722],[174.16627,-41.6051],[174.14942,-41.57935],[174.15042,-41.55943],[174.0621,-41.50105],[174.05908,-41.50646],[174.06472,-41.51257],[174.11413,-41.53394],[174.1262,-41.54733],[174.11151,-41.55681],[174.08912,-41.55953],[174.08055,-41.55113],[174.08971,-41.54511],[174.07954,-41.53702],[174.07552,-41.54902],[174.07991,-41.54939],[174.07346,-41.54864],[174.07621,-41.55483],[174.05756,-41.55125],[174.06586,-41.54735],[174.05617,-41.54186],[174.05992,-41.53672],[174.05401,-41.53758],[174.06922,-41.53283],[174.07205,-41.52396],[174.0578,-41.50804],[174.04828,-41.50805],[174.06159,-41.50081],[174.03782,-41.48342],[174.02906,-41.45347],[174.04857,-41.39213],[174.0569,-41.38602],[174.06735,-41.3875],[174.07718,-41.36417],[174.07134,-41.35509],[174.09009,-41.35944],[174.086,-41.35518],[174.093,-41.34365],[174.10502,-41.33912],[174.09812,-41.33242],[174.10853,-41.33309],[174.1094,-41.3185],[174.11627,-41.31803],[174.1136,-41.31463],[174.12259,-41.30604],[174.11407,-41.3059],[174.11362,-41.29855],[174.13153,-41.29552],[174.13319,-41.28528],[174.14982,-41.28427],[174.14674,-41.30183],[174.13859,-41.30469],[174.13939,-41.31444],[174.1508,-41.3106],[174.1548,-41.2994],[174.16268,-41.29931],[174.15954,-41.28762],[174.16758,-41.29228],[174.18221,-41.28617],[174.19013,-41.29321],[174.17541,-41.29556],[174.17761,-41.30373],[174.1676,-41.30744],[174.17452,-41.31507],[174.1587,-41.31829],[174.15932,-41.32711],[174.1389,-41.3258],[174.14242,-41.32919],[174.13797,-41.33202],[174.14732,-41.33376],[174.14044,-41.34118],[174.13109,-41.33923],[174.13322,-41.34486],[174.12538,-41.34362],[174.12339,-41.35155],[174.13522,-41.34716],[174.15515,-41.34988],[174.15292,-41.33946],[174.15919,-41.34217],[174.16764,-41.33559],[174.19162,-41.33686],[174.19783,-41.33032],[174.19037,-41.31656],[174.20119,-41.31014],[174.20899,-41.31292],[174.21331,-41.32538],[174.22477,-41.31478],[174.23851,-41.3196],[174.24198,-41.30988],[174.2231,-41.29166],[174.25013,-41.28125],[174.25666,-41.28634],[174.25616,-41.26826],[174.26747,-41.27326],[174.28271,-41.2685],[174.27478,-41.25556],[174.29275,-41.24903],[174.28683,-41.24034],[174.28939,-41.23179],[174.31557,-41.21277],[174.27167,-41.23402],[174.27671,-41.2443],[174.26592,-41.24029],[174.25482,-41.24365],[174.26621,-41.25221],[174.25356,-41.26049],[174.25531,-41.24995],[174.24634,-41.24438],[174.2426,-41.25116],[174.2316,-41.24552],[174.22545,-41.25172],[174.21792,-41.24465],[174.2197,-41.25221],[174.21117,-41.25642],[174.20852,-41.24661],[174.20129,-41.24372],[174.18577,-41.25016],[174.18777,-41.26069],[174.21095,-41.26607],[174.21302,-41.27068],[174.20389,-41.27157],[174.20281,-41.27746],[174.1994,-41.26936],[174.17979,-41.26542],[174.17682,-41.25041],[174.16868,-41.25158],[174.15732,-41.26437],[174.15316,-41.25557],[174.15848,-41.25119],[174.15046,-41.24811],[174.13939,-41.26029],[174.13446,-41.25848],[174.14633,-41.2317],[174.13172,-41.24127],[174.11361,-41.23682],[174.11241,-41.24922],[174.10675,-41.23985],[174.07911,-41.24921],[174.07439,-41.25417],[174.08816,-41.26879],[174.07611,-41.26992],[174.06521,-41.25167],[174.03945,-41.26881],[174.03912,-41.26006],[174.04898,-41.25047],[174.03683,-41.25428],[174.01892,-41.27133],[174.01057,-41.29022],[174.00424,-41.28342],[174.00929,-41.27183],[173.99647,-41.28187],[173.99425,-41.2787],[174.01114,-41.25834],[173.97588,-41.26887],[173.96527,-41.26488],[173.96689,-41.27386],[173.94582,-41.26764],[173.92011,-41.27456],[173.91637,-41.28032],[173.90401,-41.28006],[173.91356,-41.26429],[173.92577,-41.26423],[173.94003,-41.25406],[173.97167,-41.2539],[173.9723,-41.24072],[173.96198,-41.22625],[173.96605,-41.22273],[173.97043,-41.23146],[173.97018,-41.22329],[173.97449,-41.22987],[173.98034,-41.22817],[173.97504,-41.23412],[173.9833,-41.2358],[173.9828,-41.25084],[173.98789,-41.2421],[173.99783,-41.24399],[173.9977,-41.22669],[173.99193,-41.22077],[173.99913,-41.21699],[174.00262,-41.22378],[174.00909,-41.22385],[174.0051,-41.22616],[174.00819,-41.23888],[174.01618,-41.2269],[174.01535,-41.23342],[174.02132,-41.22987],[174.01752,-41.23743],[174.02474,-41.2408],[174.03225,-41.23904],[174.03056,-41.22735],[174.02082,-41.22397],[174.03098,-41.20962],[174.04092,-41.22171],[174.03959,-41.23076],[174.04735,-41.22265],[174.04276,-41.21731],[174.04552,-41.21112],[174.04996,-41.20923],[174.05508,-41.21639],[174.06121,-41.20513],[174.07012,-41.20554],[174.0744,-41.21035],[174.06363,-41.22286],[174.07735,-41.22225],[174.07677,-41.22948],[174.08873,-41.22511],[174.08492,-41.21215],[174.09343,-41.21057],[174.09327,-41.20152],[174.10526,-41.20919],[174.10458,-41.22138],[174.11976,-41.21998],[174.12319,-41.21563],[174.11233,-41.20546],[174.12523,-41.19226],[174.12631,-41.20484],[174.1369,-41.20305],[174.13549,-41.21014],[174.1454,-41.20803],[174.14352,-41.21589],[174.15647,-41.21346],[174.14843,-41.20678],[174.15541,-41.19793],[174.14943,-41.18131],[174.15592,-41.18014],[174.15268,-41.17324],[174.16059,-41.17357],[174.16419,-41.18366],[174.1805,-41.17972],[174.17932,-41.19124],[174.16962,-41.20211],[174.18714,-41.19393],[174.19213,-41.18231],[174.20275,-41.18317],[174.19741,-41.17735],[174.20052,-41.1727],[174.18416,-41.17471],[174.18568,-41.16445],[174.2007,-41.1541],[174.17997,-41.15778],[174.16962,-41.14901],[174.15922,-41.14961],[174.16632,-41.14351],[174.16618,-41.13557],[174.1472,-41.12785],[174.14527,-41.10836],[174.16394,-41.11636],[174.1805,-41.08706],[174.18809,-41.09517],[174.18247,-41.12349],[174.1965,-41.12319],[174.18726,-41.13964],[174.21055,-41.13303],[174.22027,-41.14176],[174.2216,-41.13187],[174.20996,-41.12732],[174.20797,-41.11884],[174.22498,-41.11153],[174.2273,-41.11924],[174.2411,-41.12586],[174.24714,-41.12214],[174.24926,-41.10582],[174.23677,-41.10309],[174.23358,-41.09264],[174.25043,-41.08825],[174.2504,-41.0769],[174.26181,-41.07776],[174.26398,-41.06791],[174.27161,-41.06911],[174.27675,-41.05426],[174.27265,-41.0445],[174.29829,-41.03509],[174.30455,-41.01994],[174.31207,-41.01672],[174.31464,-40.99402],[174.30452,-41.00226],[174.30238,-41.01525],[174.2968,-41.01441],[174.28905,-41.03441],[174.27158,-41.02894],[174.26043,-41.04388],[174.24129,-41.04065],[174.23957,-41.04903],[174.22464,-41.05441],[174.22636,-41.068],[174.21823,-41.07135],[174.18221,-41.05894],[174.1671,-41.04303],[174.17514,-41.04165],[174.18348,-41.02904],[174.18983,-41.04247],[174.19915,-41.03987],[174.19511,-41.01201],[174.21698,-41.00913],[174.23017,-40.98506],[174.20945,-41.00327],[174.19625,-41.00215],[174.1823,-41.01127],[174.17271,-41.00796],[174.17584,-40.99889],[174.17059,-40.98063],[174.16394,-40.96978],[174.15595,-40.96864],[174.14796,-40.97874],[174.16279,-40.98299],[174.155,-40.99813],[174.14217,-40.99794],[174.14772,-41.01073],[174.14132,-41.01985],[174.13129,-41.01875],[174.10854,-40.99373],[174.09704,-40.99495],[174.10771,-41.05266],[174.079,-41.01628],[174.0652,-41.01401],[174.07137,-41.00817],[174.06672,-40.99614],[174.05704,-41.00605],[174.04861,-41.00227],[174.05292,-41.00818],[174.04653,-41.0178],[174.03276,-41.00897],[174.02381,-41.01606],[174.01717,-41.00797],[174.00863,-41.01013],[174.0152,-40.99256],[174.01259,-40.98519],[174.02269,-40.97597],[174.01405,-40.96475],[174.01076,-40.97005],[173.99235,-40.97093],[173.9914,-40.98394],[174.00262,-40.98513],[173.99504,-40.99526],[173.98358,-40.99621],[173.96951,-40.98404],[173.96497,-40.9917],[173.9681,-41.00269],[173.97493,-41.00155],[173.98848,-41.01568],[173.95586,-41.02169],[173.94999,-41.0126],[173.9348,-41.0199],[173.95214,-41.02648],[173.95281,-41.03272],[173.93631,-41.03379],[173.93412,-41.03927],[173.95085,-41.0368],[173.95952,-41.04489],[173.9838,-41.03149],[173.99126,-41.03774],[173.97478,-41.05623],[173.99635,-41.0409],[174.00905,-41.01743],[174.03822,-41.01896],[174.0342,-41.02663],[174.04936,-41.02097],[174.05306,-41.03267],[174.0462,-41.04495],[174.04836,-41.05383],[174.03085,-41.06135],[174.0258,-41.05613],[174.02073,-41.06247],[174.00953,-41.05907],[174.01925,-41.06627],[174.01471,-41.07537],[174.02385,-41.07108],[174.0322,-41.09567],[174.04813,-41.10467],[174.03812,-41.11422],[174.01052,-41.09488],[174.00367,-41.10024],[173.98653,-41.09966],[173.97986,-41.1058],[173.98672,-41.10104],[173.99489,-41.10461],[173.9901,-41.11491],[173.99336,-41.11817],[173.98574,-41.12237],[173.99417,-41.13561],[173.97357,-41.12783],[173.9734,-41.13561],[173.96545,-41.13572],[173.96943,-41.14786],[173.96539,-41.15038],[173.95757,-41.14605],[173.9527,-41.13104],[173.95749,-41.12552],[173.95021,-41.11461],[173.96441,-41.10225],[173.97073,-41.08725],[173.97755,-41.08547],[173.97646,-41.07883],[173.96458,-41.08475],[173.95559,-41.07984],[173.94355,-41.08949],[173.93315,-41.08383],[173.92685,-41.09688],[173.93425,-41.10221],[173.9293,-41.10541],[173.93092,-41.11334],[173.90872,-41.10928],[173.90138,-41.12103],[173.9226,-41.12464],[173.86778,-41.14158],[173.87829,-41.14823],[173.90131,-41.14956],[173.88308,-41.15561],[173.86761,-41.15373],[173.87747,-41.16711],[173.89804,-41.16846],[173.88091,-41.17818],[173.88711,-41.19145],[173.87838,-41.19542],[173.87225,-41.20951],[173.89863,-41.19631],[173.92925,-41.19713],[173.93323,-41.18901],[173.94747,-41.18622],[173.96692,-41.17212],[173.97274,-41.17759],[173.96769,-41.18009],[173.97499,-41.18335],[173.96559,-41.18912],[173.97688,-41.19381],[173.98243,-41.18582],[173.99834,-41.19529],[174.00277,-41.19221],[173.99464,-41.18988],[173.99821,-41.18593],[173.98599,-41.18173],[174.01062,-41.17866],[174.00224,-41.16995],[174.02644,-41.16858],[174.04639,-41.15777],[174.05044,-41.16447],[174.04006,-41.17448],[174.05246,-41.17887],[174.08345,-41.17792],[174.08761,-41.17113],[174.09417,-41.17462],[174.1185,-41.16694],[174.12172,-41.17156],[174.09742,-41.18638],[174.07465,-41.18881],[174.07392,-41.19526],[174.06499,-41.19007],[174.05153,-41.19026],[174.04905,-41.19538],[174.04285,-41.18984],[174.03318,-41.19107],[174.02884,-41.1953],[174.03418,-41.19568],[174.0324,-41.20184],[174.01375,-41.19817],[174.01294,-41.20327],[173.9984,-41.20902],[173.97141,-41.20892],[173.96974,-41.21753],[173.95813,-41.2127],[173.96061,-41.20866],[173.95326,-41.21021],[173.95425,-41.2156],[173.93673,-41.21904],[173.94692,-41.211],[173.94669,-41.20032],[173.9262,-41.21033],[173.898,-41.21061],[173.89272,-41.21824],[173.86203,-41.21929],[173.85971,-41.22677],[173.88124,-41.22935],[173.89261,-41.22342],[173.92711,-41.22451],[173.89855,-41.234],[173.86845,-41.25657],[173.86378,-41.25356],[173.85091,-41.26149],[173.84352,-41.25511],[173.81038,-41.26475],[173.81137,-41.27716],[173.82696,-41.28572],[173.85476,-41.27824],[173.84675,-41.28987],[173.83458,-41.29288],[173.80678,-41.2872],[173.78233,-41.26356],[173.77245,-41.26622],[173.7829,-41.27232],[173.77402,-41.28674],[173.76781,-41.28438],[173.77022,-41.27401],[173.73408,-41.26621],[173.73979,-41.26144],[173.76228,-41.26147],[173.77251,-41.2532],[173.80144,-41.25653],[173.80004,-41.24262],[173.7867,-41.23494],[173.822,-41.25021],[173.85054,-41.23995],[173.84767,-41.22239],[173.84018,-41.2181],[173.85081,-41.21583],[173.84965,-41.20782],[173.85972,-41.20381],[173.86487,-41.17605],[173.85645,-41.16828],[173.8289,-41.17282],[173.84891,-41.16153],[173.84903,-41.15275],[173.79668,-41.16358],[173.78496,-41.17651],[173.77403,-41.17048],[173.78145,-41.16206],[173.77813,-41.15541],[173.78805,-41.15903],[173.77765,-41.15278],[173.78418,-41.14601],[173.79409,-41.15501],[173.80358,-41.14873],[173.81787,-41.15294],[173.81788,-41.14113],[173.82476,-41.13952],[173.82781,-41.14769],[173.83751,-41.14455],[173.83135,-41.13555],[173.85268,-41.13344],[173.85623,-41.12266],[173.84417,-41.11371],[173.86118,-41.11002],[173.87442,-41.11536],[173.87742,-41.12325],[173.88341,-41.12118],[173.88855,-41.10038],[173.85772,-41.09784],[173.86355,-41.08977],[173.86918,-41.09069],[173.86906,-41.07895],[173.88042,-41.08601],[173.87755,-41.07842],[173.88523,-41.07443],[173.90641,-41.09118],[173.90193,-41.08399],[173.91124,-41.07837],[173.90526,-41.07001],[173.91548,-41.0698],[173.92061,-41.06302],[173.93159,-41.06734],[173.95076,-41.06177],[173.94087,-41.06486],[173.91258,-41.05499],[173.89301,-41.05462],[173.88263,-41.0618],[173.867,-41.05332],[173.858,-41.06343],[173.84746,-41.05443],[173.83193,-41.0526],[173.81767,-41.06243],[173.82415,-41.07097],[173.81428,-41.07041],[173.80838,-41.09238],[173.79288,-41.09281],[173.7947,-41.08322],[173.77945,-41.09893],[173.79068,-41.10155],[173.786,-41.11128],[173.7813,-41.11441],[173.77975,-41.10636],[173.77226,-41.10535],[173.75984,-41.1186],[173.76065,-41.1141],[173.75398,-41.11301],[173.761,-41.11058],[173.76136,-41.10283],[173.77201,-41.10042],[173.77289,-41.094],[173.75049,-41.10143],[173.76668,-41.0857],[173.77996,-41.0851],[173.7815,-41.0735],[173.77463,-41.07075],[173.78674,-41.05701],[173.76793,-41.05281],[173.78198,-41.04882],[173.77657,-41.04538],[173.78372,-41.0404],[173.79483,-41.04473],[173.79799,-41.03505],[173.81078,-41.03229],[173.80741,-41.02675],[173.79224,-41.03144],[173.79019,-41.02737],[173.79856,-41.02266],[173.7705,-41.02375],[173.78669,-41.01421],[173.78394,-41.00652],[173.80359,-41.01377],[173.81538,-40.99269],[173.8223,-40.99426],[173.82774,-40.98848],[173.82883,-40.9931],[173.83593,-40.9925],[173.81335,-41.01797],[173.81855,-41.02005],[173.83241,-41.01571],[173.86278,-41.02101],[173.8717,-41.01669],[173.8765,-41.00231],[173.8899,-41.00801],[173.89825,-40.99763],[173.91885,-40.99602],[173.92963,-40.98306],[173.91859,-40.97882],[173.90264,-40.98823],[173.89852,-40.97728],[173.90869,-40.97092],[173.90653,-40.96535],[173.92122,-40.96664],[173.92609,-40.9613],[173.94592,-40.96361],[173.94689,-40.9727],[173.9556,-40.96667],[173.95728,-40.95272],[173.94903,-40.94686],[173.95049,-40.94162],[173.96599,-40.93649],[173.97003,-40.9472],[173.97541,-40.93776],[173.97394,-40.92403],[173.96195,-40.92897],[173.9568,-40.92288],[173.97103,-40.91273],[173.97864,-40.91406],[173.98207,-40.90756],[173.98844,-40.90921],[173.98804,-40.92514],[173.99237,-40.92354],[174.0001,-40.93298],[173.99731,-40.94721],[173.99983,-40.94129],[174.01376,-40.93709],[174.01192,-40.92895],[174.01835,-40.92502],[174.01347,-40.91841],[174.02309,-40.91063],[173.99519,-40.91099],[173.97952,-40.90492],[173.97468,-40.90092],[173.97919,-40.88836],[173.93122,-40.92555],[173.92263,-40.92189],[173.90742,-40.92667],[173.91689,-40.94329],[173.90471,-40.949],[173.89827,-40.95982],[173.88432,-40.95607],[173.8852,-40.96333],[173.87437,-40.96571],[173.87654,-40.97149],[173.86834,-40.9759],[173.87007,-40.98177],[173.85189,-40.9901],[173.83185,-40.98119],[173.84106,-40.97087],[173.83379,-40.96058],[173.84474,-40.95721],[173.84385,-40.94322],[173.85557,-40.92923],[173.83506,-40.92427],[173.83918,-40.93581],[173.82999,-40.94608],[173.80605,-40.95346],[173.81168,-40.96094],[173.80543,-40.97168],[173.79382,-40.9626],[173.78561,-40.96816],[173.79772,-40.98432],[173.78765,-40.98248],[173.77735,-40.99024],[173.76695,-40.97351],[173.75454,-40.98524],[173.75857,-40.99053],[173.75167,-40.99172],[173.74781,-41.00526],[173.73454,-40.99817],[173.73401,-41.00918],[173.72625,-41.01309],[173.71858,-41.01222],[173.71879,-41.00463],[173.70934,-41.00826],[173.67231,-41.03565],[173.68983,-41.05627],[173.7153,-41.04688],[173.71907,-41.03762],[173.72739,-41.04785],[173.74455,-41.03309],[173.75308,-41.03531],[173.74086,-41.04811],[173.76143,-41.04303],[173.76173,-41.04706],[173.75242,-41.05474],[173.72355,-41.05872],[173.7229,-41.06765],[173.66567,-41.07703],[173.66081,-41.08889],[173.66709,-41.09604],[173.67349,-41.09462],[173.67441,-41.10237],[173.65842,-41.11136],[173.65165,-41.10892],[173.65781,-41.09809]],[[170.35388,-43.09307],[170.36711,-43.08496],[170.38538,-43.08809],[170.38851,-43.10996],[170.36973,-43.10708],[170.38062,-43.09278],[170.36586,-43.10638],[170.32699,-43.10859],[170.32431,-43.10145],[170.35388,-43.09307]]],[[[177.8683,-39.30392],[177.87094,-39.27634],[177.86251,-39.29591],[177.86371,-39.30406],[177.8683,-39.30392]]],[[[176.96675,-37.84634],[176.96071,-37.85627],[176.97349,-37.86082],[176.9871,-37.85735],[176.96675,-37.84634]]],[[[176.0851,-37.63456],[176.0684,-37.63736],[176.06206,-37.64522],[176.06583,-37.64808],[176.0851,-37.63456]]],[[[176.42,-37.60519],[176.41229,-37.60371],[176.41726,-37.61659],[176.40749,-37.62571],[176.40677,-37.64712],[176.42415,-37.64127],[176.43809,-37.62084],[176.42,-37.60519]]],[[[176.09203,-37.60719],[176.10654,-37.62179],[176.10213,-37.62854],[176.10677,-37.63919],[176.12671,-37.63648],[176.12254,-37.62688],[176.09203,-37.60719]]],[[[177.18333,-37.51108],[177.16711,-37.5173],[177.17926,-37.52936],[177.19484,-37.52682],[177.19432,-37.5159],[177.18333,-37.51108]]],[[[176.12245,-37.61515],[176.12792,-37.62812],[176.13335,-37.62665],[176.15046,-37.64428],[176.15937,-37.63717],[176.14724,-37.62139],[176.09498,-37.58053],[176.01,-37.48236],[175.98542,-37.47267],[175.98487,-37.499],[176.02307,-37.54013],[176.05403,-37.56582],[176.06917,-37.57045],[176.07288,-37.58102],[176.06589,-37.58349],[176.05706,-37.57268],[176.0301,-37.57072],[176.02834,-37.58692],[176.03395,-37.60072],[176.06442,-37.60737],[176.0736,-37.62206],[176.0848,-37.62497],[176.09567,-37.62178],[176.07689,-37.60237],[176.08517,-37.60081],[176.08132,-37.59371],[176.10304,-37.60306],[176.1054,-37.6113],[176.12245,-37.61515]]],[[[176.26198,-37.26777],[176.23838,-37.27261],[176.23139,-37.28408],[176.23573,-37.29183],[176.23154,-37.29716],[176.24872,-37.30161],[176.25778,-37.31059],[176.25779,-37.30528],[176.27007,-37.30446],[176.26922,-37.29608],[176.27602,-37.29033],[176.27133,-37.28595],[176.28048,-37.2736],[176.26198,-37.26777]]],[[[175.9444,-37.03699],[175.93457,-37.04977],[175.93921,-37.06135],[175.95595,-37.04693],[175.94675,-37.04458],[175.9444,-37.03699]]],[[[175.19315,-36.8342],[175.19434,-36.83995],[175.18725,-36.83742],[175.18841,-36.83039],[175.18166,-36.83741],[175.17306,-36.8361],[175.1766,-36.86139],[175.16537,-36.85714],[175.16271,-36.86216],[175.1528,-36.86206],[175.16572,-36.87066],[175.17593,-36.8949],[175.19463,-36.90169],[175.20107,-36.89748],[175.19951,-36.88804],[175.20666,-36.8788],[175.19662,-36.86838],[175.19471,-36.85573],[175.20117,-36.84057],[175.21159,-36.84083],[175.21376,-36.83497],[175.19315,-36.8342]]],[[[174.93859,-36.80364],[174.9364,-36.79949],[174.933,-36.80378],[174.94206,-36.80905],[174.94119,-36.82239],[174.9595,-36.81133],[174.93859,-36.80364]]],[[[175.45265,-36.76855],[175.44855,-36.77834],[175.44013,-36.77703],[175.4415,-36.78916],[175.43182,-36.78915],[175.42878,-36.79492],[175.44961,-36.79105],[175.45066,-36.78648],[175.45726,-36.78909],[175.45367,-36.78379],[175.45774,-36.77203],[175.45265,-36.76855]]],[[[175.16694,-36.80625],[175.15894,-36.80066],[175.1538,-36.78455],[175.17986,-36.77327],[175.19337,-36.77911],[175.20335,-36.76592],[175.19621,-36.75281],[175.17015,-36.74942],[175.17525,-36.73837],[175.15107,-36.75043],[175.1468,-36.76475],[175.1286,-36.76881],[175.11943,-36.76179],[175.10625,-36.76447],[175.10677,-36.78178],[175.0984,-36.78619],[175.06666,-36.78544],[175.05995,-36.76548],[175.04558,-36.77959],[175.03644,-36.77434],[175.01731,-36.78453],[175.00904,-36.77903],[175.0146,-36.76887],[175.01044,-36.77256],[174.9939,-36.76867],[174.99769,-36.77441],[174.98811,-36.77127],[174.9852,-36.77759],[174.99241,-36.78245],[174.98162,-36.78344],[174.99046,-36.79321],[174.98977,-36.81267],[175.00548,-36.80342],[175.00938,-36.78958],[175.02751,-36.79758],[175.018,-36.80952],[175.02154,-36.81319],[175.03213,-36.80087],[175.03833,-36.80449],[175.03917,-36.79916],[175.0336,-36.79759],[175.03791,-36.79305],[175.03889,-36.79697],[175.04764,-36.79093],[175.04004,-36.7959],[175.04101,-36.8052],[175.05251,-36.79612],[175.05449,-36.80193],[175.07143,-36.80191],[175.04785,-36.8059],[175.03241,-36.81798],[175.05384,-36.81789],[175.05698,-36.82217],[175.06792,-36.81804],[175.07115,-36.82692],[175.06009,-36.82959],[175.07127,-36.83667],[175.08202,-36.83381],[175.09713,-36.84135],[175.09525,-36.83186],[175.10534,-36.82149],[175.10273,-36.8148],[175.1088,-36.81534],[175.11321,-36.84737],[175.1272,-36.84783],[175.1224,-36.83811],[175.12988,-36.82242],[175.14021,-36.82371],[175.13011,-36.83658],[175.13931,-36.83648],[175.13805,-36.84829],[175.15262,-36.84222],[175.14645,-36.83353],[175.16341,-36.82958],[175.16694,-36.80625]]],[[[174.91588,-36.7307],[174.91372,-36.74876],[174.89388,-36.75929],[174.89682,-36.77533],[174.86748,-36.76266],[174.83761,-36.76873],[174.82792,-36.79032],[174.83844,-36.7979],[174.83886,-36.80447],[174.85611,-36.80914],[174.8897,-36.80135],[174.89622,-36.79282],[174.89108,-36.78393],[174.89683,-36.77535],[174.91119,-36.79594],[174.91381,-36.78879],[174.92845,-36.78394],[174.9295,-36.76726],[174.93732,-36.76757],[174.93577,-36.75382],[174.92908,-36.7475],[174.93418,-36.74236],[174.91588,-36.7307]]],[[[174.95409,-36.71304],[174.94433,-36.7098],[174.94523,-36.71602],[174.9401,-36.71805],[174.94366,-36.72862],[174.95215,-36.72765],[174.95409,-36.71304]]],[[[175.9384,-36.6172],[175.92291,-36.61744],[175.92671,-36.63002],[175.94893,-36.62781],[175.94113,-36.6251],[175.9384,-36.6172]]],[[[175.78861,-36.57954],[175.75074,-36.58745],[175.75179,-36.59504],[175.76108,-36.59805],[175.75937,-36.60291],[175.7735,-36.6035],[175.76759,-36.59686],[175.77272,-36.59164],[175.77331,-36.59886],[175.78678,-36.60943],[175.7871,-36.62715],[175.77477,-36.63334],[175.77589,-36.63751],[175.79179,-36.63683],[175.7954,-36.64183],[175.80972,-36.6363],[175.82343,-36.64213],[175.83419,-36.63704],[175.83658,-36.63252],[175.82708,-36.61737],[175.79026,-36.60543],[175.79491,-36.59723],[175.78284,-36.59331],[175.78861,-36.57954]]],[[[174.89565,-36.6003],[174.87961,-36.59263],[174.89031,-36.60867],[174.89966,-36.60938],[174.89565,-36.6003]]],[[[175.77153,-36.42904],[175.7599,-36.43811],[175.78726,-36.4418],[175.77153,-36.42904]]],[[[174.84098,-36.39302],[174.82446,-36.40739],[174.84072,-36.40288],[174.83182,-36.41174],[174.81825,-36.41379],[174.81882,-36.41806],[174.84232,-36.4227],[174.85527,-36.41716],[174.8496,-36.42151],[174.85467,-36.42637],[174.83699,-36.42968],[174.83469,-36.42554],[174.83328,-36.43036],[174.82182,-36.42567],[174.81563,-36.43147],[174.84086,-36.44034],[174.83132,-36.44444],[174.83642,-36.45018],[174.85561,-36.44688],[174.85822,-36.44011],[174.87663,-36.44993],[174.87708,-36.41595],[174.84098,-36.39302]]],[[[175.33899,-36.16373],[175.33278,-36.1715],[175.32594,-36.16667],[175.32123,-36.17192],[175.32001,-36.1678],[175.316,-36.17164],[175.30288,-36.167],[175.31244,-36.18126],[175.33099,-36.1901],[175.33688,-36.18559],[175.33279,-36.18017],[175.34258,-36.17795],[175.33899,-36.16373]]],[[[175.0909,-36.16562],[175.07739,-36.17911],[175.05098,-36.18446],[175.04995,-36.22063],[175.07881,-36.23044],[175.10582,-36.2281],[175.1089,-36.19016],[175.1141,-36.18222],[175.10735,-36.17142],[175.09868,-36.17249],[175.0909,-36.16562]]],[[[175.49647,-36.11564],[175.48562,-36.1282],[175.491,-36.13823],[175.51366,-36.12346],[175.49647,-36.11564]]],[[[175.41696,-36.14226],[175.41134,-36.14706],[175.40807,-36.14254],[175.41575,-36.13303],[175.42985,-36.14295],[175.42357,-36.11827],[175.42838,-36.11156],[175.44035,-36.11168],[175.43128,-36.10953],[175.43064,-36.10449],[175.42451,-36.10682],[175.42236,-36.08593],[175.40635,-36.09138],[175.40759,-36.08256],[175.40213,-36.07965],[175.41012,-36.07143],[175.40353,-36.07008],[175.41197,-36.05818],[175.39184,-36.05012],[175.38804,-36.05505],[175.36924,-36.05606],[175.3672,-36.06622],[175.35136,-36.07037],[175.34276,-36.06689],[175.33936,-36.07416],[175.3479,-36.07725],[175.3388,-36.09519],[175.35452,-36.11284],[175.37651,-36.11658],[175.35963,-36.12225],[175.36625,-36.12843],[175.34966,-36.13078],[175.34425,-36.12505],[175.33055,-36.13481],[175.31346,-36.12427],[175.31484,-36.13636],[175.30991,-36.13987],[175.31663,-36.1478],[175.31901,-36.14028],[175.32619,-36.13827],[175.3381,-36.14737],[175.35362,-36.14956],[175.33918,-36.15862],[175.35143,-36.16877],[175.36212,-36.16159],[175.36293,-36.1724],[175.351,-36.17642],[175.36985,-36.18314],[175.34651,-36.18602],[175.35148,-36.19239],[175.34707,-36.19655],[175.35562,-36.19595],[175.35187,-36.20019],[175.36006,-36.20873],[175.34556,-36.20181],[175.33876,-36.20436],[175.34929,-36.21648],[175.33614,-36.21433],[175.32524,-36.18859],[175.31774,-36.19891],[175.30785,-36.18599],[175.31185,-36.20026],[175.30638,-36.20245],[175.31374,-36.2075],[175.3087,-36.21242],[175.3143,-36.22556],[175.32538,-36.22655],[175.31999,-36.22241],[175.32304,-36.21954],[175.35024,-36.22854],[175.36293,-36.246],[175.3704,-36.25008],[175.37477,-36.24671],[175.37766,-36.25392],[175.38634,-36.25617],[175.39367,-36.25255],[175.38866,-36.24252],[175.39674,-36.23561],[175.40407,-36.25663],[175.39766,-36.26059],[175.40053,-36.26826],[175.40874,-36.26383],[175.41848,-36.26888],[175.42163,-36.26156],[175.43767,-36.25859],[175.44283,-36.26993],[175.43397,-36.27165],[175.4302,-36.28203],[175.43489,-36.28666],[175.4333,-36.30932],[175.4534,-36.30548],[175.45519,-36.31082],[175.45062,-36.31139],[175.45501,-36.31372],[175.4683,-36.30898],[175.47015,-36.30097],[175.48683,-36.30109],[175.4883,-36.31102],[175.49503,-36.31314],[175.49094,-36.31578],[175.49352,-36.32308],[175.47963,-36.31906],[175.4743,-36.33192],[175.52971,-36.34745],[175.53695,-36.33791],[175.53864,-36.31896],[175.55047,-36.31468],[175.54315,-36.29503],[175.50854,-36.26403],[175.50423,-36.26925],[175.49351,-36.26591],[175.48933,-36.26016],[175.49339,-36.25715],[175.47769,-36.24538],[175.47739,-36.2276],[175.48876,-36.21672],[175.47959,-36.20998],[175.48015,-36.20052],[175.48182,-36.20653],[175.48668,-36.18669],[175.49573,-36.18774],[175.49468,-36.1797],[175.50539,-36.174],[175.49621,-36.16737],[175.48253,-36.16914],[175.47605,-36.15785],[175.47153,-36.16256],[175.44706,-36.15334],[175.43617,-36.1411],[175.42475,-36.14802],[175.41696,-36.14226]]],[[[174.70214,-35.95508],[174.69659,-35.95211],[174.69667,-35.95943],[174.70665,-35.96985],[174.74114,-35.97162],[174.74673,-35.96719],[174.72858,-35.95789],[174.70214,-35.95508]]],[[[174.78018,-35.88407],[174.76285,-35.89045],[174.7677,-35.89423],[174.78291,-35.88783],[174.78018,-35.88407]]],[[[174.72383,-35.88481],[174.71751,-35.88438],[174.71614,-35.8896],[174.73756,-35.89805],[174.73966,-35.8896],[174.72383,-35.88481]]],[[[174.73854,-35.44738],[174.73624,-35.44397],[174.73089,-35.44819],[174.73624,-35.47039],[174.74505,-35.46073],[174.73854,-35.44738]]],[[[174.15733,-35.22931],[174.15784,-35.2348],[174.17686,-35.23629],[174.15733,-35.22931]]],[[[174.19146,-35.21551],[174.18157,-35.22332],[174.19512,-35.23232],[174.20242,-35.22554],[174.19146,-35.21551]]],[[[174.07803,-35.2059],[174.07389,-35.20947],[174.08247,-35.21331],[174.10634,-35.21048],[174.09775,-35.20542],[174.07803,-35.2059]]],[[[174.23235,-35.20481],[174.21688,-35.213],[174.22771,-35.21198],[174.22716,-35.22322],[174.23245,-35.22121],[174.23305,-35.228],[174.23709,-35.21824],[174.24386,-35.21882],[174.23235,-35.20481]]],[[[173.95486,-34.98615],[173.93894,-34.98738],[173.93221,-34.99768],[173.93033,-35.00547],[173.94215,-35.01111],[173.94267,-35.01666],[173.94905,-35.01661],[173.94481,-35.00822],[173.95486,-34.98615]]],[[[173.01433,-34.39285],[172.98565,-34.40531],[172.99284,-34.41037],[172.99122,-34.41802],[172.96429,-34.42646],[172.9346,-34.42762],[172.92791,-34.41997],[172.85445,-34.41479],[172.86031,-34.42105],[172.85151,-34.43394],[172.82558,-34.44874],[172.79952,-34.45374],[172.78536,-34.45447],[172.74195,-34.4369],[172.7135,-34.43576],[172.70583,-34.42725],[172.69368,-34.42876],[172.6796,-34.42025],[172.67458,-34.4264],[172.67839,-34.44512],[172.67277,-34.46006],[172.64283,-34.47649],[172.66046,-34.47734],[172.68135,-34.49115],[172.68339,-34.48734],[172.69026,-34.49057],[172.70217,-34.50408],[172.69794,-34.50999],[172.70341,-34.50985],[172.70388,-34.52355],[172.73795,-34.53348],[172.84988,-34.62833],[172.88671,-34.6683],[172.89345,-34.68456],[172.94133,-34.73138],[173.08319,-34.89498],[173.13586,-34.96883],[173.16108,-35.01909],[173.17322,-35.05919],[173.17627,-35.09263],[173.16921,-35.13568],[173.15386,-35.16141],[173.13462,-35.17727],[173.12121,-35.17922],[173.11179,-35.17158],[173.09924,-35.17356],[173.07046,-35.16424],[173.05625,-35.18116],[173.05594,-35.19391],[173.09526,-35.22117],[173.11443,-35.24838],[173.16297,-35.29252],[173.17831,-35.28839],[173.17968,-35.2799],[173.1934,-35.27855],[173.19352,-35.26695],[173.2049,-35.25644],[173.20999,-35.26063],[173.19929,-35.26858],[173.20486,-35.27502],[173.20268,-35.28124],[173.18258,-35.28695],[173.18796,-35.29473],[173.20079,-35.29612],[173.1906,-35.30236],[173.18324,-35.29177],[173.16913,-35.30118],[173.1586,-35.29444],[173.15638,-35.30061],[173.16217,-35.31475],[173.18783,-35.33363],[173.18883,-35.3441],[173.19859,-35.34773],[173.1985,-35.35443],[173.21034,-35.36324],[173.21419,-35.37828],[173.22254,-35.37589],[173.22481,-35.36243],[173.23296,-35.35508],[173.22773,-35.33975],[173.21965,-35.33467],[173.24391,-35.33306],[173.2479,-35.32829],[173.22309,-35.31716],[173.24341,-35.32152],[173.25568,-35.31061],[173.25876,-35.29607],[173.26859,-35.30111],[173.27458,-35.2791],[173.28143,-35.27683],[173.27312,-35.28987],[173.28207,-35.29255],[173.27087,-35.29877],[173.27184,-35.31069],[173.26,-35.30466],[173.25878,-35.31349],[173.25277,-35.31551],[173.2492,-35.32645],[173.25304,-35.33441],[173.23169,-35.33893],[173.23673,-35.34769],[173.25353,-35.34192],[173.26181,-35.33203],[173.27303,-35.33207],[173.26647,-35.33384],[173.27318,-35.33291],[173.2753,-35.33808],[173.25437,-35.35027],[173.24921,-35.3458],[173.24407,-35.35531],[173.23056,-35.35826],[173.22747,-35.37832],[173.21937,-35.38226],[173.25354,-35.40682],[173.35661,-35.52282],[173.3685,-35.52269],[173.37381,-35.51506],[173.36977,-35.49617],[173.38676,-35.48644],[173.37391,-35.47362],[173.38091,-35.4632],[173.37826,-35.4547],[173.38773,-35.44829],[173.38721,-35.44178],[173.37585,-35.44229],[173.3893,-35.43525],[173.36791,-35.42758],[173.36046,-35.4332],[173.36701,-35.42617],[173.35968,-35.41962],[173.40829,-35.43021],[173.39876,-35.41457],[173.38278,-35.40831],[173.38371,-35.39677],[173.37751,-35.39579],[173.38171,-35.3893],[173.3914,-35.39017],[173.38752,-35.40273],[173.3991,-35.41029],[173.41034,-35.3956],[173.4208,-35.39388],[173.41803,-35.3896],[173.4053,-35.39349],[173.40955,-35.39107],[173.40707,-35.38323],[173.42495,-35.39072],[173.42304,-35.40775],[173.42677,-35.40055],[173.43693,-35.39769],[173.43628,-35.38992],[173.44379,-35.39379],[173.43925,-35.40404],[173.46302,-35.3992],[173.46429,-35.39314],[173.4811,-35.40011],[173.48046,-35.38325],[173.46665,-35.3813],[173.46874,-35.37351],[173.451,-35.37712],[173.45289,-35.36837],[173.43364,-35.36417],[173.4319,-35.35795],[173.4531,-35.36097],[173.44899,-35.36542],[173.45837,-35.37367],[173.46489,-35.37238],[173.46981,-35.36195],[173.47594,-35.36293],[173.46952,-35.36942],[173.47605,-35.37579],[173.48457,-35.36917],[173.48588,-35.38593],[173.49291,-35.37644],[173.50887,-35.37223],[173.52787,-35.38671],[173.5397,-35.37486],[173.54734,-35.35935],[173.54469,-35.33464],[173.52396,-35.31402],[173.52833,-35.31141],[173.5243,-35.30289],[173.53064,-35.30258],[173.52093,-35.27519],[173.52513,-35.26728],[173.53296,-35.26605],[173.53054,-35.25795],[173.53531,-35.2666],[173.5429,-35.2614],[173.5313,-35.24922],[173.53502,-35.24345],[173.53326,-35.25194],[173.54989,-35.25419],[173.54966,-35.26002],[173.52615,-35.27459],[173.53389,-35.29265],[173.54196,-35.29444],[173.53344,-35.31051],[173.53941,-35.31321],[173.53687,-35.32036],[173.54323,-35.3286],[173.55311,-35.32955],[173.54917,-35.33839],[173.56437,-35.34104],[173.56331,-35.33146],[173.57204,-35.32832],[173.55751,-35.31303],[173.56355,-35.30054],[173.56489,-35.3147],[173.57988,-35.31943],[173.57557,-35.32311],[173.5816,-35.32615],[173.56963,-35.33724],[173.57539,-35.34201],[173.59385,-35.3401],[173.58865,-35.34547],[173.59734,-35.33839],[173.58912,-35.33011],[173.60575,-35.32273],[173.60398,-35.31746],[173.61258,-35.31087],[173.61017,-35.30494],[173.63072,-35.31358],[173.64171,-35.30584],[173.63613,-35.31372],[173.6219,-35.3124],[173.62189,-35.31743],[173.62805,-35.31779],[173.61449,-35.31757],[173.6264,-35.32052],[173.61066,-35.33067],[173.61346,-35.34403],[173.58466,-35.36012],[173.59341,-35.37212],[173.58922,-35.36929],[173.58679,-35.3742],[173.57286,-35.35439],[173.56168,-35.35477],[173.55616,-35.35909],[173.55947,-35.37513],[173.55182,-35.38241],[173.55539,-35.38485],[173.53957,-35.37853],[173.52476,-35.4055],[173.52336,-35.42055],[173.53155,-35.41834],[173.53658,-35.42507],[173.54531,-35.40951],[173.55298,-35.40829],[173.55497,-35.41769],[173.56898,-35.41126],[173.58344,-35.42059],[173.59177,-35.44072],[173.6193,-35.43697],[173.59132,-35.4409],[173.58034,-35.42052],[173.56946,-35.41335],[173.55424,-35.41981],[173.54762,-35.41041],[173.54608,-35.42379],[173.5401,-35.42868],[173.5452,-35.43284],[173.53702,-35.42943],[173.52876,-35.43872],[173.53511,-35.42737],[173.51765,-35.4226],[173.51987,-35.40879],[173.50659,-35.40086],[173.50529,-35.39147],[173.50018,-35.40102],[173.50297,-35.41289],[173.49627,-35.42166],[173.5072,-35.44299],[173.52012,-35.44447],[173.52507,-35.45053],[173.51874,-35.44519],[173.50802,-35.44799],[173.50739,-35.45298],[173.50348,-35.44557],[173.49592,-35.45593],[173.504,-35.44201],[173.49685,-35.44005],[173.4986,-35.42919],[173.4812,-35.40749],[173.47616,-35.40977],[173.46859,-35.40355],[173.46244,-35.40756],[173.47241,-35.42894],[173.46797,-35.4223],[173.46118,-35.42421],[173.45856,-35.41266],[173.43762,-35.41418],[173.44537,-35.4252],[173.44223,-35.43087],[173.45407,-35.44114],[173.46989,-35.44184],[173.45805,-35.44408],[173.44814,-35.43748],[173.46477,-35.45412],[173.45553,-35.45854],[173.45083,-35.44901],[173.44378,-35.44948],[173.44551,-35.44249],[173.43952,-35.44178],[173.44413,-35.43411],[173.43283,-35.43574],[173.4356,-35.42266],[173.42327,-35.41972],[173.42637,-35.44487],[173.41393,-35.45333],[173.42003,-35.46916],[173.40165,-35.47243],[173.41677,-35.48721],[173.4282,-35.48598],[173.41569,-35.48906],[173.41058,-35.47967],[173.40135,-35.50149],[173.39029,-35.50557],[173.38623,-35.53531],[173.36702,-35.53368],[173.36512,-35.5473],[173.37347,-35.55119],[173.37533,-35.56228],[173.41087,-35.59144],[173.42745,-35.58224],[173.41436,-35.59397],[173.44072,-35.62839],[173.4399,-35.63872],[173.48538,-35.67454],[173.54695,-35.74186],[173.55622,-35.7613],[173.58566,-35.7782],[173.63478,-35.83124],[173.96672,-36.20916],[173.9898,-36.24267],[174.01371,-36.29485],[174.03532,-36.35855],[174.02937,-36.36263],[174.03093,-36.37891],[174.03937,-36.39235],[174.1106,-36.39535],[174.14221,-36.38994],[174.18141,-36.36453],[174.177,-36.35007],[174.1805,-36.33775],[174.17646,-36.33809],[174.17754,-36.34577],[174.17366,-36.33641],[174.1809,-36.33593],[174.1691,-36.3149],[174.15495,-36.31314],[174.1615,-36.31169],[174.15841,-36.3009],[174.14715,-36.29992],[174.1342,-36.30713],[174.12163,-36.30136],[174.14199,-36.29744],[174.13656,-36.29258],[174.1571,-36.29138],[174.15533,-36.27605],[174.13611,-36.26819],[174.13272,-36.26059],[174.12499,-36.26743],[174.12202,-36.25838],[174.10924,-36.25729],[174.10525,-36.27065],[174.10158,-36.26551],[174.09659,-36.26855],[174.10856,-36.25213],[174.09671,-36.2466],[174.09551,-36.23644],[174.07883,-36.23629],[174.07601,-36.23232],[174.08612,-36.22715],[174.07832,-36.21605],[174.06788,-36.21547],[174.07405,-36.20543],[174.05989,-36.19479],[174.03901,-36.1903],[174.02078,-36.16226],[173.98487,-36.13219],[173.98558,-36.12551],[174.00327,-36.12706],[174.02129,-36.1372],[174.04578,-36.17011],[174.09472,-36.15942],[174.12074,-36.16752],[174.12877,-36.17361],[174.13372,-36.18954],[174.14827,-36.20167],[174.14794,-36.2077],[174.15655,-36.20701],[174.1538,-36.21433],[174.16849,-36.2149],[174.1839,-36.23599],[174.19827,-36.23236],[174.19894,-36.23938],[174.2069,-36.24279],[174.20383,-36.2475],[174.22739,-36.26346],[174.25005,-36.25901],[174.24678,-36.24836],[174.2686,-36.24219],[174.26549,-36.23968],[174.27344,-36.23395],[174.29331,-36.23826],[174.28375,-36.21965],[174.28758,-36.21549],[174.26646,-36.2193],[174.2659,-36.21083],[174.2588,-36.2102],[174.26275,-36.19364],[174.25503,-36.19628],[174.24908,-36.21246],[174.24335,-36.20719],[174.24515,-36.19635],[174.23224,-36.20301],[174.23196,-36.21473],[174.22565,-36.20547],[174.21774,-36.20829],[174.21986,-36.19744],[174.2363,-36.19194],[174.23972,-36.1854],[174.22206,-36.19172],[174.21446,-36.18292],[174.20465,-36.19727],[174.2024,-36.18937],[174.19483,-36.19611],[174.20504,-36.17644],[174.23586,-36.18245],[174.21872,-36.17608],[174.22595,-36.17085],[174.22133,-36.16609],[174.21256,-36.16502],[174.21323,-36.17075],[174.20791,-36.17061],[174.20997,-36.15915],[174.18733,-36.175],[174.19245,-36.15959],[174.18087,-36.16578],[174.16807,-36.15846],[174.18277,-36.16011],[174.18282,-36.15463],[174.19897,-36.15083],[174.19723,-36.14518],[174.17193,-36.14825],[174.1616,-36.14082],[174.18994,-36.14171],[174.18535,-36.13752],[174.19395,-36.13628],[174.19448,-36.12689],[174.18566,-36.12285],[174.20079,-36.12452],[174.20597,-36.13714],[174.21456,-36.1298],[174.21764,-36.11499],[174.22489,-36.11692],[174.23342,-36.10585],[174.23474,-36.11554],[174.21795,-36.12066],[174.22347,-36.13393],[174.21692,-36.14886],[174.22638,-36.15958],[174.22889,-36.13447],[174.2394,-36.12201],[174.25138,-36.12149],[174.25614,-36.11156],[174.25839,-36.12243],[174.27004,-36.11697],[174.25764,-36.12336],[174.25488,-36.1175],[174.25677,-36.12702],[174.23894,-36.13812],[174.24608,-36.14018],[174.23486,-36.14688],[174.2358,-36.17128],[174.25419,-36.18359],[174.24362,-36.16572],[174.25669,-36.17733],[174.25981,-36.17],[174.27205,-36.1705],[174.2643,-36.17423],[174.26903,-36.17724],[174.2966,-36.16333],[174.28545,-36.1722],[174.28596,-36.17914],[174.31289,-36.17231],[174.31063,-36.1796],[174.29765,-36.17808],[174.30128,-36.18344],[174.27785,-36.18035],[174.26604,-36.18542],[174.28872,-36.19716],[174.28637,-36.20152],[174.29697,-36.2119],[174.31332,-36.20281],[174.30677,-36.20362],[174.31207,-36.19502],[174.32969,-36.19261],[174.31442,-36.20082],[174.31644,-36.21259],[174.30948,-36.2159],[174.31446,-36.22591],[174.33436,-36.21065],[174.35893,-36.20487],[174.36487,-36.19496],[174.35477,-36.19338],[174.36498,-36.18817],[174.3672,-36.18131],[174.36128,-36.17667],[174.36842,-36.17733],[174.36726,-36.16046],[174.37714,-36.16401],[174.38512,-36.15545],[174.37957,-36.14919],[174.38474,-36.14641],[174.38227,-36.13854],[174.37196,-36.1365],[174.37545,-36.13112],[174.36527,-36.12847],[174.36239,-36.11598],[174.36764,-36.12014],[174.37124,-36.11175],[174.36758,-36.12382],[174.37364,-36.12165],[174.38014,-36.13458],[174.39537,-36.13691],[174.38552,-36.13858],[174.38858,-36.14468],[174.4043,-36.14634],[174.41598,-36.13664],[174.42418,-36.13796],[174.4178,-36.13889],[174.4226,-36.14388],[174.41919,-36.14887],[174.43171,-36.15746],[174.41794,-36.15213],[174.41697,-36.14469],[174.41603,-36.14912],[174.38894,-36.14764],[174.39147,-36.15569],[174.40105,-36.1574],[174.37214,-36.16906],[174.3748,-36.1777],[174.39059,-36.16947],[174.40448,-36.16988],[174.39054,-36.17485],[174.39717,-36.17944],[174.39344,-36.18641],[174.38946,-36.17805],[174.37331,-36.18116],[174.38251,-36.18327],[174.38421,-36.19098],[174.37281,-36.18389],[174.37643,-36.19289],[174.36928,-36.20056],[174.37943,-36.20209],[174.38147,-36.20957],[174.37654,-36.20669],[174.37494,-36.21192],[174.37426,-36.20467],[174.3684,-36.20394],[174.36274,-36.2101],[174.36632,-36.21576],[174.35324,-36.21172],[174.34033,-36.21923],[174.35606,-36.22664],[174.33938,-36.22585],[174.34514,-36.23532],[174.33389,-36.23242],[174.33712,-36.22545],[174.32239,-36.23405],[174.32347,-36.24907],[174.33453,-36.24495],[174.3307,-36.25112],[174.33461,-36.25814],[174.34877,-36.25468],[174.35316,-36.26809],[174.36693,-36.27199],[174.35901,-36.27605],[174.36114,-36.28089],[174.3538,-36.27515],[174.3417,-36.28249],[174.34888,-36.26716],[174.33646,-36.26426],[174.3349,-36.27247],[174.33243,-36.26305],[174.31819,-36.27259],[174.31473,-36.26787],[174.32179,-36.25759],[174.31563,-36.25942],[174.30705,-36.24369],[174.27278,-36.25928],[174.26895,-36.27162],[174.27519,-36.28562],[174.28251,-36.28808],[174.28454,-36.29562],[174.28663,-36.28615],[174.30234,-36.29015],[174.31259,-36.31358],[174.31958,-36.31337],[174.32423,-36.30513],[174.34053,-36.31682],[174.34618,-36.31269],[174.34382,-36.30425],[174.34695,-36.31036],[174.35607,-36.30869],[174.35468,-36.29429],[174.37363,-36.27565],[174.3846,-36.27595],[174.38192,-36.28482],[174.3977,-36.28808],[174.41389,-36.2716],[174.42581,-36.2712],[174.42956,-36.26217],[174.42418,-36.25294],[174.43289,-36.26277],[174.45497,-36.24881],[174.45931,-36.25811],[174.46743,-36.25867],[174.47237,-36.24332],[174.4676,-36.23247],[174.46185,-36.23242],[174.46708,-36.22869],[174.47572,-36.23244],[174.4716,-36.21622],[174.46574,-36.21795],[174.47063,-36.21218],[174.47472,-36.21253],[174.47434,-36.2286],[174.48175,-36.22828],[174.47443,-36.23616],[174.47795,-36.23819],[174.4727,-36.2387],[174.4774,-36.24271],[174.47306,-36.2593],[174.48247,-36.25781],[174.48733,-36.24561],[174.49811,-36.24011],[174.49123,-36.25265],[174.509,-36.25267],[174.48824,-36.25407],[174.48486,-36.26395],[174.48085,-36.26173],[174.48206,-36.26886],[174.49489,-36.27272],[174.48352,-36.27111],[174.47723,-36.27774],[174.48263,-36.27286],[174.47919,-36.26362],[174.47066,-36.2601],[174.46177,-36.26487],[174.45504,-36.25558],[174.45316,-36.26237],[174.44449,-36.26425],[174.44637,-36.2692],[174.4398,-36.26866],[174.43994,-36.27511],[174.43174,-36.27591],[174.43001,-36.27065],[174.4245,-36.27628],[174.43189,-36.29317],[174.44536,-36.28406],[174.43343,-36.29469],[174.43331,-36.30229],[174.42397,-36.28534],[174.4201,-36.29706],[174.41399,-36.28004],[174.40706,-36.29507],[174.39412,-36.30178],[174.39369,-36.31992],[174.39101,-36.31215],[174.3795,-36.31209],[174.38448,-36.32563],[174.36639,-36.31084],[174.36955,-36.32393],[174.35857,-36.31907],[174.36025,-36.3239],[174.34281,-36.3225],[174.34489,-36.3308],[174.33247,-36.3311],[174.33929,-36.32413],[174.32974,-36.3213],[174.32051,-36.3313],[174.32387,-36.31938],[174.31007,-36.32777],[174.29862,-36.30895],[174.2776,-36.30609],[174.26626,-36.31129],[174.25766,-36.32545],[174.25866,-36.36269],[174.25357,-36.37412],[174.27457,-36.39125],[174.28203,-36.39247],[174.28002,-36.38651],[174.30884,-36.38991],[174.30053,-36.3894],[174.30922,-36.38518],[174.30057,-36.3782],[174.30845,-36.3659],[174.30388,-36.35387],[174.31216,-36.36478],[174.31035,-36.3771],[174.3329,-36.38739],[174.35364,-36.41001],[174.36396,-36.4095],[174.36802,-36.39952],[174.38232,-36.40594],[174.38507,-36.39493],[174.37832,-36.38902],[174.36835,-36.39534],[174.37433,-36.38714],[174.36969,-36.38059],[174.38819,-36.38578],[174.38965,-36.38025],[174.40215,-36.38171],[174.41517,-36.37472],[174.3996,-36.36949],[174.40217,-36.35924],[174.39315,-36.35915],[174.397,-36.34943],[174.38661,-36.35207],[174.39208,-36.34742],[174.38745,-36.34673],[174.39545,-36.34487],[174.38533,-36.34381],[174.39524,-36.34374],[174.38759,-36.33523],[174.39242,-36.34046],[174.40548,-36.3371],[174.40778,-36.35043],[174.41699,-36.3427],[174.41747,-36.34873],[174.42954,-36.34489],[174.43974,-36.33018],[174.42473,-36.34881],[174.43081,-36.35305],[174.42063,-36.34999],[174.41553,-36.3548],[174.42422,-36.36233],[174.41905,-36.36377],[174.4214,-36.37158],[174.42841,-36.37183],[174.40288,-36.38671],[174.40425,-36.39266],[174.41173,-36.38826],[174.40663,-36.39283],[174.39997,-36.38872],[174.39265,-36.39195],[174.41359,-36.40276],[174.42385,-36.39659],[174.41285,-36.41068],[174.42097,-36.41898],[174.42699,-36.41679],[174.42887,-36.42793],[174.44144,-36.42361],[174.41609,-36.44083],[174.40684,-36.47751],[174.41402,-36.49219],[174.42474,-36.49429],[174.42434,-36.50392],[174.43132,-36.51101],[174.42405,-36.52809],[174.43213,-36.5284],[174.42219,-36.52874],[174.42294,-36.53563],[174.43183,-36.53881],[174.44011,-36.55293],[174.4475,-36.55365],[174.44429,-36.55961],[174.4244,-36.5593],[174.41822,-36.56963],[174.43212,-36.57785],[174.41393,-36.57702],[174.40907,-36.58408],[174.43741,-36.58761],[174.43549,-36.59407],[174.44452,-36.59469],[174.436,-36.62199],[174.42837,-36.62319],[174.43608,-36.62669],[174.43528,-36.63644],[174.44887,-36.65565],[174.44125,-36.6599],[174.44988,-36.66545],[174.44111,-36.66911],[174.44942,-36.66876],[174.44978,-36.67721],[174.44281,-36.67411],[174.44106,-36.67918],[174.44949,-36.68444],[174.43849,-36.67656],[174.44355,-36.67353],[174.44844,-36.67794],[174.44881,-36.66972],[174.4401,-36.66894],[174.44793,-36.66227],[174.43853,-36.65982],[174.44674,-36.65591],[174.41931,-36.61972],[174.40465,-36.62469],[174.42564,-36.63877],[174.4177,-36.65077],[174.41593,-36.64521],[174.41166,-36.65067],[174.41609,-36.64059],[174.4062,-36.64432],[174.40731,-36.63878],[174.41536,-36.63722],[174.41345,-36.63142],[174.40318,-36.62944],[174.39783,-36.64107],[174.39771,-36.63451],[174.39382,-36.63977],[174.40211,-36.63231],[174.39031,-36.64021],[174.38801,-36.63388],[174.3816,-36.63498],[174.40246,-36.6306],[174.39855,-36.62002],[174.38944,-36.61701],[174.38886,-36.62193],[174.37848,-36.62293],[174.38592,-36.61766],[174.37483,-36.6123],[174.38033,-36.60995],[174.37532,-36.60424],[174.37787,-36.59142],[174.37146,-36.59135],[174.3658,-36.60089],[174.36798,-36.60779],[174.37367,-36.6081],[174.36679,-36.61126],[174.37856,-36.62696],[174.36407,-36.62779],[174.36455,-36.62071],[174.35187,-36.62483],[174.34991,-36.61752],[174.35996,-36.59943],[174.33925,-36.60542],[174.34797,-36.59863],[174.35614,-36.60095],[174.35271,-36.59703],[174.36352,-36.59192],[174.36118,-36.58376],[174.34838,-36.58432],[174.34739,-36.58872],[174.34397,-36.58358],[174.37035,-36.57969],[174.3797,-36.5716],[174.37727,-36.56491],[174.35543,-36.55235],[174.3536,-36.54506],[174.29641,-36.53003],[174.3003,-36.52122],[174.29289,-36.50358],[174.28444,-36.49389],[174.27399,-36.49693],[174.27872,-36.4902],[174.26467,-36.46207],[174.25095,-36.45208],[174.23584,-36.42809],[174.208,-36.43852],[174.19956,-36.4535],[174.19793,-36.47519],[174.19034,-36.4549],[174.19479,-36.43796],[174.1995,-36.43213],[174.21944,-36.42962],[174.18765,-36.43471],[174.16306,-36.45987],[174.1657,-36.48989],[174.27123,-36.60788],[174.41891,-36.81147],[174.43215,-36.84672],[174.42817,-36.85533],[174.43534,-36.86739],[174.43006,-36.87887],[174.43908,-36.88485],[174.43424,-36.89052],[174.44809,-36.89025],[174.44299,-36.89224],[174.4494,-36.90927],[174.44359,-36.91194],[174.4566,-36.91809],[174.45066,-36.92803],[174.46841,-36.94612],[174.4683,-36.95729],[174.46207,-36.96332],[174.46641,-36.97642],[174.47111,-36.97587],[174.4683,-36.98559],[174.47345,-36.98694],[174.4767,-37.03067],[174.48436,-37.04957],[174.51068,-37.04868],[174.52476,-37.03367],[174.55718,-37.02163],[174.56675,-36.99892],[174.57254,-37.00139],[174.57354,-37.01077],[174.59343,-37.00927],[174.593,-37.00022],[174.60065,-37.01748],[174.61204,-37.01998],[174.60312,-36.9989],[174.60457,-36.99208],[174.61803,-36.9882],[174.62029,-36.97458],[174.61431,-36.96608],[174.63293,-36.97905],[174.63474,-36.97277],[174.64506,-36.96878],[174.64385,-36.95869],[174.63751,-36.95464],[174.6453,-36.95521],[174.6438,-36.94846],[174.65004,-36.96482],[174.65938,-36.95083],[174.6645,-36.95476],[174.66904,-36.94758],[174.66476,-36.94414],[174.68151,-36.93383],[174.70228,-36.93163],[174.70668,-36.92576],[174.71428,-36.93439],[174.72946,-36.93896],[174.77134,-36.92411],[174.78249,-36.93336],[174.8264,-36.92929],[174.83082,-36.94181],[174.81687,-36.94905],[174.82278,-36.95196],[174.81735,-36.9577],[174.8183,-36.95271],[174.80937,-36.95215],[174.81708,-36.94298],[174.7971,-36.95004],[174.79822,-36.94316],[174.78613,-36.9347],[174.78454,-36.94031],[174.75594,-36.94195],[174.75615,-36.9495],[174.76823,-36.95852],[174.78089,-36.95539],[174.77451,-36.95862],[174.77416,-36.96589],[174.73018,-36.96177],[174.7451,-36.97292],[174.76578,-36.96746],[174.76745,-36.97384],[174.74709,-36.98124],[174.74186,-36.99262],[174.74439,-36.99815],[174.77099,-37.00481],[174.77444,-37.01114],[174.76513,-37.01872],[174.79389,-37.01169],[174.81686,-37.01759],[174.80224,-37.0122],[174.81918,-37.00299],[174.81459,-37.00983],[174.82827,-37.00801],[174.82392,-37.01132],[174.84432,-37.02957],[174.85347,-37.02498],[174.84033,-37.01835],[174.85106,-37.02144],[174.85695,-37.01654],[174.85903,-37.05181],[174.87162,-37.04558],[174.87345,-37.03738],[174.87493,-37.04181],[174.89297,-37.04188],[174.87166,-37.04882],[174.87255,-37.05509],[174.88742,-37.059],[174.89142,-37.05085],[174.90764,-37.04272],[174.90589,-37.05292],[174.91626,-37.05244],[174.92161,-37.04603],[174.92443,-37.05005],[174.91882,-37.05559],[174.92652,-37.0528],[174.9329,-37.05491],[174.92798,-37.05691],[174.93079,-37.06042],[174.93754,-37.05965],[174.93368,-37.06614],[174.90752,-37.06048],[174.90572,-37.06745],[174.91445,-37.0681],[174.90403,-37.07182],[174.89962,-37.08126],[174.90234,-37.08673],[174.90663,-37.08156],[174.91486,-37.08865],[174.92191,-37.0843],[174.92111,-37.08854],[174.9338,-37.09082],[174.93368,-37.09685],[174.9456,-37.09429],[174.94231,-37.11087],[174.93974,-37.09525],[174.93353,-37.09885],[174.92115,-37.09127],[174.9177,-37.09251],[174.92443,-37.10051],[174.91799,-37.11256],[174.9173,-37.09431],[174.90164,-37.11632],[174.89494,-37.11468],[174.90038,-37.115],[174.91239,-37.09772],[174.9095,-37.08639],[174.897,-37.08563],[174.90139,-37.0738],[174.89627,-37.07017],[174.8969,-37.06103],[174.88734,-37.06921],[174.87781,-37.06906],[174.87681,-37.08139],[174.86729,-37.08624],[174.86391,-37.09878],[174.86999,-37.11195],[174.86043,-37.09962],[174.86627,-37.08737],[174.86085,-37.08899],[174.87599,-37.07339],[174.87037,-37.07288],[174.86988,-37.0631],[174.86194,-37.06893],[174.86319,-37.06381],[174.8531,-37.06087],[174.85644,-37.05553],[174.84282,-37.06326],[174.83627,-37.07535],[174.80998,-37.08509],[174.79692,-37.09622],[174.79951,-37.10549],[174.79212,-37.10501],[174.78812,-37.12513],[174.79546,-37.13334],[174.79299,-37.1376],[174.78771,-37.13062],[174.78001,-37.13745],[174.78719,-37.11639],[174.77983,-37.11708],[174.7877,-37.10788],[174.77612,-37.10492],[174.78623,-37.10076],[174.78873,-37.10477],[174.78525,-37.0931],[174.79057,-37.09747],[174.79246,-37.09236],[174.77545,-37.08874],[174.73945,-37.1264],[174.68987,-37.13727],[174.69001,-37.14206],[174.70441,-37.14125],[174.70834,-37.15222],[174.71003,-37.14789],[174.71422,-37.15261],[174.72653,-37.14764],[174.7285,-37.15223],[174.74242,-37.14671],[174.74508,-37.14964],[174.73618,-37.15089],[174.74571,-37.15744],[174.74462,-37.16585],[174.75336,-37.16079],[174.75081,-37.15795],[174.75762,-37.15783],[174.75658,-37.16268],[174.76788,-37.15701],[174.79217,-37.16324],[174.79409,-37.17449],[174.78692,-37.16335],[174.77645,-37.16449],[174.77553,-37.17277],[174.77498,-37.16293],[174.76858,-37.17297],[174.76374,-37.16656],[174.75376,-37.1687],[174.75494,-37.17572],[174.74583,-37.17013],[174.75258,-37.18274],[174.74674,-37.18817],[174.74771,-37.18036],[174.73942,-37.18087],[174.74533,-37.17441],[174.73749,-37.17323],[174.74153,-37.16177],[174.73152,-37.16524],[174.73426,-37.1567],[174.72524,-37.16235],[174.7282,-37.15467],[174.72422,-37.15222],[174.70377,-37.15723],[174.71472,-37.16614],[174.71598,-37.1821],[174.72873,-37.18956],[174.71348,-37.19692],[174.72218,-37.20756],[174.71908,-37.21385],[174.72556,-37.21417],[174.728,-37.22463],[174.73747,-37.22194],[174.73883,-37.22678],[174.73311,-37.22936],[174.74543,-37.24129],[174.72987,-37.23548],[174.732,-37.25125],[174.72751,-37.2328],[174.71821,-37.24467],[174.71864,-37.22758],[174.70646,-37.237],[174.70454,-37.2335],[174.71654,-37.22443],[174.70419,-37.22599],[174.71905,-37.21618],[174.7114,-37.21262],[174.70114,-37.2174],[174.70614,-37.20815],[174.69338,-37.21632],[174.70641,-37.20384],[174.69932,-37.20603],[174.70364,-37.19569],[174.68721,-37.20313],[174.70259,-37.18572],[174.68252,-37.18804],[174.69336,-37.18418],[174.69662,-37.16996],[174.6801,-37.17458],[174.68863,-37.17117],[174.6903,-37.16544],[174.68195,-37.1676],[174.69914,-37.15133],[174.66659,-37.16322],[174.68953,-37.14686],[174.66607,-37.13903],[174.64891,-37.14601],[174.66247,-37.13758],[174.65454,-37.13921],[174.65929,-37.13515],[174.65179,-37.13446],[174.66704,-37.12993],[174.66997,-37.13471],[174.66739,-37.1184],[174.65713,-37.1184],[174.6528,-37.12399],[174.65407,-37.12031],[174.64269,-37.12053],[174.65552,-37.11754],[174.66888,-37.10601],[174.65317,-37.10524],[174.65954,-37.09965],[174.64835,-37.08527],[174.63554,-37.087],[174.65822,-37.08174],[174.65209,-37.07523],[174.64251,-37.07762],[174.66468,-37.06822],[174.65657,-37.06684],[174.66647,-37.05968],[174.65834,-37.04392],[174.6378,-37.04258],[174.62843,-37.0361],[174.60843,-37.04876],[174.56379,-37.04269],[174.53588,-37.05442],[174.54152,-37.08353],[174.57404,-37.13028],[174.69161,-37.35716],[174.72588,-37.3804],[174.74496,-37.36708],[174.74518,-37.35241],[174.73744,-37.34637],[174.74074,-37.34176],[174.77541,-37.345],[174.74095,-37.38569],[174.72246,-37.3896],[174.70696,-37.37629],[174.71052,-37.39831],[174.7029,-37.40285],[174.69996,-37.41684],[174.70505,-37.43789],[174.72344,-37.46302],[174.73917,-37.50124],[174.7475,-37.50477],[174.74468,-37.52017],[174.75593,-37.531],[174.76872,-37.56085],[174.77341,-37.57707],[174.77112,-37.60077],[174.78616,-37.61592],[174.79717,-37.65534],[174.8102,-37.67625],[174.81173,-37.69708],[174.82087,-37.72046],[174.82509,-37.72058],[174.82013,-37.73534],[174.83113,-37.75682],[174.83838,-37.79631],[174.8548,-37.79819],[174.8709,-37.78899],[174.87375,-37.78346],[174.8583,-37.77612],[174.8647,-37.77393],[174.87335,-37.78079],[174.88196,-37.77424],[174.88513,-37.7785],[174.87644,-37.78842],[174.88559,-37.78237],[174.90118,-37.79059],[174.89931,-37.78014],[174.91015,-37.7664],[174.9058,-37.76392],[174.90247,-37.76891],[174.90369,-37.76384],[174.89672,-37.76352],[174.91958,-37.7534],[174.9128,-37.74309],[174.92189,-37.74231],[174.92985,-37.75486],[174.93686,-37.73975],[174.93354,-37.73243],[174.93997,-37.73929],[174.93893,-37.75247],[174.94531,-37.75297],[174.94707,-37.74747],[174.95307,-37.75029],[174.94535,-37.74231],[174.95436,-37.73956],[174.94914,-37.7346],[174.95246,-37.72436],[174.958,-37.74346],[174.95307,-37.74231],[174.95165,-37.74783],[174.95709,-37.74636],[174.95859,-37.75258],[174.95096,-37.75182],[174.95582,-37.75791],[174.95209,-37.76589],[174.9675,-37.77353],[174.93172,-37.777],[174.92752,-37.77068],[174.91116,-37.7802],[174.91276,-37.78606],[174.92606,-37.78572],[174.92738,-37.79587],[174.9334,-37.79271],[174.93336,-37.78561],[174.95109,-37.77931],[174.96937,-37.78803],[174.9677,-37.794],[174.97436,-37.79718],[174.97266,-37.80462],[174.96251,-37.79791],[174.96368,-37.79171],[174.95613,-37.79627],[174.94725,-37.78886],[174.95381,-37.80359],[174.94569,-37.80886],[174.94503,-37.79812],[174.94037,-37.79664],[174.93784,-37.80258],[174.93867,-37.78887],[174.92946,-37.80056],[174.92249,-37.79349],[174.91866,-37.79639],[174.92859,-37.80812],[174.91561,-37.80903],[174.91522,-37.8133],[174.91521,-37.80361],[174.89938,-37.80478],[174.90186,-37.81755],[174.89594,-37.80198],[174.87244,-37.79606],[174.86493,-37.80698],[174.87941,-37.80624],[174.87075,-37.8123],[174.88072,-37.82191],[174.87003,-37.83164],[174.87481,-37.82393],[174.86552,-37.81236],[174.86198,-37.82308],[174.8615,-37.80708],[174.84465,-37.81097],[174.86531,-37.80051],[174.8437,-37.80391],[174.82509,-37.82165],[174.79318,-37.8233],[174.77683,-37.83129],[174.75823,-37.85895],[174.76531,-37.87618],[174.75677,-37.88527],[174.76518,-37.89119],[174.78457,-37.94323],[174.78776,-37.95973],[174.78191,-37.96393],[174.78009,-37.97726],[174.78807,-37.98458],[174.79567,-38.01548],[174.80583,-38.00237],[174.83381,-37.98972],[174.83038,-37.98303],[174.81746,-37.98336],[174.82027,-37.97539],[174.81432,-37.96455],[174.82393,-37.95471],[174.83151,-37.95715],[174.84359,-37.95104],[174.85068,-37.93232],[174.85085,-37.95187],[174.8675,-37.94643],[174.87859,-37.95952],[174.8955,-37.963],[174.88243,-37.96225],[174.88185,-37.96899],[174.87324,-37.96905],[174.87695,-37.97577],[174.86986,-37.97632],[174.86474,-37.98519],[174.87295,-37.99767],[174.86057,-37.98951],[174.85476,-37.99921],[174.85875,-38.00171],[174.85168,-38.00241],[174.85509,-38.01596],[174.84762,-38.00926],[174.84418,-38.01614],[174.84857,-38.02471],[174.8353,-38.02552],[174.83787,-38.02079],[174.83184,-38.01674],[174.82293,-38.01935],[174.82853,-38.00865],[174.82069,-38.00628],[174.78951,-38.02722],[174.77817,-38.08258],[174.81105,-38.07914],[174.82892,-38.05974],[174.8281,-38.04477],[174.84224,-38.03957],[174.84086,-38.05838],[174.84732,-38.06159],[174.85357,-38.05709],[174.85878,-38.03675],[174.85981,-38.05581],[174.88845,-38.04673],[174.8794,-38.05291],[174.89012,-38.05625],[174.8902,-38.06478],[174.90845,-38.04987],[174.91108,-38.05515],[174.89382,-38.06794],[174.90932,-38.06589],[174.89784,-38.07125],[174.89987,-38.07513],[174.88387,-38.06899],[174.87585,-38.07832],[174.91742,-38.07496],[174.90336,-38.08394],[174.92115,-38.09187],[174.90383,-38.08732],[174.89749,-38.09621],[174.89596,-38.08572],[174.86928,-38.09518],[174.86676,-38.1053],[174.87385,-38.10627],[174.87531,-38.11544],[174.89446,-38.10709],[174.88632,-38.11501],[174.8931,-38.12001],[174.87831,-38.1163],[174.87146,-38.12117],[174.87464,-38.12688],[174.86271,-38.12131],[174.86715,-38.11906],[174.86071,-38.1139],[174.8592,-38.09945],[174.84973,-38.10701],[174.84991,-38.11357],[174.85634,-38.11321],[174.85494,-38.11944],[174.84657,-38.11651],[174.848,-38.10226],[174.83288,-38.11006],[174.82724,-38.1077],[174.82982,-38.11735],[174.81999,-38.12147],[174.82302,-38.12519],[174.81835,-38.12883],[174.83594,-38.12452],[174.83533,-38.1182],[174.84252,-38.11702],[174.84294,-38.12833],[174.85544,-38.12945],[174.8518,-38.13773],[174.85829,-38.14029],[174.85354,-38.15493],[174.85523,-38.14222],[174.84965,-38.13905],[174.84956,-38.13023],[174.83719,-38.13665],[174.83499,-38.133],[174.82878,-38.1579],[174.82046,-38.15651],[174.82835,-38.14219],[174.8174,-38.14964],[174.81465,-38.14546],[174.82362,-38.13359],[174.80731,-38.14266],[174.80486,-38.11931],[174.79407,-38.12248],[174.79793,-38.13501],[174.79125,-38.1357],[174.79187,-38.13],[174.78393,-38.13506],[174.78256,-38.12888],[174.77811,-38.13636],[174.77456,-38.11529],[174.7788,-38.10915],[174.77003,-38.11989],[174.76189,-38.11998],[174.76721,-38.11511],[174.75743,-38.11277],[174.7631,-38.1076],[174.76888,-38.11019],[174.77528,-38.08849],[174.77028,-38.08758],[174.75608,-38.11191],[174.73444,-38.12403],[174.69214,-38.11804],[174.6865,-38.10807],[174.68118,-38.10997],[174.71389,-38.20183],[174.71575,-38.22226],[174.70698,-38.2302],[174.71707,-38.27273],[174.71593,-38.30589],[174.71023,-38.32371],[174.69722,-38.32842],[174.68014,-38.35196],[174.66,-38.36368],[174.66467,-38.36717],[174.65669,-38.38342],[174.63461,-38.38676],[174.63591,-38.40605],[174.64169,-38.40728],[174.63576,-38.41548],[174.64292,-38.42301],[174.64126,-38.45025],[174.64557,-38.45637],[174.64133,-38.47452],[174.63543,-38.47782],[174.64013,-38.47971],[174.63895,-38.49238],[174.63095,-38.50411],[174.63615,-38.53171],[174.61053,-38.73358],[174.58991,-38.79576],[174.5924,-38.80054],[174.58425,-38.81248],[174.59312,-38.81716],[174.58212,-38.81789],[174.5497,-38.86664],[174.51745,-38.89202],[174.50773,-38.8903],[174.49897,-38.89595],[174.43937,-38.96215],[174.40684,-38.98337],[174.34802,-38.99405],[174.30217,-38.98245],[174.26675,-38.98683],[174.2419,-38.98167],[174.22774,-38.9879],[174.20032,-38.98851],[174.17939,-38.9963],[174.15807,-39.0147],[174.13763,-39.01839],[174.08888,-39.05118],[174.05178,-39.05824],[174.04457,-39.0549],[174.05061,-39.05819],[174.04293,-39.06065],[174.03136,-39.05693],[174.03927,-39.05182],[174.02932,-39.05445],[174.01639,-39.06098],[174.02058,-39.06983],[174.00604,-39.08402],[173.97792,-39.09951],[173.94793,-39.11549],[173.91175,-39.11983],[173.89636,-39.1323],[173.84573,-39.15388],[173.83277,-39.16849],[173.82138,-39.17096],[173.81665,-39.18182],[173.79158,-39.19294],[173.77783,-39.2167],[173.77551,-39.24368],[173.75568,-39.2678],[173.75164,-39.28099],[173.76955,-39.33858],[173.77167,-39.36558],[173.79322,-39.41284],[173.82026,-39.42954],[173.83176,-39.44636],[173.8486,-39.45339],[173.84737,-39.45916],[173.85605,-39.45719],[173.85789,-39.4639],[173.86657,-39.46582],[173.88281,-39.48992],[173.88939,-39.48964],[173.90529,-39.50585],[173.91091,-39.51902],[173.93157,-39.52136],[173.94904,-39.53955],[173.95832,-39.53818],[173.98712,-39.55419],[174.00338,-39.55152],[174.04276,-39.55934],[174.07689,-39.57736],[174.20156,-39.58809],[174.26084,-39.61831],[174.29791,-39.6265],[174.35279,-39.65915],[174.41845,-39.73225],[174.46582,-39.76382],[174.51289,-39.78367],[174.53442,-39.80403],[174.55887,-39.81744],[174.57987,-39.81782],[174.64901,-39.8352],[174.71657,-39.86721],[174.80503,-39.85882],[174.86942,-39.87423],[174.91551,-39.89333],[174.94766,-39.91125],[174.98309,-39.94886],[174.99215,-39.94732],[175.0449,-39.98496],[175.16267,-40.10732],[175.18837,-40.15324],[175.20661,-40.20617],[175.22918,-40.32871],[175.22914,-40.36888],[175.21415,-40.4806],[175.18082,-40.59751],[175.15849,-40.64978],[175.16017,-40.66251],[175.15238,-40.6663],[175.12395,-40.72807],[175.06312,-40.82429],[175.02999,-40.85852],[174.98342,-40.88473],[174.96869,-40.95607],[174.94796,-40.98984],[174.89815,-41.02917],[174.87076,-41.03067],[174.86342,-41.04218],[174.84631,-41.04991],[174.83926,-41.06421],[174.85143,-41.06598],[174.86717,-41.08674],[174.86873,-41.10348],[174.85868,-41.11572],[174.84347,-41.1326],[174.83729,-41.12467],[174.84407,-41.11415],[174.86293,-41.10317],[174.86189,-41.09456],[174.84958,-41.08874],[174.83418,-41.09873],[174.83396,-41.10757],[174.80479,-41.11116],[174.80324,-41.12256],[174.78817,-41.1295],[174.76034,-41.16657],[174.74009,-41.17231],[174.71422,-41.21918],[174.70412,-41.21541],[174.69338,-41.22071],[174.68924,-41.2325],[174.67586,-41.23518],[174.6645,-41.24685],[174.65745,-41.23879],[174.65088,-41.24486],[174.64484,-41.23808],[174.62305,-41.26026],[174.61327,-41.28554],[174.61905,-41.29578],[174.63103,-41.2963],[174.63138,-41.3156],[174.65992,-41.34082],[174.69443,-41.34638],[174.71548,-41.36245],[174.74339,-41.34682],[174.75861,-41.34457],[174.76578,-41.349],[174.78494,-41.3422],[174.79149,-41.34683],[174.79112,-41.33288],[174.79862,-41.32858],[174.81113,-41.33827],[174.80941,-41.34538],[174.81089,-41.3416],[174.82084,-41.34492],[174.82635,-41.33268],[174.83899,-41.32767],[174.82761,-41.3153],[174.83688,-41.29552],[174.83422,-41.28905],[174.82548,-41.2844],[174.81148,-41.31441],[174.80157,-41.31559],[174.797,-41.31234],[174.80614,-41.3033],[174.80405,-41.28607],[174.79344,-41.29119],[174.77941,-41.28799],[174.78301,-41.27888],[174.79014,-41.28095],[174.78598,-41.26518],[174.84436,-41.22886],[174.85804,-41.22486],[174.88573,-41.23078],[174.90105,-41.23672],[174.899,-41.24602],[174.9058,-41.25056],[174.89869,-41.25889],[174.90537,-41.2531],[174.91249,-41.25881],[174.90314,-41.2768],[174.9063,-41.28185],[174.89592,-41.28851],[174.87897,-41.31624],[174.87188,-41.31837],[174.84787,-41.35935],[174.87466,-41.38399],[174.87483,-41.39272],[174.86593,-41.40083],[174.86881,-41.40989],[174.90142,-41.41797],[174.91875,-41.43682],[174.98262,-41.4026],[174.99338,-41.39085],[175.01469,-41.3898],[175.04202,-41.37352],[175.12065,-41.38932],[175.21656,-41.43122],[175.22126,-41.45302],[175.20773,-41.47489],[175.20859,-41.49987],[175.1949,-41.52649],[175.21758,-41.54031],[175.22222,-41.57073],[175.23391,-41.58484],[175.23669,-41.60769],[175.25568,-41.60289],[175.29091,-41.61353],[175.32477,-41.60636],[175.33635,-41.59556],[175.3609,-41.58604],[175.3582,-41.5825],[175.36608,-41.57158],[175.40761,-41.56595],[175.43162,-41.57237],[175.49756,-41.52789],[175.50736,-41.5107],[175.53114,-41.50578],[175.53445,-41.49554],[175.55083,-41.49614],[175.57579,-41.48419],[175.58519,-41.48737],[175.61322,-41.46208],[175.64901,-41.44167],[175.67444,-41.41432],[175.74427,-41.39134],[175.76705,-41.3788],[175.77037,-41.37018],[175.81074,-41.36053],[175.82094,-41.34823],[175.83132,-41.34659],[175.84181,-41.32971],[175.86287,-41.31701],[175.86604,-41.29101],[175.8827,-41.2742],[175.91454,-41.25649],[175.96294,-41.24483],[175.98434,-41.21635],[175.99447,-41.18252],[176.00346,-41.17152],[176.06323,-41.13003],[176.07132,-41.09412],[176.09866,-41.05643],[176.09722,-41.04456],[176.10449,-41.03825],[176.10693,-41.01522],[176.12845,-40.99836],[176.14599,-40.95716],[176.20715,-40.91255],[176.2197,-40.9118],[176.23205,-40.90061],[176.21964,-40.89613],[176.22477,-40.87151],[176.24059,-40.86025],[176.25737,-40.82397],[176.26721,-40.78491],[176.28871,-40.76183],[176.28788,-40.74851],[176.30299,-40.73278],[176.30979,-40.71635],[176.354,-40.67788],[176.3648,-40.67732],[176.3763,-40.66803],[176.37777,-40.6553],[176.38744,-40.64174],[176.4151,-40.62233],[176.42216,-40.60451],[176.46774,-40.57479],[176.47922,-40.54417],[176.49315,-40.5307],[176.55953,-40.49604],[176.62192,-40.49122],[176.63296,-40.45286],[176.62301,-40.44347],[176.62266,-40.42736],[176.63544,-40.40788],[176.63612,-40.38874],[176.65309,-40.35143],[176.67285,-40.32212],[176.66682,-40.31523],[176.6669,-40.30107],[176.68602,-40.27038],[176.67822,-40.26565],[176.69636,-40.25004],[176.74026,-40.22743],[176.76775,-40.21809],[176.78703,-40.21833],[176.7944,-40.20533],[176.82261,-40.18325],[176.82737,-40.16811],[176.84534,-40.15465],[176.84565,-40.14299],[176.86941,-40.13094],[176.87373,-40.11957],[176.87049,-40.09843],[176.89469,-40.0773],[176.88094,-40.065],[176.87931,-40.04984],[176.90416,-40.00285],[176.90774,-39.98208],[176.92714,-39.95852],[176.93213,-39.93529],[176.95885,-39.91214],[176.9669,-39.88185],[176.99647,-39.84225],[177.00532,-39.84115],[176.99528,-39.81771],[176.99421,-39.79772],[177.00765,-39.7707],[177.01477,-39.7322],[177.03985,-39.70064],[177.0755,-39.67326],[177.09598,-39.64255],[177.08578,-39.64296],[177.07642,-39.63548],[177.03181,-39.64981],[176.96632,-39.62349],[176.94004,-39.58829],[176.92319,-39.55351],[176.91909,-39.51408],[176.92369,-39.4727],[176.91738,-39.46994],[176.92149,-39.4772],[176.91741,-39.47342],[176.88905,-39.48283],[176.89398,-39.47912],[176.88463,-39.47726],[176.87309,-39.45604],[176.87748,-39.41883],[176.89999,-39.3667],[176.92002,-39.33934],[176.94085,-39.33586],[177.01872,-39.26095],[177.02182,-39.24599],[177.03509,-39.2352],[177.03648,-39.21191],[177.04588,-39.19414],[177.14279,-39.14252],[177.25909,-39.10069],[177.41857,-39.06304],[177.4734,-39.05642],[177.66081,-39.05074],[177.75597,-39.05868],[177.82311,-39.07683],[177.83394,-39.05966],[177.84281,-39.05946],[177.86725,-39.07201],[177.87185,-39.08628],[177.86467,-39.08771],[177.8675,-39.09833],[177.85827,-39.10325],[177.86049,-39.11205],[177.85029,-39.13162],[177.83919,-39.13994],[177.83927,-39.15233],[177.82236,-39.16],[177.84338,-39.18495],[177.85203,-39.21576],[177.85195,-39.22989],[177.84632,-39.23256],[177.85852,-39.23489],[177.86481,-39.26496],[177.90617,-39.22628],[177.92462,-39.18784],[177.92523,-39.16896],[177.94557,-39.15461],[177.95442,-39.13811],[177.99974,-39.11382],[178.00092,-39.10246],[177.96611,-39.09816],[177.95876,-39.08863],[177.94447,-39.0955],[177.91423,-39.08482],[177.9018,-39.07296],[177.88708,-39.03173],[177.88665,-39.01564],[177.89722,-38.99213],[177.89624,-38.96552],[177.91039,-38.91311],[177.90296,-38.88786],[177.92046,-38.86688],[177.91086,-38.84997],[177.91178,-38.82792],[177.92323,-38.82149],[177.91956,-38.81046],[177.9292,-38.78706],[177.93914,-38.78338],[177.9511,-38.76357],[177.97233,-38.75758],[177.9353,-38.75068],[177.94039,-38.7269],[177.9354,-38.71997],[177.96775,-38.68425],[178.00542,-38.67077],[178.02007,-38.67198],[178.0186,-38.67809],[178.03806,-38.6852],[178.04859,-38.70388],[178.05987,-38.7002],[178.06971,-38.70787],[178.08024,-38.67813],[178.12454,-38.65073],[178.14719,-38.65204],[178.14583,-38.64532],[178.15883,-38.629],[178.17241,-38.62902],[178.18002,-38.61243],[178.19916,-38.60518],[178.20329,-38.58722],[178.23198,-38.57217],[178.23071,-38.56547],[178.23695,-38.55961],[178.26203,-38.54911],[178.26885,-38.53967],[178.28105,-38.54006],[178.28377,-38.53077],[178.29187,-38.52932],[178.29312,-38.52248],[178.28308,-38.51086],[178.28669,-38.49289],[178.27986,-38.47496],[178.31181,-38.43393],[178.34684,-38.41583],[178.33655,-38.40514],[178.34028,-38.37873],[178.31746,-38.3825],[178.30528,-38.37277],[178.30561,-38.36266],[178.32972,-38.35241],[178.32415,-38.33453],[178.33335,-38.32637],[178.323,-38.31585],[178.32561,-38.30542],[178.33337,-38.29801],[178.3529,-38.2966],[178.3594,-38.28897],[178.33471,-38.2832],[178.33012,-38.27335],[178.33284,-38.25957],[178.30838,-38.23419],[178.32004,-38.22158],[178.33516,-38.21981],[178.33843,-38.19164],[178.35251,-38.18626],[178.35532,-38.17707],[178.36761,-38.17593],[178.34801,-38.17099],[178.3234,-38.15075],[178.31776,-38.13935],[178.32196,-38.12219],[178.34139,-38.10931],[178.35933,-38.10987],[178.37396,-38.09351],[178.37271,-38.07206],[178.36158,-38.06856],[178.37158,-38.04992],[178.35572,-38.04973],[178.33684,-38.03715],[178.33716,-38.00933],[178.35224,-37.98967],[178.36848,-37.98527],[178.37796,-37.9658],[178.39142,-37.96118],[178.39932,-37.94095],[178.39112,-37.93442],[178.38698,-37.91917],[178.40095,-37.90352],[178.41267,-37.85907],[178.4517,-37.83321],[178.44582,-37.82334],[178.45005,-37.8134],[178.47882,-37.77465],[178.5239,-37.7336],[178.52395,-37.72075],[178.54402,-37.70237],[178.55037,-37.68906],[178.53845,-37.6735],[178.51889,-37.67049],[178.48075,-37.64009],[178.44956,-37.64087],[178.41791,-37.62971],[178.37162,-37.63304],[178.34083,-37.62173],[178.31633,-37.60194],[178.32514,-37.59094],[178.30139,-37.59624],[178.29401,-37.58423],[178.29372,-37.57008],[178.31546,-37.56709],[178.32151,-37.56108],[178.31425,-37.55608],[178.2165,-37.54687],[178.21376,-37.53614],[178.18232,-37.53893],[178.17546,-37.53425],[178.17011,-37.53545],[178.17339,-37.53843],[178.16394,-37.55254],[178.13782,-37.54645],[178.13049,-37.5499],[178.0868,-37.54221],[178.03707,-37.54153],[178.00803,-37.55331],[177.9835,-37.5364],[177.98083,-37.55413],[177.99232,-37.57397],[177.96524,-37.59433],[177.96645,-37.60177],[177.95761,-37.60615],[177.95405,-37.61545],[177.91951,-37.62026],[177.90817,-37.61664],[177.90385,-37.60524],[177.89134,-37.61836],[177.89386,-37.62206],[177.88438,-37.63755],[177.87763,-37.63859],[177.86378,-37.65659],[177.83485,-37.6642],[177.81574,-37.65825],[177.78813,-37.68093],[177.78323,-37.67588],[177.74946,-37.6751],[177.72758,-37.68022],[177.73011,-37.68393],[177.72367,-37.68498],[177.71786,-37.70951],[177.70846,-37.71541],[177.70789,-37.72242],[177.67057,-37.73873],[177.68188,-37.74994],[177.68418,-37.76045],[177.6526,-37.7859],[177.65645,-37.79663],[177.6507,-37.80541],[177.62911,-37.81464],[177.61973,-37.80781],[177.61285,-37.81199],[177.61659,-37.82164],[177.60754,-37.82935],[177.60648,-37.83808],[177.58827,-37.83758],[177.58535,-37.84437],[177.5906,-37.85133],[177.58408,-37.86738],[177.55444,-37.88331],[177.54593,-37.89642],[177.54819,-37.90601],[177.53011,-37.92031],[177.48592,-37.93513],[177.49176,-37.94221],[177.48753,-37.94956],[177.45114,-37.96194],[177.44246,-37.95869],[177.43775,-37.96879],[177.42729,-37.96786],[177.41874,-37.97688],[177.38718,-37.98543],[177.26388,-37.99238],[177.15745,-37.98656],[177.1478,-37.9956],[177.1607,-37.98992],[177.16329,-38.00437],[177.15533,-38.01051],[177.1474,-38.00775],[177.15165,-38.0041],[177.14559,-38.00498],[177.138,-38.02307],[177.14409,-38.03425],[177.15103,-38.03249],[177.16024,-38.03979],[177.14938,-38.04416],[177.13503,-38.03559],[177.13536,-38.04237],[177.11966,-38.01804],[177.10255,-38.02487],[177.10487,-38.01493],[177.11301,-38.01093],[177.10927,-38.00181],[177.09527,-38.00059],[177.09646,-38.01731],[177.09267,-38.01115],[177.08587,-38.01736],[177.08942,-38.00854],[177.08363,-38.00748],[177.08931,-37.99703],[177.08097,-38.00226],[177.06898,-37.99681],[177.07253,-38.01027],[177.06746,-38.00854],[177.06415,-38.01475],[177.05647,-37.99612],[177.06423,-37.99119],[177.06556,-37.98119],[177.07447,-37.97752],[177.14611,-37.99252],[177.14338,-37.98499],[177.03886,-37.96424],[177.02335,-37.95647],[177.01671,-37.9383],[177.01068,-37.94419],[177.00145,-37.94272],[176.93167,-37.9169],[176.75303,-37.88407],[176.66241,-37.85463],[176.57072,-37.81338],[176.47899,-37.7555],[176.4961,-37.77776],[176.46891,-37.77449],[176.47337,-37.76127],[176.47994,-37.7605],[176.46806,-37.74076],[176.45425,-37.75731],[176.43119,-37.76254],[176.41779,-37.74933],[176.4541,-37.75476],[176.40222,-37.74328],[176.25035,-37.6802],[176.17379,-37.62511],[176.16641,-37.63139],[176.18149,-37.6399],[176.17958,-37.66863],[176.19438,-37.68096],[176.20445,-37.67842],[176.19913,-37.69348],[176.18625,-37.68605],[176.18127,-37.69167],[176.18833,-37.70328],[176.21266,-37.69583],[176.20769,-37.69132],[176.21477,-37.68629],[176.23727,-37.69648],[176.22625,-37.70398],[176.2355,-37.71172],[176.20208,-37.71342],[176.20025,-37.72318],[176.18438,-37.72606],[176.17498,-37.72445],[176.18387,-37.7164],[176.19164,-37.71708],[176.18538,-37.70833],[176.16907,-37.72175],[176.16509,-37.71572],[176.17462,-37.65835],[176.16794,-37.6595],[176.16424,-37.67109],[176.12449,-37.65977],[176.11393,-37.67147],[176.12881,-37.67252],[176.12164,-37.68313],[176.11272,-37.67834],[176.09549,-37.68707],[176.10209,-37.67725],[176.09422,-37.67358],[176.09304,-37.66312],[176.06381,-37.65705],[176.06005,-37.6591],[176.06545,-37.66025],[176.06609,-37.67127],[176.0489,-37.65961],[176.05631,-37.67057],[176.04993,-37.67188],[176.0535,-37.67965],[176.03543,-37.68398],[176.05029,-37.66922],[176.04084,-37.6686],[176.0492,-37.65476],[176.04269,-37.65325],[176.03978,-37.66101],[176.02305,-37.66741],[176.03736,-37.65601],[176.03588,-37.64953],[176.05377,-37.63292],[176.05358,-37.62634],[176.03675,-37.63823],[176.02166,-37.63905],[176.01946,-37.64629],[176.00866,-37.65182],[176.01637,-37.63908],[176.01616,-37.63382],[176.01125,-37.63553],[176.01618,-37.62434],[175.99799,-37.63373],[175.99753,-37.64506],[175.98623,-37.64622],[175.9917,-37.63258],[175.9871,-37.62711],[175.98238,-37.63054],[175.97509,-37.62392],[175.97031,-37.63694],[175.968,-37.63052],[175.95919,-37.63366],[175.98183,-37.61126],[175.96736,-37.60589],[175.95746,-37.60661],[175.95728,-37.61171],[175.95648,-37.60732],[175.95866,-37.59866],[175.9697,-37.59743],[175.97786,-37.58392],[175.97114,-37.5736],[175.96602,-37.58356],[175.94468,-37.59609],[175.9505,-37.59211],[175.93819,-37.57999],[175.94659,-37.57326],[175.9423,-37.56863],[175.92502,-37.5824],[175.92247,-37.57564],[175.93748,-37.56355],[175.92831,-37.55922],[175.95095,-37.55791],[175.95297,-37.55165],[175.94305,-37.54103],[175.93127,-37.54356],[175.935,-37.53684],[175.91977,-37.54192],[175.9171,-37.53457],[175.94689,-37.53149],[175.95966,-37.51977],[175.97813,-37.5146],[175.96753,-37.49566],[175.95013,-37.48458],[175.95511,-37.49718],[175.94188,-37.50112],[175.9297,-37.49727],[175.93217,-37.48981],[175.93748,-37.49154],[175.94686,-37.48324],[175.94657,-37.47881],[175.93629,-37.48365],[175.93821,-37.46538],[175.95687,-37.44883],[175.96908,-37.45025],[175.95831,-37.43487],[175.94871,-37.43953],[175.95797,-37.43372],[175.96731,-37.44165],[175.97855,-37.46913],[175.99117,-37.46489],[175.93844,-37.3961],[175.9433,-37.38833],[175.93693,-37.38149],[175.94084,-37.37368],[175.93725,-37.36236],[175.94333,-37.34515],[175.924,-37.32089],[175.9253,-37.31265],[175.91475,-37.30227],[175.91327,-37.29201],[175.90306,-37.28313],[175.89155,-37.25285],[175.89443,-37.24102],[175.87989,-37.2312],[175.88469,-37.21786],[175.87681,-37.20973],[175.87853,-37.19946],[175.86734,-37.19665],[175.8643,-37.21148],[175.85739,-37.20691],[175.8653,-37.1954],[175.85271,-37.18413],[175.86037,-37.18003],[175.85044,-37.17476],[175.85479,-37.17184],[175.85055,-37.17042],[175.85917,-37.17018],[175.85444,-37.1668],[175.86367,-37.16487],[175.8686,-37.18465],[175.88098,-37.2018],[175.89276,-37.19559],[175.88185,-37.17417],[175.88387,-37.15489],[175.87897,-37.14992],[175.88486,-37.12828],[175.89206,-37.12189],[175.89018,-37.11291],[175.87406,-37.11556],[175.86825,-37.13373],[175.86038,-37.1264],[175.86291,-37.11393],[175.877,-37.11044],[175.87846,-37.10541],[175.88868,-37.11333],[175.88636,-37.07435],[175.89098,-37.0653],[175.88454,-37.05003],[175.88584,-37.02856],[175.87335,-37.02813],[175.86199,-37.00587],[175.85451,-37.01335],[175.85181,-37.03167],[175.84281,-37.03214],[175.83696,-37.05238],[175.81269,-37.05961],[175.83562,-37.04798],[175.83048,-37.03867],[175.8515,-37.00938],[175.84843,-37.00308],[175.85817,-36.99511],[175.86422,-37.00389],[175.87166,-37.00175],[175.85565,-36.98813],[175.85546,-36.97628],[175.84292,-36.96367],[175.8421,-36.94763],[175.85731,-36.9417],[175.85156,-36.9331],[175.85678,-36.93029],[175.85601,-36.92282],[175.83741,-36.90646],[175.83537,-36.89163],[175.81925,-36.88312],[175.81351,-36.86737],[175.81976,-36.8726],[175.82807,-36.86244],[175.81577,-36.84672],[175.81989,-36.84144],[175.79308,-36.83278],[175.78128,-36.8224],[175.7678,-36.82019],[175.75958,-36.82536],[175.75985,-36.84714],[175.77406,-36.84638],[175.76603,-36.85185],[175.77086,-36.85569],[175.76316,-36.86483],[175.76098,-36.84939],[175.7537,-36.85308],[175.75886,-36.83647],[175.74049,-36.83623],[175.73113,-36.8267],[175.72445,-36.8282],[175.72541,-36.83276],[175.71198,-36.82813],[175.71265,-36.84059],[175.6999,-36.85113],[175.70276,-36.85779],[175.69703,-36.86362],[175.71944,-36.87258],[175.69957,-36.88848],[175.70715,-36.88876],[175.71536,-36.90614],[175.70348,-36.89401],[175.69785,-36.90176],[175.70137,-36.89125],[175.69734,-36.89717],[175.68998,-36.8904],[175.6844,-36.89746],[175.69091,-36.8803],[175.67991,-36.87806],[175.67601,-36.88885],[175.67426,-36.88141],[175.66851,-36.88077],[175.67446,-36.87302],[175.66656,-36.87189],[175.68506,-36.86155],[175.687,-36.84727],[175.67332,-36.85385],[175.66783,-36.8409],[175.67274,-36.83496],[175.68941,-36.83981],[175.69166,-36.84523],[175.7063,-36.83857],[175.70163,-36.80708],[175.72474,-36.80613],[175.72976,-36.79116],[175.72476,-36.78823],[175.7341,-36.79521],[175.74767,-36.79056],[175.74934,-36.76505],[175.75533,-36.75726],[175.76382,-36.75819],[175.76539,-36.75303],[175.77709,-36.75076],[175.77524,-36.74727],[175.78829,-36.74766],[175.79135,-36.74116],[175.82708,-36.73959],[175.82128,-36.71972],[175.79831,-36.71779],[175.78935,-36.70579],[175.79001,-36.69317],[175.7831,-36.69215],[175.76226,-36.70815],[175.74017,-36.70652],[175.72689,-36.72154],[175.7091,-36.72707],[175.63531,-36.7261],[175.63248,-36.72854],[175.64996,-36.73793],[175.67771,-36.74255],[175.65932,-36.74701],[175.65898,-36.75241],[175.65421,-36.74517],[175.63975,-36.74393],[175.63685,-36.74738],[175.64811,-36.7635],[175.64343,-36.76094],[175.64435,-36.76742],[175.63969,-36.76808],[175.63782,-36.76118],[175.62674,-36.76104],[175.62499,-36.75259],[175.60721,-36.75723],[175.61485,-36.72527],[175.6207,-36.71965],[175.62706,-36.72271],[175.62753,-36.71794],[175.60694,-36.7096],[175.61451,-36.70002],[175.60479,-36.69672],[175.60523,-36.68211],[175.59919,-36.68572],[175.58534,-36.67848],[175.57503,-36.68736],[175.5559,-36.68443],[175.55666,-36.66479],[175.57679,-36.67118],[175.58442,-36.66405],[175.5731,-36.65612],[175.57111,-36.64529],[175.58362,-36.62752],[175.57368,-36.61365],[175.56217,-36.61234],[175.56014,-36.59815],[175.53702,-36.60389],[175.52322,-36.5954],[175.52854,-36.58148],[175.5241,-36.56926],[175.52912,-36.56668],[175.51973,-36.55495],[175.53499,-36.5509],[175.53544,-36.54287],[175.52019,-36.5408],[175.49453,-36.51085],[175.46962,-36.50999],[175.48037,-36.52991],[175.47609,-36.53528],[175.46427,-36.5225],[175.45794,-36.52581],[175.44332,-36.50292],[175.42233,-36.51144],[175.42061,-36.4987],[175.42492,-36.49677],[175.41298,-36.48967],[175.4079,-36.47732],[175.4153,-36.4744],[175.41208,-36.47098],[175.39148,-36.47625],[175.37081,-36.46876],[175.34534,-36.46962],[175.35077,-36.47323],[175.34163,-36.48482],[175.32824,-36.48084],[175.32713,-36.51998],[175.34521,-36.55374],[175.41423,-36.5883],[175.4249,-36.58811],[175.41739,-36.58896],[175.42775,-36.60639],[175.45725,-36.61629],[175.46555,-36.61197],[175.4625,-36.61887],[175.47223,-36.62236],[175.47042,-36.62772],[175.43754,-36.62645],[175.44712,-36.6604],[175.43202,-36.68733],[175.43046,-36.71686],[175.43834,-36.71661],[175.43711,-36.72683],[175.44293,-36.73023],[175.46412,-36.72377],[175.46556,-36.73333],[175.48086,-36.734],[175.47529,-36.7502],[175.46974,-36.75049],[175.4571,-36.76869],[175.46525,-36.76797],[175.46279,-36.76087],[175.4708,-36.75359],[175.4831,-36.75415],[175.4866,-36.76214],[175.49554,-36.76456],[175.49513,-36.77345],[175.4856,-36.77953],[175.49677,-36.7806],[175.50559,-36.79401],[175.49029,-36.80835],[175.47972,-36.80246],[175.4724,-36.80429],[175.47044,-36.81125],[175.44068,-36.80748],[175.43117,-36.81909],[175.42303,-36.82013],[175.42468,-36.82604],[175.43607,-36.81918],[175.43845,-36.82432],[175.44109,-36.82103],[175.46585,-36.82838],[175.45322,-36.83382],[175.42907,-36.82798],[175.42808,-36.83343],[175.43803,-36.84477],[175.44534,-36.8369],[175.45206,-36.84298],[175.47374,-36.8377],[175.47856,-36.84486],[175.46784,-36.8461],[175.46862,-36.85325],[175.44363,-36.85013],[175.42698,-36.8542],[175.41972,-36.84936],[175.40633,-36.85369],[175.41351,-36.86781],[175.42361,-36.86788],[175.41672,-36.87343],[175.43051,-36.90185],[175.4987,-36.97288],[175.49787,-36.98424],[175.51974,-37.03408],[175.51715,-37.04589],[175.52447,-37.0612],[175.5153,-37.08423],[175.51512,-37.10197],[175.51851,-37.11379],[175.53115,-37.12403],[175.52956,-37.13316],[175.53906,-37.13796],[175.54512,-37.15857],[175.54331,-37.16678],[175.52447,-37.17119],[175.50139,-37.19444],[175.44014,-37.21794],[175.40331,-37.22204],[175.39517,-37.22948],[175.39169,-37.22167],[175.36586,-37.21906],[175.34059,-37.2075],[175.32,-37.18535],[175.32257,-37.17721],[175.29539,-37.12336],[175.29914,-37.09952],[175.3058,-37.09156],[175.29656,-37.07367],[175.30333,-37.05407],[175.29268,-37.03377],[175.28333,-36.98851],[175.25362,-36.97222],[175.24918,-36.95778],[175.23386,-36.95616],[175.23199,-36.9507],[175.20508,-36.94122],[175.1921,-36.93032],[175.15887,-36.95103],[175.14975,-36.94582],[175.1522,-36.9406],[175.14399,-36.93839],[175.1409,-36.92735],[175.13199,-36.93852],[175.11622,-36.93867],[175.11213,-36.94967],[175.09841,-36.94879],[175.09528,-36.94018],[175.07982,-36.95849],[175.07477,-36.95318],[175.08257,-36.94514],[175.07816,-36.93794],[175.08656,-36.9369],[175.07717,-36.91468],[175.09907,-36.90069],[175.06963,-36.90434],[175.05588,-36.88264],[175.03812,-36.87433],[175.01982,-36.87713],[175.02227,-36.88371],[174.99956,-36.87645],[174.98356,-36.88138],[174.99833,-36.92175],[174.99111,-36.92592],[174.99065,-36.91008],[174.97558,-36.90758],[174.96919,-36.91471],[174.96324,-36.91359],[174.97527,-36.93522],[174.96501,-36.94326],[174.96972,-36.94885],[174.96346,-36.94508],[174.96679,-36.92568],[174.96029,-36.93383],[174.95804,-36.92938],[174.95941,-36.91375],[174.95119,-36.91295],[174.94858,-36.92092],[174.94808,-36.91544],[174.93936,-36.91828],[174.93331,-36.92891],[174.94066,-36.91503],[174.95454,-36.91034],[174.9544,-36.9017],[174.95022,-36.89434],[174.91548,-36.87475],[174.90056,-36.84659],[174.89895,-36.8615],[174.90595,-36.8756],[174.88789,-36.88891],[174.8962,-36.89257],[174.87986,-36.89107],[174.87593,-36.90531],[174.86979,-36.91071],[174.86039,-36.90736],[174.85843,-36.91615],[174.8652,-36.91517],[174.86435,-36.9223],[174.87308,-36.91795],[174.8713,-36.92507],[174.88676,-36.92589],[174.89503,-36.91819],[174.8922,-36.90881],[174.89895,-36.92008],[174.90492,-36.91425],[174.90039,-36.9211],[174.90409,-36.92727],[174.89591,-36.91786],[174.88885,-36.92621],[174.89166,-36.92944],[174.88116,-36.92697],[174.87893,-36.93256],[174.86899,-36.92749],[174.87492,-36.93463],[174.86198,-36.94442],[174.8672,-36.94358],[174.8666,-36.94782],[174.87973,-36.9426],[174.87649,-36.94523],[174.88557,-36.94977],[174.88027,-36.94943],[174.88091,-36.95476],[174.87949,-36.94754],[174.86928,-36.94802],[174.86787,-36.95273],[174.86001,-36.94601],[174.85235,-36.95234],[174.85737,-36.95778],[174.84996,-36.95539],[174.84523,-36.9685],[174.84137,-36.96547],[174.84927,-36.95723],[174.84303,-36.95539],[174.84889,-36.95606],[174.85244,-36.94509],[174.86634,-36.93281],[174.84403,-36.93629],[174.86287,-36.92563],[174.85083,-36.9164],[174.85546,-36.90598],[174.84374,-36.90639],[174.85348,-36.90185],[174.85757,-36.90786],[174.86884,-36.90213],[174.86809,-36.88782],[174.87768,-36.87858],[174.86962,-36.87791],[174.89204,-36.87172],[174.87978,-36.86487],[174.88278,-36.85591],[174.8754,-36.8465],[174.86397,-36.84362],[174.84771,-36.85072],[174.82425,-36.84361],[174.81694,-36.84539],[174.81565,-36.85145],[174.80063,-36.85312],[174.78922,-36.84755],[174.78775,-36.84128],[174.78334,-36.84034],[174.78471,-36.84558],[174.76556,-36.83916],[174.75812,-36.84519],[174.75926,-36.83643],[174.75203,-36.84376],[174.74268,-36.83829],[174.74838,-36.83559],[174.74234,-36.83501],[174.72582,-36.84411],[174.724,-36.85154],[174.714,-36.8523],[174.71712,-36.85758],[174.7095,-36.85433],[174.71112,-36.86096],[174.70306,-36.85105],[174.6989,-36.87128],[174.67716,-36.87116],[174.66041,-36.86276],[174.66816,-36.87438],[174.66368,-36.87968],[174.6767,-36.88477],[174.67211,-36.88909],[174.67441,-36.89604],[174.69398,-36.90342],[174.69075,-36.91171],[174.69242,-36.90413],[174.67933,-36.89981],[174.67818,-36.90586],[174.67754,-36.89925],[174.66999,-36.90024],[174.66712,-36.88909],[174.65844,-36.89684],[174.66701,-36.886],[174.65867,-36.88083],[174.65308,-36.88621],[174.65808,-36.87727],[174.65193,-36.86554],[174.65663,-36.86289],[174.66032,-36.83073],[174.64654,-36.82461],[174.64492,-36.83345],[174.63271,-36.83938],[174.64392,-36.84321],[174.64539,-36.85388],[174.64126,-36.85357],[174.63504,-36.87109],[174.64042,-36.84642],[174.63488,-36.84841],[174.6313,-36.84328],[174.62603,-36.85599],[174.62387,-36.85103],[174.61276,-36.85604],[174.63905,-36.83286],[174.63804,-36.82622],[174.62904,-36.82484],[174.64566,-36.81794],[174.6406,-36.81091],[174.64817,-36.81243],[174.65054,-36.80113],[174.66258,-36.80732],[174.67088,-36.80495],[174.67288,-36.8017],[174.66423,-36.79994],[174.67422,-36.79715],[174.67357,-36.78902],[174.66583,-36.78517],[174.65172,-36.79246],[174.64612,-36.78923],[174.63743,-36.79719],[174.64561,-36.7826],[174.65962,-36.78027],[174.66094,-36.77431],[174.64563,-36.78239],[174.6433,-36.7747],[174.63407,-36.78013],[174.63291,-36.77557],[174.62129,-36.77516],[174.61671,-36.77999],[174.61785,-36.77468],[174.61066,-36.77392],[174.59794,-36.78779],[174.60252,-36.79502],[174.5967,-36.78819],[174.59116,-36.79366],[174.60624,-36.77295],[174.59464,-36.76837],[174.6004,-36.76343],[174.59626,-36.75399],[174.60581,-36.76246],[174.60238,-36.76598],[174.61378,-36.77266],[174.63228,-36.77006],[174.62958,-36.76056],[174.63772,-36.75199],[174.63434,-36.77221],[174.64845,-36.76529],[174.65977,-36.77056],[174.69287,-36.72309],[174.67931,-36.74373],[174.68179,-36.75066],[174.67732,-36.75125],[174.68066,-36.75522],[174.67587,-36.75927],[174.68384,-36.76305],[174.67269,-36.76337],[174.67219,-36.76882],[174.67072,-36.76275],[174.66788,-36.77226],[174.66235,-36.77197],[174.66449,-36.77986],[174.67613,-36.7865],[174.70282,-36.77142],[174.69748,-36.77919],[174.70882,-36.78395],[174.70413,-36.78577],[174.70726,-36.79162],[174.70157,-36.78497],[174.69713,-36.78859],[174.69527,-36.78257],[174.67868,-36.78998],[174.6898,-36.81256],[174.70098,-36.81313],[174.69516,-36.81519],[174.69698,-36.82307],[174.71005,-36.82625],[174.72775,-36.81784],[174.73478,-36.82342],[174.74136,-36.81635],[174.74925,-36.82668],[174.75838,-36.80752],[174.75093,-36.80099],[174.76121,-36.80311],[174.76693,-36.79033],[174.77319,-36.80582],[174.78186,-36.80177],[174.77857,-36.80778],[174.78471,-36.80675],[174.77011,-36.81358],[174.76594,-36.82161],[174.78881,-36.81334],[174.78356,-36.81838],[174.79459,-36.8179],[174.7729,-36.82937],[174.78069,-36.82669],[174.78407,-36.83211],[174.7962,-36.83307],[174.81385,-36.82779],[174.80742,-36.81494],[174.77528,-36.78788],[174.77602,-36.77358],[174.76647,-36.76436],[174.77021,-36.75997],[174.7654,-36.74825],[174.75305,-36.73246],[174.75751,-36.73003],[174.75007,-36.71691],[174.75453,-36.71125],[174.75148,-36.70377],[174.76193,-36.69587],[174.74559,-36.6805],[174.74865,-36.66448],[174.72991,-36.66175],[174.72232,-36.65438],[174.72815,-36.65721],[174.72793,-36.64308],[174.72207,-36.64383],[174.72404,-36.63922],[174.71687,-36.63812],[174.71729,-36.63369],[174.71133,-36.63729],[174.71585,-36.63055],[174.70901,-36.62201],[174.69637,-36.63315],[174.7092,-36.61783],[174.6997,-36.61583],[174.6949,-36.62123],[174.69422,-36.61738],[174.68663,-36.62534],[174.6901,-36.61876],[174.67725,-36.61959],[174.69631,-36.61301],[174.70989,-36.61501],[174.72258,-36.63665],[174.74083,-36.64802],[174.74973,-36.63976],[174.75954,-36.64167],[174.76694,-36.63641],[174.77244,-36.6247],[174.78658,-36.62592],[174.78806,-36.61795],[174.79175,-36.62103],[174.78701,-36.62665],[174.8013,-36.62762],[174.80805,-36.60778],[174.81348,-36.60729],[174.81633,-36.61773],[174.82464,-36.61416],[174.83279,-36.61953],[174.84082,-36.60165],[174.8377,-36.59253],[174.82565,-36.59256],[174.81352,-36.6013],[174.77456,-36.60656],[174.76867,-36.61038],[174.77142,-36.61805],[174.76609,-36.62555],[174.75842,-36.62831],[174.74604,-36.61852],[174.7442,-36.62441],[174.73499,-36.62303],[174.70791,-36.60027],[174.69703,-36.60042],[174.70084,-36.59499],[174.6913,-36.57392],[174.6966,-36.56134],[174.70812,-36.56266],[174.7086,-36.54275],[174.71673,-36.54175],[174.71432,-36.52605],[174.7208,-36.52666],[174.72129,-36.51789],[174.72993,-36.51616],[174.71544,-36.49959],[174.71854,-36.49571],[174.70159,-36.49472],[174.70783,-36.48566],[174.70189,-36.4873],[174.69782,-36.48178],[174.69161,-36.49113],[174.69129,-36.48384],[174.67603,-36.48537],[174.69532,-36.47342],[174.70973,-36.4762],[174.71416,-36.48752],[174.71725,-36.47992],[174.70716,-36.47308],[174.71876,-36.47189],[174.71272,-36.46247],[174.6995,-36.47057],[174.68694,-36.46443],[174.69533,-36.4647],[174.71063,-36.452],[174.69186,-36.44651],[174.70871,-36.44677],[174.70795,-36.43858],[174.69919,-36.43172],[174.68536,-36.43596],[174.69329,-36.42637],[174.68135,-36.41797],[174.68973,-36.42075],[174.68926,-36.41529],[174.70941,-36.43058],[174.7201,-36.42357],[174.71932,-36.41553],[174.72397,-36.42451],[174.71759,-36.43326],[174.7313,-36.43281],[174.72445,-36.43477],[174.73133,-36.44002],[174.72375,-36.4429],[174.73118,-36.44886],[174.73465,-36.46753],[174.72635,-36.48761],[174.73803,-36.47168],[174.73825,-36.45172],[174.74125,-36.46154],[174.75265,-36.46447],[174.74408,-36.47064],[174.74964,-36.4826],[174.74556,-36.47871],[174.74602,-36.48712],[174.73566,-36.48716],[174.73976,-36.49313],[174.73598,-36.50427],[174.7419,-36.49514],[174.75065,-36.49348],[174.75455,-36.47535],[174.7652,-36.4607],[174.76536,-36.44725],[174.77699,-36.44359],[174.77912,-36.4373],[174.77359,-36.44227],[174.76141,-36.43958],[174.75968,-36.43276],[174.74964,-36.4374],[174.73922,-36.42493],[174.73208,-36.42428],[174.72957,-36.41092],[174.73755,-36.39884],[174.72845,-36.39311],[174.72999,-36.38858],[174.7166,-36.39606],[174.70903,-36.3914],[174.7118,-36.38492],[174.71508,-36.38852],[174.70887,-36.36951],[174.71688,-36.38837],[174.72594,-36.3806],[174.72662,-36.37251],[174.72025,-36.36758],[174.72782,-36.36912],[174.72105,-36.36442],[174.7186,-36.3517],[174.729,-36.36662],[174.72773,-36.37868],[174.732,-36.3671],[174.72824,-36.3604],[174.73442,-36.37334],[174.74005,-36.37048],[174.74242,-36.38039],[174.73398,-36.37859],[174.73005,-36.38644],[174.74407,-36.38782],[174.73627,-36.39078],[174.74287,-36.39728],[174.75767,-36.39206],[174.75485,-36.38165],[174.76678,-36.384],[174.77071,-36.3786],[174.76515,-36.38671],[174.77048,-36.39268],[174.78076,-36.38458],[174.7914,-36.38982],[174.79454,-36.37783],[174.8044,-36.38309],[174.82323,-36.37516],[174.8476,-36.37769],[174.867,-36.36893],[174.86643,-36.36373],[174.83882,-36.3695],[174.80455,-36.34864],[174.78938,-36.35062],[174.78001,-36.33678],[174.77956,-36.31918],[174.76916,-36.33901],[174.77466,-36.35091],[174.78268,-36.35366],[174.77562,-36.36109],[174.76181,-36.35722],[174.76626,-36.3526],[174.75986,-36.34349],[174.76351,-36.32793],[174.758,-36.31959],[174.74422,-36.33436],[174.73705,-36.33333],[174.73391,-36.3272],[174.74332,-36.33454],[174.75154,-36.32252],[174.74779,-36.31928],[174.75536,-36.31418],[174.77107,-36.31453],[174.78652,-36.30447],[174.77913,-36.31298],[174.78513,-36.31425],[174.78378,-36.31969],[174.80008,-36.32063],[174.79457,-36.30335],[174.80911,-36.29358],[174.80452,-36.2862],[174.81271,-36.28247],[174.8111,-36.2873],[174.81687,-36.28999],[174.82201,-36.27736],[174.79888,-36.26873],[174.77916,-36.2699],[174.76856,-36.26109],[174.74708,-36.25772],[174.71,-36.2294],[174.65735,-36.17753],[174.65308,-36.16337],[174.6261,-36.13173],[174.59777,-36.08361],[174.59258,-36.08625],[174.60339,-36.09742],[174.60172,-36.11389],[174.56789,-36.1408],[174.58072,-36.12407],[174.57257,-36.12211],[174.5773,-36.10882],[174.57314,-36.10225],[174.56685,-36.10371],[174.57215,-36.09894],[174.56318,-36.09503],[174.57233,-36.09469],[174.59017,-36.11816],[174.59674,-36.10852],[174.58912,-36.08471],[174.5992,-36.08179],[174.58973,-36.04806],[174.58059,-36.04229],[174.56919,-36.0488],[174.53966,-36.04857],[174.50863,-36.02954],[174.48309,-35.99364],[174.46417,-35.9496],[174.46015,-35.91421],[174.4673,-35.883],[174.47902,-35.86167],[174.49971,-35.84342],[174.49918,-35.83789],[174.4834,-35.83154],[174.47669,-35.83547],[174.48013,-35.83915],[174.47341,-35.83927],[174.47838,-35.8379],[174.45427,-35.81821],[174.42313,-35.83842],[174.42607,-35.82655],[174.40483,-35.83102],[174.38291,-35.8139],[174.36881,-35.83536],[174.37147,-35.8267],[174.3663,-35.82571],[174.37577,-35.81819],[174.36888,-35.81436],[174.37181,-35.80629],[174.35909,-35.80723],[174.35606,-35.81338],[174.36074,-35.81883],[174.35557,-35.82511],[174.3596,-35.83381],[174.34798,-35.83171],[174.34061,-35.83689],[174.35641,-35.84372],[174.33266,-35.84996],[174.33585,-35.84059],[174.32255,-35.83681],[174.32267,-35.84884],[174.31924,-35.83663],[174.31141,-35.84483],[174.30619,-35.83733],[174.3162,-35.8336],[174.31735,-35.82694],[174.32609,-35.83439],[174.34078,-35.82113],[174.32724,-35.81825],[174.32263,-35.81011],[174.32781,-35.8048],[174.32663,-35.81066],[174.33429,-35.81126],[174.33279,-35.79744],[174.34098,-35.79148],[174.32685,-35.78503],[174.33169,-35.77788],[174.31142,-35.77827],[174.3059,-35.78467],[174.32242,-35.76131],[174.35124,-35.75835],[174.3481,-35.73678],[174.3345,-35.73816],[174.3441,-35.73134],[174.36135,-35.73935],[174.3524,-35.74859],[174.36387,-35.75688],[174.35453,-35.76922],[174.36105,-35.77601],[174.37921,-35.75686],[174.40437,-35.77857],[174.44267,-35.79578],[174.42822,-35.78081],[174.44775,-35.7796],[174.45705,-35.76966],[174.47818,-35.77154],[174.48,-35.7792],[174.46112,-35.78232],[174.46777,-35.79063],[174.45726,-35.79284],[174.48107,-35.79316],[174.48969,-35.78747],[174.50414,-35.8111],[174.50378,-35.816],[174.49258,-35.82015],[174.49669,-35.82804],[174.50244,-35.83113],[174.52471,-35.82525],[174.53278,-35.83454],[174.53563,-35.84519],[174.52444,-35.8504],[174.5308,-35.86211],[174.53426,-35.85528],[174.55648,-35.86104],[174.59146,-35.85365],[174.56155,-35.82001],[174.54878,-35.78734],[174.55663,-35.77689],[174.55306,-35.76499],[174.56081,-35.76289],[174.55209,-35.75608],[174.55558,-35.75142],[174.55101,-35.74642],[174.56254,-35.74545],[174.55171,-35.72841],[174.56727,-35.71736],[174.53653,-35.7259],[174.55223,-35.73439],[174.54421,-35.73877],[174.55031,-35.74145],[174.536,-35.74558],[174.53887,-35.75278],[174.53321,-35.74778],[174.52412,-35.75427],[174.52411,-35.74787],[174.51402,-35.75481],[174.54034,-35.73688],[174.52597,-35.72627],[174.54732,-35.7192],[174.54152,-35.711],[174.5047,-35.72117],[174.50844,-35.73105],[174.48472,-35.73364],[174.48496,-35.74469],[174.48737,-35.73864],[174.48171,-35.73624],[174.48538,-35.73107],[174.49908,-35.73171],[174.50128,-35.72842],[174.49452,-35.72599],[174.50336,-35.72548],[174.49916,-35.7131],[174.52514,-35.71372],[174.50853,-35.67756],[174.50739,-35.66356],[174.51256,-35.65606],[174.50231,-35.64899],[174.51432,-35.63025],[174.49454,-35.64487],[174.48359,-35.64193],[174.48548,-35.64985],[174.47706,-35.65153],[174.47215,-35.64457],[174.46676,-35.65301],[174.46205,-35.64248],[174.46057,-35.64605],[174.46028,-35.64159],[174.45442,-35.64394],[174.43596,-35.63455],[174.44852,-35.63299],[174.46104,-35.63998],[174.46523,-35.6347],[174.46641,-35.64381],[174.47589,-35.6326],[174.4839,-35.63413],[174.47799,-35.63627],[174.47822,-35.64301],[174.48475,-35.6371],[174.50002,-35.63754],[174.50613,-35.62837],[174.51405,-35.62708],[174.53594,-35.64012],[174.54178,-35.63528],[174.54186,-35.62018],[174.52994,-35.62143],[174.5245,-35.61069],[174.54173,-35.61223],[174.53277,-35.60594],[174.54275,-35.59891],[174.53632,-35.59709],[174.53623,-35.58063],[174.52554,-35.57766],[174.51967,-35.56479],[174.51187,-35.56471],[174.5118,-35.57065],[174.5063,-35.56672],[174.51441,-35.55972],[174.51091,-35.55606],[174.49923,-35.55474],[174.49476,-35.56252],[174.47277,-35.55578],[174.47185,-35.54571],[174.45922,-35.5312],[174.46833,-35.51212],[174.45073,-35.51878],[174.45088,-35.52577],[174.44705,-35.5161],[174.42915,-35.51783],[174.43955,-35.51244],[174.43665,-35.50511],[174.45262,-35.51521],[174.46653,-35.50749],[174.47576,-35.51818],[174.48015,-35.51435],[174.46723,-35.50101],[174.46968,-35.49025],[174.45971,-35.49198],[174.45078,-35.48344],[174.45309,-35.46812],[174.43584,-35.46368],[174.42799,-35.45575],[174.42562,-35.44624],[174.43229,-35.42799],[174.41876,-35.42449],[174.42288,-35.43616],[174.40871,-35.44353],[174.39445,-35.44138],[174.39315,-35.43002],[174.38322,-35.43715],[174.37915,-35.43326],[174.36347,-35.43677],[174.36308,-35.423],[174.37532,-35.4195],[174.36963,-35.41322],[174.35753,-35.41594],[174.35076,-35.40164],[174.35316,-35.39411],[174.34415,-35.38943],[174.34669,-35.37969],[174.33969,-35.37713],[174.33959,-35.36355],[174.33069,-35.3553],[174.32198,-35.36209],[174.31295,-35.35674],[174.32825,-35.35115],[174.32917,-35.34519],[174.32107,-35.34915],[174.32334,-35.34464],[174.31853,-35.3418],[174.31297,-35.34737],[174.316,-35.33853],[174.30973,-35.33876],[174.30253,-35.32952],[174.30532,-35.32002],[174.30818,-35.32858],[174.31415,-35.329],[174.31173,-35.33278],[174.32552,-35.33013],[174.31713,-35.33267],[174.32344,-35.3415],[174.33111,-35.33284],[174.33691,-35.3349],[174.33266,-35.34051],[174.33788,-35.34201],[174.33436,-35.34697],[174.33821,-35.34988],[174.3557,-35.34875],[174.36105,-35.35678],[174.35717,-35.37291],[174.36683,-35.37806],[174.3762,-35.37778],[174.37161,-35.36895],[174.38179,-35.36078],[174.37295,-35.34786],[174.35737,-35.34714],[174.35,-35.33919],[174.35162,-35.332],[174.37255,-35.33192],[174.37153,-35.32335],[174.37698,-35.31834],[174.36534,-35.32695],[174.33675,-35.32534],[174.32327,-35.31643],[174.31968,-35.30695],[174.30896,-35.30484],[174.31178,-35.29649],[174.30424,-35.29427],[174.28979,-35.2752],[174.29654,-35.25567],[174.32202,-35.25455],[174.3259,-35.25012],[174.30718,-35.24748],[174.29454,-35.25386],[174.29295,-35.24966],[174.31291,-35.23692],[174.30056,-35.24091],[174.29066,-35.23432],[174.29716,-35.22409],[174.30558,-35.22467],[174.30559,-35.21639],[174.3158,-35.21949],[174.31917,-35.21241],[174.30774,-35.20896],[174.31761,-35.20296],[174.31847,-35.19492],[174.32791,-35.19757],[174.34059,-35.19076],[174.33204,-35.18145],[174.3344,-35.17214],[174.3289,-35.17236],[174.32679,-35.18408],[174.31103,-35.1802],[174.29399,-35.18636],[174.29404,-35.19187],[174.30537,-35.19077],[174.30502,-35.19966],[174.28952,-35.20178],[174.29504,-35.21076],[174.28968,-35.21478],[174.29059,-35.22267],[174.28299,-35.22159],[174.28365,-35.22704],[174.27881,-35.22404],[174.26813,-35.23086],[174.26388,-35.21852],[174.25189,-35.2219],[174.26299,-35.22531],[174.25666,-35.23029],[174.26043,-35.2358],[174.24637,-35.23495],[174.24049,-35.23798],[174.24603,-35.24167],[174.23789,-35.24362],[174.25467,-35.24556],[174.24871,-35.2504],[174.26649,-35.25523],[174.26368,-35.26089],[174.25041,-35.26137],[174.23897,-35.25359],[174.22616,-35.25888],[174.22466,-35.25471],[174.2335,-35.25183],[174.23097,-35.24593],[174.20524,-35.25169],[174.19841,-35.24579],[174.19438,-35.25157],[174.18832,-35.24832],[174.19432,-35.25679],[174.21256,-35.253],[174.21336,-35.2587],[174.20406,-35.26003],[174.21844,-35.26712],[174.20507,-35.2723],[174.21299,-35.28155],[174.20481,-35.28406],[174.19635,-35.27121],[174.17789,-35.26309],[174.17235,-35.26712],[174.1761,-35.27225],[174.18321,-35.26808],[174.19675,-35.2796],[174.18515,-35.2719],[174.18029,-35.27833],[174.18099,-35.27313],[174.16791,-35.27675],[174.15867,-35.26504],[174.13178,-35.25841],[174.13459,-35.25186],[174.11956,-35.24153],[174.11194,-35.25019],[174.11275,-35.25844],[174.11966,-35.25918],[174.12349,-35.2697],[174.13024,-35.26856],[174.13225,-35.27732],[174.1393,-35.27368],[174.13535,-35.28208],[174.1464,-35.28152],[174.14875,-35.28848],[174.13696,-35.29086],[174.12641,-35.27945],[174.11469,-35.28302],[174.12666,-35.2932],[174.11424,-35.29011],[174.12444,-35.30075],[174.11601,-35.30259],[174.1217,-35.30835],[174.13616,-35.30775],[174.14194,-35.29884],[174.14048,-35.30836],[174.15031,-35.30738],[174.15098,-35.30192],[174.16232,-35.30544],[174.16108,-35.29707],[174.16647,-35.29775],[174.16728,-35.2914],[174.17589,-35.30485],[174.18805,-35.30085],[174.187,-35.2932],[174.19084,-35.29519],[174.19372,-35.29995],[174.18748,-35.30551],[174.19508,-35.31208],[174.1944,-35.30044],[174.20258,-35.29955],[174.20191,-35.30455],[174.20734,-35.29557],[174.20749,-35.30279],[174.21447,-35.30524],[174.19897,-35.30986],[174.21526,-35.30953],[174.20947,-35.3162],[174.22354,-35.31375],[174.21305,-35.3209],[174.22061,-35.32244],[174.21691,-35.32449],[174.23322,-35.32546],[174.22973,-35.33592],[174.2131,-35.34143],[174.21138,-35.33233],[174.21791,-35.32783],[174.20954,-35.3217],[174.18498,-35.31626],[174.18088,-35.32148],[174.17872,-35.3108],[174.16968,-35.31615],[174.15811,-35.3127],[174.16219,-35.31906],[174.14825,-35.31692],[174.1544,-35.3232],[174.14287,-35.31985],[174.14947,-35.3274],[174.16588,-35.3254],[174.1806,-35.33127],[174.16801,-35.32877],[174.17149,-35.33849],[174.16473,-35.33188],[174.16225,-35.33835],[174.15898,-35.3315],[174.14934,-35.33107],[174.14907,-35.33641],[174.14468,-35.32832],[174.136,-35.34145],[174.13788,-35.31849],[174.13369,-35.31484],[174.12929,-35.3268],[174.12708,-35.31741],[174.12268,-35.32265],[174.12335,-35.34462],[174.11952,-35.34001],[174.11618,-35.34427],[174.11702,-35.33783],[174.1073,-35.3404],[174.10726,-35.34498],[174.11667,-35.35811],[174.1431,-35.36744],[174.12717,-35.36696],[174.11424,-35.35637],[174.10408,-35.36216],[174.11262,-35.35358],[174.10336,-35.33933],[174.1179,-35.33134],[174.10446,-35.32782],[174.10069,-35.33488],[174.09353,-35.33718],[174.0937,-35.33309],[174.11182,-35.3245],[174.12153,-35.31192],[174.10741,-35.30191],[174.10192,-35.30812],[174.10062,-35.28884],[174.07978,-35.27285],[174.07749,-35.27762],[174.07063,-35.27543],[174.07033,-35.28493],[174.05944,-35.2744],[174.0507,-35.27812],[174.06693,-35.27126],[174.0599,-35.26508],[174.05507,-35.2676],[174.05938,-35.26181],[174.08341,-35.27171],[174.08201,-35.2574],[174.07166,-35.2566],[174.07923,-35.24798],[174.07631,-35.2379],[174.058,-35.22836],[174.05833,-35.22185],[174.07104,-35.21077],[174.05317,-35.21152],[174.04878,-35.20401],[174.03855,-35.2096],[174.04683,-35.21807],[174.04095,-35.22013],[174.03153,-35.2073],[174.02324,-35.21248],[174.0152,-35.20674],[174.01217,-35.21251],[173.99108,-35.20937],[173.98633,-35.21773],[173.98419,-35.2106],[173.97674,-35.20969],[173.96938,-35.22046],[173.96263,-35.21732],[173.96914,-35.21996],[173.97659,-35.20867],[173.96834,-35.20438],[173.9844,-35.20683],[173.98355,-35.19854],[174.00792,-35.19501],[174.00499,-35.19026],[174.01092,-35.18786],[174.03062,-35.19649],[174.02875,-35.19023],[174.03841,-35.19564],[174.05039,-35.19325],[174.03068,-35.18711],[174.03327,-35.1804],[174.02713,-35.1774],[174.02565,-35.18366],[174.01842,-35.1833],[174.01981,-35.17245],[174.01258,-35.17636],[174.00361,-35.1724],[174.01324,-35.16668],[174.00394,-35.16609],[174.00376,-35.15719],[173.98339,-35.1585],[173.98608,-35.16816],[173.97736,-35.17541],[173.98256,-35.16146],[173.9793,-35.15333],[173.99975,-35.14283],[174.00511,-35.14752],[174.00415,-35.13765],[174.02342,-35.14166],[174.01605,-35.14504],[174.02403,-35.15029],[174.02044,-35.15768],[174.02784,-35.15292],[174.0387,-35.16801],[174.03711,-35.15748],[174.04351,-35.15426],[174.04382,-35.14398],[174.05135,-35.15139],[174.04797,-35.1542],[174.05444,-35.1514],[174.05414,-35.13883],[174.0576,-35.14834],[174.06953,-35.14634],[174.07439,-35.15811],[174.06938,-35.15906],[174.06393,-35.14881],[174.04489,-35.15562],[174.05782,-35.16827],[174.05315,-35.17633],[174.06158,-35.1752],[174.05631,-35.17998],[174.06699,-35.19417],[174.07068,-35.18148],[174.0851,-35.17787],[174.08794,-35.17125],[174.09546,-35.16915],[174.10545,-35.1753],[174.11145,-35.16707],[174.12138,-35.17155],[174.12156,-35.16417],[174.12904,-35.16213],[174.12612,-35.15628],[174.09756,-35.15093],[174.09462,-35.13475],[174.07987,-35.11677],[174.05384,-35.1157],[174.04916,-35.12075],[174.04274,-35.1161],[174.02311,-35.11929],[174.01966,-35.11478],[174.01244,-35.12213],[174.00036,-35.12186],[173.99575,-35.116],[173.97913,-35.12184],[173.97708,-35.11721],[173.96334,-35.11889],[173.936,-35.08947],[173.92717,-35.06422],[173.93852,-35.05267],[173.91396,-35.03886],[173.91994,-35.02681],[173.89984,-35.02072],[173.89311,-35.00998],[173.89525,-35.01354],[173.88477,-35.02237],[173.87335,-35.01712],[173.85969,-35.01927],[173.86061,-35.01384],[173.85062,-35.00981],[173.85291,-35.00147],[173.84362,-34.99883],[173.86138,-34.98973],[173.82849,-35.00192],[173.82128,-34.99287],[173.81456,-34.99748],[173.81436,-34.9916],[173.80248,-34.99548],[173.79945,-35.00211],[173.76173,-35.00665],[173.7561,-35.01553],[173.77454,-35.01822],[173.77666,-35.03009],[173.77147,-35.02764],[173.78307,-35.03833],[173.77665,-35.04147],[173.76939,-35.03313],[173.75832,-35.03454],[173.77513,-35.05119],[173.76305,-35.05379],[173.76041,-35.0461],[173.75432,-35.04778],[173.75809,-35.04079],[173.74814,-35.03754],[173.73961,-35.05238],[173.74592,-35.05669],[173.7407,-35.06729],[173.75554,-35.07447],[173.74873,-35.07803],[173.74065,-35.07092],[173.74015,-35.08569],[173.7203,-35.0845],[173.71933,-35.07003],[173.71295,-35.06752],[173.71792,-35.06028],[173.70036,-35.05495],[173.71525,-35.04088],[173.72191,-35.04926],[173.72366,-35.04472],[173.72795,-35.04771],[173.72197,-35.04084],[173.72955,-35.04125],[173.7315,-35.03418],[173.73928,-35.03807],[173.74742,-35.02512],[173.74044,-35.01888],[173.74915,-35.01368],[173.72925,-35.0101],[173.72296,-35.01464],[173.7273,-35.01248],[173.722,-35.00612],[173.73328,-35.00864],[173.728,-35.00422],[173.73353,-35.00008],[173.7572,-35.00669],[173.75668,-34.99949],[173.73699,-34.99346],[173.71203,-34.99435],[173.71573,-34.98014],[173.70307,-34.97078],[173.70539,-34.95476],[173.69981,-34.95167],[173.68178,-34.94792],[173.67592,-34.96071],[173.66285,-34.95903],[173.65551,-34.96677],[173.64631,-34.96681],[173.64012,-34.95424],[173.62038,-34.95196],[173.62083,-34.93875],[173.60925,-34.94125],[173.59679,-34.93382],[173.59065,-34.94155],[173.57276,-34.94435],[173.57271,-34.93545],[173.57804,-34.93546],[173.55926,-34.9136],[173.55668,-34.9297],[173.55123,-34.92727],[173.54175,-34.93843],[173.53214,-34.93978],[173.52628,-34.95082],[173.53026,-34.96452],[173.53878,-34.96876],[173.52865,-34.9768],[173.53396,-34.98406],[173.53769,-34.98631],[173.53936,-34.9764],[173.54772,-34.97345],[173.5622,-34.98618],[173.55703,-34.99215],[173.56233,-34.99857],[173.55587,-35.00572],[173.56085,-35.01306],[173.551,-35.01729],[173.54818,-35.01184],[173.55591,-35.01081],[173.55061,-34.99952],[173.54127,-34.9996],[173.54769,-35.01131],[173.54274,-35.01087],[173.53553,-34.99836],[173.53695,-34.98941],[173.52748,-34.98833],[173.52615,-34.98044],[173.51699,-34.98921],[173.47303,-34.98822],[173.46781,-34.99358],[173.45288,-34.98447],[173.42886,-34.98393],[173.39843,-34.96216],[173.37775,-34.93377],[173.37051,-34.9061],[173.37302,-34.88156],[173.38073,-34.87473],[173.39845,-34.88178],[173.41357,-34.88086],[173.4346,-34.86907],[173.43695,-34.86066],[173.46227,-34.86014],[173.45987,-34.85268],[173.4701,-34.84942],[173.44061,-34.83555],[173.44981,-34.83189],[173.44996,-34.82492],[173.43596,-34.83025],[173.42755,-34.825],[173.42238,-34.83316],[173.41188,-34.83323],[173.41465,-34.82754],[173.40804,-34.82832],[173.40729,-34.82301],[173.41749,-34.8163],[173.40607,-34.81144],[173.40501,-34.8046],[173.41301,-34.7972],[173.39891,-34.78381],[173.39756,-34.79829],[173.38576,-34.80043],[173.38597,-34.81228],[173.39668,-34.82166],[173.38356,-34.83956],[173.32485,-34.86101],[173.29019,-34.85836],[173.28609,-34.86214],[173.29024,-34.86514],[173.28872,-34.87909],[173.29665,-34.88111],[173.30152,-34.89755],[173.3111,-34.89898],[173.32356,-34.91499],[173.33918,-34.95356],[173.31614,-35.01019],[173.31678,-34.99793],[173.30811,-34.99344],[173.30396,-35.00684],[173.29345,-35.00887],[173.30239,-35.01569],[173.29592,-35.01847],[173.28226,-35.0155],[173.29164,-35.01177],[173.29137,-35.00014],[173.28225,-35.00547],[173.25545,-35.00359],[173.25061,-34.99282],[173.24349,-34.99464],[173.24867,-35.00406],[173.24249,-35.00204],[173.23681,-35.00821],[173.24589,-35.00999],[173.25194,-35.02109],[173.2415,-35.02364],[173.24496,-35.01547],[173.23512,-35.00871],[173.23062,-35.0191],[173.22866,-35.01436],[173.23383,-35.0132],[173.22901,-35.00338],[173.23596,-34.99494],[173.22009,-34.99547],[173.22877,-34.98928],[173.21861,-34.98302],[173.21735,-34.96939],[173.21258,-34.96776],[173.21767,-34.95553],[173.23034,-34.95319],[173.23645,-34.93777],[173.21374,-34.93362],[173.2347,-34.93519],[173.26859,-34.92179],[173.26877,-34.90759],[173.27974,-34.90584],[173.28083,-34.89259],[173.26236,-34.88195],[173.22971,-34.88026],[173.19421,-34.8683],[173.16007,-34.84432],[173.15085,-34.82227],[173.14439,-34.82125],[173.1319,-34.83183],[173.13727,-34.82661],[173.1169,-34.81251],[173.11921,-34.80499],[173.10567,-34.79188],[173.08932,-34.76195],[173.07775,-34.75887],[173.09368,-34.7607],[173.11246,-34.77725],[173.11719,-34.7733],[173.12533,-34.77707],[173.12947,-34.79091],[173.13606,-34.79476],[173.13268,-34.80736],[173.14795,-34.81117],[173.1561,-34.82308],[173.16879,-34.82509],[173.17143,-34.81983],[173.16314,-34.80815],[173.17458,-34.80253],[173.16541,-34.78858],[173.15175,-34.78821],[173.14702,-34.77992],[173.15481,-34.76612],[173.1462,-34.77016],[173.13172,-34.76284],[173.11637,-34.73699],[173.07747,-34.71821],[173.05857,-34.70246],[173.03509,-34.67075],[173.0113,-34.6225],[172.99101,-34.53523],[172.98514,-34.52799],[172.9638,-34.52563],[172.95722,-34.53314],[172.96238,-34.5491],[172.98876,-34.57223],[172.99117,-34.58488],[172.97651,-34.62062],[172.96853,-34.62056],[172.96269,-34.60209],[172.95144,-34.60114],[172.94751,-34.59413],[172.96204,-34.59597],[172.9643,-34.58776],[172.94073,-34.58461],[172.94387,-34.57743],[172.97237,-34.57363],[172.96335,-34.55785],[172.94955,-34.5509],[172.92667,-34.58754],[172.91315,-34.58651],[172.92726,-34.57662],[172.90809,-34.57927],[172.92511,-34.56939],[172.92923,-34.57221],[172.93215,-34.56389],[172.92441,-34.55963],[172.91464,-34.57099],[172.91462,-34.56493],[172.90608,-34.56064],[172.93451,-34.55429],[172.93165,-34.54596],[172.93854,-34.53527],[172.94644,-34.53406],[172.94627,-34.52737],[172.91955,-34.53845],[172.91946,-34.55207],[172.90942,-34.5532],[172.91165,-34.54945],[172.89714,-34.54291],[172.87559,-34.55372],[172.87403,-34.54701],[172.85046,-34.53907],[172.86803,-34.54323],[172.86924,-34.53856],[172.87822,-34.53944],[172.87462,-34.53387],[172.88876,-34.53821],[172.89522,-34.53117],[172.88812,-34.52207],[172.86415,-34.52187],[172.86774,-34.51371],[172.86074,-34.50925],[172.87269,-34.51588],[172.87502,-34.51042],[172.88116,-34.51454],[172.88736,-34.51014],[172.88636,-34.51592],[172.90376,-34.52142],[172.90502,-34.53277],[172.91058,-34.51808],[172.92395,-34.51627],[172.91208,-34.50157],[172.90619,-34.50798],[172.90055,-34.4956],[172.91846,-34.49702],[172.92374,-34.49031],[172.8902,-34.4785],[172.88976,-34.4691],[172.89883,-34.47292],[172.90064,-34.46539],[172.91499,-34.47659],[172.92417,-34.47662],[172.9196,-34.4682],[172.92249,-34.47293],[172.93123,-34.4711],[172.92487,-34.47968],[172.91563,-34.48073],[172.92259,-34.48696],[172.9374,-34.48261],[172.93952,-34.46918],[172.94604,-34.47468],[172.94096,-34.47811],[172.94466,-34.4817],[172.93181,-34.48681],[172.93963,-34.49152],[172.92908,-34.49322],[172.93322,-34.49871],[172.92239,-34.50205],[172.93726,-34.50579],[172.94799,-34.48873],[172.95172,-34.50134],[172.9723,-34.49442],[172.97678,-34.49872],[172.96707,-34.521],[172.99897,-34.51579],[173.00735,-34.50919],[172.99982,-34.4943],[173.00634,-34.48117],[173.00206,-34.47426],[173.00826,-34.46881],[173.00299,-34.46454],[173.00425,-34.45035],[173.01236,-34.42771],[173.02413,-34.41667],[173.04818,-34.41164],[173.0305,-34.39727],[173.01433,-34.39285]],[[174.67116,-36.59186],[174.68855,-36.59656],[174.69209,-36.59075],[174.69761,-36.59947],[174.68131,-36.60611],[174.68448,-36.59878],[174.67953,-36.59644],[174.65792,-36.59772],[174.67803,-36.59417],[174.67116,-36.59186]],[[174.7981,-36.98692],[174.79868,-36.9803],[174.8031,-36.98977],[174.80919,-36.99002],[174.80767,-36.99561],[174.81657,-36.99309],[174.81179,-36.98594],[174.81862,-36.98862],[174.81952,-36.97802],[174.82017,-36.99247],[174.83606,-36.99032],[174.82835,-36.99832],[174.82701,-36.99303],[174.8199,-36.99282],[174.82302,-36.99608],[174.81299,-36.99687],[174.80857,-37.00552],[174.80195,-37.00137],[174.80651,-36.99818],[174.80013,-36.99061],[174.79037,-36.98914],[174.7981,-36.98692]],[[176.14751,-37.68648],[176.14443,-37.68114],[176.15651,-37.67871],[176.15825,-37.67145],[176.16518,-37.67466],[176.15549,-37.69475],[176.15196,-37.69635],[176.14751,-37.68648]],[[174.87437,-41.10432],[174.87001,-41.10392],[174.87079,-41.09689],[174.88983,-41.08713],[174.91347,-41.09905],[174.90172,-41.1059],[174.88143,-41.10585],[174.88386,-41.09867],[174.87437,-41.10432]],[[174.6944,-36.88768],[174.67229,-36.87694],[174.67328,-36.86992],[174.67877,-36.87565],[174.70492,-36.87329],[174.69526,-36.87375],[174.6944,-36.88768]],[[174.81684,-36.87468],[174.81746,-36.86753],[174.80874,-36.86838],[174.81276,-36.86126],[174.83395,-36.86493],[174.81795,-36.8655],[174.82268,-36.87214],[174.81684,-36.87468]],[[174.8083,-36.86427],[174.78862,-36.86369],[174.7932,-36.85378],[174.78616,-36.84777],[174.80849,-36.85489],[174.81263,-36.86107],[174.8083,-36.86427]]]]}}]}